start_time,end_time,id
1238176530.304203,1238176537.558593,F7B7BAC4E6
1238198056.747073,1238198066.205078,C134B4D416
1238197723.625002,1238197731.616333,B2E3F8AD89
1238175968.176755,1238175975.895263,751E3BE75E
1238199768.547848,1238199776.698242,6007E2A8D3
1238177584.912113,1238177592.414062,6FDD4CDB39
1238193036.988278,1238193044.05957,8EF36FB5C2
1238177950.67188,1238177958.277343,1C396BDEB3
1238167625.856443,1238167633.394043,FF2AD10C7F
1238168892.61621,1238168899.804687,6F34D07456
1238169124.890628,1238169133.148437,3155FBD82C
1238241031.983402,1238241040.09375,79C5A3A9E7
1238245896.9531262,1238245905.055236,B30BB95A4C
1238224076.3085968,1238224083.508789,5264CAA6DF
1238244859.349613,1238244867.842773,04AAF89B4C
1238243215.126952,1238243223.957031,802955B66F
1238243384.140868,1238243391.737304,E33055E3AD
1238235377.189756,1238235384.621582,D97201B1C2
1238212532.49805,1238212540.0,B0C8154D17
1238234597.281011,1238234604.616699,2120EB4D17
1238235774.75,1238235782.183593,279E444990
1238236367.333987,1238236375.351074,814B81C771
1238241248.1484408,1238241256.063964,1F62C906E5
1238241470.384769,1238241477.71875,5D5ADA7ACE
1238245239.070804,1238245246.492187,D473E2FD79
1238211785.922856,1238211794.428711,BFEC847C0B
1238214704.219727,1238214712.0,1C9C232DBF
1238206787.099241,1238206795.565429,8161BC64CF
1238226179.037114,1238226186.148437,A10C53790E
1238246404.629634,1238246412.054687,0A8070B9EF
1238205330.877927,1238205338.934814,9D7A1FB8C4
1238210045.599606,1238210052.894531,DE04E3C1DE
1238214762.2539032,1238214769.949218,853C71D0E4
1238217049.084962,1238217056.926757,1154404B86
1238240084.943362,1238240092.472656,ED8D1EB4FF
1238236096.270504,1238236104.323486,FC7D01FE7D
1238238181.026366,1238238189.0,D219C665F4
1238207590.988281,1238207598.266601,D8A5ED0DE9
1238228167.6735811,1238228174.892578,423FD9E0B9
1238338987.166996,1238338995.614257,DF3989F7D6
1238335866.0,1238335873.081054,CE1D826103
1238336064.541997,1238336073.215088,9E2F84870A
1238334939.62549,1238334950.405273,34BD15EA8B
1238306596.558592,1238306605.160156,A13723B26B
1238388602.100582,1238388609.194336,9763CED2E0
1238315949.008062,1238315956.80664,41E791E74E
1238316101.322267,1238316108.810547,3F508DACA5
1238316208.050784,1238316215.321289,0CBC3247E1
1238308390.236578,1238308399.2229,FAB8C504F6
1238334054.375,1238334065.042968,16DFAF408B
1238395522.444338,1238395529.652343,A9DA901649
1238364019.177734,1238364026.615234,052B5A6F24
1238364452.9478118,1238364460.976562,0EF836CDB0
1238316323.703126,1238316330.942382,D539C043DF
1238320701.6699238,1238320709.321289,D9D5505A66
1238320812.898563,1238320823.838623,09DB9DA961
1238321128.563473,1238321136.0,92D66E4929
1238344651.5,1238344659.126953,B44E1B41DA
1238322297.358521,1238322304.36914,7C4C78D87B
1238322329.095699,1238322338.560547,A4397E15A8
1238333460.49609,1238333468.162597,D810A0E2BD
1238393789.791019,1238393797.571777,E069454985
1238325348.0,1238325358.623047,1A66D5CF6D
1238325366.2255871,1238325374.0,12047F5F66
1238318611.210939,1238318620.264648,AEFFC6B9F3
1238379205.409182,1238379212.512451,CC6BEFBDBE
1238326155.365231,1238326163.277343,C3621BF27D
1238358938.0480912,1238358946.224487,5ED2ADEC8A
1238382504.40723,1238382512.52771,689A485613
1238366596.549192,1238366604.171081,239E8C579F
1238380337.5029328,1238380345.642822,6448FDA52F
1238358100.4326189,1238358109.074218,21640E6AA6
1238323020.8984408,1238323028.0,FCEFDFE7F3
1238350226.606817,1238350235.943359,F2C5F828D3
1238316989.212651,1238316996.616211,BCDD9DAAA4
1238317347.544918,1238317355.129882,15F8F192C1
1238310222.138672,1238310229.586914,FD9829253A
1238310396.011715,1238310404.513183,68D4731584
1238310466.832031,1238310476.46875,316E475291
1238325827.532713,1238325841.123535,5033B2A54D
1238321519.3584,1238321527.251098,3162EE30F3
1238328227.464849,1238328237.1333,8D7AC9EEFD
1238340554.9252882,1238340564.256347,DF00EEC98A
1238336296.1601532,1238336303.30188,18CC188A96
1238322717.383788,1238322725.03125,9B1B03A748
1238368028.429684,1238368035.43164,C0B8CE554A
1238310989.575195,1238310998.762695,3F65AF8CEB
1238367404.5878909,1238367411.675293,7722123413
1238367411.6762729,1238367418.849609,1728AD0CB2
1238396205.225582,1238396213.195312,F8DB1B7134
1238331145.132815,1238331153.131836,6BFCA4AF71
1238331361.291992,1238331370.598632,3C32F69391
1238326489.901371,1238326499.978515,2F568E1376
1238319745.808596,1238319753.008789,022CB69449
1238303844.0273478,1238303851.152343,08DC3B0219
1238363410.0,1238363417.085937,9F7DDCB3E2
1238363684.740231,1238363694.621093,B1C12B504C
1238364615.5336928,1238364623.040039,BAE2BA1628
1238334724.59375,1238334732.230468,CE7F656F68
1238392153.128904,1238392160.222656,546CE5DE8B
1238333650.543943,1238333659.478759,55F1ED3BD6
1238305908.332032,1238305915.953125,EC2E357595
1238304272.669923,1238304282.523437,2866A7049C
1238366930.2890658,1238366938.104248,C4371998F9
1238320311.878903,1238320319.144531,CAEDF33F5B
1238320609.363278,1238320618.21875,BB27D0CDBC
1238321997.6474638,1238322004.945312,A67478E509
1238332438.686522,1238332449.095703,38F9F4E8E0
1238332563.864133,1238332572.140625,5C972B0703
1238309420.5185552,1238309429.179687,58DB72D7EC
1238311199.6132772,1238311206.728759,59092E6BF3
1238336740.445316,1238336748.310547,672F840057
1238327364.5,1238327372.715454,5D069A0CD8
1238378591.6171908,1238378599.41809,03291BC3C9
1238378614.6220672,1238378622.007812,C71B7FE1E8
1238309592.102054,1238309599.771606,A08B02B16D
1238310055.011717,1238310062.367187,18692EF644
1238355993.905148,1238356001.78247,E79F216261
1238379026.0883758,1238379033.552734,13B794A52F
1238341133.115232,1238341142.320312,A3459AF077
1238356436.052242,1238356443.661132,ED50533B3E
1238397828.5319788,1238397835.731445,E6AE8F9B75
1238333211.869625,1238333222.484863,72B05E9AA8
1238319314.6435502,1238319323.092773,C5E67306AE
1238370158.011716,1238370172.695556,B86D57A522
1238383370.839847,1238383378.884765,89C5D84F76
1238386610.5537071,1238386618.0,2895E875E5
1238324040.614263,1238324049.28125,77186E1301
1238324068.885742,1238324076.511718,E11D77221C
1238324128.56348,1238324137.490234,8695E77FD0
1238324236.71484,1238324245.571045,D84B3D39D1
1238307612.554684,1238307620.773437,646F64EE61
1238302264.8940408,1238302273.536132,C880E02BFF
1238305478.111328,1238305487.078125,91D9D57320
1238478718.852536,1238478727.0083,1D70E9698F
1238478909.718753,1238478922.433593,D4560669F3
1238479283.980464,1238479291.712402,6D98C1B279
1238479315.121091,1238479323.064941,1354F59DE4
1238462343.554685,1238462351.770752,13BE515C55
1238475757.681645,1238475765.762695,2A418301FC
1238417301.208984,1238417308.48291,81E36ACBCF
1238409278.0,1238409285.34375,64A8CF4A61
1238446063.450192,1238446070.791992,FCBF023051
1238446301.8935528,1238446309.467529,65839898EC
1238472594.180661,1238472601.31958,B5D1738F09
1238480788.119144,1238480795.875976,8CE78A219F
1238480853.609378,1238480863.320312,236A27A46B
1238474886.9938972,1238474894.546386,356197300D
1238473480.012698,1238473488.182373,745AC300E5
1238480339.499019,1238480348.0,07DCC5375D
1238480441.724611,1238480449.355468,801AF0F450
1238423403.822262,1238423412.027343,E4840CBA39
1238458304.299924,1238458313.605468,32D0D023FD
1238490276.093745,1238490284.84375,D09B277054
1238413144.2900422,1238413151.845214,638A8B13F6
1238480977.585699,1238480985.6875,0FED96AD12
1238424453.141605,1238424463.852844,9B6BFBBF22
1238407676.417485,1238407683.902343,35D747C662
1238485818.747067,1238485828.967773,B617F46172
1238424146.087407,1238424155.03125,402B38683D
1238492102.772459,1238492111.605468,AEC837B91A
1238462757.389166,1238462765.673828,C07FBF7D7B
1238491781.8181112,1238491791.276367,5B241BCFA3
1238474858.0,1238474865.892578,5F3536EAE4
1238457839.214841,1238457846.44873,39C51F3D23
1238460191.896116,1238460205.423339,4AF733AF2A
1238451070.46973,1238451077.746338,42402D6634
1238462524.703128,1238462534.661132,EB17F827CF
1238464420.579098,1238464429.903076,C41E2EC2F8
1238474234.552734,1238474242.095703,6E5522932C
1238474393.475582,1238474403.234375,BDA22800DC
1238484767.0273468,1238484774.148437,6A83959074
1238475818.8874528,1238475826.845703,8DA10AE3CB
1238448494.4343278,1238448501.501953,B81D787DA5
1238452805.411134,1238452812.581054,92D8B662F8
1238481966.951175,1238481974.307373,7F8932C25F
1238481981.951175,1238481990.445312,29F585206F
1238446600.353512,1238446607.370605,B7C68C19F5
1238444954.000005,1238444961.27539,66BA2450FA
1238413932.400396,1238413939.851562,A6B9C91F43
1238461861.906245,1238461869.206298,4DEE61DCEE
1238462074.554691,1238462082.313476,ED3D05C3FA
1238454200.385739,1238454207.568359,FEF04523CF
1238416926.196286,1238416933.689453,4E9C987E6D
1238482576.463868,1238482584.221679,881C4387EE
1238482627.7187471,1238482636.697265,0E6B6DEA8F
1238453791.79883,1238453799.730468,08B790B097
1238484346.606939,1238484356.0,4E1A601DA3
1238471548.5039022,1238471557.080932,7A217E4D64
1238471638.57813,1238471645.976562,8F3F6D842C
1238447668.088867,1238447677.192382,3CE738041B
1238418441.797854,1238418449.500976,2D352CCDC1
1238473187.384769,1238473199.30957,29DCB5A319
1238476471.314456,1238476480.973632,F08CC2A0CD
1238485639.742188,1238485648.77832,885D436A59
1238489918.016598,1238489925.228515,F1DF4F3DEE
1238490959.200441,1238490969.256836,106DEA6453
1238425720.510499,1238425729.594238,D12C295D21
1238461231.550783,1238461239.399414,1F6D7294E3
1238447071.7763689,1238447079.919922,CF28663B40
1238447111.695309,1238447119.849609,5A0EE76769
1238506630.696415,1238506642.0,1E8F4E51A2
1238501644.992672,1238501652.324218,3562FE9222
1238572119.342775,1238572126.386718,DABEE46C49
1238554764.703126,1238554771.897461,0D2975A644
1238544316.5036612,1238544323.644531,D61551CB13
1238513980.0,1238513988.143554,6DB2A0497D
1238514243.978519,1238514251.372314,8598D29AFF
1238574506.376954,1238574513.660156,CA15CB4676
1238556133.097902,1238556141.026367,FAA38F2917
1238591741.974609,1238591749.348632,69BBCAC0D7
1238591778.368168,1238591785.597412,BF1185E7FC
1238591958.645511,1238591966.108398,CAFE9C7BC0
1238592032.3584,1238592042.0,1DF990A6FC
1238592080.523435,1238592089.152832,A6787B7796
1238506121.187503,1238506129.740234,725AF95B13
1238557330.364261,1238557338.294922,AC18202E28
1238533843.114263,1238533851.360229,467AD9DCA4
1238533892.8984342,1238533904.864746,A111831F6B
1238533957.306155,1238533964.542968,AC1E2E1809
1238562016.957035,1238562025.508789,87C7A6E909
1238562210.467772,1238562218.675781,A43E5E34CD
1238555687.1341531,1238555696.0,E51070C0F6
1238583847.68848,1238583854.826172,674131FF13
1238543856.57739,1238543864.655273,F407859DA4
1238583325.8505888,1238583334.66455,040BCC4FEC
1238555027.62695,1238555036.185913,807FAEE5D3
1238508735.796878,1238508745.9375,5535E3D7F0
1238558770.2167969,1238558777.887207,0C43802F4E
1238581447.534184,1238581456.726806,E08842DE29
1238581633.38965,1238581641.721679,BDFBD6181F
1238503331.648437,1238503338.739746,9FFBDAF10D
1238586149.754884,1238586160.335937,9AE762EDFE
1238586209.9301789,1238586217.645996,B52CC2A240
1238586394.0273468,1238586401.097656,C2E5E0698B
1238502152.1314652,1238502159.175781,26580EFEB5
1238581907.142581,1238581915.097168,EB22E40723
1238505278.0,1238505285.787109,E89E6E3CF0
1238505438.310786,1238505446.324218,BBBB9860F3
1238580620.139645,1238580627.609375,FDF898B7CE
1238589057.441403,1238589067.423828,A6E43BEFBB
1238507648.8437471,1238507655.917968,366ED280EE
1238504180.662599,1238504190.170898,3264B17D6E
1238508410.175784,1238508418.764648,7A66920E8D
1238574134.2500029,1238574142.443115,3D2540D743
1238585298.255857,1238585307.430664,B5C761977F
1238547595.540529,1238547602.672363,0E40BC154F
1238595758.197269,1238595765.351562,4AB7680710
1238502858.2334025,1238502866.761718,9796394BB2
1238557808.8632772,1238557816.620117,F1DA6FF91E
1238558354.581544,1238558361.99707,6128E29C35
1238533721.288082,1238533730.0,E853AC062A
1238514791.380862,1238514799.285644,96C71A1C37
1238571895.095702,1238571905.176757,C3DCA288E8
1238563531.199218,1238563538.264648,34FB927479
1238563608.038083,1238563615.784179,9D9BF2E9D3
1238549882.819829,1238549890.045898,6B724C45EE
1238505696.8125,1238505704.0,1A52558FED
1238587210.0034132,1238587217.064453,A53CBA9A0C
1238590150.856448,1238590159.031982,06B16A37E7
1238647501.166012,1238647510.575195,2D0C195C30
1238685318.375978,1238685326.082397,B56C118BD6
1238685412.0,1238685421.190307,46A03164E1
1238694834.260257,1238694841.5,BE97AB3D72
1238694897.809085,1238694905.625,BF30BF2DE3
1238666226.545412,1238666234.255859,E724797779
1238659512.545898,1238659520.24707,73DC056568
1238614226.950195,1238614234.34375,F2E56E5E71
1238614396.053712,1238614404.445312,8D097CCA65
1238614638.959964,1238614646.5,386F162893
1238693512.711911,1238693520.292968,E63762A0A4
1238683148.039063,1238683155.205566,DD1A638538
1238651559.451176,1238651567.020019,AEF70F00BD
1238692494.987798,1238692502.249023,50E5CCA24B
1238663364.460942,1238663371.504882,4E7F033A61
1238663445.1748078,1238663453.518066,EBF350ACF9
1238663673.312498,1238663680.867187,D4E939D09E
1238663681.155757,1238663688.513672,C86363AB45
1238667931.6540482,1238667939.675048,6704D1B77D
1238649337.425784,1238649348.032714,0EED1DAAF4
1238649396.0,1238649403.27539,8C1CA1F4CA
1238654455.4052782,1238654466.608398,7A8DC28552
1238680012.757818,1238680019.914062,5BC08F03A9
1238671632.57178,1238671639.786377,6E7FCE2C50
1238669777.6249971,1238669788.046875,7EEF914C6D
1238662946.151857,1238662955.291015,F229AD1DE3
1238646768.0,1238646775.142822,E4062264A4
1238678262.341793,1238678269.772461,466E49C759
1238646496.3388698,1238646504.958984,E2CC7C7F12
1238615647.9633758,1238615659.336914,CA067F2D2D
1238660418.6965292,1238660425.8125,49389E1B1B
1238685122.0375988,1238685134.705078,0433F7E2E9
1238678598.0,1238678606.072265,965979F965
1238696472.265625,1238696479.358276,2202819048
1238613470.526857,1238613478.0,7E9D14D24C
1238650607.77734,1238650616.820312,2CE6A89E7D
1238666469.386724,1238666479.178711,950EF95AD1
1238666534.5000038,1238666542.541992,9408560E19
1238680139.8837922,1238680147.638672,2A8DAC8F73
1238681165.177732,1238681174.173828,6362722355
1238619206.43945,1238619213.442382,7B079DA058
1238619317.1201198,1238619325.761718,8C755296D9
1238683854.777345,1238683864.0,269E1AE48A
1238686332.636716,1238686341.23291,18DF90A4AE
1238665509.638668,1238665517.461792,473ED543C8
1238698516.232425,1238698523.585693,CFD60C73EE
1238698194.291744,1238698201.46289,A6112B8F96
1238698212.666868,1238698220.0,C282474998
1238615368.322507,1238615375.730224,CFD54EEA49
1238615425.139891,1238615432.483398,17C0EA03F1
1238615527.571779,1238615535.299804,C950EA2D17
1238615540.127927,1238615548.936035,29CAC2F9DD
1238651606.058597,1238651615.740234,968AED325A
1238679587.4462888,1238679594.988281,EF9A2164B1
1238661072.998043,1238661082.018066,CD46D45493
1238689108.96484,1238689116.62207,34A83F82BC
1238689301.894534,1238689310.89331,054BCAD806
1238695489.6279328,1238695497.882812,E236ECE85A
1238682735.467777,1238682742.541992,5D72CB6199
1238686553.84375,1238686561.720703,7801458D2E
1238667410.030273,1238667418.3125,426FA4B3A2
1238667575.084961,1238667582.9375,48B2737386
1238667742.2548828,1238667754.007812,207CBAF64C
1238692128.700196,1238692139.006836,A290E1C714
1238654378.0,1238654385.226562,87C572ECB8
1238647195.6274428,1238647202.877929,E81A6074DF
1238667068.0,1238667075.938476,C97D88A40F
1238688823.81934,1238688831.780273,C54327C076
1238612761.2529328,1238612772.394531,495F8EEA37
1238612772.398441,1238612779.721191,B62D01295D
1238612975.359865,1238612982.685547,CF48BD06D8
1238687560.173831,1238687568.0,ED79156D2F
1238652492.501953,1238652500.488281,4866B2170E
1238693784.194336,1238693792.05664,828CEE8C6A
1238649539.083497,1238649548.646484,924076FCA1
1238656627.451175,1238656635.287109,84FB340C0E
1238656679.3652349,1238656687.685791,4D1EE902CF
1238656722.0224571,1238656729.764648,8D23ED695D
1238614725.218991,1238614732.924804,38C948F0AA
1238647790.953122,1238647799.624267,3A39D18DC0
1238690766.5922878,1238690775.186767,FE3396D63D
1238690840.501468,1238690847.668945,37FDC764A1
1238741230.99939,1238741238.367187,F2626F994B
1238778154.996093,1238778162.0625,C0B3284792
1238727045.396487,1238727053.708984,CB9F7903C2
1238781910.035156,1238781917.157226,A89E1DAEAE
1238794251.533207,1238794260.708007,9E6535A324
1238767688.569097,1238767695.854492,04EE2EE30C
1238793459.258786,1238793468.09082,CC7E4E83E0
1238776096.59326,1238776104.095092,9E626C9CDF
1238773951.195317,1238773958.859619,6F1BD5C564
1238774133.956051,1238774141.448425,2816AF941E
1238797699.823246,1238797707.195922,7F3479186F
1238758212.763675,1238758220.055786,54A6959D18
1238769756.72949,1238769763.873535,F491838598
1238760898.155149,1238760906.103515,524A9AF38D
1238750912.217777,1238750919.224609,A626EDA8F9
1238725840.137692,1238725847.366211,AA8FAB830B
1238757938.315432,1238757948.192382,27F17D4A84
1238727349.32227,1238727357.398925,F89E0BC6B2
1238727477.5937471,1238727485.65625,15FEA239E5
1238738890.3339849,1238738897.614257,26D2F24DB3
1238752090.167971,1238752099.084655,64C8535EC3
1238781077.149655,1238781084.528686,A0CC8065AB
1238756722.8125,1238756730.228515,5DC3FADE78
1238768699.630858,1238768707.228759,544EF8F1F6
1238768773.13501,1238768782.666015,1C965F9849
1238755701.8056638,1238755709.603759,34B5D231C4
1238758492.054683,1238758499.461914,903A9DCB2A
1238732534.630856,1238732542.0,FFEA47B988
1238748803.045894,1238748810.783203,482C62B5E7
1238781344.0712929,1238781351.53125,4CEC5D1D23
1238731853.3271532,1238731860.71582,0D8F0DB2C5
1238767041.373043,1238767049.398437,B2EE3068CF
1238718217.624514,1238718227.276855,F98D6B5D47
1238731364.09766,1238731371.861328,C5F59E38ED
1238737844.221682,1238737851.734375,0E3BF402F2
1238746376.733645,1238746385.667968,2B63923E6B
1238739484.494137,1238739491.705078,038BD95850
1238794789.7314448,1238794797.863281,9E3DEB1B75
1238758664.453125,1238758672.112304,ACF9B2D45B
1238747848.279172,1238747855.776367,27C3DCED66
1238748113.4999988,1238748120.512695,6A6B6185FA
1238780614.3749971,1238780621.96289,3B8A3EF996
1238784772.271,1238784780.8125,9F957B1031
1238759813.291012,1238759821.800781,D74EC9184B
1238759835.90723,1238759843.693359,09D6B80B7C
1238786649.417965,1238786660.15332,CD83351B2F
1238716129.577145,1238716137.070312,C9233B918E
1238716864.276364,1238716872.316406,EBFA81DFFD
1238761806.707521,1238761813.898071,B7F49B440D
1238779734.609869,1238779741.735351,B18A82C9F5
1238733007.56055,1238733016.52832,51B0FCEF29
1238748366.82471,1238748374.770019,94F438A49A
1238749933.12109,1238749941.594726,2615C97D61
1238763345.444339,1238763352.701172,77B9F1628F
1238899357.814945,1238899365.589843,EA172F6EBC
1238898904.658199,1238898913.096679,E3B6F4AA74
1238898520.300779,1238898527.666015,1982648C98
1238837314.4179711,1238837321.42041,C7FFD9E0DF
1238853469.494141,1238853477.798339,F18E8C488F
1238824590.89062,1238824598.448242,508EC7870C
1238825300.640624,1238825311.222168,8B674E27C3
1238845765.572515,1238845772.709961,0F4446BCD8
1238845404.1123002,1238845411.384765,2D1B3CDB74
1238819503.473629,1238819510.855468,EFD4F6591E
1238834791.543943,1238834799.014648,F32287ED7B
1238833094.0195272,1238833101.266357,9FC0BF134F
1238807584.0,1238807591.508789,4A2CCC1062
1238807623.730962,1238807631.478027,372E777CEC
1238810172.672364,1238810180.621093,EBC187159D
1238829916.89258,1238829924.909179,12895BE0C4
1238905592.0419888,1238905599.063903,9852D10D83
1238925000.41797,1238925008.641601,70E5636F6B
1238919481.078127,1238919488.579345,3B21532B39
1238909284.455077,1238909291.827148,02020B0FCB
1238905968.200198,1238905978.696777,A11D5FB238
1238907235.2373078,1238907244.126953,3656F6C923
1238999760.3893409,1238999767.589355,F9D7A8F698
1238925216.371091,1238925224.284179,F46DCF297F
1238923975.951177,1238923983.575195,897D93F780
1238998122.355474,1238998130.290039,38BF3A1F68
1238913034.473632,1238913042.717651,F979F329C1
1238913407.600591,1238913416.49414,4617A934E2
1238909520.0,1238909527.506836,E61187276C
1238999397.9250522,1238999406.208984,85ABF9BA6F
1238928919.663082,1238928926.731933,417F97F0C3
1238950317.89062,1238950324.954101,2621792EFA
1238919926.4999971,1238919935.425781,E51099B369
1238929823.9577649,1238929832.006347,F7ED80E37B
1238992456.449215,1238992464.018554,A4B5866C45
1238945052.527345,1238945060.982422,ACD1A394E8
1238904326.888669,1238904337.263672,EE74D45FF5
1238990175.899417,1238990184.0,359A8ED1C8
1238933131.103513,1238933138.534179,739D4852C2
1238926308.7191138,1238926316.0,7C05711277
1238994258.8789089,1238994267.248047,E3FE93E135
1238920922.849606,1238920930.693359,C162786583
1238946910.572267,1238946918.401367,16E8C79E2A
1238939684.249023,1238939691.469726,5FFAD440A4
1238999110.269531,1238999117.464843,64F955EE99
1238997963.410161,1238997970.634765,752F16E5A5
1238903544.355958,1238903552.108154,5D0AF466EB
1238994843.214844,1238994851.546875,71E556824A
1238994878.908203,1238994886.08435,16A8676E41
1238917221.7451198,1238917232.150879,8F3396AAD7
1238944147.90527,1238944155.640625,14E836B0C8
1238921391.948484,1238921400.251953,4E330713B0
1239039608.917974,1239039619.799316,7578EFC78D
1239063328.1201198,1239063335.467773,CAFBF399B4
1239070771.6294,1239070779.817382,01B41D8E4E
1239039476.0,1239039484.008545,3F65A3B862
1239001031.794918,1239001039.02124,03F88D016D
1239001218.985348,1239001226.276611,5F13D3B1A6
1239023822.733395,1239023830.256836,308F591643
1239091523.467774,1239091532.818359,891F0CE3C2
1239002390.4726589,1239002399.141235,57703C5F3B
1239002607.548825,1239002614.965332,1FBA420844
1239064568.0,1239064575.380981,D310C4CA08
1239098628.0,1239098636.535156,25F46489B8
1239071783.454103,1239071791.02832,096F090CBB
1239025312.8593771,1239025320.0,04B7DAF257
1239025590.50586,1239025598.914062,805C287DCB
1239005059.45313,1239005068.016601,2A91E1AB54
1239082665.3662078,1239082673.558593,A935755CAB
1239024993.671383,1239025001.984985,091C82A573
1239006210.662355,1239006218.253906,456B296A7A
1239096593.239262,1239096600.385742,049A03F27A
1239060879.964605,1239060889.935547,68C9758163
1239061170.303226,1239061178.125,40D1815B8A
1239004808.0,1239004816.844238,AE816300F7
1239022160.215822,1239022168.300781,8E4416A5E2
1239062748.633303,1239062755.648437,35C4D9D25D
1239062985.076293,1239062992.212402,2E10403D2A
1239069055.028323,1239069067.118164,EB1F15A9B2
1239094643.311527,1239094651.17041,87DC93A726
1239060611.247562,1239060618.71875,551D3A5466
1239060823.583004,1239060832.0,8A0C926DCE
1239060375.875,1239060384.576172,05075E16B8
1239090449.2695322,1239090456.500488,8EEBAA4F3F
1239006914.364257,1239006921.482177,DF8CEDFB23
1239041435.9648411,1239041443.15332,D529588028
1239066343.6220698,1239066352.0,BC4DC1BC11
1239071247.836915,1239071255.175781,7303958BAD
1239071404.2031202,1239071411.996338,987AC29599
1239097021.300781,1239097028.856689,E1C798959C
1239061828.7861328,1239061836.639648,B4AAFE6E53
1239075002.5341828,1239075009.990844,6518F897E3
1239064014.3468611,1239064023.058593,6D0AC16B95
1239001317.702152,1239001326.224609,DAD832EC05
1239043923.135747,1239043930.84375,AAD418052A
1239067348.5554209,1239067357.034301,1283C73B96
1239080236.8749971,1239080244.238281,992F772C18
1239086330.814456,1239086342.089843,0DA65AD692
1239006075.380862,1239006083.297363,990220DAFC
1239105379.1064448,1239105387.009765,F4A22FEB3E
1239168853.545901,1239168860.905273,6E7B49B459
1239100469.9775388,1239100477.545654,59576C081B
1239197178.1201189,1239197185.133789,4B2C02C2B3
1239157306.375001,1239157315.0,0358EFF378
1239131318.327148,1239131325.647461,4A8571AC31
1239187627.24902,1239187634.750366,E14E521E40
1239101709.3828158,1239101717.700195,FED1F386B1
1239178947.703619,1239178955.539062,06DA495C39
1239141445.801755,1239141454.278808,07A78D4763
1239170734.129888,1239170741.809082,3C698A6EB4
1239198610.8344698,1239198618.916992,AE9D1A324D
1239165165.378906,1239165175.360595,52E105A2C6
1239147151.441402,1239147158.991211,4F57D856A3
1239133456.9612992,1239133464.842163,05BB8082AB
1239155154.121337,1239155161.207031,F4899616B9
1239175473.232422,1239175481.179687,610D06E8F6
1239143175.22656,1239143182.689941,C9FC8B8EEC
1239138549.155272,1239138557.295898,65B0710B1F
1239173458.23242,1239173466.15039,6F639C8A93
1239157743.896486,1239157751.04602,DE6254627D
1239139959.7499971,1239139968.613281,8C62FF0CB4
1239103013.862305,1239103021.268554,4CE28275CC
1239183984.585935,1239183992.982422,CA103420ED
1239150966.015628,1239150973.696777,1FE973D39B
1239208068.103512,1239208075.211914,1878E03D16
1239204202.932371,1239204210.7583,60399F2F1D
1239215573.0,1239215580.208984,023AAB6C91
1239214177.227536,1239214184.363403,F97B8FEB20
1239213848.759892,1239213857.910156,6F86759119
1239213196.58984,1239213204.534179,05F422A990
1239398235.153074,1239398245.554687,A67ACCD550
1239395638.703125,1239395651.995849,697BE5C27C
1239393103.050905,1239393112.947265,8F631C9151
1239395134.0,1239395141.951172,3E48177BE6
1239423418.818609,1239423425.8833,2FA523F33A
1239423620.199707,1239423627.252624,3025C4E386
1239421334.750978,1239421342.023437,B3A145E013
1239439081.881834,1239439090.25,A5203FD225
1239422612.3681629,1239422621.125976,60E662CA74
1239426601.312501,1239426609.975097,0EBC133D59
1239496727.679689,1239496736.0,4E3C09CDAE
1239423235.383303,1239423244.822754,D56F2C7E0F
1239425180.2021449,1239425187.722656,DD91552CD2
1239442794.048825,1239442801.355468,025022656B
1239488221.977904,1239488231.356445,14C70CBE54
1239415327.7609851,1239415336.087768,BBEE371ADA
1239415648.435057,1239415655.688476,3FB47CD002
1239443921.5,1239443928.624511,96C2834226
1239444021.091796,1239444028.883789,7645D81B1E
1239450833.399411,1239450842.867187,018550245E
1239450967.6977549,1239450974.79541,6472064C6E
1239451086.074219,1239451095.612793,05310D6BA3
1239433220.931642,1239433231.201172,A3CE88CA6A
1239446613.5068388,1239446622.0,BC0975D98E
1239429742.898928,1239429751.721862,1D0A879B84
1239414559.796506,1239414567.206054,D92855DCA8
1239434576.269535,1239434587.796875,7472B944F7
1239440180.05469,1239440188.735839,67A951F13C
1239491957.607426,1239491965.03125,25B21398C0
1239496873.914311,1239496881.984375,919DB95D65
1239449764.597657,1239449772.0,7D5A8B331F
1239444177.5825229,1239444184.686767,7673D0DF63
1239420813.387202,1239420821.070312,B091FE3BCD
1239449532.890628,1239449541.264648,810BA86152
1239414430.2812471,1239414438.323242,0CC2B9F596
1239435456.693851,1239435464.018554,472C38C7C0
1239494294.2812471,1239494302.999511,BDAEDFB029
1239424058.684567,1239424068.0,6612E820C4
1239417094.0805678,1239417101.765625,F9FF74FB0D
1239447640.41016,1239447647.789062,19B7267262
1239495839.15723,1239495846.224609,7A5E16089D
1239494928.3466809,1239494937.036132,CD87E00D50
1239427546.55078,1239427553.696289,5A59472B6C
1239490864.781245,1239490872.068359,7E63FB6E13
1239499281.414059,1239499292.289062,1F35EA32DE
1239514744.653323,1239514754.36914,A7BF024C2F
1239509443.420894,1239509453.330078,32B48FCA93
1239543436.169925,1239543443.738281,35805E1C3C
1239591512.0,1239591525.578125,D3EE23F5EA
1239591725.25,1239591732.625,9B1C64B4EF
1239593937.2812471,1239593945.027343,B78D796DA8
1239516485.702154,1239516493.241699,154C2DD16A
1239516936.8300772,1239516944.019531,1516164ABC
1239599137.081052,1239599144.557617,56237D8E2D
1239538861.552983,1239538869.052734,3CCDD5F0B5
1239593175.2646449,1239593182.485839,A23E3EC758
1239593382.6772451,1239593390.0,CEEA4EBB4D
1239525433.869142,1239525440.901367,91CAD6D87E
1239525584.52368,1239525591.972168,0B7CC624E8
1239525254.0598168,1239525261.507812,B7D8154E56
1239549472.9999971,1239549480.512695,043BE2153B
1239598921.5849638,1239598929.362182,CE7A4AD32F
1239504357.102542,1239504366.111084,D6E0A2637A
1239532942.980773,1239532951.189453,15FC041FBA
1239508151.426149,1239508158.499511,372C845BA1
1239508262.847653,1239508270.312255,869B54DED0
1239526414.273925,1239526421.35913,8144830BE3
1239541503.2043412,1239541511.181152,7786B93546
1239547853.774416,1239547860.914062,136AA0F3FA
1239501102.9316409,1239501110.513672,C5FC22E246
1239589123.001956,1239589132.765625,6FF6C97A18
1239505312.077144,1239505319.460937,EF567E0764
1239589453.3007822,1239589461.401367,41A6E4C612
1239532254.642575,1239532261.953857,5C9ADCE1BA
1239532470.676761,1239532478.528198,50FCD8BCC7
1239534470.201171,1239534479.157226,D57C9E2CFE
1239598421.4570272,1239598430.417968,286FFB5E3B
1239530688.5928972,1239530696.523437,1E06B53D85
1239509925.018551,1239509932.453125,E7DCBE583E
1239510132.9375,1239510140.249023,2832AF514C
1239595222.874995,1239595229.902343,D97070C889
1239595309.553711,1239595316.917968,F829AB4AAC
1239595694.0,1239595701.094238,F12DBB4DF7
1239552218.3857448,1239552225.586547,5EE4BD3CAC
1239528970.0156229,1239528977.179687,8FC55DEEF3
1239500610.6503878,1239500618.96289,94CBC5ADF7
1239501688.487307,1239501696.65625,8CF5779F63
1239501946.167357,1239501955.58789,ABFC017AAA
1239594802.792972,1239594812.482422,AAD60FF812
1239507524.1708992,1239507532.208984,50A29AD4CE
1239515218.510985,1239515226.599609,C670EBBBC8
1239597587.291019,1239597595.210937,C1211014DA
1239597698.6894572,1239597706.173584,236FB45C84
1239503943.122556,1239503950.515625,E43906F746
1239541465.6791952,1239541473.467285,0CE96E83CD
1239588054.789609,1239588062.574218,A7AE5BCFD8
1239679301.447262,1239679308.652099,8A1A7A26F4
1239678798.732419,1239678806.955505,9397714365
1239675420.975586,1239675428.335937,4E1F097BFC
1239612097.625001,1239612105.410156,4FC1F8A092
1239686643.75,1239686651.816894,48370B92FF
1239686966.10693,1239686978.086914,C3CEF4EA9D
1239633102.718755,1239633111.745605,CBF3F4334A
1239614338.465336,1239614345.864502,2943300B33
1239678232.75,1239678240.977539,5805EB29D7
1239683190.917965,1239683197.927734,83787A0D3D
1239625864.134279,1239625871.875,1FA2EF75C5
1239680293.355469,1239680300.797851,87E740D9E2
1239613197.2832,1239613208.0,0D452AA0E7
1239674066.5346708,1239674073.548584,36A51E437B
1239624288.9819329,1239624298.532714,13ADA1652D
1239742503.908204,1239742511.859375,8C79F0E4BF
1239783872.499027,1239783879.621093,BFA4F5DB62
1239796886.920902,1239796895.703125,4A9A59E64E
1239755459.997072,1239755471.092773,DED54137BB
1239791104.32373,1239791114.1875,5516A45176
1239752718.507816,1239752725.584961,309D91DD43
1239769283.826168,1239769291.073242,4EB9A1BF25
1239742040.228517,1239742048.063476,2B7E30C10F
1239753310.241947,1239753317.701172,48D86F3789
1239753673.250003,1239753680.850586,F9AEAA8B8B
1239751617.764647,1239751628.926513,1B6090BEF5
1239789766.278321,1239789773.317382,0E0454B082
1239756288.0,1239756295.826599,EDB4D5AE25
1239758115.0703158,1239758123.0,9D277C766C
1239789043.011722,1239789051.05664,8D9704F8D3
1239731666.800782,1239731674.018066,73C3A4595D
1239731838.434569,1239731847.421875,58977604CC
1239750716.541262,1239750724.177002,61B90DE850
1239734527.170899,1239734534.855468,4CE0D0DD52
1239786279.115233,1239786286.74707,ED49260140
1239795871.477048,1239795878.5,F5C36A2D87
1239757531.194335,1239757540.351562,F307AB59A5
1239757873.7187512,1239757882.644531,A117F80517
1239778436.0,1239778443.723632,A8BD90D156
1239771984.580078,1239771991.632324,FF29B3E3D9
1239741426.111578,1239741433.338134,97CADB4BC1
1239732878.233402,1239732885.242187,C7A824DB01
1239783587.0312529,1239783595.541992,A5CA8CE610
1239781907.627927,1239781916.005859,D354AFCBB3
1239747692.3562028,1239747699.724609,C5A8C5A160
1239845874.0,1239845881.26416,8C8DF6567E
1239829257.9726589,1239829266.118164,9AA2B1B8DC
1239861924.767575,1239861935.384765,D36C97B085
1239877410.21973,1239877418.375976,29EDBC1301
1239844900.50757,1239844907.510742,32CFFA556A
1239863056.4814491,1239863064.905273,FA70B22B57
1239846418.510745,1239846427.022461,78B6AB8A68
1239874066.509769,1239874073.576172,891C9704AB
1239847215.815426,1239847225.131347,9F2A868133
1239882004.355469,1239882013.877685,FC43AB5B60
1239848557.383791,1239848564.902343,1ABDCDDBA7
1239848659.988284,1239848667.402343,D912F43D8C
1239853095.494144,1239853102.863281,368CE6BF0B
1239871980.060548,1239871987.190429,ED75B43BCA
1239888586.4599571,1239888598.908203,E2D5F6C5DB
1239854785.1113229,1239854792.622558,EB5116D639
1239853142.799803,1239853149.890625,095515E3AE
1239835047.6323268,1239835055.25,7E5E495240
1239805707.7539022,1239805715.166015,476486A08A
1239860818.374021,1239860825.779297,8D63CA1CDE
1239867338.771976,1239867345.82666,3FD633224E
1239897285.4687529,1239897292.65625,7669C4397C
1239897353.759282,1239897361.18164,D3117314A3
1239897444.614262,1239897452.540039,989B4BD150
1239803971.7002,1239803981.537109,8DE8FDB8E3
1239862513.757817,1239862521.673828,6C3F26240D
1239802482.465825,1239802492.172851,B9B3607874
1239870452.2587888,1239870460.986328,C6CA5272B8
1239830923.081302,1239830930.160156,F9FF9503BA
1239841753.90918,1239841760.993164,EC0E974F81
1239886851.973636,1239886862.413086,7E7691AEB5
1239869901.578126,1239869912.893554,28C3651C5B
1239845049.5483382,1239845057.307617,2E61EEC0C9
1239850857.993161,1239850867.614257,755C707621
1239866772.4306688,1239866779.654297,C697570B33
1239884392.0884988,1239884400.615234,A7FBE3F700
1239826877.6708992,1239826885.496093,47ECF391C1
1239843385.73438,1239843393.649414,6DC0CC2D27
1239835835.654297,1239835842.809936,C43ECB5FAF
1239891570.373043,1239891577.933593,5FD2915397
1239851291.792965,1239851299.157226,573D1B40EF
1239801995.553711,1239802003.350586,B52F26A038
1239856926.725586,1239856935.194336,723522B235
1239805620.967288,1239805629.590088,38A128E8B9
1239864701.5,1239864709.704101,37CFA038EE
1239833353.909182,1239833360.923339,865EEFE259
1239851488.569097,1239851496.0,9B7B75015E
1239848057.5244188,1239848065.440429,9D01CE581F
1239829538.3437462,1239829545.83374,C0132D178A
1239840932.745367,1239840940.0,7959D41DCF
1239859699.574703,1239859706.634765,B0BC59FD80
1239876770.673827,1239876778.218261,A09AA2159E
1239827724.624996,1239827732.59375,5EA5943389
1239879253.856446,1239879261.110839,AEDD5EC970
1239887189.125003,1239887196.18164,6AE2DC8353
1239803625.140139,1239803632.173828,A8A4956235
1239826184.064453,1239826191.973632,B6822773B2
1239825816.041019,1239825823.575195,44068B47E7
1239880142.344976,1239880149.393066,D274A6A3C1
1239836675.8964891,1239836682.970703,56B1082B57
1239839392.617185,1239839401.833496,4604AF5484
1239839884.083987,1239839892.960937,19DFF7A6B6
1239898012.54687,1239898020.442627,87E6CE8C55
1239826437.951168,1239826446.167358,5419F8A81E
1239826512.7500029,1239826522.793945,0A83327B84
1239887649.345702,1239887656.916015,8D78C94A2C
1239865408.0,1239865417.234436,80D0C34447
1239889917.316403,1239889924.643554,68C443D72F
1239889948.634277,1239889956.0,44FF87480D
1239962441.656743,1239962450.324218,2F753D2BBF
1239920582.0459003,1239920589.657226,D1A660EDF9
1239953598.371585,1239953606.167968,C1F5763904
1239960670.3215308,1239960678.0,60755EAC74
1239944069.605468,1239944077.789062,4586274D0D
1239963076.8437529,1239963085.635742,1C79D4A8FB
1239963224.0,1239963231.45166,2D00E6FF33
1239955351.2587872,1239955360.5,1CB8DA08EA
1239974786.642578,1239974794.156738,2ECC14C34D
1239922466.847656,1239922474.96875,5E49C6F8A9
1239922506.470211,1239922513.986328,EE3E9CC5A0
1239922706.957036,1239922716.206543,3274142459
1239994266.7187529,1239994274.203125,F05DCB36D9
1239924036.361328,1239924043.926513,EC6A684F3F
1239970961.223146,1239970971.021484,27D3CDD664
1239971119.4375,1239971126.824218,6B6FB192D1
1239990783.169925,1239990790.448486,7D075E0981
1239990812.0,1239990820.339843,0F0C5D42D0
1239910815.162113,1239910822.210937,80628DD7E2
1239947333.096676,1239947343.568359,66FA6AF3CA
1239903220.541257,1239903227.65625,A5F41E155C
1239903252.5,1239903260.0,A317DE22B6
1239903365.66504,1239903373.685547,71677E932C
1239903415.743167,1239903427.396484,90647D6B28
1239903451.849125,1239903459.384765,92B46EDED8
1239910327.007818,1239910334.962768,667D26041E
1239907080.583981,1239907087.703125,76BFF496EF
1239907091.87207,1239907100.175781,318ED22D65
1239907219.097657,1239907229.75,F4AC1BD3B7
1239983499.453122,1239983507.054687,B693743402
1239936289.359375,1239936296.360473,7F069A4E06
1239901585.792965,1239901594.099609,F50EF01531
1239941255.576662,1239941262.964843,69D37722D0
1239918652.200689,1239918659.976562,BE567474B1
1239979834.234372,1239979841.436523,1E61127B40
1239999323.56567,1239999331.1958,2326682AE2
1239933836.801759,1239933844.130859,9DEDB88B9C
1239909169.059573,1239909177.200195,80F00C1955
1239909640.614259,1239909648.785644,10201AA64C
1239909901.9443312,1239909909.039306,58053D67B4
1239984341.2783198,1239984348.984375,20FE3405DD
1239932732.864254,1239932740.540527,E92E4B2EE2
1239923461.362305,1239923469.189453,3DC7901FD3
1239932868.572752,1239932877.652343,0D5F6C38C7
1239954325.863284,1239954333.135009,F7817D7A84
1239936542.447266,1239936549.689697,EF36B41608
1239933767.53711,1239933774.59082,76A98AA10F
1239933790.60937,1239933799.076172,1070B2516E
1239901048.565433,1239901055.627929,AF0FEB60CE
1239919637.785156,1239919646.285156,8407B3838A
1239954959.745607,1239954968.0,E320E6B0F9
1239954996.207034,1239955004.250976,A1AC2B52E2
1239914980.484372,1239914989.179687,508D841888
1239998505.4179718,1239998514.148437,B03A02C5D0
1239973887.6301248,1239973895.671386,CE25D2AD52
1239917930.603512,1239917937.976562,D2AE38E208
1239978403.435552,1239978412.250488,3BA47727A5
1239994213.397706,1239994226.733886,CF9ACD3C93
1239905529.742674,1239905537.733886,814B197348
1239937939.162111,1239937946.761718,2AA9E0340A
1239945373.836917,1239945382.161132,D8E4E29C8F
1239917066.992184,1239917075.322021,FF6AB9C2A2
1239917268.056639,1239917275.545654,C80927D85F
1239905941.870607,1239905949.693359,4FC782D305
1239947664.337894,1239947671.515136,24FA7EA713
1239953213.6777391,1239953220.821289,CBB912CECD
1239982974.28223,1239982983.959961,686978AE25
1239983264.679688,1239983272.010742,DE271C04DB
1239972052.4707,1239972064.421875,6AC22D579E
1239934206.477542,1239934213.641601,241DCE57D4
1239996994.0,1239997003.697998,5BD0E30433
1239997031.97852,1239997040.0,77044B4FD4
1239973596.360356,1239973604.267578,E461692D6A
1239972918.75,1239972931.382812,F75921C1F6
1239973037.052249,1239973044.08374,8856741BA6
1239914248.463867,1239914256.027343,F3A672768B
1239934782.388189,1239934790.188964,6A130EAD54
1239961535.295898,1239961544.792968,FDD0167038
1239924557.073736,1239924564.959716,537F8EC9A9
1239998031.4765658,1239998040.915039,6DA114595E
1239912152.852542,1239912160.949218,682F6669BC
1239911547.006838,1239911554.399414,7A31A692A7
1239911750.167965,1239911757.276367,2EF625FBA6
1239931878.699222,1239931886.0,8FB295A051
1239949395.589355,1239949402.995117,858F1BEC07
1239988497.0576172,1239988506.824218,0F9659FD21
1239961760.1357431,1239961767.739257,24505B2DB4
1239904382.02295,1239904389.451172,D93E4B305B
1239938404.434087,1239938412.704101,0B5C9E84EC
1239949315.6484408,1239949324.044922,3953420D73
1239973446.1665049,1239973454.88916,F35D255F65
1239907597.707028,1239907605.054687,4E8AE47656
1239919186.338867,1239919195.632812,08F61D5AB5
1239919304.047853,1239919312.569336,5DAFEFB4D6
1239956968.877926,1239956979.238769,D7BF74226E
1239987644.907223,1239987652.604004,1E47CFACE6
1240030224.25781,1240030232.328125,8C1AF4EEB5
1240030256.152349,1240030266.285156,A54BD66F47
1240048977.7377958,1240048985.949218,3787C79708
1240083207.164552,1240083214.4375,FB4B88CF59
1240083313.007326,1240083320.865234,91B0798532
1240054575.369628,1240054584.097656,4D6DBA7B4C
1240021188.3796358,1240021196.334961,45C1A00F38
1240033679.784542,1240033687.864257,2FB716ABE9
1240029147.614747,1240029156.0,BE2FE7EFAD
1240027907.5000029,1240027915.982422,62265291C1
1240048059.369144,1240048070.951172,4EBF9FB098
1240016098.833006,1240016107.147461,E3E99637FA
1240016245.431646,1240016255.564026,9CA868FDFF
1240058153.316897,1240058160.364746,661777F507
1240042961.0,1240042971.076172,21997E1366
1240022896.0,1240022904.049072,A12F599F71
1240043729.25,1240043736.364257,7F8A5833D3
1240043880.286252,1240043888.685547,6F75FFF2DA
1240044120.444459,1240044131.570312,B6BE81C21B
1240083928.702145,1240083936.110473,6FA7D47AE3
1240022056.775391,1240022064.332763,1A5B73B263
1240022091.8349571,1240022100.693359,2A5B2230A8
1240033234.1357448,1240033241.326172,2FF7F3B58F
1240050913.030763,1240050921.548584,4E0C5B27A7
1240057552.1757789,1240057560.464843,80F8B0B75E
1240055701.021488,1240055709.283691,1665DBE2F7
1240043270.038579,1240043278.397949,00E5FDCC81
1240019568.194214,1240019576.0,826B738249
1240014697.782716,1240014705.980468,759E905148
1240036443.6919,1240036451.708984,413DF443C1
1240036610.394535,1240036617.974609,EE95BC710E
1240036372.553711,1240036380.935547,E57C4B48A0
1240052488.00391,1240052495.435547,225B163410
1240017680.0,1240017688.433593,74535B2200
1240015432.548828,1240015440.0,C20756D8FB
1240015533.922855,1240015541.584961,A67EE068ED
1240023488.761722,1240023496.176757,3D70E03CFE
1240043329.59375,1240043339.913086,CA496B8397
1240043505.519528,1240043513.694336,8028E20C98
1240050574.0742218,1240050581.216797,E12EDDF6A1
1240029250.458004,1240029258.555664,9F4C700617
1240046378.536129,1240046385.754516,5EC907D887
1240046526.2539089,1240046534.472656,B466A2C805
1240081525.593755,1240081533.173828,8F8C3AD7BF
1240085239.457035,1240085249.500976,049D6B507D
1240085285.100587,1240085295.375,944C25C8FE
1240044295.0830069,1240044302.373047,BEC78E6E33
1240047623.179685,1240047631.938476,6B147AC915
1240047698.6909208,1240047709.631652,F70D8F65D9
1240082352.41797,1240082360.600097,D565614769
1240015703.364261,1240015712.435058,00075FC18B
1240015768.8092642,1240015776.022949,07EA1C5160
1240015961.510741,1240015969.752563,47A6255DFB
1240015978.0,1240015990.0,058C4F1DB8
1240056113.800778,1240056121.054687,03C2A9F495
1240058914.681151,1240058921.747802,23B4B66DC5
1240045686.0,1240045693.727539,5DB4ED3015
1240045719.568356,1240045726.845703,AB00A08CA8
1240055157.684567,1240055165.200195,A6351EA857
1240055053.910156,1240055061.866211,BE9D0F1420
1240086867.723634,1240086874.746093,D72820C7F3
1240086473.1601532,1240086480.52539,54BB01881F
1240080710.16406,1240080717.727539,EFAE062C20
1240020167.8554728,1240020176.0,41724E6499
1240163600.240231,1240163607.560547,2D1F7BE2F2
1240163678.783206,1240163686.447265,4BD40E7AF0
1240130076.485841,1240130083.578125,8D0483A09F
1240141714.19531,1240141721.65625,B3111763D9
1240141734.0,1240141743.283935,90E66BACD0
1240141784.567867,1240141791.714843,1F1F224A14
1240120480.0554209,1240120488.763672,2C5E68BBF2
1240124799.054692,1240124807.53125,1304553875
1240126168.902343,1240126176.720214,B8443B9C9C
1240126299.250002,1240126306.481445,6EC8F5063E
1240192654.127927,1240192662.93164,7E7E4B914F
1240184740.0,1240184750.93457,C793FA8B14
1240111121.7187471,1240111132.608886,35CA1F1580
1240115744.645512,1240115755.517578,D73C118B5E
1240130554.974486,1240130563.050293,1C3BF51F24
1240158680.763675,1240158693.022461,EA8E969F14
1240135728.567384,1240135736.807129,604360644E
1240135848.117192,1240135855.196289,2E8E504E0D
1240114699.5937529,1240114706.78955,C6206A368B
1240114765.091793,1240114772.874023,9BA1668FFD
1240110365.596925,1240110372.714843,E46425949D
1240110625.532227,1240110636.15332,6B5AE596AA
1240159010.0,1240159017.703125,EA6C1B5907
1240132427.169437,1240132435.608398,931E4D2FBF
1240168035.07227,1240168042.097656,E4E6DB588A
1240138197.855472,1240138205.0,DF75B87441
1240159573.5275831,1240159587.848999,765C4802B3
1240117134.791016,1240117142.109375,3A1DB983EE
1240134983.4780288,1240134992.272461,21CC30F93B
1240166427.980465,1240166435.314453,7E22D8ABC1
1240185117.488529,1240185126.678222,B244B8B082
1240123553.350582,1240123561.933105,47DAC47918
1240123070.00171,1240123079.506836,8B4B9F7BB6
1240126473.634762,1240126481.984375,76CA646392
1240126604.0146532,1240126613.829589,A1203B02CA
1240184395.696292,1240184403.25,BEC85676C6
1240143189.086915,1240143200.662109,741F53109B
1240119837.093753,1240119844.43164,08A5EE56F1
1240114304.833984,1240114312.757812,204C91824E
1240134315.212404,1240134322.318725,BE8EA4B430
1240114450.107426,1240114457.5625,AAA6673E3A
1240114650.017942,1240114658.0,2E8EA6909C
1240126974.781247,1240126983.415039,4AA00ED815
1240199998.297853,1240200006.514526,DBE6E05FE8
1240140738.380856,1240140745.46289,A6450A6418
1240140754.6496542,1240140763.787475,B6CF84EA2B
1240154680.322262,1240154691.5,3B58C31149
1240157778.6582,1240157786.723388,D01F95D69D
1240125625.171874,1240125632.555664,8945643595
1240139371.68555,1240139379.387695,17B24D4C77
1240139536.2812529,1240139544.116699,13C2267C36
1240111562.8125,1240111570.25,7B18EC38D4
1240190553.801271,1240190561.188964,3BA53F4A99
1240190796.283941,1240190803.563964,386CADD4E5
1240190877.332524,1240190884.625,A9C0E5DF81
1240191092.025387,1240191100.426757,E1C2AFC043
1240161844.0,1240161852.742187,E102A56F5A
1240188726.6669922,1240188736.338867,B1E448116D
1240118424.245118,1240118432.339355,5D16278A23
1240118526.73389,1240118534.787597,1BD659ED2B
1240190512.611815,1240190521.348632,7B29BEDA94
1240162511.799807,1240162519.460937,75FC9FE29B
1240129335.0988748,1240129343.029297,AFE0BDD35C
1240129784.6769998,1240129793.159179,C303C0F7DD
1240131748.234375,1240131755.472656,A4C12CB17D
1240131825.869144,1240131833.238281,EEF48AAFEB
1240131845.18536,1240131852.858398,05F0DA7E45
1240194682.06738,1240194690.0083,F3C244EDFE
1240109396.0,1240109403.154297,86046FD58D
1240109425.6474638,1240109434.250976,BC30398586
1240109456.0,1240109463.692382,2A6DFBA24F
1240109607.020504,1240109614.404297,98335AF465
1240188028.255859,1240188036.830078,46B633BC6B
1240188230.7138698,1240188238.0,22D31D8DA2
1240188341.965826,1240188350.347656,43BEBCE0CF
1240117881.948242,1240117888.973632,95042BF9E7
1240117957.426759,1240117965.363281,47E189C2B5
1240197023.386473,1240197030.700683,E8CE576713
1240197079.775394,1240197086.827636,BD62EC03E4
1240118966.8164089,1240118975.40625,CDDA90D151
1240119092.58399,1240119099.68103,DA690300DF
1240128327.341306,1240128336.493164,46079EE62F
1240128337.857665,1240128344.888672,DF8E37B9E4
1240141153.190917,1240141160.500488,72D72865E7
1240141280.474365,1240141287.503906,09FF130B55
1240139160.27344,1240139168.488281,219B9902E3
1240167146.403317,1240167153.709961,8257FD1725
1240141513.7451198,1240141521.690673,1A89A54872
1240136071.836917,1240136078.928711,58D22E7A97
1240136366.0,1240136373.675781,172A62A029
1240187809.279302,1240187817.015625,9559E4BBC7
1240187838.0117168,1240187845.15625,7A74E6E61E
1240152068.1630888,1240152075.225586,7F58A8B4FD
1240181507.687502,1240181514.722656,4372917736
1240130921.3095698,1240130930.0,BCDC6288BD
1240130963.1002152,1240130970.576172,2ADE6CE14E
1240148268.648927,1240148276.907226,3891AE30E0
1240127365.6787138,1240127373.453125,1C203607EB
1240194107.795897,1240194115.020996,79C49C7774
1240188878.708011,1240188886.373047,1DAD2B6911
1240188895.319339,1240188902.818359,9A96C57F13
1240189129.349613,1240189136.855468,9100BE4CB2
1240109903.6992218,1240109913.390625,C5C7338783
1240109996.493654,1240110004.832275,0E339C814C
1240110156.988531,1240110164.0,5C469D7ACB
1240130140.562495,1240130148.440918,1FA4F96AE2
1240177909.679689,1240177917.094726,4580173771
1240116141.553715,1240116148.742675,B9FA4BA912
1240116439.1474571,1240116446.312255,333EDFC761
1240144704.1748078,1240144713.632324,23F6DA610D
1240142735.421872,1240142745.061279,F3B35048A6
1240181319.37427,1240181326.853271,79A8B1CF07
1240145750.867185,1240145758.177124,B3C7F87554
1240113998.374021,1240114006.98999,8A3EC62689
1240127559.8749971,1240127569.637695,E34679E131
1240127794.219731,1240127802.058105,690572F9EE
1240191814.613284,1240191823.707031,C3465E7B70
1240137032.946775,1240137040.656982,7FA82F90B0
1240187176.810551,1240187184.091797,BA6E1B99F7
1240163130.0,1240163137.167968,755E4CCEBC
1240122319.056642,1240122326.502441,AE23E721E3
1240113240.281251,1240113248.002929,4971364444
1240198602.9851089,1240198611.737304,5C49F2FC84
1240110808.25098,1240110816.222656,FF5CE4424F
1240146862.3237329,1240146870.378906,83B9DEA33F
1240157069.86914,1240157077.538086,8274ABCC44
1240122839.637698,1240122846.676391,FF2C332554
1240273159.6826189,1240273166.783203,F1AE549E14
1240298405.415039,1240298413.507812,791B824E52
1240238786.00781,1240238793.55957,FC9A38AFA1
1240230289.81641,1240230297.0,E2FC24863B
1240276809.733398,1240276817.123047,80D7544046
1240282672.05664,1240282679.833496,4BE5EECBA9
1240292570.186036,1240292577.364013,AE644E68A4
1240202532.416019,1240202539.779297,7135875701
1240202646.988278,1240202655.524414,1E968D8F0B
1240262501.425784,1240262509.0,0C49EE9582
1240262542.0,1240262549.256836,58E42275B4
1240231637.43213,1240231645.397827,E22E65AF26
1240204605.949223,1240204613.030273,FB7BB22778
1240235260.782104,1240235268.707519,FC886C0C82
1240287306.437501,1240287314.513672,890A04E25C
1240275317.1092498,1240275324.330566,A86524FD16
1240285901.688968,1240285908.799316,C24D56FEF5
1240270895.190183,1240270903.071289,8FB63E5711
1240217878.894528,1240217887.57666,14F74EE2E0
1240288373.949222,1240288381.216797,590FCFDCB8
1240244526.226566,1240244533.373047,4DFA53EBB8
1240203313.6875029,1240203321.433593,EFD841A24A
1240287048.7846708,1240287056.149658,90B9887E3D
1240218813.1826198,1240218820.519531,ADF22E31FA
1240296542.820309,1240296550.395507,3DA4DE15B5
1240207057.25,1240207068.144531,4D0A4D72A3
1240212624.5693388,1240212631.60791,98366C5477
1240264322.3847628,1240264335.155273,9981A466AD
1240261530.6140149,1240261537.763183,6FDD0C1313
1240276589.771487,1240276596.940429,D96E6C3918
1240216583.430668,1240216590.805664,41CB63B89D
1240272054.572269,1240272061.810547,E1AF088384
1240236440.291744,1240236452.289062,6920B2EC5E
1240204712.061527,1240204719.195312,51155E9153
1240201362.672852,1240201371.267578,41E39438D4
1240252087.8335571,1240252095.792968,A62E3EE425
1240251266.0,1240251273.099609,CC1B594667
1240277242.64746,1240277249.90039,4293746A25
1240219660.8310578,1240219668.922851,5BE90A2549
1240227012.294678,1240227020.011718,6FFE1EF7CB
1240227123.827153,1240227130.93457,D3833E2D01
1240219152.677731,1240219160.614868,829F1EEEE4
1240274789.460449,1240274796.827392,64E3F9124B
1240205545.666012,1240205553.084961,564570B157
1240203863.241207,1240203872.345703,75FD054768
1240203962.0,1240203969.515625,E5BA2DF074
1240204202.301759,1240204213.0,5276CC8D04
1240218362.250003,1240218369.910156,A0E8A59EFD
1240215913.320315,1240215921.1875,05C0E548EC
1240283858.2783198,1240283876.0,256DAF51F7
1240206230.243164,1240206238.007812,46752EA6EA
1240266320.868165,1240266329.464843,1272601FDA
1240217060.9023468,1240217068.0,1E70E0D129
1240246780.339601,1240246787.677734,D2EE307ACB
1240211349.61231,1240211357.033691,8728A5822D
1240211428.3222678,1240211437.0,86CEC004E6
1240211601.100583,1240211608.836914,B46E8C229E
1240242706.7390091,1240242714.90039,4013EC0CD3
1240277494.0136771,1240277506.0,53ECF9A78E
1240279444.829102,1240279452.049804,589B57939B
1240279581.042966,1240279590.0,A85EA72B2C
1240228543.9130888,1240228552.240234,ED18888A74
1240228602.194339,1240228609.911132,4672B96CC3
1240280406.0,1240280413.565918,A0EBCF4DD5
1240240317.8437471,1240240325.396484,84093F8F89
1240278668.004887,1240278678.197754,C74FDD9D5A
1240212345.978516,1240212355.28125,6EA9D9FFAC
1240250643.047362,1240250653.454589,1FCDD61847
1240228032.108397,1240228039.234375,133632FE9E
1240259791.9501948,1240259800.0,7FEDB14F7E
1240259874.870117,1240259885.471557,C6B52127B7
1240200729.9423828,1240200737.092773,F6748CC98A
1240290142.0,1240290149.133545,DA904F7536
1240397174.0,1240397181.572265,8B5B9297EB
1240397496.267091,1240397504.687011,BB4C10286D
1240307420.675786,1240307427.819824,2946AEDD1A
1240358030.286138,1240358038.328125,AECB6A1B5A
1240352762.9326198,1240352770.416992,8EA4FDA412
1240352880.123537,1240352887.701172,816173E252
1240351199.003903,1240351206.236328,40F93E236D
1240385425.166012,1240385433.83081,5333DF29B2
1240321033.7238748,1240321041.890625,68F5CD7C5A
1240396147.028812,1240396155.111328,7D0174889F
1240369139.640625,1240369150.745727,3768AD9AA5
1240325386.8613229,1240325393.915039,9D0D85D679
1240341308.0,1240341315.109375,9E0DD6D345
1240395125.757809,1240395133.188232,7E8DE2E441
1240365615.0000048,1240365622.167724,EB0C84D204
1240310352.736332,1240310360.430664,C9A5362B41
1240351499.738284,1240351506.902343,AC0042E7C6
1240327217.67969,1240327225.75,DB6F9316EB
1240314851.399415,1240314858.827148,759BE45E68
1240315332.284667,1240315339.716797,1423A001D6
1240304609.9667988,1240304617.483398,3079BF2B82
1240306914.916019,1240306923.757324,67F1B20194
1240314152.233886,1240314160.821289,1F5556C3E8
1240356265.080076,1240356272.884765,35D5EB2465
1240322152.112309,1240322161.16455,11AE29543D
1240349570.5498009,1240349577.682129,F1F6FDC8DC
1240308266.57813,1240308277.666992,37FD716B3E
1240332362.2499962,1240332369.535156,FD7151FC7C
1240320136.359378,1240320145.508789,9294D193F2
1240390167.400632,1240390175.134765,C968494745
1240336680.1005812,1240336687.439453,6344BFE9FF
1240358742.3212929,1240358750.024902,7314B7C8D1
1240342587.509769,1240342596.378418,A9356294F5
1240331777.179445,1240331784.433105,341EA6E089
1240321496.503903,1240321503.761718,0CC62F8BE0
1240302158.935548,1240302166.432129,7EA19367F7
1240374587.592772,1240374595.9729,71172D285B
1240361880.5476089,1240361887.821777,E3F209D2A7
1240391447.4375,1240391456.745117,289EEA9822
1240391482.52637,1240391489.539062,91835CB4F6
1240313077.9531288,1240313088.273681,6A3C6CCF24
1240337045.572262,1240337053.125732,0C127C47D0
1240337234.2099571,1240337242.58789,F6F4B4BBA1
1240324281.297857,1240324288.421875,F1F67D585C
1240354802.360592,1240354809.625244,76416FE26E
1240354911.316403,1240354919.053222,E8F90D6981
1240371345.175784,1240371353.918457,EC18B0501E
1240371354.019527,1240371361.96875,89C2EE72F3
1240377543.227544,1240377550.696899,73B11C3F8D
1240388254.983395,1240388262.337768,0BF8F62FF5
1240375098.35742,1240375107.148437,8A36938F5C
1240332504.982179,1240332512.272461,16AB91DB95
1240392149.069332,1240392156.5,30B569A329
1240366050.51953,1240366058.25,BE4287A00A
1240355991.326168,1240355999.632812,E3B90B3C48
1240381021.864261,1240381029.899414,892617AE4A
1240315972.992184,1240315981.707031,BA22066EDF
1240317568.0,1240317575.509765,2D57E29753
1240343418.677731,1240343427.152343,0F6CB2BB6C
1240311998.400393,1240312005.762207,EEF4AA1A4B
1240337692.449222,1240337699.880859,6B61A25C61
1240300309.763673,1240300317.0,3D00C4E53F
1240309645.072262,1240309654.235351,D0295FE220
1240309802.011715,1240309809.207031,EB44A68394
1240335099.854985,1240335106.935547,03655C697E
1240395518.35938,1240395526.942382,92DBBC5773
1240394644.359378,1240394651.638061,F8FA5DA667
1240328005.332521,1240328013.904297,8C5DD7A52B
1240360497.831051,1240360504.963867,4EE26A7FC8
1240375403.129888,1240375411.154907,A268D0CD13
1240349271.146974,1240349278.983398,04085E6340
1240389873.132816,1240389880.854492,1F8AF0E021
1240305503.662106,1240305510.77832,A4581BD01E
1240381465.464848,1240381473.628173,4D8673BD8A
1240309135.279302,1240309143.193359,85A7310597
1240309327.1015658,1240309334.432495,B60E9C18BA
1240390954.499022,1240390961.8703,AFCCF85346
1240399282.284182,1240399291.319336,E8016E6A89
1240379901.140628,1240379908.865234,D8D0474180
1240340728.079098,1240340735.746093,41DDE59F64
1240340909.119144,1240340917.230468,3E608DB0B5
1240428119.059567,1240428126.644531,E63368F0F6
1240496141.37402,1240496152.0,216500B81D
1240496227.394528,1240496234.694336,F73226CD6D
1240431794.817869,1240431803.496338,0E0C3E6B29
1240453062.46973,1240453070.041015,6CF8809D9D
1240451258.991215,1240451266.0,491A71047C
1240431859.211674,1240431867.805175,528884F1CA
1240452320.682617,1240452328.667968,11A65E939A
1240404126.619144,1240404133.918945,BEA8AE80BE
1240494095.939453,1240494103.062011,9861005432
1240482936.650393,1240482944.394531,9D5FE07337
1240461313.530153,1240461320.752929,1C96282E87
1240420424.03125,1240420431.689819,2B372DCF14
1240439558.7167969,1240439567.920898,5481E79DD1
1240484357.3088422,1240484365.319336,0822F0CF15
1240425888.603517,1240425897.645507,C40C14A796
1240472761.168945,1240472770.111328,F928895BF0
1240472779.621097,1240472787.220703,8B67E375BF
1240490567.209348,1240490574.625,F9A8FE5953
1240435998.701662,1240436005.782714,17BD73C098
1240488513.7490191,1240488521.030273,64F886684C
1240421755.915647,1240421763.71289,F58E5FCB8A
1240494150.514034,1240494157.649414,D7BDB558A4
1240494180.351567,1240494187.510742,8B7ED6F526
1240401481.193363,1240401488.259521,1390B2882B
1240452050.699215,1240452058.0,5A3E8A8B0B
1240423724.4443312,1240423732.0,72BCE9EF1D
1240434389.249511,1240434396.297119,61C465D125
1240452689.088867,1240452698.395507,D52C889AAA
1240452829.945309,1240452837.125,E53657A645
1240485788.37817,1240485795.384277,5DF1C38206
1240427107.1279328,1240427115.55542,83714026AD
1240427206.182798,1240427213.903808,DF11B7F7F4
1240412158.233395,1240412168.072509,ABE069FF54
1240438257.546872,1240438267.210937,4B4F7BD663
1240436534.0,1240436541.740234,323A73C1B3
1240456601.437499,1240456608.624511,C9EDCDC1CB
1240458945.9223628,1240458953.0,DD3D185493
1240495659.967777,1240495667.318359,FA160588C9
1240424026.644531,1240424033.907714,33ED30BD27
1240466987.17187,1240466994.455078,953F3B6206
1240424508.519535,1240424517.34375,6F2164C8F1
1240441057.923831,1240441066.881347,86565AFD31
1240405182.184078,1240405190.100586,E68D9A08D1
1240438670.8100631,1240438678.518554,FEE344942F
1240465726.0,1240465733.697265,85D20C4ACB
1240430001.40234,1240430010.013672,7055A6E481
1240479792.241521,1240479799.375,2993C56F61
1240449858.681643,1240449868.445312,F607D00C99
1240471726.0,1240471733.950195,D46CC50C52
1240417271.125,1240417279.0,9171626E60
1240437339.8261771,1240437347.371093,E5228001DD
1240437370.841802,1240437377.917724,98897B9573
1240437531.762212,1240437541.05664,3569B026E6
1240469246.431637,1240469257.910156,C25AD48068
1240409377.389645,1240409384.66748,D41A480B43
1240482424.676761,1240482432.545898,83866F4AA7
1240482570.34375,1240482578.534912,B03C42D061
1240482629.6669948,1240482638.569336,DAF34B5DE0
1240462766.781737,1240462773.943359,05AC411CAC
1240449424.696046,1240449431.798584,137B06B2EE
1240458298.004634,1240458306.36914,261914A0B7
1240402964.810544,1240402973.987304,D709D437C1
1240416844.842773,1240416853.842773,F636149B8D
1240499566.4375029,1240499573.769531,2B5511F74E
1240483467.68775,1240483475.933593,6EC35AB704
1240447488.767333,1240447496.610839,00FE7BAEC7
1240447503.04566,1240447511.20166,25D9A4754A
1240498075.854488,1240498084.008789,4EAA7B7722
1240498136.099612,1240498143.922851,5C39BC85CA
1240488223.6201131,1240488230.798828,9E74C93AF8
1240487023.853521,1240487032.382812,BD932BDC50
1240448062.9943829,1240448070.051513,0137994F4D
1240448108.638669,1240448116.771484,2FB81DD103
1240479356.3745148,1240479363.787109,A2C2E36283
1240479415.28418,1240479422.938964,FC73040164
1240413993.802737,1240414003.004394,41D2568C89
1240466113.333988,1240466121.029297,4E7EAE8950
1240466352.041379,1240466359.425293,D27EEEA585
1240466508.8637729,1240466515.90332,4940551AFF
1240493232.178955,1240493239.327148,ED2150D5C3
1240421353.706052,1240421363.852539,31153AD03C
1240485893.903814,1240485901.500976,B60DE27F92
1240411155.16504,1240411162.36914,ECB2068BE3
1240441420.75,1240441427.908203,571E7AE5C3
1240446142.7919948,1240446150.417968,18D1A6C543
1240406224.9287078,1240406232.829101,49999CB2A1
1240440283.652346,1240440291.128906,0055574BD5
1240470980.66699,1240470989.08789,79FA3C4FF2
1240471333.990232,1240471342.451172,37D79A140A
1240442686.6162071,1240442693.691406,CD59A76502
1240487502.833011,1240487510.215576,C4DFB6B681
1240506864.546934,1240506871.599609,FFF6F8D144
1240504983.591795,1240504992.269531,ACD83583F7
1240524645.695313,1240524652.881836,86202C298C
1240511111.531245,1240511119.051757,C5988C6F60
1240598481.9951131,1240598492.151123,F1875B411D
1240579319.857662,1240579328.041992,ABCEC9FCFC
1240565579.894532,1240565587.208984,6EC4381ED9
1240565591.9600809,1240565599.12622,D0CF273F67
1240500646.07031,1240500653.364135,663EE193E2
1240518860.007808,1240518867.737548,807AAE9BEB
1240523066.998047,1240523074.460449,B797381135
1240523287.2939448,1240523295.657226,8FF0FE6BA6
1240517458.097657,1240517465.417968,2B29966971
1240562766.120114,1240562773.18164,FEFEBAE739
1240558625.734375,1240558632.954589,DA833D70AD
1240514066.422849,1240514074.263672,3A7EB91356
1240569917.048825,1240569925.03125,517EEB3319
1240501683.4392078,1240501691.961059,3172D49ABD
1240562981.079098,1240562990.696777,9888BC2F77
1240510610.065426,1240510618.154297,4B6EC0DBCB
1240510861.981327,1240510869.155517,1CB9962828
1240505366.900393,1240505374.992431,4A475DEE92
1240505623.761722,1240505632.0,0103E0F9CD
1240528460.8310552,1240528468.054199,410D45BD79
1240594933.547847,1240594943.479492,B38724F5F6
1240575342.10474,1240575352.208984,85B7FB1169
1240571842.0,1240571850.710937,97F40CDC1E
1240571881.2900372,1240571890.445922,7B51A6F3D8
1240567203.05859,1240567211.561523,78CEFBBC84
1240567265.143551,1240567273.186035,2CCF0F1DAE
1240513056.2171671,1240513064.589111,89F6857CF6
1240513186.236328,1240513193.390625,B1C08A1CD7
1240513317.5332,1240513324.93164,1940AA0A0B
1240571042.2486532,1240571049.552002,8C1E9F0E18
1240560081.4755888,1240560088.701172,DD9AEC6A9B
1240560099.841307,1240560108.058593,8F6DC16E2A
1240520987.952144,1240520998.609375,668802D886
1240597466.583986,1240597474.409179,4DA8E1E2DB
1240597480.049801,1240597488.0,BFC665F40A
1240562401.490231,1240562409.251953,1C2AC5BC34
1240525754.128903,1240525761.130859,B660A84759
1240526839.786622,1240526847.488281,15B30FC770
1240577696.667842,1240577703.743164,4CC4C32037
1240509564.84375,1240509573.769531,89861239B2
1240557392.781255,1240557400.745117,F3CC7BC56E
1240542624.0751948,1240542631.560547,BFF24F798B
1240542736.0,1240542743.265625,87C668AAF5
1240502596.0,1240502603.972412,C58681E018
1240503533.316408,1240503543.960937,43728B8DBD
1240564970.0,1240564978.691406,DBC87D842F
1240533066.62598,1240533074.231933,D2E4951092
1240520103.672848,1240520110.885498,2ED5DCFE6D
1240500172.027345,1240500179.75,C7476C5B3C
1240567750.835941,1240567757.964843,2A6905E9E9
1240503842.5957038,1240503851.089843,AA3F957219
1240518154.578125,1240518163.240234,7D7BAF924F
1240528883.023442,1240528890.039062,748FC56A75
1240583155.945309,1240583164.959228,6803C05EE9
1240567399.988278,1240567408.0625,F6024D34B0
1240567489.1914089,1240567500.514648,09A9CD5C0C
1240574772.102416,1240574779.136718,458EAE1FC1
1240508187.4404328,1240508194.755371,3A8857D556
1240555516.665035,1240555523.830078,6C7C246C12
1240501206.75,1240501215.366943,CFAD37EBE7
1240585512.115237,1240585523.773437,C511553C9E
1240540895.6445272,1240540902.86914,CD3457D373
1240573297.7929678,1240573305.500976,C19CB42E15
1240573610.2304652,1240573618.408203,D01CBDDF2C
1240556186.489747,1240556194.354004,DBE514A827
1240527005.263668,1240527012.899414,C8BA4AAA86
1240554210.0,1240554217.135742,7A748B248C
1240564403.662113,1240564410.842773,17CB5CD817
1240551283.0263689,1240551291.148437,4477AABE64
1240543130.092291,1240543139.171875,AA54862822
1240660298.7412138,1240660305.925293,9F674EDE6F
1240650004.348636,1240650011.702148,756228E868
1240640518.718751,1240640526.26123,850EB69B9B
1240640583.607419,1240640591.457763,30A1157C12
1240664537.579098,1240664545.445312,F0BADE0C72
1240664641.410156,1240664649.25,0701ADC28E
1240659290.1967802,1240659297.207031,E93ADD19A1
1240661983.252926,1240661991.070312,C17CC554B2
1240661703.042969,1240661710.722656,AE64FFEBB3
1240661764.18945,1240661771.331298,AE0BDD7F64
1240623984.129396,1240623994.290039,D440EA17BF
1240631455.6687012,1240631463.73291,987A5E1083
1240661197.125,1240661210.456054,E610694F03
1240632226.37305,1240632233.661132,C7EF72E60C
1240637151.083253,1240637158.177734,50428C41E2
1240623432.53125,1240623440.224609,18D9673085
1240622107.2929718,1240622118.061767,FEE2D51C1F
1240622201.3666952,1240622209.357422,8029F78C67
1240639035.260744,1240639043.222656,1627848D34
1240639342.960935,1240639351.273437,5B184DEF8D
1240641099.6525898,1240641107.72705,968012EF7D
1240660082.625,1240660090.520507,AD70F90F6D
1240645620.719732,1240645627.973877,1D2586D542
1240648202.120116,1240648209.128418,20331B4A75
1240627676.0,1240627684.490234,A6BF543E1D
1240606410.108404,1240606418.161132,3BE9169219
1240624115.5185502,1240624125.223144,C3733BCB9C
1240624220.351559,1240624228.313476,990ABCBC92
1240624780.005735,1240624787.039062,9D957B79B5
1240630067.720699,1240630075.789917,7F5ADB7FC2
1240622770.8124971,1240622778.625,58154AB0EF
1240622795.82947,1240622803.335937,F7C7EB0A41
1240622968.8124971,1240622979.106445,2C2E2E4747
1240640054.78101,1240640062.541015,3994D92D32
1240640164.0,1240640172.132812,C19C6916DF
1240601759.961917,1240601767.456298,94708A8CE0
1240652657.439456,1240652665.927734,8040BCFF64
1240602953.398434,1240602960.523925,9CADD7845F
1240639557.578128,1240639566.256836,D41037B275
1240628935.07691,1240628942.603515,38E639BB54
1240629104.540042,1240629113.535156,1FF410A1A3
1240633480.113278,1240633489.28125,2F88DC58F4
1240633540.8505888,1240633548.077636,A9419847D4
1240629841.8535202,1240629850.345459,97ACB9F34F
1240629851.519532,1240629859.45581,B9887A95C3
1240642570.164312,1240642578.361328,7A3EA50211
1240654191.919919,1240654199.442382,21FBEC3092
1240625712.175784,1240625720.161132,87975B71EF
1240625916.7143588,1240625924.831543,EBCA93F3F6
1240653175.599615,1240653185.398437,5C643A29D5
1240653495.868161,1240653502.91748,5ACFFA2823
1240626968.828121,1240626975.935547,A949EB9746
1240635424.283696,1240635431.346679,BB9DD03CB5
1240646362.7294972,1240646370.371582,984ACF4D76
1240624894.512815,1240624902.078247,CEDD543503
1240625128.215575,1240625136.563476,FB14D428C1
1240625142.3730512,1240625149.405761,0BC49D0119
1240625247.127926,1240625254.132812,7D95C5D1CE
1240625260.5241652,1240625268.644531,25F68E669E
1240666869.483396,1240666876.541015,B81B4977F1
1240604616.544926,1240604626.8031,16CB6BD052
1240621723.441896,1240621731.166504,E6A4109C88
1240621963.872198,1240621971.228759,3D7564F16B
1240627822.07324,1240627829.860351,90AF560B2C
1240628010.717287,1240628018.773437,5FD5EABDDC
1240743866.608402,1240743876.019531,8EEDDA2158
1240743876.035161,1240743885.295898,73F2EECAF3
1240744101.417722,1240744113.824218,E357824773
1240706786.018551,1240706794.086425,E17949FB11
1240716314.8662138,1240716326.327148,B477F2EDD9
1240716947.430661,1240716955.68457,FF849406BE
1240722958.679691,1240722965.850341,886BB8E6CF
1240786439.4482448,1240786447.264648,9E169A6C89
1240786701.06543,1240786708.453857,379F279B51
1240752487.636716,1240752495.756836,405BC77B44
1240753465.509769,1240753472.859375,BC3F8ADDDB
1240756939.341802,1240756948.311523,142477CD14
1240703072.382566,1240703080.096191,0602CE67BC
1240730635.045895,1240730642.605468,BD3686E3DB
1240723800.469723,1240723808.128906,A9A83AAAA5
1240745352.617192,1240745360.824218,0C9F14A105
1240745682.248045,1240745689.691406,A788C606F9
1240709253.955075,1240709260.992187,132C80F92F
1240709312.611325,1240709320.515136,0CE352074A
1240709359.2424371,1240709368.763672,BF2775D3AA
1240728991.720216,1240728999.068359,1B6A85E7AB
1240747857.4570289,1240747865.738769,DC14939667
1240722100.1874971,1240722107.851562,E7B48F8B83
1240791967.791746,1240791975.113281,7E5FC62A27
1240711451.14062,1240711458.268554,2EFF76AACF
1240743412.341551,1240743419.96582,40F4862E79
1240743627.1162071,1240743636.375,EC0B36A5C7
1240734419.057124,1240734426.897461,FB2C154CB9
1240702808.372067,1240702817.296875,9B322D9033
1240722586.138183,1240722593.911132,B86AEFD69C
1240761711.4453158,1240761718.975586,3014E9AF7C
1240701932.905276,1240701941.509765,58CA977A40
1240702350.2539089,1240702360.542968,8F0051F7DF
1240785788.760255,1240785798.05542,C9BE7DAD0E
1240788780.898434,1240788790.328125,CC0F9F5DCA
1240713572.5576198,1240713580.045898,3C37366025
1240732410.011476,1240732417.713012,AD7F372B52
1240732531.367184,1240732538.474609,B6581556EA
1240716052.054688,1240716060.280273,0889669CD7
1240773977.146488,1240773985.220214,41831118EE
1240707050.630865,1240707058.088867,69F43798F4
1240713239.923825,1240713247.710937,C090BDEE18
1240719400.318356,1240719407.668945,A54305AA2C
1240722244.369137,1240722253.366699,36789C3461
1240744668.574222,1240744676.927734,A4FCA80535
1240744681.5761771,1240744688.860351,5193F10B43
1240785451.0142782,1240785458.641601,9847D1525D
1240744918.40088,1240744927.694336,FC543850B7
1240704326.852541,1240704336.372802,9A1D0F1ED8
1240754229.720701,1240754238.841797,3B18003928
1240772786.890621,1240772794.996582,937E04904A
1240789165.914547,1240789172.940429,7D06EB0EB5
1240709418.505863,1240709426.672363,22B9488FA6
1240709542.5581028,1240709551.518554,BD6985291F
1240709598.975101,1240709607.792968,585126A564
1240718372.497922,1240718381.375488,0FFF1EFF77
1240751552.309575,1240751559.322387,DB74A4D61A
1240791586.620481,1240791596.157226,46361B9F67
1240701055.6328158,1240701063.707031,6B873789B1
1240727371.332035,1240727378.720703,39D01195CC
1240714460.671872,1240714467.682129,485EC50965
1240730197.0415049,1240730204.089355,E621B89B2E
1240714258.134518,1240714269.270263,46BAF0CA1F
1240701384.056157,1240701393.167968,D0C8A49B30
1240701573.451414,1240701581.692505,B6BB27FB31
1240701748.764652,1240701755.859375,73533109B8
1240735004.82275,1240735014.124023,48F4EE69F5
1240752025.2763698,1240752033.5625,E309CD8B0D
1240710325.094723,1240710333.001464,512505D156
1240705351.5380888,1240705361.827148,50871B147E
1240705465.018796,1240705472.305297,1C171E5573
1240705622.900394,1240705629.981445,004314B56F
1240715097.848634,1240715106.541748,DF046E41BB
1240875401.5576198,1240875409.15039,31D684CF94
1240840998.0,1240841005.079101,D1B743B360
1240807169.875978,1240807181.472656,880853042F
1240873025.494141,1240873034.438476,47E346F61C
1240830605.210451,1240830612.687011,B51DC9C214
1240883647.7324238,1240883656.049804,4A1B8875C2
1240896552.7836928,1240896559.785888,B3EBFC45D5
1240821801.954101,1240821809.67102,E1856003C3
1240821900.888668,1240821909.05957,9883C4C7C0
1240878941.186651,1240878948.861816,ADAC6D31D1
1240879891.403323,1240879898.970703,FEF2E0863F
1240828703.3979452,1240828711.443847,C2EAAE1D4E
1240828120.198245,1240828127.659179,0A4A31AA67
1240849873.5898418,1240849882.573852,E2835ACC18
1240811672.896487,1240811682.395507,E79F6D4998
1240811827.225101,1240811836.235351,16359210E4
1240881610.197511,1240881617.232422,260CBBECC2
1240817833.70117,1240817841.852539,9E58CA5F1A
1240874725.406251,1240874733.267578,F55EB75B71
1240874852.627926,1240874861.664062,598AE87595
1240874903.249022,1240874911.937378,20E2E3A9B9
1240875154.249753,1240875163.498108,195C3B7D30
1240844340.7192411,1240844348.210937,7D3B313316
1240876286.325687,1240876294.736084,689B4EE465
1240876460.1875,1240876469.041015,E998885F6A
1240876628.261715,1240876635.374267,662B630C69
1240876990.51611,1240877000.05249,0BDC46142C
1240811073.771726,1240811084.728515,F36FF8B045
1240878209.140625,1240878216.367187,96741E71F4
1240880556.030273,1240880563.148437,1FBCBD9601
1240880827.8662138,1240880837.75,508C268875
1240875558.163086,1240875566.875,E61C4F73FC
1240801761.5683591,1240801769.039062,4C3CC2C7CC
1240843121.0367491,1240843129.594726,7D80C283BF
1240811399.820312,1240811408.206054,8A3B813AB2
1240853876.723637,1240853885.000488,69D2395F14
1240874132.2763631,1240874140.374023,31FE1EE0A7
1240875293.616206,1240875303.483398,5DE53BB611
1240898584.468745,1240898594.526367,AEDD1F3F65
1240898767.4111362,1240898776.398437,90CF116ADD
1240841833.061529,1240841841.085449,12EF86E00C
1240878367.358396,1240878375.815429,3FAF7FEC7C
1240878524.464599,1240878532.8125,3B54CB8C03
1240894160.519534,1240894168.424804,5E47E6D6CD
1240895187.639645,1240895197.078125,9E97EA7C67
1240842537.10352,1240842544.959961,2CE97D5C52
1240817917.734378,1240817926.032226,74D6FE08F6
1240838465.859865,1240838473.451172,39036BB900
1240899530.716795,1240899537.737304,0C3363483E
1240899722.8261738,1240899731.491211,C02EF4B1A7
1240855008.75879,1240855016.612304,833A9A49BA
1240804658.443365,1240804665.971679,7462D35FE9
1240898388.1835928,1240898395.566406,373EED7922
1240803072.5859408,1240803080.077148,8F897C6E6F
1240803423.118168,1240803431.457519,687979290A
1240840217.009762,1240840225.676757,1C65B81CA7
1240816226.899902,1240816234.693359,DCD43EEEF5
1240851631.881837,1240851639.719848,58C9601B97
1240852631.512698,1240852638.8125,D98A2E3C98
1240841959.048831,1240841969.066589,E9C36F1ECB
1240823828.09424,1240823837.237304,3F64F1026E
1240806702.519528,1240806710.622802,5F86B2641A
1240827573.104982,1240827581.961914,CAFA0751A6
1240873285.603519,1240873297.238281,45036AE023
1240825300.69824,1240825308.624511,1C3A65135E
1240805875.9340851,1240805884.394531,9A7699718B
1240873814.069944,1240873821.807373,18E2D3AE9B
1240838920.087887,1240838927.792968,5B9E143EAB
1240851825.245607,1240851833.504882,2C046C9074
1240806112.0976532,1240806119.97998,A35310518D
1240831172.216802,1240831179.71289,8D5B037064
1240972012.357425,1240972019.675781,DBF1DBE127
1240964912.873052,1240964922.595703,169DE2C7AA
1240964975.513668,1240964982.926513,5C220BB853
1240989667.66773,1240989676.252441,F35BF02BC7
1240903601.14295,1240903608.402343,98FD23EE68
1240903708.766605,1240903716.709961,B0BA89E68D
1240935157.193851,1240935166.568359,A3849068F0
1240992099.736331,1240992106.915039,232F5F8536
1240926825.798831,1240926832.951416,8BB2B466A1
1240993167.688228,1240993174.711914,66878EF09A
1240993279.564703,1240993287.423828,F19AAD6446
1240977452.48486,1240977461.054199,F89E84EA2A
1240999376.377437,1240999384.480835,52DD8450BC
1240940468.2050788,1240940475.294922,41408E5ACF
1240940876.2177742,1240940883.541015,4F2CE97EFD
1240929963.896001,1240929971.305664,B7B30D779F
1240930267.735357,1240930275.851562,6D69AC094A
1240900977.582035,1240900985.429687,0E4010D936
1240925662.202147,1240925670.898437,3683EAE423
1240925746.7880888,1240925754.118164,A7908F3FBA
1240945497.520504,1240945506.71582,25D36C4FE1
1240967769.277345,1240967777.058593,0F46361D2B
1240988320.3015091,1240988327.551269,553F34BEB8
1240955377.84668,1240955385.425781,FE84AD4F58
1240950166.2875988,1240950173.868164,B213A45787
1240974748.633792,1240974757.958007,75E2D69F3E
1240976706.7060502,1240976715.484375,A832D506BA
1240967630.1787071,1240967637.887695,D2E5CED381
1240915660.5625,1240915668.763672,A7C32FF619
1240915831.048825,1240915842.571289,CC525E93DD
1240948004.8945282,1240948012.918579,BF7DC122CE
1240917200.949224,1240917208.329345,6CF9E09171
1240997830.263672,1240997837.737793,C1FBA613C1
1240965873.3701189,1240965881.430664,FCA349BDAE
1240966060.2145998,1240966067.60205,15DB5583E1
1240994542.305662,1240994550.1875,6E31A4F6F9
1240914371.919065,1240914380.164917,3007644719
1240918043.190435,1240918052.381836,7EF6DC03DC
1240963621.87793,1240963628.879882,AB1552B317
1240984977.526367,1240984990.425781,F66C1E8B22
1240968766.245358,1240968773.520507,D96273384E
1240987819.410646,1240987827.427734,8C8DE5AAB2
1240987952.027711,1240987963.561035,ABEAE8A819
1240954924.451167,1240954932.139404,C57FE7918A
1240954964.577208,1240954972.142578,25E6A51DB5
1240936451.501956,1240936458.954101,5BCC2EF0F1
1240978979.21875,1240978986.616211,610B9D7C1F
1240979254.059567,1240979261.745117,3D8454068B
1240994067.724615,1240994078.210937,69D2F00217
1240964035.1965322,1240964043.232422,B817B6E820
1240916280.354368,1240916287.827026,2D1FFB0BE5
1240985396.515386,1240985404.076172,7E5FEDD9F7
1240985809.213867,1240985816.816406,648693AEC1
1240961730.3906229,1240961739.353515,3C402B9541
1240922165.701051,1240922174.590576,5F3817B9D0
1240956849.9877958,1240956858.061523,EDAA5544B9
1240914854.0351522,1240914861.472412,81AB675FEB
1240915002.446782,1240915012.031738,F3F35AE64A
1240915347.113285,1240915355.21875,00F8D1F7F2
1240940143.389836,1240940150.567382,4BEADFD3C2
1240962654.368167,1240962661.392578,9932B013F7
1240938928.538089,1240938935.608398,410859CAC9
1240932466.07324,1240932473.495117,070ADDF656
1240941192.7373002,1240941199.746582,9C364B23CD
1240986347.400387,1240986354.576172,92B75B2D9A
1240904988.894043,1240904996.664062,FF8E824AEE
1240905130.465822,1240905139.416015,B20E792BE2
1240905752.9912062,1240905761.613769,314048A219
1240975887.5703158,1240975894.803955,E009C10379
1240904212.518557,1240904220.196289,D73ADEA037
1240904483.084722,1240904490.82666,0031B74FC9
1240926468.572262,1240926476.16748,D653307EB9
1240997326.8124971,1240997334.749267,31D84D54B9
1240991203.710942,1240991211.213989,F97C679DC7
1240943736.212894,1240943746.421875,2BE127A53B
1240943772.402837,1240943779.597656,93B5AC1B63
1241027932.410156,1241027939.480468,C38B685D7C
1241059255.699219,1241059263.234375,7DD39BDC93
1241031382.312502,1241031390.002685,60B392E1E4
1241031471.144044,1241031480.670898,E7A7C19798
1241078850.54297,1241078858.344726,5261797EDA
1241080217.938968,1241080226.579101,4CBC1778DA
1241000914.412477,1241000921.615722,A3CF497698
1241022485.566161,1241022493.739257,66EAE9A576
1241092467.362794,1241092474.511718,9D9DA21170
1241025245.8691409,1241025255.040039,29758D4472
1241071562.937505,1241071571.054443,97328F3AE6
1241087595.7753952,1241087602.92749,F2120227DD
1241087267.6362338,1241087276.460937,2C79379DBA
1241015125.724612,1241015132.810058,691817F749
1241015144.160153,1241015151.417968,C0EF59688B
1241077115.583011,1241077123.674804,B597B80449
1241063113.335446,1241063122.666015,9E493DF793
1241063271.161136,1241063278.958984,559D0917CC
1241004352.824707,1241004360.856933,9B059A6BDB
1241052931.785153,1241052939.169677,91BDA79112
1241055585.253906,1241055593.395507,2DE45C5C3D
1241055688.42236,1241055695.773437,2DD7EFA208
1241096588.915042,1241096596.576904,925E7C5D23
1241080880.21338,1241080888.03125,DDFE788349
1241081234.304201,1241081243.118164,075C446DBC
1241014784.456547,1241014792.137695,E0E9198CF3
1241014843.683596,1241014851.753662,DC848B3C14
1241054810.6477048,1241054819.595703,4120086A12
1241054904.272706,1241054911.818115,6D13229B6B
1241077942.754399,1241077950.186767,A31A73CD84
1241078192.892094,1241078201.362304,6963E2BD19
1241064229.77734,1241064236.970703,68A0DAAF4A
1241029029.756835,1241029037.614257,1A565AB371
1241070132.487791,1241070139.49707,B8164C531B
1241099420.013675,1241099428.412109,9EF5E0AF9F
1241079853.6713822,1241079862.038086,9CC7B51AE3
1241079951.111574,1241079959.012207,46A0D55095
1241090012.715822,1241090020.447021,5116D21A22
1241090090.527349,1241090098.744934,323DD2A9BC
1241083183.8237338,1241083191.187988,BE01B311B2
1241059992.3125,1241059999.54248,07B985AE4D
1241060104.388668,1241060112.973144,88F2A9AC55
1241049170.776364,1241049179.101562,C35CBBC9D5
1241049684.134762,1241049692.937011,BBF71AFD74
1241064848.0373518,1241064856.803711,1E2AE97F0D
1241064927.498043,1241064937.466308,1BA90827DD
1241022075.298216,1241022084.028564,0A0D82075C
1241046389.534176,1241046398.125,590D138C56
1241055834.28223,1241055842.083007,D2C0708703
1241099290.420902,1241099298.40039,A3D95B0E01
1241002901.27808,1241002908.339843,B28CA62398
1241003194.54785,1241003204.363281,65D04FE2DE
1241065698.04144,1241065705.068359,57FC89C9D3
1241088757.125,1241088765.112304,70E165B29D
1241021061.609376,1241021070.872802,0298010E13
1241021204.304688,1241021212.010254,8710D096C0
1241063464.2793,1241063471.293945,77271E11FD
1241031109.632325,1241031118.142578,BB1714D7CF
1241049811.51855,1241049820.787109,1CDA56374D
1241004598.0395522,1241004606.46582,CCC4675B85
1241047802.2099571,1241047810.037841,36F34022F8
1241047925.486325,1241047932.562011,DF6B09187F
1241045672.74792,1241045680.410522,D5C926ADBE
1241050379.5263648,1241050387.929687,B86DE2CC89
1241000523.134769,1241000531.328125,2ED9E5E244
1241076333.851559,1241076341.67041,E5F5446437
1241027276.785154,1241027284.042724,345D9BA347
1241033183.28027,1241033190.968261,FC727FBD36
1241033243.578125,1241033251.859375,7A893BF991
1241063326.045412,1241063334.109619,86AC5C2213
1241023560.456051,1241023567.46875,81AB6623C7
1241033682.516598,1241033690.551269,64DD5D212D
1241047108.775636,1241047121.353515,5FA53A64C4
1241028886.856444,1241028894.425781,4F92A1F3A6
1241067383.171878,1241067392.155761,2EF01F3CFC
1241067720.3823268,1241067729.289062,19DCFA7957
1241048423.403317,1241048430.554687,6DE6EB78A9
1241050617.150389,1241050625.512207,4119EC3D66
1241046767.318357,1241046775.669311,F36CCAF893
1241057452.7675738,1241057462.614013,9C5ECFC36E
1241084093.892578,1241084102.090942,F189A54220
1241084130.761534,1241084138.222656,79B096068C
1241084145.640625,1241084153.320312,6165E6A8E0
1241084308.597288,1241084316.37622,97D459998B
1241058667.10938,1241058674.582031,5E5008C1E9
1241085307.529294,1241085314.574218,CC65F76BC0
1241085453.7221708,1241085461.952636,34D240E3B6
1241016089.6879902,1241016096.689453,762A22C5CE
1241016157.191408,1241016165.577148,B412272F74
1241032727.876466,1241032736.75,95F9730697
1241020496.217404,1241020503.357177,541A755081
1241067015.290892,1241067022.529297,64BE5493B8
1241051989.81152,1241051997.659423,45E3CF989B
1241095855.245243,1241095863.266601,5456527B2D
1241096318.107422,1241096325.386718,83A5E72C5B
1241096515.176761,1241096523.740722,5F3CCA8378
1241029342.162596,1241029351.11914,00330DD065
1241102986.80713,1241102994.133789,D42528BBE1
1241111351.644534,1241111361.257812,CE80772548
1241111231.25098,1241111241.139404,14633A9EA9
1241119399.612301,1241119406.80542,915AECA444
1241119429.519534,1241119438.476562,E0857B0038
1241154296.0068378,1241154304.501098,4F5A086311
1241148023.80859,1241148032.615234,6C5C69F93C
1241148370.985348,1241148378.052734,64BD1093D0
1241172812.557615,1241172820.10498,2CC7814F91
1241171249.412106,1241171256.794677,A1A3E16A11
1241171310.2392578,1241171317.360595,8F9F918E35
1241115074.269528,1241115083.302734,FF54C04994
1241145283.343753,1241145290.738159,B5EC70761A
1241161471.883062,1241161479.111328,0FFF656FBD
1241122813.624513,1241122820.8125,28AF23CFDB
1241155014.37695,1241155021.543457,21DE556455
1241170740.42188,1241170750.259765,E2C1D16615
1241171918.875003,1241171926.863281,8195C3EB0F
1241172076.913082,1241172084.439453,32B04CB1E7
1241144648.563473,1241144655.746093,C4F2B66F22
1241109305.210699,1241109312.318359,7A97AC8CC8
1241164123.799805,1241164133.09375,BF4B0B85FB
1241110173.34375,1241110181.035156,FF7A11BBC4
1241103248.32691,1241103257.378906,3326E3C810
1241162345.3124971,1241162353.592773,13B912770F
1241138927.842779,1241138936.384765,801C99D6E8
1241157780.488278,1241157788.465149,799BAF3196
1241122525.401617,1241122533.875,004201AD58
1241100452.014652,1241100459.631836,3BD5E72723
1241164214.4892578,1241164221.796875,5198E77ACA
1241164472.180661,1241164479.551757,67ACB01FBB
1241156748.054691,1241156756.95166,DE44279A0C
1241157418.628903,1241157426.55664,62FF08EF53
1241167806.6040032,1241167817.746582,BB9C704EA4
1241121560.9492218,1241121569.031738,57D80AA702
1241121897.327639,1241121904.422851,75A41B7EC6
1241159061.009766,1241159068.902832,A5257AD3C0
1241159268.000005,1241159275.9104,9EC5BF0122
1241159371.31152,1241159380.4375,E971D4152E
1241159485.738285,1241159493.036132,B524883ECB
1241126367.7915049,1241126375.350586,857714A57D
1241104345.9375,1241104354.312988,C570DABD39
1241119992.93359,1241120002.448242,722EFC9100
1241120025.3749971,1241120034.048828,FBD143E5B5
1241100696.962407,1241100704.043945,99704BED02
1241161007.1970172,1241161015.536865,EC7CC3AC38
1241161015.537115,1241161023.345703,04B4597F35
1241161091.75098,1241161098.816162,DCEE0FC4B8
1241161953.223146,1241161960.627441,2F4C72F582
1241106773.630372,1241106784.690185,BBE8009DF0
1241116580.966368,1241116588.097656,F53128443B
1241172515.542969,1241172523.359619,ED42FB4C83
1241101134.468753,1241101141.810669,D7C2105A1F
1241142644.910402,1241142654.177734,9BFD51133B
1241127718.595702,1241127726.170898,BB818FC9D8
1241132328.591797,1241132335.727539,363CB45B7A
1241107615.5644538,1241107622.873047,79E8D68695
1241135298.0029328,1241135306.601562,BF9931DB4A
1241152801.875974,1241152810.291015,83B9C1F37C
1241105214.908567,1241105223.009277,B32FDB37C8
1241110325.499144,1241110337.640625,3F21A42C77
1241110398.7216828,1241110406.496338,495FA5BF16
1241110873.9477491,1241110881.615722,D3F5A5BB01
1241136564.9687529,1241136572.492187,82C639E277
1241160750.414066,1241160758.566406,9F6FC7971D
1241155344.328615,1241155352.270019,F87CFFA5E0
1241155444.481569,1241155452.164062,5A558EFF5C
1241155709.4082038,1241155718.651367,6B32AEDAAC
1241166311.3045611,1241166318.693359,8B2765C3CC
1241166562.543208,1241166571.676757,8BD4103B9A
1241149313.874269,1241149323.299926,C585007D5C
1241149339.362305,1241149349.115234,7543FD816D
1241150319.8818388,1241150331.985351,52A1EA4359
1241150476.524419,1241150484.763183,C11B02FF8D
1241118408.837893,1241118416.239502,8B363294CC
1241138460.858395,1241138468.817505,0D1325D875
1241153091.6279328,1241153098.773437,C3E979C205
1241153191.988774,1241153199.614257,188CA75F60
1241137492.650874,1241137500.8125,514CA802A3
1241137530.51465,1241137537.905639,D08C5FEA71
1241148732.4374971,1241148739.902343,5E7CF20EF0
1241149044.477047,1241149051.636718,ACC59E2532
1241139360.6054718,1241139368.142089,4E2A7C5308
1241141953.62891,1241141962.662841,C3A01FC64F
1241166991.703125,1241166998.71582,ECD0914D01
1241154063.16406,1241154072.007812,C0BDBA2CEF
1241128545.609864,1241128553.695312,AD637136F5
1241105386.093753,1241105393.777343,B408E2AE11
1241129841.2597709,1241129851.066162,418306B8A6
1241129352.625728,1241129362.47705,63FBCDBFBD
1241125090.17188,1241125098.643554,A2EF0EB942
1241112970.275392,1241112978.887695,D08D3AABA6
1241140828.4482448,1241140836.663086,5E75A8705E
1241113436.6562529,1241113444.326904,1C8A0E4A60
1241125681.846195,1241125689.09375,A343607A56
1241127968.802737,1241127976.269531,FE88BB3F44
1241108105.5688488,1241108113.256836,B5458D2F44
1241133836.5293,1241133843.608886,9D8BE75E81
1241133972.492185,1241133980.689209,82BEF3BBB8
1241129012.9296908,1241129020.972412,BE73464DD2
1241168599.021487,1241168607.46289,4034141410
1241115944.371583,1241115953.755127,F8ADEB76CD
1241127384.382817,1241127391.721435,2686232F1A
1241240312.021484,1241240321.846679,0CE85A4538
1241212927.746587,1241212934.894531,B92606E972
1241254551.880856,1241254561.192382,54FCC8AAEC
1241297526.414059,1241297533.673828,AB3CBD0C2F
1241298112.641605,1241298120.738769,E7C2D85847
1241227774.88721,1241227782.754882,4C5A840DD9
1241249549.280272,1241249556.695556,21315392D3
1241261644.195309,1241261651.37207,A0B69B8B5F
1241261716.511718,1241261723.912109,15ED38AAA5
1241211027.647458,1241211036.26123,CEA4B3883F
1241267262.0,1241267269.40332,63A32F6516
1241267299.75,1241267308.353027,C246570AE6
1241267328.4179702,1241267336.342773,C2508454A1
1241209761.4335968,1241209769.432617,F0B8A52496
1241261006.301761,1241261013.790039,71AF599DBA
1241249983.06445,1241249990.620361,E8DB6685F0
1241230398.580081,1241230406.040283,5597132A13
1241230508.130857,1241230519.644531,E62103B476
1241298973.9013672,1241298981.328125,E9695BB0EC
1241231992.905276,1241232003.0,12B09D9765
1241240659.633792,1241240666.770507,CA2B057117
1241240758.7343738,1241240766.15625,17B34B539A
1241207499.162106,1241207507.892089,58D80A2E5C
1241207680.907718,1241207688.002441,A69F536045
1241207708.934567,1241207717.780273,6C3CF09248
1241210362.164059,1241210369.230468,5C3F17A061
1241210880.047848,1241210887.884643,3D424CFC9D
1241226707.451168,1241226715.894531,B005E9CA5F
1241266785.623045,1241266793.708984,71B16B1F19
1241266846.90015,1241266854.002929,C9224C8426
1241229968.5407689,1241229976.73706,4A5DB10A88
1241230058.336545,1241230065.843505,30513C056C
1241299723.636714,1241299731.6875,72D8BAC1CD
1241232648.375002,1241232655.694336,79D62774D1
1241208684.34131,1241208691.496093,9AECDB7189
1241263601.406738,1241263608.722656,2D1748860B
1241254795.122067,1241254803.792968,AA88F2D22B
1241257416.825191,1241257427.016601,EF6576A02E
1241267885.347169,1241267893.055664,40109D3060
1241227600.811528,1241227608.913086,83D7763B03
1241259174.718266,1241259183.714843,8D8BE93B50
1241259460.592527,1241259467.957031,063A0DEA83
1241250363.43945,1241250371.472656,B72B16F3BE
1241250441.99048,1241250450.611084,328E86BC1C
1241270505.6499,1241270512.66748,46FCBFFAD1
1241231048.9082038,1241231056.259765,664046F1A5
1241231112.051999,1241231121.890136,0B87DF0A45
1241241383.126714,1241241390.603515,1E72F3F8A0
1241241544.0523689,1241241551.211425,7CE559F8C8
1241205693.691898,1241205701.595703,61B520A609
1241242943.837407,1241242950.99707,1FEFFDD98C
1241243001.3310502,1241243008.385986,53B7DECF94
1241255253.701417,1241255260.891113,BC45E1330F
1241238641.52051,1241238649.5,0BD4E3234F
1241238750.87305,1241238761.621093,55239069B8
1241239071.902349,1241239080.649414,02184E6CB2
1241271445.706051,1241271452.923339,AAAF579A4F
1241263896.4013689,1241263904.082031,7E880EE2AD
1241238168.072262,1241238175.257812,DFFEF3DFAD
1241297267.702638,1241297274.959961,4CA3F8F518
1241258416.949215,1241258425.140625,A22C386755
1241210302.678956,1241210311.75,EB54CF0145
1241206573.430668,1241206581.190429,56D64435B3
1241206707.517578,1241206715.644531,D3637CB10D
1241206899.7939491,1241206907.890625,D7234DDC04
1241209419.915403,1241209427.458984,CEAC2B0F32
1241296754.8212888,1241296762.140625,137356406D
1241247027.523683,1241247036.154297,B931629C6B
1241247228.41797,1241247235.467773,D2B583EA3B
1241247754.2578158,1241247762.346679,B650FC12EE
1241226979.2863722,1241226986.546142,E029508AD8
1241227077.252926,1241227088.571289,6646BF7902
1241204840.087888,1241204847.209472,0FD2B18680
1241205213.110593,1241205221.24414,271D406D1F
1241245675.139652,1241245682.292968,E2CAD3C911
1241232356.5234408,1241232363.922851,EE04B3AC1A
1241239812.0273468,1241239819.476562,F0B3C1787C
1241239500.0937471,1241239507.530273,0BE54DB492
1241269149.2631838,1241269156.967773,C9E7CE1077
1241269171.18103,1241269182.367187,906D96FCE1
1241243504.453122,1241243511.626953,47CC7BFDAA
1241243693.271,1241243700.453125,A31D135B93
1241242794.457639,1241242801.739135,CDA62DA2F6
1241265690.2924838,1241265697.488281,6AA23D0F75
1241207144.640622,1241207153.533935,9A139CF43E
1241213217.234372,1241213226.505859,539639E4CA
1241265094.265622,1241265102.066406,C7589FD6E6
1241265206.3107872,1241265213.624023,4552BDCEA0
1241265279.795899,1241265287.897949,D0AB4EE894
1241228325.796382,1241228333.625122,318A2E7956
1241228664.204595,1241228673.467285,86E356EAA6
1241228753.3862278,1241228761.392578,909997BC6C
1241229266.047857,1241229278.730957,5B007B0C0F
1241245169.2998002,1241245181.616699,71AD25A74F
1241238324.036138,1241238331.942871,EAF1AB48B7
1241249367.801269,1241249375.226562,88976B104D
1241253213.555659,1241253220.591308,C7CE0130D7
1241253485.0180688,1241253492.205444,B3F043BB4E
1241253577.8359349,1241253585.204101,74271899C6
1241253928.221437,1241253935.862793,84C23D5BF8
1241296062.6102269,1241296070.25,8C3813B398
1241250639.132813,1241250646.600586,4CF25C505F
1241250688.677736,1241250696.179687,B8B79FBF49
1241226467.235355,1241226474.833252,9113C89AE2
1241312722.978512,1241312730.026367,A1B9DD6296
1241313079.672848,1241313087.823242,A4186B95DC
1241313173.34473,1241313180.458618,B1B56CB74C
1241351753.584964,1241351761.777588,00FEE003FE
1241351932.783206,1241351940.539062,AE6B6F34C9
1241324932.708004,1241324939.761718,8A312D87C5
1241306880.239263,1241306887.53479,0F8E198746
1241347505.4277349,1241347513.407226,1AB0A366CA
1241335091.091308,1241335099.373047,940DCEFDB0
1241328250.0761771,1241328259.078979,649B8EC154
1241321128.111578,1241321136.12207,FFF4170A8D
1241394532.417966,1241394540.630127,8D8B24F301
1241394593.2644029,1241394601.822265,B70F272FA0
1241394717.554691,1241394725.988281,7C91F348F3
1241347867.630857,1241347875.365234,6F1AD7CB89
1241395833.508785,1241395842.256836,CBF1374A35
1241396083.873537,1241396091.90625,828C2FE573
1241332250.185545,1241332259.674804,FC9087744D
1241332375.727904,1241332383.656738,E75715EB16
1241323537.384649,1241323544.613281,1C4C44AF72
1241323813.0986369,1241323822.001953,6FAB032AF7
1241301787.485355,1241301795.201904,E2A43EEDE4
1241301938.686524,1241301946.794433,113C33CB83
1241324021.720707,1241324029.100097,319D3D6AD8
1241325275.602056,1241325283.379394,A29D0BE9FE
1241325413.655271,1241325421.254882,53C6D5ACE7
1241344900.568851,1241344907.967529,21E4275580
1241316641.196292,1241316648.315307,3CF1E78AAE
1241316799.927859,1241316809.421386,0D12660AD9
1241314504.217777,1241314511.310547,32EC48594A
1241314561.081539,1241314569.051757,C98DBEE768
1241317979.208004,1241317986.307373,9F5D81C20D
1241303087.458004,1241303095.75,4A70D094D3
1241397208.6948218,1241397216.76123,E2DE058AC2
1241397339.306394,1241397346.42041,CD792783F5
1241397402.541017,1241397410.445556,B0385F9413
1241397663.1162138,1241397671.097656,D67ADF11DF
1241345066.779297,1241345073.925781,C608784732
1241400036.5202591,1241400043.796386,96EFCB73DD
1241396199.623048,1241396207.562255,78AA30618C
1241336489.583497,1241336497.351562,B8694D62EE
1241336537.594731,1241336544.847656,CF733CA408
1241305222.791993,1241305229.924316,4FF5112BDB
1241398179.042603,1241398186.338867,7AC8CF71E1
1241304736.5172088,1241304744.120117,34410450EB
1241304997.847661,1241305005.770507,FA467767F0
1241337190.344728,1241337197.46875,23D8473D98
1241337419.468745,1241337429.590088,0CAB2B0CCF
1241309299.9013698,1241309307.290039,B2E3B27D42
1241331384.877439,1241331392.590088,9DB423EA3A
1241331719.958006,1241331727.052002,A0428944F0
1241331735.254636,1241331742.624511,790AF59EE2
1241307853.282964,1241307861.49414,5D898A40B9
1241348698.023435,1241348705.998047,9DA3C12FA0
1241311474.64941,1241311482.765136,E73AB66546
1241398449.241212,1241398457.966552,42E20BE6AA
1241398653.9191852,1241398660.965332,099C83768C
1241305942.925783,1241305950.042968,9C61A98A26
1241346709.310552,1241346718.195312,9C1438E834
1241349960.325192,1241349970.144531,8893B5CBEC
1241330681.4482448,1241330691.430175,1623139F8E
1241330116.3037138,1241330123.546875,C3A76E51B9
1241359115.570309,1241359125.050293,BD7DF5B1AA
1241359194.4238322,1241359202.171875,247B9C7C5C
1241359373.781004,1241359384.132812,8C4B03547A
1241313581.9226031,1241313591.252929,A19762F203
1241313780.801761,1241313788.068359,41F63995AE
1241396697.396483,1241396705.40332,9EAD34C810
1241332898.590823,1241332905.810302,5E9B4BEEFD
1241336981.0781212,1241336989.129638,3AA57F3FBB
1241338337.4374971,1241338344.800781,4791C9380E
1241349316.812503,1241349324.728271,AFADE7CF00
1241349468.269535,1241349476.133789,C648820089
1241358387.875,1241358396.733886,12917A94DB
1241322284.608403,1241322294.750976,44B11B5A47
1241326480.036129,1241326488.132812,27EA852206
1241326551.8774369,1241326563.080078,616B8B7A5A
1241326795.428472,1241326804.4375,F4701A1A74
1241326837.44336,1241326845.270507,A1E57BE14F
1241399473.8125,1241399481.623047,873F37031D
1241399729.525877,1241399737.295898,AFA5D7F8E9
1241393382.273683,1241393390.26416,DDCBA3ED7C
1241393524.693851,1241393531.866211,99A6FA6392
1241351163.390134,1241351170.694336,59EBD7DAC2
1241320417.524418,1241320425.036132,F9E450D72A
1241307003.518554,1241307011.28479,819618BE9A
1241307129.428716,1241307137.175781,9CB5B3537D
1241307213.156738,1241307220.409179,40DAAD3886
1241309470.0273428,1241309477.038086,1AAFFD061D
1241333796.529293,1241333807.03125,16148229C3
1241333899.44141,1241333907.411132,105AFDF5D7
1241333925.950688,1241333933.827148,FFD861AB68
1241345447.592777,1241345455.664062,7E4689C599
1241307746.726566,1241307754.699218,E47EEFA221
1241320978.4804711,1241320986.089843,7039904E67
1241322126.62305,1241322135.17102,27B6620E20
1241313939.324338,1241313946.916198,1549C0DD77
1241313989.8298311,1241313997.696289,EF9F150C2F
1241341302.3076198,1241341309.606445,46F8D19EE7
1241341345.525394,1241341354.766357,BD64A6E923
1241341542.885744,1241341551.47998,6B19D29C7D
1241304124.003421,1241304131.728271,62629D85FB
1241317216.2417018,1241317227.467773,B263819917
1241317283.352542,1241317291.820068,335843A34A
1241303440.428464,1241303447.698242,6B3A2DB56E
1241303616.832028,1241303625.51123,F5AFA3AA82
1241303784.1093729,1241303793.191406,801767E2CD
1241335689.375003,1241335696.449707,88D3EC1BF9
1241393822.9287071,1241393829.958984,6CAF53D4C9
1241302677.5737338,1241302684.904297,CC2CAFE088
1241302986.953609,1241302994.84375,BE8E0F5339
1241344052.13916,1241344059.355468,3291FC911F
1241306630.735348,1241306638.995605,04440425BF
1241306660.4335952,1241306669.315429,1671CFB5A1
1241310930.680667,1241310938.138427,E9791520A2
1241302288.406252,1241302296.407226,3B8B45034F
1241302389.916989,1241302397.069824,A6765E5931
1241312231.450689,1241312240.263672,10070DA286
1241312276.524417,1241312283.665039,B17537421E
1241318209.966672,1241318217.625,C99EA6825C
1241318265.4296908,1241318272.503662,025BA44F92
1241315913.256346,1241315921.413086,1CB36A15EF
1241316011.728512,1241316020.470703,E5906ED43E
1241347202.294923,1241347209.521484,4DE5C24542
1241340273.473629,1241340280.979736,52EAEBAE22
1241340431.1782222,1241340439.035888,88A3734AD4
1241342133.614261,1241342141.546875,839A679AAD
1241308310.2114289,1241308317.847656,395D3AC4ED
1241308398.4617898,1241308407.34082,92D66EBCCD
1241308644.544918,1241308654.252929,F3D36A8C84
1241318622.065917,1241318629.243164,6939613459
1241318851.733402,1241318859.886718,82615A8923
1241395002.039059,1241395013.267578,593B0F9703
1241358144.250492,1241358153.421875,EF6B148CA9
1241310382.28125,1241310390.437072,D89C91E99B
1241310461.650387,1241310469.4375,6C34F236AC
1241422086.7685578,1241422094.81958,B5E34F8DA1
1241499903.011718,1241499911.329101,BC2BDA96BC
1241440277.404663,1241440284.517578,C5B1071DBE
1241432256.915037,1241432264.359375,CE52341C38
1241438860.0673869,1241438869.227539,EBFE7D3B5D
1241428425.7778358,1241428436.118164,23ABFACD98
1241492462.224122,1241492469.764648,741FD1B4BE
1241436056.26587,1241436063.461181,EB31596B67
1241412656.642578,1241412665.345703,FF76D3FF78
1241451810.514157,1241451818.054687,85DCA78793
1241443595.989257,1241443603.727539,4036409F2A
1241401938.887212,1241401947.68457,5FF72E4D13
1241435278.178714,1241435285.33789,597099F064
1241427867.630858,1241427874.910156,F6ED3898E9
1241450702.9599638,1241450710.214843,83450E1EDC
1241420809.085934,1241420816.096679,604943565F
1241404226.015622,1241404233.479492,8F94585C51
1241465463.208983,1241465470.785156,34EBAFC430
1241460691.004879,1241460698.638916,79A3FA1429
1241461007.741206,1241461015.410522,8F56D05F5A
1241498977.492677,1241498984.842773,1AC3B3ADEE
1241499072.560061,1241499080.232422,3135E33364
1241418887.016602,1241418894.109375,ED48A9EDB1
1241478588.464841,1241478597.107422,7D2EF8A76F
1241414181.658689,1241414188.804687,EE222AC020
1241442170.438477,1241442181.263549,9D592106F6
1241403623.337887,1241403630.452148,A8844619C8
1241429130.004879,1241429137.896484,B362790147
1241429286.923831,1241429294.140625,4047C5D051
1241410826.926756,1241410834.078125,EA2ABA9DA2
1241418708.4401872,1241418715.930664,42A101914B
1241470776.9443388,1241470784.065429,1128D5D25D
1241442533.7099578,1241442543.460937,79EC42FB33
1241452505.859375,1241452513.697021,36EA6A1C64
1241452663.888183,1241452672.300781,B4BF99BCA3
1241467915.448239,1241467922.677734,32E19F0304
1241413692.367673,1241413700.652343,E3D3FC9204
1241465863.002927,1241465875.055664,02B092C580
1241425289.694332,1241425299.811767,90AD6639A2
1241425632.996098,1241425640.432495,735C533B25
1241407579.068362,1241407586.673828,6A134B8F59
1241430619.724609,1241430626.943359,77348E5F4C
1241431180.050781,1241431187.6875,A401E39A7D
1241493271.744142,1241493279.949707,F27F0A995B
1241493360.280275,1241493368.5625,98D17FAAE1
1241441303.794187,1241441312.177734,248BE724A9
1241441554.4677758,1241441563.863281,E562A7D3E1
1241447428.3037138,1241447436.252929,0BAA661EE0
1241408244.787111,1241408252.230957,8AD7A487FD
1241423798.166988,1241423806.521972,A880407CF7
1241418358.695316,1241418365.950683,0E931BC774
1241418601.8837888,1241418610.388427,32766AE299
1241410267.81152,1241410276.342773,7EBACB7B80
1241461654.730465,1241461661.966797,3382EA7C1E
1241429941.65527,1241429949.610351,DB82D3DD30
1241404522.77344,1241404532.730468,C1FC7898C1
1241404542.735353,1241404550.320312,18E2E24B0F
1241589859.290036,1241589866.782226,D7104A2193
1241599433.328122,1241599444.091308,7220B7C584
1241599644.281736,1241599651.40332,132C6BD998
1241599983.483402,1241599994.16748,EF7ADEDB63
1241588106.662106,1241588115.680664,2000C76572
1241558984.654297,1241558998.270507,9668DB2A91
1241519010.313482,1241519017.39624,6AA3B17DFE
1241580315.093997,1241580322.36914,47A0DC0E6F
1241570331.276367,1241570338.939453,AD4B57A7C5
1241547596.238281,1241547606.032104,0C74538927
1241547800.640622,1241547808.567382,7F8F4E49BA
1241579514.279293,1241579522.179687,3357D2FEAC
1241553530.277342,1241553538.898437,4BC46DBFFA
1241564004.208982,1241564013.875,A4548E7CD2
1241523807.2373078,1241523814.289062,077E2BDBB2
1241590062.615232,1241590070.104492,2AF6E39EB8
1241593478.605464,1241593485.771484,2FD50AC1B6
1241509857.061038,1241509864.277343,700BFB3C6F
1241522781.667965,1241522790.245117,39FC89FFF9
1241577498.8632848,1241577507.275879,2C946B635F
1241578032.0541952,1241578040.0,19183231E2
1241549785.2988288,1241549792.761718,40D6229E34
1241586192.180662,1241586200.034668,B2C329297D
1241587170.383785,1241587180.674804,97DC1F1EEC
1241523287.0142782,1241523295.948242,AC741C32A2
1241574510.002199,1241574517.765625,B6E3E47B1B
1241574830.703122,1241574838.540649,4F1A1CF853
1241589423.8798828,1241589431.070312,B0AA155712
1241502796.708988,1241502803.743164,F482D1C0AF
1241502999.205562,1241503008.627685,A51CEBA477
1241552516.035153,1241552524.3833,5C94A38D36
1241598868.5351572,1241598876.114013,F72497E421
1241599259.6430671,1241599267.439941,E63CC78072
1241599285.828122,1241599295.166748,F6EA87D25C
1241584558.40723,1241584566.702148,BEE46C6707
1241584697.84033,1241584709.975097,B4E97943B4
1241585707.510739,1241585714.550781,574384DF7E
1241503290.999633,1241503298.540527,51032F77E8
1241556223.2626982,1241556231.748047,A2DCBA9B2A
1241592760.593263,1241592768.144531,52CB7A7DD3
1241592780.432132,1241592789.439453,494DA14542
1241582558.613278,1241582565.875,D75BE71463
1241582088.436528,1241582098.641967,ADE8ECADDF
1241591452.811527,1241591460.035156,EBE0086C29
1241591477.519781,1241591488.162109,3D8B678D83
1241591488.164059,1241591495.59497,ED77BD0983
1241591726.20166,1241591733.381836,9C533167FE
1241557196.235841,1241557204.288086,07FFC792E3
1241587985.916989,1241587993.513672,D338A65704
1241600201.22314,1241600209.905517,89CEEA13D3
1241569943.508788,1241569950.549804,0DB821DB7B
1241559950.3419142,1241559957.450683,EBB2A05EB2
1241548631.710937,1241548638.726074,0EB839EA11
1241509041.1230488,1241509048.956054,39169DD7C8
1241500520.582273,1241500527.803711,6D82C03C98
1241577319.870608,1241577326.9375,7EFFC1BB67
1241570666.60559,1241570674.206054,9186434562
1241509348.984374,1241509356.171875,73003BDE68
1241512698.043942,1241512706.11499,690ABD996C
1241500852.218868,1241500859.527832,772FF5D68B
1241622363.270751,1241622371.585937,1D5392027E
1241669734.7534192,1241669741.791992,5D9A181002
1241669745.794437,1241669753.335937,919B2CAD3F
1241669780.5493188,1241669791.043945,A6CA0F6060
1241619315.698612,1241619324.965332,1C2DB26425
1241698554.598636,1241698562.200195,504CCA482D
1241691842.371099,1241691852.504882,055F9AA5BE
1241636125.589605,1241636136.261963,413C92C0BD
1241631811.433599,1241631818.912109,A67B0F25D5
1241655431.3242218,1241655438.538086,DC60047E78
1241640080.624026,1241640090.638672,1E6BFA9646
1241654401.179075,1241654411.051757,05316D337F
1241661349.567383,1241661357.315429,BB12972E3E
1241689836.4296908,1241689846.310424,4386C973EA
1241666631.168943,1241666638.234375,9386C9231D
1241666772.8046849,1241666782.875,89B8AED070
1241664722.578122,1241664729.746093,DCF1D94BCE
1241664887.37598,1241664896.551757,8579547867
1241664941.167965,1241664949.724121,059E76BD07
1241665318.738531,1241665330.009765,41327D9E1D
1241674191.804691,1241674200.40332,BD98AA3E49
1241638649.672366,1241638659.460937,82D580BB0A
1241605539.195799,1241605546.284179,FEDE1A3711
1241680824.632809,1241680835.199218,2BDB149761
1241680928.831055,1241680936.148437,9898F5DE32
1241687045.909916,1241687053.60205,305DCAB9BB
1241625228.076903,1241625235.32373,48A0D2F660
1241621867.850833,1241621878.010742,1ED15C8089
1241622030.152348,1241622037.170288,02DA1D4033
1241604719.625,1241604727.734375,70A96A2923
1241687924.7929702,1241687935.697265,DB03C61050
1241688085.842042,1241688092.935547,3FC835398A
1241688093.0419972,1241688100.83789,A90081DB78
1241688215.627926,1241688222.949218,85BB21AD4A
1241688395.123051,1241688402.309082,412947286B
1241694732.4726589,1241694739.76538,406B6537E0
1241638790.892941,1241638799.34375,5E648052F8
1241638858.522706,1241638865.930664,EB8B60AAC2
1241684305.865233,1241684314.123047,D56AB4BC8F
1241629292.802242,1241629300.496948,F6E80F88C2
1241629583.881833,1241629591.487304,A4BEDCA91D
1241629684.875,1241629692.01416,84E93A7B2F
1241640772.302492,1241640780.156738,CCF9FBAEC1
1241693993.542234,1241694001.717163,5D3C68A732
1241694056.2622058,1241694064.203857,EA5A107444
1241696078.496583,1241696088.030273,D623CB3560
1241656382.691406,1241656392.758789,0361C39050
1241654224.237119,1241654231.507812,9858E2F744
1241627878.9999988,1241627887.834961,D42D70A578
1241687743.108518,1241687750.607422,7F41776C5E
1241699431.054692,1241699438.167968,4CDBA75F07
1241699749.883785,1241699757.371582,435A56704C
1241620671.649417,1241620679.499023,498B7A4AB0
1241604019.595093,1241604026.644531,B770966B6A
1241614161.775394,1241614169.126709,F3025B42E5
1241672638.2539089,1241672646.5625,E2D047D866
1241690136.753903,1241690144.016357,AF8CA8B4FE
1241694422.7031229,1241694429.834961,F8AA42B70B
1241682427.001218,1241682434.300293,CDDB683DB1
1241678569.999022,1241678577.253906,A4ACA570D8
1241602040.619142,1241602050.085144,4BE29D29AB
1241676994.868167,1241677006.940307,8770C05D33
1241662504.307613,1241662511.901855,6B556F5565
1241621441.842531,1241621452.6875,AB201711AE
1241663101.440432,1241663111.060058,C797202DD1
1241634840.1582,1241634851.518554,CEE78C8892
1241680232.80664,1241680240.296875,6F6177899A
1241692511.73193,1241692519.226318,926049E66A
1241668215.0898411,1241668223.061035,B85336DB92
1241668458.347652,1241668466.11914,1F14F09DBC
1241668534.846681,1241668544.936035,7E579EC5AE
1241641476.044925,1241641483.453125,4566083EAD
1241641483.456055,1241641492.996582,BC0F7A9560
1241641572.8125,1241641580.316406,CC64E75830
1241632687.451175,1241632694.909179,8375671EF9
1241632816.57153,1241632824.375976,3D0003952A
1241613680.41553,1241613687.634765,96D15939F8
1241613963.195317,1241613971.315429,875F1C958F
1241665590.065191,1241665597.518554,196DD69D05
1241684934.9043,1241684943.131347,BD7805BD95
1241693136.5585911,1241693146.989257,162EF1C707
1241686562.6118188,1241686570.85913,FC5EAA3507
1241672378.420902,1241672387.905273,88E98BD1CF
1241667388.791019,1241667397.652588,6EBAD8DF80
1241685452.4091828,1241685461.222656,10B973D4CA
1241685472.9304168,1241685480.349243,4276216880
1241678722.894531,1241678731.992187,B8379E5280
1241669025.9243188,1241669036.150512,54FC14DDBF
1241625776.4345698,1241625783.567382,DAAAE977A1
1241636570.887698,1241636578.3208,C8D13BF77A
1241673179.312497,1241673186.592773,2128897EC1
1241646439.2246149,1241646449.395019,61E4452061
1241639121.305661,1241639128.422851,A14BE36BD4
1241667716.9863322,1241667724.724609,D0E8A6C491
1241667732.734378,1241667745.446289,8E817B755F
1241675859.75,1241675868.470947,5C92A55BEC
1241676104.337894,1241676111.417114,25DB9F7765
1241601281.75879,1241601290.024414,EFF70B0F51
1241674809.168951,1241674816.310547,217C3B394E
1241674977.301761,1241674986.355713,2315BC08BF
1241614635.5703158,1241614642.629882,C1CBF560AB
1241659520.3488748,1241659528.0,57E4A3EF95
1241662121.174806,1241662128.826172,B75C4F129E
1241662229.079105,1241662239.441406,5401633CE4
1241679837.37305,1241679845.235962,66DB4355FA
1241679868.4707038,1241679876.291015,B2EE2C3C12
1241644438.493165,1241644446.059082,DCE6877672
1241613383.393308,1241613392.417968,9E1F7ED356
1241653333.0813022,1241653345.854492,C8CD89657F
1241653345.866212,1241653357.262207,1F1D5FC732
1241653373.483648,1241653380.759033,E620B88122
1241628309.358888,1241628317.078125,7FD49B2EF3
1241683942.673339,1241683950.322265,F796931906
1241759720.569339,1241759729.967773,A939DEAD86
1241752141.416019,1241752149.75,3B837679D3
1241769641.7490191,1241769649.015625,704E1113C7
1241769777.00098,1241769784.176757,47B0B5B6BF
1241734240.1162138,1241734247.166015,7BC47F05A8
1241734483.424801,1241734490.724609,F75A0BF8E1
1241734605.68359,1241734613.225586,498B49374F
1241778350.323239,1241778359.772461,E28088F9B5
1241746967.984372,1241746975.394531,13B903B467
1241716370.627194,1241716377.796386,611742DA1C
1241705060.495236,1241705067.8125,737272BEF9
1241778676.210206,1241778683.549804,D447EBA193
1241763779.1367218,1241763787.526367,B0B4DFE0F2
1241763811.081059,1241763819.909179,7CA06F7FA4
1241738353.773437,1241738362.288574,372EF7B8CB
1241738576.350587,1241738583.894043,0F278D28AA
1241766748.156252,1241766755.818115,3655C2612F
1241777072.814456,1241777081.43042,DB6EF88883
1241773830.326168,1241773839.18457,8D971DC31E
1241710463.517582,1241710470.868408,8BFF39E044
1241750515.518558,1241750522.603515,E66752B2E4
1241750837.672848,1241750847.106445,1D11A15E8E
1241706651.078125,1241706659.471679,EEAFB2E2C2
1241788324.391602,1241788331.634765,5E2546377E
1241768482.631836,1241768491.814453,B3591B7A2C
1241792281.3679152,1241792291.75,1329288813
1241792345.5,1241792352.674804,57E8BE607C
1241770500.224612,1241770508.046753,A88E7D6EF7
1241792639.5976532,1241792646.979492,7C164E3712
1241708738.208985,1241708745.75,A1F114B9AB
1241700270.188228,1241700277.371582,1630717C89
1241710378.599606,1241710386.546875,59E0185C09
1241768095.85156,1241768103.828125,7BE657EBA6
1241708079.674312,1241708086.732422,F87B689402
1241708473.1000988,1241708480.633789,9D0B4786D7
1241768940.465823,1241768948.038086,B452B71984
1241734001.0419948,1241734008.573486,D1FDC96673
1241734027.0332031,1241734034.720703,D402359EEE
1241776693.100828,1241776700.859375,14FAADA821
1241767052.5598178,1241767060.085937,DA9F876F37
1241767212.158206,1241767220.202148,CDFE1240BB
1241767324.802734,1241767332.125,45EAB92BCE
1241724163.173341,1241724175.433593,EDF9CEFFCE
1241724215.5312488,1241724223.397461,D1C12A001E
1241713245.322268,1241713252.734375,B235602334
1241761972.851932,1241761980.55664,620755811B
1241715357.96484,1241715365.876953,42A8024CB9
1241715571.763668,1241715578.893554,5421E583DB
1241743929.279301,1241743937.101562,011210CB50
1241707449.436034,1241707460.889648,2345803F99
1241707491.502928,1241707498.518066,363C79CD77
1241777950.538089,1241777958.862304,9F4F775A00
1241754418.335939,1241754429.751953,500661FB1F
1241766500.160152,1241766507.23529,980C01EFE9
1241736560.856572,1241736567.920166,69F42BE832
1241736686.139644,1241736693.161621,8E2EFF48A8
1241775134.442384,1241775141.830566,432DC45294
1241742497.387578,1241742505.674072,D76244C656
1241762340.6562529,1241762350.132812,F3025995B5
1241789817.651365,1241789824.734619,1D3D057379
1241771278.818356,1241771286.096679,76C35515FE
1241719547.21729,1241719555.228515,C36CA0515E
1241761125.43359,1241761132.964843,D79FF340ED
1241772549.106444,1241772557.395507,7A35299586
1241733153.781554,1241733161.304199,F84A9D9540
1241733226.180422,1241733235.091797,BF7C2901F0
1241733536.109869,1241733545.03833,087AE1FDBB
1241733683.849606,1241733692.526245,2C65683CFD
1241772428.650392,1241772439.909179,C70054B462
1241794282.953127,1241794291.641113,50D1E45E77
1241703664.289061,1241703675.332031,83AA3451FF
1241740156.4501982,1241740165.708007,CDA59C15CD
1241712412.9912138,1241712420.578125,E5C787EA9D
1241717337.048833,1241717345.207031,DE43CDEE4A
1241788931.427486,1241788938.636718,463473BC24
1241779799.994144,1241779810.417968,8A07A25A47
1241795296.348629,1241795303.804687,8EBA88B2F1
1241755247.34595,1241755254.5,64B19356B6
1241704919.382816,1241704929.769043,F3C2F9909A
1241709441.423827,1241709450.019531,7FC87E28A3
1241709608.599124,1241709615.71582,7DE56DE6C3
1241734755.947265,1241734765.999023,8E2AB5061C
1241749942.740236,1241749951.499023,540542033C
1241721241.269534,1241721249.223632,51AE2B09F2
1241721307.816402,1241721315.740234,9DB95CEDE5
1241744321.545413,1241744329.008422,D54BD306E9
1241741999.075197,1241742008.180664,C8E10630F0
1241742104.6039991,1241742114.325195,2520F600A7
1241760281.971678,1241760291.155761,CCC61AFE44
1241705870.4999971,1241705877.937866,9C190D186C
1241799969.947753,1241799978.703613,BAE4020930
1241790952.214848,1241790961.44873,A0A4CBC10D
1241790962.8818328,1241790970.192382,ED79DBB8BF
1241743325.0629928,1241743333.621276,DF6EEB1AAB
1241784193.550054,1241784201.845703,01F16EB465
1241784625.356442,1241784632.485351,38F9C35367
1241739819.250491,1241739829.224121,63E093C31D
1241782097.231445,1241782104.659179,39C7D7D1EC
1241782253.725585,1241782261.297851,0A4F201B91
1241748397.742677,1241748405.450195,EEEC01707A
1241748450.755859,1241748458.154785,222E203A3B
1241701329.833497,1241701339.716797,746087A948
1241737674.590823,1241737682.813476,B2DEDDFD54
1241737690.7792928,1241737698.374023,1AEFDA3D2F
1241732336.9956088,1241732344.922851,E30E6F448D
1241732389.301514,1241732396.660156,9064DAB439
1241766005.53516,1241766012.762207,5227DE480F
1241735402.592528,1241735410.462402,DB312C702F
1241701781.2207072,1241701789.319824,F92E81E1E1
1241757377.8481429,1241757385.131103,05E31BE384
1241757569.90625,1241757577.649414,9C85C8A3DD
1241762667.9775388,1241762675.922851,012A87C26B
1241762838.822262,1241762845.892089,6E80C776C9
1241780937.3466828,1241780944.796875,92A6AAF4D4
1241708949.428224,1241708958.633056,759F3B7F3D
1241739412.746095,1241739420.852539,63D4C23433
1241739424.2050822,1241739432.25,C59B494C67
1241800924.2998018,1241800931.763672,4F4E9B1B6F
1241896941.415533,1241896953.478515,45815E7B0E
1241897130.359863,1241897141.316406,DA650695BA
1241806487.171388,1241806497.850586,B387209A88
1241811002.9570289,1241811011.189453,EF48C0548C
1241840027.378903,1241840035.463867,AE5D17EFAB
1241863691.732425,1241863698.917968,DABF900576
1241807639.208004,1241807646.730468,467B48D1F5
1241850975.0957031,1241850982.483032,967FBA49C3
1241873488.431889,1241873496.378906,4A942D14D4
1241804432.042968,1241804439.101562,3E306C6D85
1241804492.452147,1241804500.240234,9A2AF42857
1241847713.687495,1241847722.606933,384111F65D
1241835596.866211,1241835604.398437,8FC7D509BE
1241806282.104982,1241806290.617187,E76002C6DC
1241836289.609128,1241836298.66748,AE8DEEF18A
1241836356.212894,1241836363.793457,DB7B99875B
1241852334.0275888,1241852341.697754,095897EBD3
1241852849.207455,1241852857.382812,675FB891C7
1241840879.67871,1241840887.324218,4FBE3F4D8C
1241866740.419923,1241866750.089843,0D2F8A5524
1241808881.503904,1241808888.737304,C87E590767
1241851329.448244,1241851337.603515,78069A2F1F
1241867710.991334,1241867718.262695,D14DC3AA02
1241814080.448241,1241814087.82373,5AC3BAA219
1241871398.375,1241871410.331054,AEF4A1FB83
1241861069.4287071,1241861077.84375,7049CE3F93
1241862866.9667969,1241862874.92749,D001BC1F43
1241859377.165042,1241859390.720703,566E534F15
1241870700.419925,1241870707.90625,3B42348D22
1241853142.7001972,1241853150.118713,915F3A1F51
1241834822.30518,1241834831.608398,590635B26F
1241875104.6171908,1241875113.002929,1EB2F5A496
1241854017.480465,1241854025.046875,A0F67A1480
1241835412.6982448,1241835419.758789,1938A5B01B
1241852086.5068388,1241852094.028442,DB1E6A32AC
1241808096.455075,1241808103.912109,7E146C844B
1241837003.921878,1241837011.491211,29A874EA06
1241874589.0,1241874599.39917,5BC0F645A1
1241845748.626956,1241845758.136718,2976C6D7CF
1241863162.628906,1241863169.708007,B506FBD69C
1241804955.833981,1241804962.907226,7FD03B06CB
1241865836.5849638,1241865846.68872,A026059E18
1241816125.697752,1241816132.952148,5CF261E1F9
1241806763.038819,1241806771.015625,842F9079B6
1241874102.909184,1241874111.673828,7D4B48A5EA
1241864408.7189949,1241864415.75,E021860236
1241864586.689456,1241864594.317871,D7ADB17906
1241895213.0947318,1241895220.746093,61359B91E5
1241920754.538089,1241920762.15039,7C055E5D12
1241947951.796877,1241947958.822265,FD534631BA
1241948058.267095,1241948065.50415,7F75896275
1241987386.308594,1241987396.368164,8CEE7B0B8D
1241977838.95532,1241977846.564453,E7E153CD3C
1241978024.039066,1241978031.137085,073ABE8F5F
1241978080.896486,1241978093.134521,C4E34A4758
1241962536.75,1241962544.542968,AD2295B915
1241929749.140628,1241929758.294922,5C6C1322C7
1241917906.646481,1241917913.875,0DEF595729
1241956754.6289072,1241956761.668457,FB403027E3
1241943836.385015,1241943845.0,2FA9D395CE
1241943992.68091,1241944000.188598,5F50D45DDC
1241972184.516605,1241972191.523925,217FC1C93C
1241987066.380369,1241987073.666015,0C149F35A8
1241933161.4404328,1241933170.996826,E16237A347
1241933300.677618,1241933308.123047,1A4726D8EF
1241946327.099614,1241946334.547851,9F77AA8181
1241970043.7148468,1241970053.436523,16EDBBD444
1241921832.982425,1241921840.250976,DA45173336
1241959137.746097,1241959145.700195,7E0D5D405A
1241926162.932618,1241926171.080078,9BFFA2C851
1241906151.0029328,1241906159.109375,17480CDED8
1241906235.369144,1241906242.398193,C4BED87B9C
1241941614.680667,1241941622.425781,C71D879CDE
1241916484.730472,1241916492.467773,936E1C71DE
1241916609.321292,1241916616.96875,2B53FAE674
1241961380.904302,1241961388.151489,EB8112E24E
1241915112.244144,1241915120.83789,03591721C9
1241921536.523441,1241921544.385742,E2C25FD6EE
1241921556.47363,1241921564.375244,4D4E7EFD2E
1241926692.9062529,1241926701.538574,330C0DFB93
1241979359.36524,1241979366.609375,F68940442B
1241925847.1695511,1241925856.488769,BC93D4C44A
1241931800.429692,1241931807.515625,88085F7C89
1241931875.1513638,1241931882.460937,D7A74D307E
1241944599.8945282,1241944606.90039,AEF0C9C1DE
1241923358.244389,1241923365.372314,76CB3BF5EA
1241923427.896487,1241923435.167236,56386DC900
1241923668.013668,1241923676.392578,D09B7B36F6
1241953526.525874,1241953535.15332,D2A1BD82EC
1241928352.4970698,1241928360.365234,DE814CC3ED
1241914657.8813488,1241914667.73706,AF1BCC0631
1241945754.877813,1241945769.416015,78D128B60F
1241945989.9453158,1241946001.698242,6630289770
1241923917.372804,1241923925.601562,467A70FCB4
1241924123.753419,1241924131.05957,07F5F1A734
1241952603.4477491,1241952612.62207,B360B0D26B
1241969160.199222,1241969167.326172,A1B021EB35
1241966046.072269,1241966053.71875,FEFA5DFC95
1241968639.237305,1241968646.457519,33D565D50F
1241969003.417972,1241969011.079101,C1EB3DE98D
1241913652.775879,1241913660.23413,7E8BEA66E9
1241971605.5607872,1241971613.724609,C309D935F6
1241985250.37109,1241985259.147461,0B5DED203E
1241985428.365238,1241985435.973632,51157AC728
1241967167.252929,1241967174.6875,94A540A457
1241967378.370725,1241967385.941406,0657118866
1241924762.573239,1241924774.851562,4889614A3C
1241940765.833981,1241940773.621093,4A98CC1D91
1241905153.159726,1241905160.669433,DE5FBFF507
1241913027.916012,1241913035.961914,3059A5AC39
1241915628.5869129,1241915638.694336,C92C9B6780
1241981201.4296849,1241981208.865234,AB47ECC20A
1241950853.550048,1241950860.580078,75E83DE566
1241974909.716917,1241974917.415527,DBB6004565
1241975210.18359,1241975217.453125,60A925AB5D
1241972566.495367,1241972573.807617,79F41B7EAF
1241925452.640628,1241925460.334961,B8F303CDC6
1241925706.467036,1241925714.18164,9C698ABDDF
1241968462.489749,1241968470.954345,E723062D15
1241934177.484372,1241934185.734375,A4B69AE4AC
1241960507.624511,1241960516.158203,547BB5EE15
1241934892.437503,1241934900.6875,5312FDE122
1241935015.8124971,1241935024.125,196DC49ED6
1241953733.9335911,1241953741.128906,C8BAAA0132
1241951275.085934,1241951283.348632,61312940F9
1241951350.809567,1241951359.120117,B954A838B1
1241930469.385862,1241930477.581054,B7CFC5B246
1241930525.154176,1241930533.3125,DCEE41449A
1241941700.671388,1241941709.96875,E93898AE72
1241942271.327024,1241942279.778076,71BA611E42
1241942391.014652,1241942399.329101,3BB6356ED2
1241932948.0908222,1241932955.719482,927A936B5A
1241992630.480474,1241992638.733398,53AED19385
1241916675.192386,1241916684.203125,5EBBAA78E6
1241962043.452148,1241962051.21875,9E10DDB4B2
1241962325.1623511,1241962332.175781,10A076A6ED
1242014374.1875,1242014382.091308,703272BEF6
1242014525.2099571,1242014533.269531,42DDA45AD8
1242005754.706052,1242005762.634277,EDABAACE8D
1242025475.431644,1242025482.515625,247E81EE14
1242025680.313477,1242025688.696777,95B491DC7F
1242065152.564695,1242065162.899414,2C7C41F2CD
1242065249.190183,1242065257.691406,6674D7349F
1242026714.248044,1242026721.271362,E2AE5DC6FD
1242018734.619632,1242018742.710449,F0ECD29EC4
1242018770.5312471,1242018779.746093,35A0659676
1242018864.88696,1242018873.331665,3F5174C451
1242096716.730474,1242096725.856445,C882FA3D77
1242038259.632817,1242038267.307373,437AF65500
1242007228.562741,1242007236.045898,BED1909587
1242092813.020511,1242092821.844726,D01B9B7162
1242015145.851568,1242015153.206726,1DCD4C9EC4
1242079740.3461938,1242079749.882812,3585480CBD
1242017300.579102,1242017307.625976,9437CE16C5
1242024047.0,1242024054.722656,95959AC686
1242024430.502437,1242024440.591797,9B5FC67065
1242088766.3076138,1242088776.572265,2B4A1C508A
1242099494.78516,1242099503.863281,5EB467AABF
1242017946.559567,1242017953.993164,4828AC6D35
1242089100.489866,1242089108.52832,1FD981B6CF
1242089333.000003,1242089340.128906,410DD1C845
1242026447.8847651,1242026457.387695,354CB0BDBD
1242026603.344972,1242026611.855468,3D3CE886D0
1242021673.576663,1242021683.265625,0EABA37E52
1242021712.8671908,1242021723.55542,668AC55D3D
1242021831.828127,1242021839.215454,4BE02953AF
1242021855.173832,1242021863.113281,37EB375461
1242037575.520998,1242037582.67041,FB0750BB8B
1242066779.193362,1242066787.347656,24FD29F3A4
1242024499.509766,1242024508.929687,151EC67FFB
1242098856.723629,1242098864.996093,3784CE4A66
1242098983.293211,1242098990.720459,C4AAE3BACB
1242033660.590822,1242033668.503906,8B3E804880
1242033715.107422,1242033722.740234,3FEDDD2A72
1242099689.9668,1242099698.116211,486A3DB3B1
1242022293.121581,1242022301.243286,DB489585FD
1242022329.732425,1242022337.488281,B21CA02525
1242022339.715817,1242022347.9375,4E4884983D
1242022432.166016,1242022439.358398,94CFF65786
1242040591.1946402,1242040598.660156,31B3C548E0
1242016941.357418,1242016949.80664,632B78025E
1242023620.62622,1242023628.568359,A7F9A1DA8B
1242023654.780035,1242023662.305175,2D0682A1AC
1242023744.0849638,1242023752.185547,A2F6EB6307
1242023757.613282,1242023765.598632,963F32879F
1242023770.358402,1242023779.145507,6D76773900
1242015188.755858,1242015197.320312,FDC77AF225
1242015403.351563,1242015411.161132,5B5A28EECF
1242036758.71387,1242036766.53125,FA946EFD0C
1242094337.529783,1242094344.689453,94D623121C
1242094540.505857,1242094547.917968,445CEE45BA
1242010885.574215,1242010894.235839,29ACA850CB
1242030534.235352,1242030541.841797,AA6E0852B7
1242030647.50586,1242030655.615234,BEA740A699
1242095440.173825,1242095447.319336,8C60F8DE45
1242024785.6367218,1242024794.330078,B47E3CD1B4
1242024957.863283,1242024967.368164,DD7F4AE119
1242025097.306637,1242025104.401367,865D71F607
1242025107.500491,1242025115.171386,CB14AD1BB0
1242019499.946292,1242019507.953125,6564D8C9BF
1242026959.312498,1242026967.013672,2E7B96B7AB
1242027074.307132,1242027081.885742,C114F30B42
1242064292.49805,1242064299.577148,2A9E1DB8FB
1242093849.438473,1242093859.557617,D8C0D7D34A
1242094965.0293,1242094973.746093,39AA203AB3
1242068171.856447,1242068183.730468,8D2B10A504
1242023320.266233,1242023329.128906,8447802197
1242023329.134766,1242023336.46582,A70132D330
1242023490.582033,1242023497.735839,4C5EF8AA06
1242090645.220706,1242090652.517578,50A6F9FA69
1242065312.9999971,1242065320.702148,634F5CCAF1
1242065578.638668,1242065586.197265,FFDCDEFAB1
1242022456.018062,1242022463.183593,F7E038A91E
1242022537.0913088,1242022546.232422,1BF2B3A2A1
1242022636.311397,1242022645.038086,C468E35A7B
1242021047.12549,1242021056.190918,FFC94B6B57
1242021308.530028,1242021315.56958,33C22045D6
1242098369.51465,1242098378.512207,9F4C95CF0C
1242020084.372922,1242020092.376953,6051AAC968
1242020196.852542,1242020211.099121,5F4272DDFD
1242068468.901364,1242068477.828125,48A3FF639A
1242027843.296388,1242027851.564941,6AE4EDE29A
1242089848.1992218,1242089856.352539,2E709F3298
1242071822.378419,1242071829.471679,072F0350BA
1242038876.907716,1242038883.958984,89B8944428
1242032701.9268172,1242032710.548339,E7560F7D48
1242087758.85303,1242087766.055542,52AD032C5F
1242087830.7822242,1242087839.490234,56B11A700C
1242012813.873043,1242012820.972656,88681D9F2C
1242034236.916017,1242034246.324218,4C9B3E9815
1242016688.9501948,1242016697.063476,E34A5519F7
1242015730.044925,1242015738.140625,7C1B97A476
1242015746.045902,1242015757.437011,B7ABEAA656
1242015829.728519,1242015837.910156,7AB381015D
1242015890.9912138,1242015898.833007,8357C6C514
1242022809.027344,1242022816.261474,486E293046
1242039978.0361328,1242039986.138916,14D8CF1CA9
1242008496.9374971,1242008504.575683,16E8CDC8AE
1242088476.46973,1242088484.875,FAB8D7F979
1242020503.162601,1242020510.58374,E6C222746F
1242020586.915042,1242020595.269531,2C77739936
1242020618.4863322,1242020627.717285,020E0864F2
1242020662.105465,1242020670.956543,59B7C62247
1242020687.280273,1242020694.958984,18F50C9572
1242098139.172848,1242098147.748047,EB0C159724
1242018038.132076,1242018046.804077,A80D3980EC
1242018317.574708,1242018326.498047,15C979D1F6
1242018478.697262,1242018486.208984,2F38103594
1242075506.863278,1242075514.833984,7C9B476C9F
1242074182.924806,1242074190.625,EA3890DC9F
1242099271.144528,1242099278.252929,1DA8C5618A
1242091236.893674,1242091243.916504,80671B8EFB
1242091286.949712,1242091294.946777,A7C62CB58D
1242091486.552738,1242091494.969238,8EAA58356D
1242099827.318723,1242099836.017334,5F00C5A01E
1242170251.695562,1242170264.625488,B260A1C395
1242197674.430661,1242197681.963867,17F095A3F8
1242140772.982913,1242140780.039062,A8093C7A77
1242165523.519529,1242165531.397461,772269D94F
1242140119.90625,1242140127.534179,CE114DE83B
1242107672.588864,1242107680.380859,E21184F01B
1242104993.917974,1242105001.496032,040E5EBB96
1242103047.47656,1242103055.705566,A504C1CFDE
1242120570.626953,1242120578.386718,0C883EE38F
1242120706.476562,1242120714.180664,1ACBF3845D
1242120749.541012,1242120757.024414,A9B935CE60
1242101354.766116,1242101363.657348,EE1606478A
1242101423.487306,1242101432.132812,6F0F317180
1242101474.158205,1242101481.321533,D6181B83D4
1242107337.4799762,1242107344.582153,88A746DC9D
1242196880.106936,1242196887.512695,00888121F2
1242197073.115972,1242197080.214843,41F0F9202D
1242123756.143796,1242123769.315429,CD13961D7E
1242123785.687495,1242123792.745849,9B3328991D
1242150118.324707,1242150128.048828,7664133FE4
1242193421.913087,1242193429.849609,25959A7641
1242135167.2355318,1242135174.578125,85F750D054
1242135303.228519,1242135311.308593,FA02B99AA2
1242125059.054931,1242125066.108886,DE298CA804
1242123339.42383,1242123346.946289,83EA69B100
1242123539.167966,1242123546.440918,8F5A69A818
1242150534.664067,1242150541.821289,2FAEE3ACC6
1242103254.609378,1242103263.576172,EE8CC44847
1242137397.2753909,1242137404.505859,437BACDB7C
1242137594.820316,1242137602.051757,26A436814F
1242170377.293947,1242170384.373047,D0BD05A91F
1242170393.8950229,1242170401.601562,FE421AB197
1242164929.734377,1242164937.0625,1F5AFBDC83
1242109718.993165,1242109728.495117,960C27AFAB
1242190890.927251,1242190898.274902,C9E35C4D29
1242146575.708004,1242146585.316406,A3DBD36D7C
1242151981.5068388,1242151989.505859,F1B3D9A4BB
1242128256.222658,1242128264.331543,7B4C7DD2D6
1242195822.666014,1242195830.318359,7EA9130D5F
1242174073.2724638,1242174081.734375,7833FBAE2A
1242159583.8789048,1242159591.024414,54E16061BF
1242104455.226566,1242104462.605346,D1CF7E5E12
1242104558.144042,1242104566.891601,382A8AC6E5
1242104605.5888698,1242104612.681152,E64BF94ACD
1242116142.624027,1242116149.951172,0DF5D7F0E9
1242199443.3403308,1242199450.692382,0D1116A4F6
1242103892.032102,1242103899.053711,9975501932
1242145348.562012,1242145356.078125,73FC943AC0
1242175549.72803,1242175559.604492,300DF7BEE3
1242128672.712892,1242128680.207031,3534E700A0
1242108721.048825,1242108728.129882,D8F6D2FD8A
1242108839.1948268,1242108846.761718,269DC242C1
1242175245.8457072,1242175253.289062,948C64D0E6
1242129860.02734,1242129869.048828,DB1ED93EA0
1242130081.4257772,1242130088.4375,77FB4B9071
1242125609.3857448,1242125616.816772,8155667E9A
1242125646.0877738,1242125653.276367,FAB1C09379
1242125938.714847,1242125946.595703,39715AE9F6
1242105861.1328158,1242105868.897338,FE6CDD4452
1242141707.418948,1242141714.60205,DF9145351C
1242116973.474122,1242116981.220703,5CA443BA35
1242199326.418942,1242199333.601074,60B5131902
1242158245.252203,1242158252.945312,38A084D028
1242158351.504156,1242158361.169555,D8871B4CE6
1242151020.4189448,1242151030.170898,E91DA88E8A
1242156639.235348,1242156646.643554,445308311C
1242156679.930665,1242156688.787109,9626C2BAC3
1242148995.079098,1242149003.098388,7899D1DD67
1242147425.942379,1242147433.749023,D721FF009F
1242164656.4765608,1242164664.043945,7C0C4AFC07
1242164736.918699,1242164743.945312,1CE05909B5
1242168697.574222,1242168704.641601,61518083CA
1242126216.1171908,1242126223.748047,9ECD490528
1242126286.59473,1242126293.769531,9FADDAD9F8
1242169532.4150388,1242169540.496093,77C9C19C5C
1242117482.8789032,1242117489.90625,9682C1FAA8
1242116415.508786,1242116423.808105,E0C8D9C095
1242131802.1875,1242131812.819336,9388C76D4F
1242106342.030273,1242106349.03125,8965D550CC
1242148292.6904309,1242148299.84375,5CEC34F116
1242148322.778324,1242148330.214843,2C1FEBC4FD
1242168111.208987,1242168118.600097,A6BA4291E7
1242168147.447269,1242168155.859375,E72867EB63
1242168270.623043,1242168278.194336,7E5EF90B0E
1242106082.4365282,1242106090.253906,2D72A4FD35
1242142146.9964552,1242142154.257812,309D25B47B
1242160520.952635,1242160531.458984,B755E3B1C5
1242192472.754886,1242192481.091308,78FD73E36D
1242152413.427734,1242152420.477539,7088EBD2D1
1242152735.4868178,1242152743.694336,26CD2EA1FD
1242129069.934573,1242129078.796875,305C793072
1242143489.547855,1242143497.051757,F37E86FB49
1242143585.008792,1242143592.070312,712689093D
1242102822.280277,1242102833.907714,67BC7804D0
1242157559.091796,1242157566.145263,ED162EAD4C
1242114310.970706,1242114317.980468,8809C21EB1
1242114345.853517,1242114356.140625,F8464D5F29
1242193827.451168,1242193835.858886,02CA21C380
1242189994.16553,1242190003.132812,1DD0A6A30D
1242190044.440426,1242190051.943359,0DA2D74730
1242119814.339725,1242119823.345703,95C1E34223
1242164207.912843,1242164215.571777,967C942F11
1242131101.99121,1242131109.066406,9CD59DE2FA
1242127260.169919,1242127267.190185,825BBAB172
1242127342.630372,1242127349.879882,DB2100BA9E
1242127467.3984342,1242127474.627807,323AD8587C
1242121850.189456,1242121858.321289,5172BC4484
1242122033.6367218,1242122041.451172,A6116C562B
1242122173.866941,1242122180.932006,D28E2295C4
1242122266.075197,1242122273.394531,927A3B1981
1242122345.462894,1242122352.957031,8A0E036DBC
1242122438.1826189,1242122449.719726,0A8C5A2812
1242149261.7666,1242149269.4375,1C0A4C1DCC
1242115227.5654328,1242115236.333984,CD28D8DFEF
1242193267.361574,1242193276.279297,F624BAB0D8
1242139110.9716809,1242139121.375,DB46024B3A
1242144912.2138698,1242144919.322754,8982F88E78
1242106493.416989,1242106500.904297,1B451D7BB4
1242106530.170895,1242106539.032226,F86E224428
1242131520.3515658,1242131527.638916,E039E81B12
1242104082.905276,1242104090.709961,9D766CF041
1242104135.804692,1242104146.195312,59BC97C6E9
1242104170.705328,1242104178.0,80062F7E8C
1242166512.2829568,1242166520.195312,CCCF2BAED6
1242173843.2617218,1242173851.980468,B099BAFC5A
1242122687.976559,1242122699.376953,3DF1101C0E
1242171467.246097,1242171475.711914,33E104E02C
1242215163.7470722,1242215174.975097,24B6D1D48F
1242216115.180667,1242216124.209594,1DFAB6972A
1242293922.514648,1242293930.560547,BA1FF0A4A9
1242205381.905272,1242205388.93457,1762B2807D
1242218186.260744,1242218193.913086,822EA66CE6
1242208424.227542,1242208431.359375,3B0223E254
1242208899.137937,1242208906.412597,4FD849DD6A
1242243792.9292018,1242243800.737304,6D9466F6BB
1242279608.592772,1242279615.596679,1D5D7A5F37
1242214182.552489,1242214191.614746,55D11AA3F2
1242254772.229496,1242254779.236328,0620A42824
1242255090.055177,1242255099.32666,B54F52B1B5
1242244429.2705078,1242244438.302734,8B60EBEEBA
1242244729.0,1242244737.314941,BC702F4755
1242202454.373537,1242202462.283203,6C4EA0F214
1242237886.133792,1242237899.375976,E7E8A8368A
1242238048.974615,1242238056.0,31AD96E702
1242258554.886715,1242258563.225586,81EF96CEEB
1242285519.910153,1242285528.643554,BB54E6EC91
1242203637.921875,1242203645.078125,05A973DF2A
1242209153.573244,1242209160.630859,F5609643D6
1242209368.8623002,1242209376.339843,237CD63E9A
1242242010.1044948,1242242018.84375,4BB36BB202
1242206178.182617,1242206185.770507,AF544796C7
1242282136.155269,1242282143.615234,D57B79CA4E
1242202026.583004,1242202034.641601,2152B524B3
1242202296.037112,1242202303.24707,38C69C5F19
1242203571.9951198,1242203580.386718,B577FE6AB0
1242261698.187503,1242261705.27539,0B2D4BE494
1242249127.685062,1242249135.246338,BCC51F1023
1242203994.875,1242204002.897461,58B2D68B43
1242204273.5064669,1242204282.583984,D27540A35D
1242253643.7251022,1242253651.263183,FE458861C9
1242213882.84961,1242213890.875976,69C709A40E
1242293196.4287071,1242293206.503906,9A22932EDB
1242258293.280277,1242258300.517578,671F600101
1242247167.220698,1242247174.234375,1086970E8E
1242294467.91016,1242294475.209961,88243BCAB9
1242294512.431157,1242294519.561767,9F8D4CA9BE
1242252618.303712,1242252626.871093,D821D8C115
1242217555.1887178,1242217562.705566,D63A58DC9E
1242214614.183594,1242214622.070312,DF366796E8
1242202721.029783,1242202730.540527,A2F0903AF7
1242280996.143062,1242281003.5,29CADF970B
1242213727.573732,1242213735.039062,B19577ABC1
1242213788.3232448,1242213796.605468,1C20D7870D
1242279849.724612,1242279856.836914,31CA156F1E
1242283119.928218,1242283127.039062,D3510967F6
1242216840.349606,1242216848.032714,51CC4C15F4
1242215566.390627,1242215573.941406,AF7EAF89BC
1242215779.693845,1242215788.263672,BCCF44492C
1242215921.390628,1242215930.486328,C715EACAAD
1242215994.218753,1242216003.847656,2D40576789
1242285132.57739,1242285139.848632,97ED44D187
1242282739.640625,1242282750.396484,B778949FF2
1242282825.823238,1242282833.632812,07B4E30484
1242238097.75,1242238105.415039,900FB0223B
1242210715.375,1242210727.730468,A955908E05
1242207878.697267,1242207885.84082,69D4053FB7
1242212370.822263,1242212379.30957,E0D5ADD406
1242205024.286134,1242205031.910156,1B1344EBF6
1242241830.4755812,1242241837.947265,4058C43EA2
1242245704.211917,1242245714.125,E836935C83
1242245714.306637,1242245722.005127,2354738C92
1242241034.616215,1242241044.366211,ADB15E5E40
1242331166.00049,1242331174.274902,0B22FE95B6
1242365319.854982,1242365327.374023,F69C6261CD
1242365439.6181612,1242365446.710937,169F52E044
1242360922.1445289,1242360932.334961,B2E54EFE4C
1242361024.233395,1242361032.199463,90D9D0CDC7
1242364621.236082,1242364629.401367,D67448212A
1242384214.288082,1242384222.194336,2119EEFBAF
1242384301.48633,1242384309.924316,BAEB2D2909
1242384322.825198,1242384329.956054,8EBF7249D3
1242384604.0224571,1242384611.564453,BCE42B4CE7
1242387650.587894,1242387658.196289,CAC50BF8A0
1242367481.616211,1242367489.817871,6EB9269988
1242370225.827147,1242370233.543945,B61EE6F207
1242370243.332524,1242370251.453125,8F7AF0D469
1242327454.757809,1242327462.286132,9DE54F6D61
1242342567.220699,1242342574.55957,2DB4204F53
1242357496.5022,1242357503.546875,2BB4DD79F9
1242357590.719366,1242357598.106445,DC8366EAE2
1242366820.2539089,1242366827.650634,BA06D9B659
1242367272.9754689,1242367280.535156,C38DE2FF3B
1242362554.354494,1242362562.93164,60B5A4E2BB
1242362580.1162071,1242362587.549072,E25A1D602E
1242378605.098629,1242378612.810547,F3E1DB7861
1242353727.557124,1242353735.825927,0F2BC7B1B2
1242387308.599122,1242387316.070312,E280E78DDF
1242306332.827145,1242306341.746338,1C0E5073A6
1242380468.795407,1242380476.345214,8F6AA34450
1242386205.683597,1242386216.557129,582502F5C5
1242351177.024417,1242351186.502441,E0B1584129
1242370700.706056,1242370707.961303,BC31E0DA37
1242339657.716796,1242339664.960449,2811403D48
1242352421.442872,1242352429.227539,5D2C4F0CD0
1242384945.336916,1242384952.819336,C70DDE4136
1242385027.336919,1242385034.809021,513359AB02
1242373380.647586,1242373387.875,C8135F9201
1242373413.2773428,1242373420.468994,8FDC93D237
1242373681.486324,1242373690.217773,5E5A4F718A
1242382276.599615,1242382284.908508,1EBDE50A4A
1242377234.4912138,1242377241.855468,BC2EAC8A37
1242353520.7002,1242353528.797973,9601525061
1242304353.768554,1242304361.25,4AB2B2E138
1242376781.486328,1242376789.240234,F912F003C2
1242341687.931644,1242341695.748047,E5FBCCB105
1242341989.325193,1242341997.041992,2649EE7DA6
1242375799.640622,1242375806.86206,DF4CDCAED0
1242354395.865238,1242354404.5625,26EF11ADD2
1242329726.710695,1242329734.480224,41E107D560
1242329746.949219,1242329754.106384,C3186FEFD4
1242334570.5908198,1242334578.649414,739D7FE548
1242356732.817386,1242356742.049804,989E19EE7C
1242357133.871585,1242357141.79248,6F64305C58
1242379158.388668,1242379166.411132,E323273E29
1242379291.5463822,1242379300.888672,8E329B3A74
1242361199.375004,1242361207.192871,AA74F6A9C0
1242340313.8085968,1242340323.089843,DA318BCCC0
1242383566.09961,1242383573.453125,1DD0552DCF
1242383675.062496,1242383684.611328,17D8F88013
1242360621.245118,1242360628.318359,F7471B410B
1242360643.800784,1242360653.5,221CDCB03B
1242350438.053226,1242350445.183166,1131822C02
1242350549.526364,1242350561.299804,09B5AFB756
1242388802.4404328,1242388809.522461,713DE792C4
1242369492.1313488,1242369499.492065,7F7956D756
1242357258.849607,1242357268.314453,154822893F
1242357346.9296908,1242357354.59082,3E2B70987D
1242349239.5602982,1242349248.061767,0561A088D5
1242349428.8154328,1242349437.331054,C09411362E
1242368346.763668,1242368355.902343,EAFCA927D4
1242340748.615238,1242340758.581054,D5102FE198
1242340782.5251422,1242340790.057617,51BA3E092E
1242366417.903322,1242366424.930175,185F8227C9
1242359467.458986,1242359475.390686,7C0DC23D77
1242385231.616209,1242385239.485351,B0C8C9EA65
1242364157.323485,1242364169.976806,F616EA8C04
1242364407.8144531,1242364415.085937,905402D446
1242332376.2998078,1242332386.904785,39674EFA2E
1242372364.80371,1242372371.904297,A32BE580DA
1242372652.442386,1242372661.655761,94F7103401
1242377442.275394,1242377449.481445,17D99D5436
1242360026.383792,1242360033.651367,FF033C9126
1242360170.24219,1242360177.388672,CF05FA4C46
1242386579.423831,1242386587.461425,0C3A957C98
1242338258.0,1242338267.696289,52C3A3D540
1242304441.9843729,1242304449.511718,0C6B0573A0
1242313424.076175,1242313431.573242,4455C9CF55
1242374474.791019,1242374483.675781,0A3B185B42
1242387708.971677,1242387717.121093,E16002A5FE
1242457349.8710968,1242457356.96875,638E4CFD52
1242436833.031245,1242436841.242187,7F7B63E9B4
1242421432.041014,1242421441.276367,8D8E14B66F
1242427557.458006,1242427564.706054,C673A58FF2
1242402902.938473,1242402910.474609,F5A60E2B9D
1242473864.935786,1242473872.578125,297F9B4E51
1242462606.201173,1242462613.550781,BBC069ABD6
1242443350.4638689,1242443360.527343,36C442440A
1242458510.3681638,1242458518.348632,A5A5C12E86
1242445601.769531,1242445609.4375,AAC3165B3E
1242412553.840817,1242412563.516601,C23205E258
1242412809.259769,1242412817.284668,F80055E992
1242405942.78027,1242405950.624023,1BA26144D5
1242405950.625973,1242405959.471557,0A544D00BE
1242406008.990231,1242406016.123047,4B624B9A91
1242411815.6386771,1242411823.007812,486D4DE6B2
1242411833.99316,1242411842.673828,1CBF2C8188
1242411892.2226589,1242411904.591308,3F6824E464
1242434036.378904,1242434046.677734,CF735F1901
1242425361.331053,1242425368.463867,27C3CDF2F4
1242424798.130862,1242424808.033691,188A05AB9B
1242449145.325193,1242449152.840332,C8E8BF3339
1242449586.263669,1242449593.328613,7AA5BB1892
1242408664.823239,1242408671.985595,A3A99324D2
1242408809.2187471,1242408816.75,CBA05028C4
1242454840.1331742,1242454847.498047,6406337D2B
1242454999.6037588,1242455006.974609,33A5DA56FE
1242401816.771481,1242401825.188964,1807E71E41
1242402147.9393911,1242402155.1958,8A9AD75941
1242402159.4086938,1242402166.786621,AE2FB4A3ED
1242415491.351559,1242415499.358398,B443A9E4B3
1242410352.093753,1242410361.152954,C53F428DD2
1242410515.064453,1242410523.990234,C02DB89A0B
1242433470.213864,1242433477.263672,B643E7295E
1242408072.337888,1242408080.758606,18F47B07B0
1242464365.771481,1242464373.52539,DAA92ACB41
1242444365.386722,1242444375.043945,FD2538E98D
1242466891.212887,1242466898.267089,6D0DDECE82
1242467170.561522,1242467177.984863,618492D205
1242406617.5941122,1242406624.793945,2FCEF2F85D
1242404388.894531,1242404398.824707,81A1DB3F0E
1242427831.778323,1242427841.313476,74152E5681
1242472043.860348,1242472051.993164,A755314025
1242408893.492192,1242408901.189453,74DF61AB3B
1242409040.878907,1242409049.375244,50542D23AA
1242441276.605472,1242441283.659179,CD04AB2E12
1242431689.37695,1242431698.298095,2740B2641B
1242433376.75195,1242433383.784179,C46BC75870
1242411130.888675,1242411138.458984,C69F28CACF
1242439106.757809,1242439115.940796,0016C6CC2A
1242437583.546872,1242437591.148437,54237FF86B
1242429521.85669,1242429529.541015,FD7EBC761C
1242417377.353516,1242417384.694336,6991A6561B
1242425084.8798862,1242425093.190429,B964C5EACE
1242404469.031251,1242404476.109375,8CFD60F185
1242441659.169925,1242441666.561523,6A0115F4FB
1242406139.170902,1242406150.294922,74C2EE1318
1242403888.814456,1242403895.996093,67D9A199C8
1242406858.540529,1242406865.661621,CD389BF7FA
1242407093.219723,1242407101.818359,F7119551EB
1242438630.585088,1242438637.998047,D5DC05B459
1242404732.072515,1242404739.677246,0D023A802F
1242404777.1831088,1242404785.195312,C1C6BAD288
1242440660.262209,1242440669.849121,7ED688094C
1242440837.738278,1242440846.71289,8C18192EA1
1242401550.9477491,1242401558.40332,1BE474F9AF
1242465537.607916,1242465546.285156,6B305444DE
1242465747.0673862,1242465755.420898,58FA5FFD67
1242421574.0888638,1242421581.105468,83D70330E4
1242474081.759769,1242474089.980468,104094A424
1242402242.180665,1242402249.663086,07D5189F8A
1242442918.400636,1242442926.617187,66BAB481CD
1242432451.1484408,1242432458.849609,5D177D85AF
1242410217.593381,1242410224.831054,964609F701
1242440062.589841,1242440070.539062,4E25A91AB1
1242440141.753903,1242440149.061767,B5DA07BD68
1242457659.53223,1242457667.096679,8680D78E6E
1242403378.6855469,1242403386.428711,D95A0BE058
1242405197.378908,1242405204.87561,9A0D37B746
1242405588.5712922,1242405596.044922,D63A5C0317
1242441911.0988722,1242441918.919677,551852088F
1242441934.873048,1242441943.813476,BDCD470C4C
1242442075.774411,1242442083.682373,AE6AE2747B
1242442146.749027,1242442154.802734,6E73752B2D
1242413406.307127,1242413413.803711,3E5C000264
1242455546.11816,1242455554.005371,ABE3825005
1242455751.390622,1242455759.394531,BE7D28F56A
1242452681.402347,1242452689.513672,73922BA785
1242426125.3037062,1242426136.108886,70DD0C8C0D
1242426401.818358,1242426409.853515,51AAD7F89A
1242409121.634762,1242409130.073486,FEBB33F1C1
1242519246.333496,1242519254.644531,3A71C6A3EA
1242546397.913086,1242546405.594726,9250E1AC5F
1242579332.7470722,1242579342.169311,B199BE3DC8
1242560731.320311,1242560738.577148,A2A07EA09D
1242538628.437503,1242538637.454101,D745128BB1
1242551803.020024,1242551812.017578,8A2CBE7D15
1242533190.7617218,1242533198.903808,48F560B3EE
1242531561.419918,1242531570.003906,3A75AC2FCD
1242510732.75,1242510740.471191,6344FE53D9
1242560545.21777,1242560552.540039,A47ACA36B0
1242566768.041016,1242566775.193359,9C2AB7872E
1242527745.618165,1242527752.867187,D681CFC2F6
1242527870.4082072,1242527877.669922,11F6371340
1242508763.247074,1242508771.771484,551E14DE19
1242510475.776364,1242510483.888183,B63685CE13
1242562886.286622,1242562897.48413,747117ECD6
1242514818.147462,1242514826.057861,4A961BA128
1242542522.5449212,1242542529.738281,623F397263
1242534087.094728,1242534096.335937,8C922F3669
1242506347.883792,1242506356.634765,C3C765D8AB
1242531941.302731,1242531949.419922,8EBADFD825
1242532283.783449,1242532292.789062,4887E0ADAA
1242549736.394283,1242549744.339843,E9FC94D587
1242515314.0195272,1242515321.616699,BF784B501B
1242537889.237306,1242537898.078125,AB26225169
1242541881.634277,1242541890.475586,F22B73DC5C
1242537557.062502,1242537564.1875,6FC148B1D0
1242513701.974609,1242513709.498047,0DE11335A8
1242565522.139162,1242565529.677734,E88DED282F
1242510085.4150362,1242510092.797851,6DA50F05EB
1242510421.4873078,1242510429.437255,B0588188AF
1242532867.162109,1242532874.481445,B1CF599427
1242561311.380863,1242561319.277343,5926A89AF5
1242511473.2978551,1242511481.811523,5E94AB8C16
1242694470.878905,1242694478.079834,B53AF423A2
1242694506.40527,1242694515.277588,FB7F9E036F
1242624643.895511,1242624653.524414,6213B3ED8C
1242636111.671875,1242636119.854492,4E24B6231D
1242681510.412601,1242681518.122558,7C1DBC42EE
1242614331.98731,1242614339.339843,603D494126
1242695882.409669,1242695889.454589,94DB73493C
1242637353.988282,1242637360.990234,7BE16A62AF
1242625821.482425,1242625830.006836,3F9B1B717C
1242681184.168453,1242681192.877685,3107AA8C79
1242686343.334964,1242686353.930664,57684FAF8D
1242697024.302737,1242697032.752929,D3009782A0
1242660423.17871,1242660431.08789,2BA0BB2AB3
1242669182.454107,1242669189.768798,502DE3BFE0
1242634316.678714,1242634325.618652,B056A012A0
1242692995.069826,1242693002.378418,38CFE68A91
1242693156.210939,1242693163.496582,730CB78C6C
1242683374.7265658,1242683386.253906,E8FB6AEB54
1242617737.313477,1242617744.783691,5AFFE05324
1242667945.856442,1242667953.811035,0B5C6FC314
1242613842.35059,1242613850.60913,DAE5E358CC
1242648271.734378,1242648279.266357,33E499A4DF
1242664900.950192,1242664909.566406,967B2AE611
1242613761.2304668,1242613768.515625,FC6BDB9B2C
1242631311.854008,1242631320.042968,D1533F76CF
1242619452.17187,1242619461.8125,625A2EFDA9
1242625192.4926789,1242625201.460937,8249481752
1242620773.89062,1242620781.979492,FA6819A7D2
1242617049.837894,1242617057.395263,8346178A5D
1242617297.732668,1242617305.928466,B7494904C6
1242630765.7460952,1242630773.432617,91F7617DF0
1242685301.809572,1242685310.488281,02F21A799C
1242627545.345702,1242627553.75,1E9FA448B9
1242761790.854489,1242761798.101562,9877ED5A50
1242736113.96484,1242736121.848144,98D6E16FD7
1242700441.605472,1242700450.41333,E33B9C63F9
1242718479.9648468,1242718487.537597,D0CBAD870A
1242718622.776363,1242718630.116211,CD8655BBDC
1242729710.118041,1242729717.79248,FB2C4E6E1B
1242729790.7265658,1242729800.720214,89AED072BB
1242796450.232425,1242796457.478271,E52AA299BD
1242759895.020509,1242759902.776367,E248238C67
1242797431.34875,1242797439.413086,AD102F25C4
1242763157.374027,1242763166.679687,87703D666F
1242751415.929684,1242751426.199218,5C18FCA2D7
1242751496.990237,1242751504.747314,ABE36BEC7C
1242751553.968266,1242751563.140625,E0D52A571F
1242735195.832036,1242735203.041504,69D9771D4F
1242793007.770995,1242793016.75061,283E644238
1242739418.578858,1242739426.758789,B00AEB0A7C
1242772466.723632,1242772476.146118,B300C717EE
1242755663.020504,1242755672.773437,6AE11BC9BF
1242703383.450687,1242703392.71875,FFF428DA26
1242758487.657223,1242758495.125,77466A286C
1242741103.789067,1242741111.574218,2A92C3AE5D
1242732896.108397,1242732904.214599,270F9654FC
1242795362.12891,1242795369.459961,8CA16546B5
1242720962.200198,1242720969.300781,66A23A6286
1242721246.688473,1242721260.615722,E9D21DD5FE
1242779732.771483,1242779740.91748,1AE93475B4
1242731726.83057,1242731734.287109,16DE4170B4
1242731871.81836,1242731879.109863,214351F639
1242724614.7499962,1242724624.527343,09D421D3B9
1242797800.302734,1242797808.527343,452CE71F24
1242732377.395504,1242732387.111328,6B41D5D6A4
1242767519.766605,1242767527.0625,2F89C21ACF
1242734322.377933,1242734330.080078,E704C46E24
1242756051.055173,1242756059.43457,32841F3454
1242732076.9960911,1242732086.838867,CF15A6B472
1242764325.3984408,1242764334.156738,34165EA2CB
1242711179.202146,1242711187.651855,2B1D263E85
1242758815.152347,1242758823.558593,600FEBD06F
1242772939.660153,1242772948.488952,2B2BCA6DE6
1242792634.246093,1242792641.326172,028939D098
1242792789.437503,1242792798.976562,7705F44D21
1242719050.239255,1242719059.454101,FAE783242A
1242714067.669925,1242714078.179199,3B351C4B59
1242714188.896487,1242714196.911132,0207220DF2
1242726622.1914022,1242726629.210937,D9B74B0E10
1242736474.5751972,1242736482.040039,5A53C66E59
1242736720.75,1242736727.795654,615CB2D1FA
1242777263.651371,1242777272.369629,BCBFE966CD
1242777448.115231,1242777458.366211,381119588D
1242777507.332033,1242777519.143554,B9121DBE98
1242779282.124023,1242779290.952392,991D9CF41C
1242790902.382817,1242790909.725586,FD5180BB52
1242712330.458982,1242712339.429199,53196E2830
1242774801.167967,1242774810.411865,330C67A92A
1242789854.19629,1242789861.581787,FD400C12B1
1242752849.458249,1242752859.063964,08DBD0460C
1242778596.946774,1242778604.812255,D724F70026
1242777081.227296,1242777088.768554,A904135DD6
1242777175.788082,1242777182.791015,B9E9B5921A
1242788372.8969738,1242788380.390136,3DCB54A334
1242788435.470703,1242788442.65039,0895AB27FB
1242788463.0142798,1242788470.162353,47B0BB4A0A
1242788594.59155,1242788601.71289,E20E109A52
1242788724.7343788,1242788733.089843,7F86AFC19A
1242792122.666744,1242792131.833984,8FF8C5120C
1242746768.78223,1242746776.389648,41F8515C0E
1242759049.826417,1242759057.731445,55AEA0DA05
1242759146.505615,1242759153.895507,DD4FA67E8C
1242744864.254634,1242744872.628906,B09A34A5FC
1242734868.861325,1242734876.132812,66D1D056C0
1242763741.7055678,1242763748.756347,9439E025FD
1242878006.00195,1242878013.798828,DAD1152253
1242823705.258785,1242823712.301757,FC8BF48C77
1242823232.489743,1242823239.578125,4F440F6AE7
1242864327.162106,1242864335.842773,F8B5A3113E
1242842404.38867,1242842412.232422,B2E0771F7E
1242842505.9931612,1242842513.946289,0D9092B1D0
1242805729.4812012,1242805736.504882,E474D8C0B9
1242805980.5424838,1242805987.722168,610AE25256
1242847675.2863789,1242847682.488281,F3921C3B37
1242846451.899415,1242846461.455566,0531247EF1
1242861660.2939491,1242861670.437011,BC6C858714
1242861793.496097,1242861802.794799,8ADD8184FB
1242804626.753903,1242804635.918945,DAA43EBA76
1242889116.180667,1242889123.418945,1827FA2B42
1242852492.677731,1242852500.047851,A47E0C4BFC
1242802205.707521,1242802213.410156,C9AB0CA28C
1242872179.249028,1242872186.370117,4E78E7BD1D
1242872207.851562,1242872217.418457,DE54461CA7
1242821559.563478,1242821566.844726,4C1B64A983
1242846624.566406,1242846631.680664,FB6183ADD5
1242858912.632326,1242858920.854248,7AE8DFD30E
1242859052.706543,1242859061.158203,5ECDB1AA0A
1242822176.0741,1242822184.517578,D745F76599
1242851080.592779,1242851088.375976,F655F4CDAF
1242883279.42187,1242883287.911132,B9EFE454D1
1242826957.9628909,1242826964.99707,1BFC617CE9
1242840328.040038,1242840335.541015,F468E75997
1242884007.436523,1242884015.297363,7DA6CF426A
1242884068.837891,1242884077.424316,1482F87324
1242850611.1679718,1242850618.742187,530163D1CE
1242803446.407232,1242803455.032592,98E150BC4E
1242831943.6357448,1242831950.8125,8478BE7651
1242844493.030273,1242844500.531738,CF6CBCAB9F
1242857100.129392,1242857107.176391,41BF4F3B59
1242877420.872067,1242877432.762695,0675E19387
1242875179.682614,1242875187.405273,37AC30357C
1242863170.610843,1242863178.572754,23903BB17C
1242827924.28223,1242827933.101562,78FD3155EA
1242809066.304684,1242809074.912109,D389072E4E
1242849645.457036,1242849653.630859,A83F836810
1242832194.646481,1242832202.391601,758844286C
1242889506.019536,1242889513.124023,0821EFC601
1242868035.536136,1242868042.872802,CF4F1EBE60
1242873772.874027,1242873781.160156,0977BCD0A2
1242874027.5693388,1242874034.80957,985546A78D
1242830224.746092,1242830231.926757,3AFA5D933D
1242862451.941898,1242862459.0,0B67CF464C
1242872432.520015,1242872444.583984,F6714F112D
1242838085.884764,1242838094.089599,D47656F502
1242860301.2502449,1242860308.425293,AEA07E0843
1242860316.406248,1242860323.901367,EFB4F3034A
1242859581.333492,1242859589.395263,F6A028D7BE
1242845803.0168412,1242845811.578125,248DC08FDF
1242874555.125003,1242874564.761718,4B729396A9
1242876702.6669922,1242876710.555175,BBFD17D93F
1242847184.90723,1242847192.877929,E69E1F7AC6
1242813016.60449,1242813025.237304,EBD84A3AB2
1242870868.698244,1242870878.344726,F1378FC3FF
1242871100.625,1242871108.002929,F7712FE1DD
1242819535.728765,1242819544.572265,58DAB94BC1
1242821109.127926,1242821116.662109,4E40ED987C
1242824496.617184,1242824503.705078,953042B109
1242807381.188473,1242807390.725586,4EEF26C555
1242828760.6718788,1242828767.907226,A6EA9E9EA4
1242865655.8125029,1242865663.461914,DFB5EC2F22
1242839157.732425,1242839167.417968,57456BB8A0
1242839348.372804,1242839355.40332,5D741C0D2B
1242839456.0878909,1242839464.293945,27E290C645
1242840928.3857472,1242840935.405273,8DA5A52D37
1242838446.978519,1242838456.553711,EB5C09269A
1242855115.754879,1242855123.654297,E38C56F721
1242855347.018065,1242855354.132324,3BFD88BB7C
1242844819.936522,1242844827.677734,83301387A6
1242844930.4482448,1242844939.237304,65F513213C
1242827391.576175,1242827400.368164,85F925AA2E
1242827482.340335,1242827489.358398,792220B296
1242827547.1513722,1242827557.349121,A693147890
1242807710.109868,1242807717.292968,9CFA16C524
1242862782.361815,1242862789.778442,945C22736D
1242834728.176761,1242834735.455078,E219C403E5
1242820356.787359,1242820368.852539,2BFB7AD1E9
1242820380.180669,1242820389.251953,62C7CEB10A
1242868444.136724,1242868452.33789,3EEB26215F
1242843630.9934042,1242843641.578125,CAE5691705
1242954279.18945,1242954286.866699,DA841964E4
1242926748.008792,1242926757.554687,A85177BCD4
1242916257.5,1242916264.621093,AFB0479209
1242916295.488281,1242916302.610351,D01F1C336A
1242916414.6367218,1242916424.659179,D8549BF046
1242914076.088374,1242914084.966797,3E2532ED13
1242914150.228268,1242914157.478515,412045F80E
1242914371.820186,1242914380.208984,752E872825
1242918992.582031,1242918999.648437,DC0F3BC34F
1242971082.375,1242971090.015625,8C881C89D3
1242939786.8969772,1242939794.086425,AA9BC4B0CB
1242939845.789183,1242939856.729492,7D4370E10D
1242986026.559813,1242986033.864257,A057DF1310
1242993347.427737,1242993354.973632,DF659B69EB
1242998079.3476532,1242998086.980468,79F202C543
1242939576.42383,1242939584.1333,439AEC9438
1242950672.452145,1242950679.837768,E257EC15F3
1242958018.676754,1242958026.456054,9311207AA1
1242976320.9565408,1242976332.33728,0872C16FF3
1242927787.850582,1242927796.123047,01C0A818F2
1242927801.434573,1242927808.790039,13FA518E62
1242919871.412112,1242919879.420898,3E476BE8D5
1242951239.5888698,1242951247.443359,DE21DFDD91
1242999289.942022,1242999299.720703,70CCBC9452
1242983231.496583,1242983238.999023,A95F9A143F
1242924406.419922,1242924417.116211,97536D17C9
1242935431.150388,1242935439.523437,C8C904921F
1242935556.558721,1242935564.021484,ABB5491478
1242935921.03809,1242935928.48291,43BD6CF0E9
1242936018.875001,1242936026.101562,3148E9F4AD
1242936036.301762,1242936045.558593,09A9880A57
1242936152.755856,1242936160.108032,BDA1134EEF
1242995995.609867,1242996003.954589,A5770D2FFB
1242938369.9174838,1242938377.958007,15690B6EC6
1242925503.30859,1242925511.476562,52B040E450
1242925598.775632,1242925607.100586,38B8EF5C58
1242913547.317872,1242913554.972656,A176E96AD0
1242962537.019531,1242962545.82434,2A3DB8730E
1242921661.0996108,1242921668.715332,C6A576656D
1242921725.888672,1242921733.824707,650603B7EB
1242977324.092289,1242977331.875976,FFA9374FDA
1242919504.978512,1242919512.550781,293F4C8A83
1242982359.3154328,1242982367.504882,C5F6849D6A
1242938760.406735,1242938770.270019,4F3190B4C8
1242940119.025394,1242940128.168945,2238FDCAD5
1242940354.8232448,1242940362.012695,9B974DC06B
1242958253.351564,1242958260.376953,F7F42ACDAB
1242958382.639649,1242958390.202148,E22F37F869
1242915301.568356,1242915309.813476,FFFC137E1B
1242950280.411129,1242950287.649658,A4EC10C7BC
1242973209.514652,1242973219.536987,03AB1AF1CD
1242956307.593991,1242956317.193359,FA0676FECF
1242960808.153622,1242960821.023803,D5CACF5262
1242960942.29199,1242960949.786132,BE70762DFD
1242960967.547853,1242960976.596679,A33E286C39
1242948204.504634,1242948213.34375,479B055DC4
1242948410.840817,1242948417.952148,EAF111E5D6
1242966314.693363,1242966321.96875,428BF54152
1242966439.970699,1242966448.743652,1334D26982
1242944636.619144,1242944643.860351,08B018C57F
1242941046.921878,1242941054.185547,44346E943B
1242941125.8144572,1242941132.939453,E2734E92A9
1242965964.3728,1242965971.924804,DEC5465726
1242995009.727543,1242995017.039062,BE589AABB7
1242960396.6191409,1242960403.735351,E4C560E867
1242982608.4765658,1242982616.933593,F0558295B5
1242981159.138185,1242981166.227539,E81AF27DFA
1242974778.06348,1242974785.317382,99527B4443
1242927212.839846,1242927220.570312,DBE107CE72
1242936413.903323,1242936424.139648,2B00F619A6
1242936542.461911,1242936551.125976,D92E7F29F8
1242936741.765012,1242936748.780273,BAB83EAC52
1242997718.2207,1242997726.694824,FBDBEA449A
1242986936.717042,1242986944.105468,ADA046C8F3
1242996349.082028,1242996356.696289,B5EF8B0188
1242946048.622072,1242946056.235351,4E1B27588E
1242944789.554201,1242944798.564453,C4F960A1F8
1242944840.661136,1242944849.090881,F0E80A8CF7
1242944924.3486328,1242944933.029297,D853A0D618
1242945832.418699,1242945839.483764,2F5FEB5007
1242945887.81738,1242945894.90625,B884EE3C78
1242984616.0625,1242984625.873779,7775A0D52E
1242955055.78296,1242955063.157226,46C7D9F55C
1242992121.4374971,1242992129.401367,37E727C156
1242992130.599606,1242992138.67041,B83A6507EA
1242999944.2255871,1242999952.864502,43D83001DF
1242942448.8876948,1242942456.773437,69335DD9C3
1242942535.785156,1242942544.628906,88D41B5767
1242973784.041507,1242973791.21289,7B351E422B
1242921481.7499971,1242921492.0,944B481B42
1243000104.543948,1243000114.039062,6E98346DFE
1242972660.436527,1242972668.330078,8C3817E8BB
1242968689.7900372,1242968701.234375,D7C9126545
1242937483.975584,1242937491.076172,9733560A62
1242937498.273441,1242937507.649414,B89EA1779E
1242937542.544918,1242937549.571289,BCFDDBB03F
1242939957.968748,1242939966.408203,06113C06C9
1242913251.245117,1242913259.081543,84F415247B
1242919946.608156,1242919953.938293,71671B55C0
1242978596.545902,1242978607.778808,B216ABEEE9
1242937227.354981,1242937235.000488,18E05C3AB2
1242943481.269528,1242943488.812011,90419843ED
1242978047.0,1242978054.029297,894B61D9CC
1242978152.864256,1242978160.262939,77834F1A55
1242949423.719727,1242949432.375976,8BE8212372
1242920848.462408,1242920856.058105,C1A16F28A0
1242953037.709468,1242953045.559082,8BCCE0BE8B
1242953236.2421908,1242953243.84375,AF64E611CD
1242970754.604488,1242970762.044433,D9B1BA4CA2
1242927398.551759,1242927405.626953,38B5A2FACE
1242971929.5263698,1242971936.820312,640EDA3077
1242953799.497073,1242953806.940918,4CEA1D67D0
1242955580.2724638,1242955592.205078,E20D59DD99
1242980104.5517552,1242980112.029785,DE32D6F3D4
1242980268.174562,1242980275.364257,0647066C2A
1242946974.109377,1242946982.599609,AF1A1619AD
1242937839.371583,1242937848.865234,19CB1202E1
1242937938.6650388,1242937946.077148,834EF81C18
1242970204.587887,1242970212.289062,4DB475D6C6
1242942266.354494,1242942273.825683,9E9FE28233
1242916999.7291238,1242917007.339355,13D3694032
1242963025.90234,1242963033.547851,263451A653
1242978876.836427,1242978884.685547,D8029F0CAF
1242969449.9672868,1242969460.060058,EBE6597A46
1242968372.371089,1242968381.969238,9EE3995F99
1242915560.182614,1242915567.996093,4FEFF8315B
1242943963.790043,1242943970.809082,86368C7FBE
1242944049.3671849,1242944057.801757,2134A2B237
1242997193.498047,1242997200.894531,C03A72C6E7
1242997472.2394998,1242997479.626953,517805B920
1242922053.825196,1242922062.214843,6A2802CA68
1242943666.756834,1242943673.880859,9E71DBBE8B
1242943687.306518,1242943696.368896,4498708EB1
1242912697.140622,1242912705.835937,A990E6C630
1242951829.124761,1242951836.419922,0B0A858D18
1242951898.204344,1242951905.459961,E38C33B43C
1242952272.93652,1242952280.0,D743080C55
1242940811.361085,1242940819.355957,84F10AFFBE
1242994331.432374,1242994339.624755,33C78D53F4
1242984176.523931,1242984187.469726,2E2A100B1F
1242959119.2095902,1242959126.52893,2290FA4738
1242959361.1562529,1242959368.745117,23FDA55599
1242959401.048831,1242959408.683593,5150852F27
1242914543.905277,1242914552.791992,413D4EBEF7
1243001280.609378,1243001290.023437,2A4BA08EB5
1243050610.075198,1243050618.412597,C5D54C9F28
1243051071.40234,1243051078.874023,32699BB2C4
1243002038.503907,1243002045.851562,46E0F8FF1C
1243002076.3427749,1243002083.800781,BE66FC742C
1243002193.344723,1243002202.960937,6E1CC79A20
1243011679.428714,1243011687.199218,90C3E193CC
1243055207.4843771,1243055215.089111,8D11E34B60
1243049115.041989,1243049123.978515,02CBFA78EA
1243049154.600586,1243049161.728515,FC63EF5F94
1243014796.349612,1243014805.727539,E3B87ABC33
1243032622.4438488,1243032629.874023,3684EECBCE
1243021082.90723,1243021090.510254,E7141A0FA5
1243047894.134764,1243047901.271484,A63ECE6A4F
1243019117.531248,1243019125.192871,CED1992A84
1243015482.3149438,1243015490.703857,4A07C98A54
1243031414.394534,1243031421.7052,EA53320B45
1243084170.4562972,1243084178.556152,0FF3C8CD32
1243028159.333981,1243028168.4375,F68DD35BEE
1243011472.065432,1243011479.584961,DDDC1DD05B
1243056517.011715,1243056528.153808,E418B9D587
1243025074.9707,1243025081.995605,5A1177887F
1243064495.595706,1243064503.501953,30183E9F43
1243024633.8554718,1243024643.428955,5B43235B12
1243024665.019776,1243024672.610839,A670E80062
1243026338.8203158,1243026346.223632,658FB979A8
1243060067.1630812,1243060076.068359,79648AE540
1243053797.606934,1243053805.475586,028732170C
1243033619.732425,1243033626.742187,DCEE23E8F5
1243039248.582525,1243039255.943115,9324DA8391
1243006433.103515,1243006440.490234,05F422496A
1243030024.45313,1243030031.85852,AAB2CBE017
1243017770.502934,1243017778.1958,BCC164D77B
1243006829.632325,1243006837.177734,5D08715F3D
1243006883.7619638,1243006892.254882,8B883E91F8
1243021309.794918,1243021318.977905,C30D7F86A5
1243048755.1162062,1243048766.835205,4DDA4ED62F
1243045912.201175,1243045919.839599,1482191F9C
1243036633.151368,1243036640.929199,292C0646DF
1243062321.3974638,1243062328.626953,39C6499D9C
1243019595.017091,1243019604.020507,1185E0C88E
1243002374.2685578,1243002381.939941,7F8F81EE88
1243012980.778322,1243012988.033203,C955865286
1243005831.601568,1243005838.885009,5AAA82E832
1243040042.980472,1243040050.102783,EDB454A740
1243040327.666989,1243040334.800293,B5998E54AF
1243054519.419925,1243054526.425781,D1C89F4B52
1243018118.516605,1243018126.238769,D673C91E6D
1243018475.690428,1243018485.458252,91B0C74259
1243018606.783201,1243018614.681396,37F636815A
1243020338.828128,1243020346.611816,DD9EAA5242
1243034423.8753638,1243034431.492187,2302ACD581
1243081215.0,1243081222.686035,06FB4BFAB3
1243024358.089605,1243024365.748535,36F58E2B21
1243085059.338865,1243085069.390625,75FBD30895
1243030888.75,1243030895.884033,C9B0855290
1243028758.46631,1243028768.229492,6E6AB49CEB
1243028915.680667,1243028923.8125,6A0A4BDA7F
1243002692.624027,1243002699.693115,0BA0D80905
1243050264.78125,1243050273.297363,42B0301DD5
1243019565.9161398,1243019574.608886,F6A8B36100
1243010875.000491,1243010882.1875,F2F706317B
1243155464.3852491,1243155473.427734,2F3ED20CED
1243128373.028325,1243128380.726562,E9ABFEF5FC
1243113902.063476,1243113909.978515,7E4D457996
1243120722.634641,1243120730.914062,A69031D0C3
1243116221.144528,1243116228.742187,D0BC440629
1243194477.356447,1243194484.441589,00EDC3685C
1243123768.103269,1243123776.888672,FAFAA0FA60
1243123810.128179,1243123818.755371,F5E975A4E4
1243111716.077395,1243111723.705078,D2210A01B8
1243121663.86963,1243121671.07788,30A157E636
1243163364.851567,1243163374.860351,BB7ADA64BF
1243184441.556642,1243184448.804443,C43256E715
1243169002.885739,1243169010.504882,A497FD609A
1243149229.78125,1243149239.882812,FED314E6E3
1243118975.326168,1243118982.691406,6CB4AA49CE
1243119085.069332,1243119093.110839,DEF66EAA00
1243120406.636721,1243120415.166015,027A05B973
1243113420.03906,1243113428.746948,7868399A85
1243113662.697876,1243113669.913086,77545802BD
1243114371.351564,1243114378.584961,61F7E42870
1243117466.078128,1243117473.714843,189ED6B43D
1243117667.422854,1243117675.75,F4E10A3731
1243146965.292966,1243146974.381836,04FC620FDD
1243164429.938482,1243164437.0,E6A92311AA
1243122141.989261,1243122149.637695,C7D5777FD8
1243122246.337894,1243122253.807617,ACADEC756D
1243168002.25,1243168010.000976,9379E734EF
1243182582.143804,1243182591.108398,6C7600010D
1243154991.12402,1243155000.206054,219431C0E9
1243124036.455075,1243124044.019775,FB624DCC5F
1243124993.7793,1243125001.506836,52BF221D20
1243125118.016606,1243125125.141601,6004DD2366
1243193986.7380378,1243193995.894531,E2F832F363
1243163992.26172,1243163999.404297,C296F8804B
1243164089.992186,1243164099.680175,40AC2FE512
1243145985.37109,1243145992.397461,C1C7F0F980
1243111225.795901,1243111235.081054,C729D3BFB8
1243137900.858642,1243137908.480468,2678C2066B
1243184135.25098,1243184143.359375,60C43F42BA
1243135453.857179,1243135462.082031,AFF9704B9D
1243175688.954587,1243175695.975586,4DD1D45C27
1243184478.52441,1243184487.160156,0E90EDB5C4
1243184804.640867,1243184813.015869,3E43A2878B
1243130491.484378,1243130498.773437,4EEA3D94DE
1243118295.640628,1243118305.287109,C589E9AFA3
1243118331.0854518,1243118338.445312,DE2DB2FFBB
1243178114.890138,1243178122.447265,744E155A67
1243171145.92944,1243171154.565429,02CCE18B1F
1243171502.882809,1243171510.201172,16527BE129
1243190606.429685,1243190613.539062,1722E3B5E9
1243190775.504398,1243190782.518554,E4D295EA8D
1243146726.198735,1243146733.630859,EF7D296908
1243193853.6318371,1243193860.700195,F088E4480B
1243183905.457275,1243183912.564941,9158F7D0A5
1243142121.051756,1243142128.951172,6935048908
1243185514.96338,1243185523.0625,635173AA15
1243186318.07764,1243186328.790039,E5625FF88D
1243130840.6171908,1243130847.875,86AE424BD1
1243141165.06055,1243141174.928833,769F7C1424
1243182872.9427469,1243182880.53125,9F6DDFA6DC
1243183006.4492218,1243183014.679687,A0D6B93D32
1243158058.5,1243158065.860351,399F3792DE
1243114629.082034,1243114637.888183,2FCEF381D9
1243114758.666016,1243114766.687378,B0F2112E6C
1243170335.3569372,1243170343.657409,98587418C1
1243110315.03418,1243110322.342834,BC5F61D812
1243110556.6250029,1243110563.920898,D1CF1E2C2A
1243137188.416019,1243137196.078125,42F3B2C80D
1243163140.9155269,1243163148.816406,B37A5AA831
1243166645.0413811,1243166652.441406,4B193CAE87
1243151665.75293,1243151673.460937,E41101A97A
1243151927.063478,1243151934.475708,82E1CB0779
1243134957.517339,1243134964.737304,81532A9EAE
1243142458.973634,1243142470.916992,2680F8FBE7
1243108509.054693,1243108517.5083,23D1C25D70
1243108570.0820272,1243108577.195312,DFEE7EFF93
1243108646.799078,1243108653.93457,1A818CE428
1243118098.146487,1243118105.65039,CB6732084F
1243136218.5693388,1243136225.876953,DD55E42D35
1243165856.346683,1243165864.954589,2E3D20CEBE
1243172556.671872,1243172564.483398,D8264ECD90
1243132842.872069,1243132850.463867,D765059831
1243156269.12109,1243156277.144531,5DA34E85C7
1243122290.836795,1243122300.58789,717A02A8E1
1243153228.319336,1243153236.048828,3D99DD63D0
1243186002.125979,1243186009.213867,CBC3B6663D
1243123083.787115,1243123091.395019,23D5F5FFA3
1243143630.693361,1243143639.603515,87074DB626
1243143801.370121,1243143808.901367,3E26E06152
1243116740.7103262,1243116748.003906,A4C33C2D8C
1243119904.674809,1243119911.831054,21A92D6F3C
1243254367.2255812,1243254375.9375,691145B4A9
1243254783.594603,1243254790.835449,F54BA45AC9
1243212046.5263698,1243212055.552734,65BD39DFE9
1243288341.580813,1243288350.87146,27D39714FA
1243290541.132817,1243290549.193359,FE176BA29F
1243290681.853516,1243290688.94635,47A956CE28
1243291164.2451148,1243291172.555664,7B3CE00D63
1243206918.288087,1243206928.992187,7F2483E7A8
1243206988.3012729,1243206997.292968,82970C0384
1243231051.119144,1243231058.6604,A6903B0157
1243212666.429687,1243212678.179687,EFF2224918
1243221596.788091,1243221606.040283,B7545DEB8F
1243208235.552247,1243208244.328125,D9E3B15149
1243240161.6748078,1243240168.896484,29D0C27239
1243240186.036137,1243240193.554687,72B4F854A3
1243217680.225589,1243217689.147705,651B1B5996
1243219537.59473,1243219545.603027,ACE0CC8AB5
1243242110.4599562,1243242119.098632,FD8BAAE89A
1243253202.009762,1243253209.439941,83404096CB
1243232249.004886,1243232256.773437,668F6A83C7
1243223932.898437,1243223940.169922,4575C0DA64
1243216812.43555,1243216819.780273,4EDB1E35EC
1243228819.9882772,1243228827.973632,27E41242A1
1243220402.655761,1243220409.941406,6B06AA0552
1243239093.390628,1243239100.508789,0D69FD679B
1243299156.9868171,1243299164.638672,93A8CDA2FD
1243299373.541992,1243299381.329101,D58401D8A4
1243299475.3706088,1243299484.019531,89F35EE828
1243299946.3125,1243299955.824218,ED2EA0725F
1243207756.183597,1243207764.657226,388918825B
1243239442.669919,1243239449.974609,AEAB42FFBB
1243239589.082033,1243239597.062866,814DAE15FC
1243239938.9267569,1243239949.583984,D5F46FC5B0
1243226258.3515582,1243226266.761718,DD0F18EAF2
1243226315.056154,1243226322.673828,6F6440E62D
1243266855.835938,1243266862.896484,3B9117D9E7
1243267083.6181612,1243267090.683593,FDB461DEBA
1243216110.7976122,1243216118.172851,A505EC0253
1243252481.74805,1243252490.066406,75CAB20BFC
1243220561.032223,1243220570.40625,2AB1568665
1243251636.199706,1243251643.229492,3C109B732A
1243228024.08984,1243228031.389648,E769753BA3
1243228416.8867218,1243228423.906982,1394C122A0
1243251479.357425,1243251488.34375,80E2C2F8B6
1243209909.786129,1243209916.941162,EB4A38385B
1243209333.645021,1243209340.816406,A56E5C25B0
1243209356.214117,1243209363.397461,4AFD0D4322
1243209473.954105,1243209481.404297,47DC1ECE9F
1243209606.049806,1243209613.850586,CE8E4C0896
1243391140.800783,1243391149.870605,F16874AE76
1243397655.1640658,1243397662.382812,16EA971DAC
1243312859.574708,1243312867.891601,90CB48AAE4
1243356372.970464,1243356380.592773,E4B4A73F9B
1243377476.894531,1243377487.101562,27310749C4
1243325165.909177,1243325173.198974,E7CA324DC7
1243351749.299803,1243351756.722656,21B146F63A
1243387978.921878,1243387988.839843,E21A0003DF
1243384253.4453158,1243384263.858398,2529D05055
1243365598.604985,1243365606.223144,EB413E6081
1243324301.540037,1243324309.079101,26790BB71F
1243346151.207035,1243346158.916504,2712A28495
1243357629.8867152,1243357637.295166,882755B1E1
1243326266.445316,1243326274.159179,5AFCFFB986
1243326427.69531,1243326435.941406,CFBACB5396
1243399025.572268,1243399032.698242,A064EFD9D2
1243399131.844478,1243399140.138672,5F34E9C281
1243358039.32422,1243358047.098632,2E94207B6E
1243384731.811947,1243384740.730957,B76A2C756E
1243384804.134769,1243384811.533691,285BAEEB16
1243383668.2177749,1243383675.693359,E533CFEDB0
1243381014.679687,1243381021.805175,9173F3F577
1243388630.409786,1243388637.757812,791940CFFB
1243336793.651367,1243336801.600586,032CBE3F2F
1243338855.164059,1243338863.612304,5AB8F7B4DC
1243332042.2480512,1243332049.765625,A0E0CDC426
1243358668.7324271,1243358678.523437,C3026664DD
1243380425.505862,1243380432.613281,E312A0207A
1243379345.215825,1243379353.749023,41C1B475FB
1243335394.845219,1243335403.111328,B54CB10528
1243311544.0849638,1243311551.600586,2C424C58AF
1243317048.858397,1243317056.953125,16B9E7B50C
1243312174.319339,1243312183.049804,2215224F14
1243365013.6049838,1243365021.292968,9D2AC98ADF
1243365127.2988288,1243365135.166992,2169BF8214
1243389126.155277,1243389134.685547,B300231F8B
1243389171.183597,1243389180.015625,3861B30EFF
1243355612.388672,1243355619.5,4BA23F417C
1243387338.141601,1243387347.895507,0C9D0186C5
1243359340.29346,1243359347.815673,0CC843B617
1243385299.863287,1243385307.750976,A3FED20183
1243391354.704098,1243391361.867187,6CDC3D8712
1243391833.436527,1243391841.361328,6C5947B60D
1243317965.768555,1243317973.099853,40D8A49D95
1243386060.82324,1243386067.90625,3637B6FD73
1243337648.669925,1243337659.323242,92ECE28407
1243383968.45605,1243383976.077148,F66CC29E44
1243329567.507566,1243329574.875976,2664F6E133
1243337129.0087888,1243337137.609375,7A47F2FB27
1243364839.49902,1243364848.283203,D3817D2044
1243386534.694826,1243386542.316406,7B5DEFE87F
1243377076.677731,1243377084.0,5FAE889952
1243305300.609378,1243305307.667968,16D4964D5B
1243305620.145077,1243305629.987304,F125394C76
1243305965.875491,1243305974.942382,82C78EA8AB
1243307475.055661,1243307483.27539,FBBD4167A7
1243308594.00098,1243308601.052734,CDBE199DCD
1243333764.344243,1243333772.489257,0E00EAE7BF
1243333918.670902,1243333926.203125,05BC84BD5F
1243333954.616819,1243333961.708984,485E2150E1
1243325058.965816,1243325067.054687,62763BAD49
1243394207.498047,1243394214.920898,19A9ECAF21
1243381822.249027,1243381832.300781,905C201A6B
1243382199.704105,1243382207.220703,3937864263
1243313906.3125029,1243313913.808593,188E4460A2
1243388186.8671918,1243388194.313476,6F9B1B33E4
1243321597.321294,1243321605.636718,07F951A789
1243347337.95959,1243347345.511718,AEFEEFDD08
1243390615.0009758,1243390623.176757,AF2FCC1F9F
1243315900.973636,1243315908.324218,5B173B881E
1243492694.21875,1243492702.219726,5134584F69
1243441051.422855,1243441059.249511,4C8312DA76
1243413637.3310578,1243413645.992187,64BBD7B75B
1243422808.838864,1243422816.392456,BF67915F34
1243495057.309083,1243495065.983398,5436072BFE
1243498157.7739248,1243498168.460937,5355534965
1243443053.792972,1243443063.814453,6B06D576AF
1243486205.18945,1243486214.545898,6FE5B677CA
1243457126.839849,1243457134.240234,E2A11953EB
1243482814.951168,1243482824.161132,A784311FB5
1243446708.958989,1243446716.953125,9D79FC5662
1243446742.358889,1243446749.613281,08D98CB9EB
1243402747.958987,1243402755.829345,6BBEA595BA
1243443771.789062,1243443778.798828,10A9C1CF05
1243426050.690431,1243426058.304687,18C348B9C1
1243459834.688479,1243459843.347656,DC614C449C
1243407408.019528,1243407415.534179,998A1A194D
1243439643.484378,1243439650.489502,9CAD8E67BC
1243493536.233398,1243493543.46582,141751F909
1243456109.115233,1243456117.915039,83DB309BD8
1243450144.198238,1243450151.361328,CF8BD2F47D
1243494186.941896,1243494194.396484,0651CA7662
1243459277.092772,1243459284.178711,2B46F411B6
1243455172.959965,1243455180.827148,3775F193D5
1243460213.792242,1243460221.886718,876E21FEEA
1243460354.2304668,1243460361.409179,DFEBAA054C
1243428317.359374,1243428324.507324,AF33723988
1243428336.0761738,1243428344.27539,561E199B66
1243442092.304691,1243442099.363281,3D5EC92F8E
1243461309.541992,1243461318.24292,7AEC724DED
1243490495.796878,1243490504.850586,96C0A46CD8
1243497692.0229518,1243497701.799316,9834DC4BEC
1243405299.2314491,1243405307.171875,683B39B20E
1243495960.150394,1243495967.856445,60BC5653B1
1243486435.663084,1243486443.974609,33E2484737
1243471224.350584,1243471231.551757,DC97C3CD65
1243471258.96777,1243471266.001953,A34962DCDA
1243409734.245363,1243409742.893554,32874BE421
1243448077.0207548,1243448086.642089,B62E4029D0
1243464192.480465,1243464201.535278,F178CE808F
1243486050.576175,1243486057.963379,02C04C895B
1243417334.421813,1243417342.44165,CCDFB910D3
1243452277.608402,1243452286.730957,1739C9EFF6
1243452385.265386,1243452393.388672,784CF7AAED
1243477801.695806,1243477808.948242,1ED1806CE3
1243464882.728516,1243464889.902343,4877D90AF0
1243483658.777348,1243483666.542968,8947D503BF
1243452996.109376,1243453005.785156,C9D24358AF
1243475107.4453142,1243475115.513916,B5992D783D
1243419972.521972,1243419980.018554,124BB422F5
1243475863.0820282,1243475870.533691,A63DF1AFBA
1243491082.605465,1243491090.75,92E69BFA44
1243491226.138675,1243491234.339355,FBE6B49724
1243491304.025028,1243491312.616455,B56C467178
1243414712.072268,1243414719.631836,3800DE82B3
1243446021.637701,1243446029.790039,FE4B62BAEA
1243492360.779787,1243492367.844726,C37FC21DE7
1243452721.887453,1243452731.210937,D8881E8D5D
1243417988.572262,1243417996.129882,9DEB1054E9
1243418083.1123002,1243418091.426757,E3FD89E9B7
1243418221.6782238,1243418229.851562,DE5D664C93
1243468111.6289089,1243468119.828125,FE2655A73F
1243487385.645511,1243487392.784179,DD444E90C2
1243487527.3974571,1243487537.663086,A92B5A183A
1243481364.45508,1243481372.188476,DA95B18B72
1243481206.1769972,1243481216.264282,CBAE308394
1243448319.419918,1243448326.930664,18E8E7DDFF
1243590143.235348,1243590151.136718,CB1179B834
1243502063.226566,1243502070.235351,02226E69E0
1243521932.721557,1243521941.957031,69645D43A2
1243555262.278321,1243555269.489257,FEE0BF28DB
1243509371.0871542,1243509378.987793,E6BD63F616
1243509593.971929,1243509601.770019,4C63C8B9D0
1243505440.202152,1243505447.317871,C4E4EBCFCB
1243561110.578125,1243561121.325195,8693CBAEEA
1243571620.071781,1243571627.172607,FC200FA82F
1243549689.582028,1243549697.063476,1BA8325738
1243518666.971682,1243518675.734863,75BD607ECA
1243518765.9179718,1243518773.224609,0E29826C02
1243519580.232422,1243519590.202148,52070D697C
1243556324.626956,1243556331.662109,2776C74C9E
1243569999.200197,1243570007.039062,4BC2E804DB
1243570103.9375,1243570110.961914,6D861154F4
1243542501.47803,1243542511.55664,86A01FB053
1243527983.187505,1243527993.835937,417D20BF39
1243562624.913579,1243562631.998047,147A8F111B
1243562878.171876,1243562886.185547,9D7C1688B7
1243546558.245114,1243546569.84375,AB14BA7AC6
1243567520.254884,1243567527.950195,BD56E4390D
1243534648.627931,1243534660.252929,8AD1209C46
1243534671.3701189,1243534678.473938,D3EBDDE9DD
1243545894.002934,1243545902.072265,D7FECAE71C
1243534176.554687,1243534184.071777,64E90CAD52
1243541860.489745,1243541872.74414,4FEA932A37
1243541960.91406,1243541969.066406,77FFB7F115
1243542055.163089,1243542062.365234,1FCF2727BC
1243516495.742681,1243516504.265625,F457A5B24F
1243552899.072262,1243552907.014648,E871383206
1243592393.329587,1243592401.953125,4169D648E4
1243526921.198239,1243526928.84375,742BD6589B
1243522531.110348,1243522538.848632,661A7E1CC3
1243506295.6943388,1243506305.205078,41251ED11B
1243506430.753908,1243506438.322265,5FC340AB5F
1243596993.515628,1243597001.107177,315EA60104
1243548566.3840292,1243548574.254882,AE41E1B1E9
1243572061.642581,1243572068.761718,ACE5094B33
1243563302.476559,1243563313.199218,59B61EC2DB
1243523704.75879,1243523713.690429,73FBC28CA7
1243598016.454105,1243598023.939453,687223048B
1243545095.714849,1243545103.101562,78B7E69930
1243557321.046875,1243557328.158935,550FAD05C3
1243557480.160153,1243557489.513672,B1FE815892
1243544344.137698,1243544352.850586,3752047F41
1243507728.764644,1243507738.5625,4BDD61C8B2
1243544017.196783,1243544024.517578,B6D71DAE76
1243533630.688966,1243533638.271606,A9B69A3A56
1243522879.419918,1243522888.981445,A856AC3EE1
1243528175.335934,1243528183.492187,788AC833E4
1243517275.272459,1243517283.104492,3B3C25EF69
1243520259.9423869,1243520267.180664,C67406A4AB
1243529100.289064,1243529109.776367,AEC271F7B1
1243561917.617675,1243561925.953125,B91EC29D64
1243573526.249023,1243573534.459961,25251A0C66
1243568282.783939,1243568291.375,14606ABA39
1243575049.6914089,1243575057.924804,6B50946EA1
1243516833.899415,1243516841.700195,8FDFEC1B97
1243516934.162596,1243516942.089843,A7D0F1DF6E
1243595121.5234408,1243595130.314941,68F8E24EAF
1243595526.6562471,1243595537.311523,B650E8090B
1243558390.8984408,1243558398.293945,5C4DE2CA66
1243586777.0605478,1243586784.662109,9AF0579474
1243522928.006832,1243522935.171875,06E8268EAD
1243569084.4135768,1243569092.033203,69AE80CAA9
1243569216.41016,1243569224.321289,417AF51CEA
1243543109.058592,1243543116.233276,DD164856B9
1243529146.27149,1243529155.030273,65CE7729A5
1243533330.7197251,1243533337.763672,9E7BF53A83
1243533393.216797,1243533403.364257,46795325F4
1243518030.4248078,1243518038.765625,6CED177BF9
1243518194.594478,1243518201.707519,F281C66A33
1243596295.509153,1243596303.527343,CCCCB194DF
1243572512.465948,1243572519.928711,C16AFF8311
1243572632.2182572,1243572641.154541,C22F0EF4FE
1243572891.317997,1243572901.783203,CCFD3664E4
1243587150.541507,1243587160.85852,CB76C7CF65
1243500456.99024,1243500466.012939,537C429B5C
1243500566.4082072,1243500575.699218,652E28769A
1243535628.451175,1243535635.964355,DE9C741E79
1243530465.49609,1243530475.993286,4BBE7A1AC8
1243530477.515628,1243530484.53125,31B9B93E29
1243530562.0927691,1243530570.399414,549A709CE5
1243559379.3466828,1243559389.000732,EF26105F6A
1243505084.091307,1243505092.666015,E294856229
1243505272.657713,1243505280.588867,AB47669BF7
1243548218.875974,1243548225.945312,6D5AE73F96
1243668204.3471708,1243668211.65625,1AF9991B2B
1243646625.098149,1243646632.714355,32EF06BC5D
1243637672.4374971,1243637680.132812,C932156C19
1243675478.294925,1243675487.150879,7C4F7C4F0A
1243677885.922848,1243677893.378906,6F1C771591
1243679240.073484,1243679247.578125,4C8A6ACCA9
1243666593.6572251,1243666600.759765,EE834DCCC2
1243666685.946046,1243666693.920654,A182A97F32
1243633493.84375,1243633501.903076,B49A0E6135
1243641336.15637,1243641343.374755,81B8153B82
1243632490.003419,1243632497.0625,D0F37BFAE4
1243667008.6401322,1243667016.66455,0580B0A0A1
1243665560.756837,1243665567.864257,5B6B417BBB
1243665633.267093,1243665641.706543,056138F71D
1243665687.67383,1243665694.824951,B9F3F6DD34
1243676641.626956,1243676649.220703,CD61F6EBF3
1243647224.943356,1243647232.288086,A0CFE6B491
1243672114.16406,1243672123.5625,6C10CF4F62
1243672339.9125988,1243672348.323242,3A1D9B46C1
1243674943.636724,1243674953.138672,25B851ADDF
1243682957.3242218,1243682964.957031,5C8E2C3D3C
1243646340.2963898,1243646347.774902,92B3767B04
1243654418.793941,1243654428.842773,2E722947AF
1243680658.461909,1243680666.667968,1A99C735F2
1243651334.7795389,1243651343.250976,1DF958C9B1
1243650648.481449,1243650655.982544,8002F72870
1243650778.449705,1243650786.195312,D8696B7715
1243650871.2924762,1243650881.46875,47258407A3
1243653172.743161,1243653180.227539,33B53E4B84
1243653436.045895,1243653444.775879,EC02030865
1243601752.3974571,1243601761.447265,994265DDBF
1243673923.5805712,1243673930.96289,A43B1A457F
1243645966.561528,1243645974.531005,2A90B36B72
1243646055.492191,1243646063.299804,9450E04742
1243648821.058597,1243648828.251953,F173A32758
1243610287.548341,1243610294.903808,E2B215E621
1243677358.536134,1243677365.541015,899F50BEF5
1243634044.598636,1243634052.315429,542FC76251
1243634470.550778,1243634478.704589,89389E9EDA
1243688865.961916,1243688873.691528,AE3B736CE3
1243657882.9956028,1243657890.810058,17EF264DE1
1243658007.297854,1243658015.153808,F9C1FCB3D9
1243667811.5517578,1243667818.608398,4E2968972E
1243677690.733399,1243677698.283203,92897A881D
1243683629.257814,1243683636.59082,CF1B49387E
1243649539.796391,1243649547.131836,58E5CF6F50
1243603300.011715,1243603308.507812,A973D551EB
1243657657.0087872,1243657666.833007,F78F55826E
1243662105.844732,1243662113.011718,5884B20769
1243634965.041019,1243634973.220703,4948AD2482
1243659002.9106462,1243659010.147461,01600F4DF8
1243659469.422124,1243659482.123535,4F87EF72E5
1243761953.388668,1243761961.795654,9D12406796
1243729205.559087,1243729213.685547,AAEF4A932F
1243729308.577634,1243729317.700561,60900A1471
1243719402.9394488,1243719410.75,CD961B4522
1243715414.154294,1243715421.448242,C55FA8FE22
1243736196.4672878,1243736204.113281,09257DA38E
1243755146.43848,1243755155.832031,7B6A115DE9
1243751330.2187471,1243751337.253906,628DD0ED6F
1243762177.701168,1243762184.706054,572E9F2BCC
1243750102.830075,1243750110.0,88A4CE884C
1243750218.031007,1243750225.464599,7C3155F129
1243750508.834964,1243750516.455566,7B689F10E2
1243773767.753906,1243773774.875,046A310ED8
1243753950.433599,1243753957.568359,8F064584BC
1243722629.050778,1243722637.68164,31FAA58735
1243745538.916501,1243745548.377929,8027A6EADD
1243774140.8164022,1243774147.970703,76C9B0A8BD
1243757255.024416,1243757262.981933,3C3CF486E5
1243726888.927731,1243726895.951172,68FABEA5E0
1243762498.63965,1243762506.294922,78E9676AB2
1243762697.690427,1243762705.061523,605CBDB067
1243750637.207034,1243750644.49707,A0AAA4B96C
1243732441.465824,1243732449.235351,4ABD3C2DEE
1243756509.9492218,1243756518.52832,9668E6967A
1243756701.586917,1243756709.933715,9468A0DE42
1243715853.91846,1243715861.68164,D1C6D0CB43
1243749737.2793,1243749745.425781,CCFE6449CF
1243762806.898434,1243762815.801757,704A47493B
1243762893.9580112,1243762902.49707,B0D1D6F4FA
1243749020.144528,1243749029.196289,0923247CF8
1243780266.116212,1243780274.359863,7C39AD0F7B
1243749957.099611,1243749964.671875,AE2CAC633C
1243765891.102542,1243765899.59375,792984ECAC
1243753034.4357889,1243753042.323791,7489E29337
1243781831.570311,1243781838.897461,3D1D359260
1243786537.800785,1243786545.421875,019DFAC580
1243760676.8750029,1243760684.3125,A0265E7475
1243757654.3408198,1243757662.312988,A998441C4E
1243757728.676271,1243757735.708007,385FFE4C2D
1243757909.1938488,1243757917.262695,C07B674961
1243763700.6103551,1243763709.816162,FE18E09A63
1243759554.45605,1243759562.681396,17860C2A26
1243759664.4707,1243759672.217773,A1D99F9034
1243759761.99609,1243759769.603271,B893AC9A8E
1243735129.6523468,1243735137.013672,7A87B2E88F
1243721907.3662071,1243721916.733398,BFABBDEA8C
1243747467.548828,1243747475.59375,F78649ABEC
1243765009.0849571,1243765016.193847,5AF2A1977B
1243754780.959956,1243754790.71875,2FC70F14E1
1243761618.694826,1243761625.849609,89DE7F9292
1243758489.031251,1243758500.66748,F3D9FBDF04
1243758798.4486668,1243758806.481445,F6B8260BA8
1243758832.254634,1243758839.667968,07C73E05F4
1243748419.77734,1243748428.265136,639496B4FB
1243791122.27588,1243791131.251953,BBFDFF2B9C
1243790383.870114,1243790394.297851,A99CDE6F1C
1243790494.34375,1243790502.757812,355F29DF61
1243727751.587894,1243727759.495117,B7875E3A00
1243751640.279542,1243751647.373535,1F7E111358
1243711556.9179718,1243711566.501953,FEF1C28D2A
1243724309.129399,1243724316.751953,3EE00409FD
1243775053.796636,1243775062.378906,E4CFB72834
1243741934.044309,1243741942.013427,FAC41AC7B3
1243742237.138675,1243742244.4375,65566F33A4
1243756862.27734,1243756873.292968,0769B5C31D
1243735905.927733,1243735914.260742,9B6C3460D3
1243755605.036624,1243755615.154541,047E7284E0
1243778808.872076,1243778816.878906,FC9C1C6753
1243782139.1152349,1243782147.343994,A5F6BF09EB
1243782171.461547,1243782179.038086,85AA317F7F
1243786130.458009,1243786138.841797,8F84CBAEF3
1243739143.477054,1243739151.992187,A5F94AAF8B
1243740558.130371,1243740571.993164,3458FB911F
1243715305.460934,1243715312.7583,BE223B672F
1243737885.360353,1243737893.360962,C27EE0E614
1243725200.437013,1243725209.752441,E56D5BB411
1243785886.9150388,1243785896.531005,36589F2863
1243743771.822267,1243743778.93457,71FEC26EAE
1243743831.02441,1243743838.750976,21CF17EC20
1243726372.7680688,1243726381.172851,75C61D787E
1243720407.662356,1243720416.618164,49549B0013
1243753706.671878,1243753715.081054,32B18FC9A4
1243751160.8740249,1243751170.248047,08A1FA8B1D
1243752326.1113272,1243752333.112304,6DF12CC80E
1243752402.4999971,1243752410.503906,CF9362A657
1243767561.690432,1243767571.445312,7DCF201251
1243746356.328616,1243746364.693359,4FDCC88EE3
1243746470.710934,1243746478.363037,BD6FB65204
1243746790.357425,1243746797.660644,FBFC22A1EF
1243736908.2980912,1243736917.15747,D3CC49DCA2
1243891585.7524412,1243891593.063598,1F5CF358E5
1243896006.310544,1243896013.510254,A2BB30A1F9
1243890260.765622,1243890268.559082,BB1D23D456
1243806656.208981,1243806664.78186,0154D17141
1243836405.556637,1243836413.499023,2D095C3B14
1243839356.0214849,1243839363.950195,C1A3678576
1243805864.564937,1243805871.730468,A2B40F37CD
1243838272.5129352,1243838279.660156,ABE22C2725
1243897553.412113,1243897562.396484,260BA36621
1243829084.766607,1243829091.777343,B00F2B4529
1243818033.300783,1243818041.083984,96C9EAFEF3
1243859326.3749988,1243859333.797851,69B1BA91EF
1243859459.1741972,1243859467.267089,670396C963
1243859517.6249971,1243859524.93164,2BDC046236
1243831041.051027,1243831048.457031,9273BB8C94
1243891802.797851,1243891810.603027,1C91A3B173
1243893069.332031,1243893077.555664,45FC98BE11
1243818627.422368,1243818635.021484,4E4528FC44
1243819037.6630888,1243819046.285156,1A2C570DAC
1243806222.5595698,1243806229.639648,95AB8A3B1B
1243887859.087887,1243887867.199218,3B6C5277B8
1243888014.093751,1243888021.222656,9F3F16FEA7
1243824996.5102549,1243825005.251953,9C497236C0
1243974265.199224,1243974272.762939,0F96D781B1
1243967700.282223,1243967707.519531,AE8500516D
1243967778.31543,1243967788.789062,F891CDDAC6
1243940306.324458,1243940315.067871,4BC708B2B6
1243986377.174804,1243986384.193359,1F09C2CC9C
1243958227.8356972,1243958237.820312,3456A3BE7F
1243962959.564456,1243962968.442382,35168AD408
1243952956.1250038,1243952963.333007,5C82220E1A
1243961516.682621,1243961524.640258,E7E345A237
1243961711.408201,1243961719.017578,A13328201A
1243967161.68311,1243967170.103515,8930E650CD
1243997986.59766,1243997993.705078,31B6DE690A
1243922541.131837,1243922550.117187,0944DB28FD
1243968117.679691,1243968125.376342,C1ADB3EE76
1243938781.560546,1243938788.722168,6ABA0E68D8
1243938571.349981,1243938578.658203,A6AC968330
1243930933.3076189,1243930940.431152,ECD81D067F
1243942507.108396,1243942516.290527,C734E36023
1243953975.208011,1243953982.259277,507E162ADA
1243954052.859375,1243954060.573242,12C0B72E47
1243950554.038578,1243950562.108398,1BE9969C82
1243987857.041992,1243987864.978515,32CB014A32
1243965281.2705069,1243965289.885742,36472BD669
1243926381.776363,1243926389.120117,FF065C7B28
1243996612.439449,1243996619.5,4A9B7E373A
1243992801.174069,1243992810.834228,703E494196
1243980153.043946,1243980161.751953,B947466BE9
1243965884.781246,1243965893.759765,A1D38C44DB
1243918963.8125,1243918973.963867,B743C05998
1243975924.0693388,1243975931.426757,7203973FD0
1243961910.013675,1243961917.685547,BB2AC2BAEA
1243987073.6962888,1243987081.542968,9B55FB47AB
1243983432.230957,1243983439.363525,94C4C62984
1243939381.451659,1243939388.523925,290AB1113B
1244017689.4707,1244017696.57788,05834A8296
1244058372.421388,1244058381.270019,BFCDBDAC84
1244021006.84766,1244021014.196289,A2D6CE11CB
1244045968.880856,1244045979.032714,54807DE7CC
1244049333.597905,1244049343.270996,9F21060309
1244079554.5078158,1244079562.405761,CB4D881439
1244011000.011722,1244011008.044922,DFF025BCF9
1244000831.120121,1244000842.445312,B07C0799DB
1244000863.032227,1244000871.798828,FA91007544
1244091906.009275,1244091915.517578,5D6BAA7D29
1244018265.7329152,1244018274.420898,6D8D7E38F0
1244018357.038088,1244018366.095703,233AEC837A
1244068204.428712,1244068211.464843,89D2B82168
1244025465.827512,1244025472.847656,64C43B2D3A
1244022933.822266,1244022944.298828,F94B8A1647
1244035292.360348,1244035301.60205,5BCDAEFDDC
1244049791.480465,1244049801.164062,33A391C277
1244092300.218745,1244092307.282226,9CB298AC71
1244060260.032225,1244060269.25,D0EFC09A82
1244060339.34375,1244060346.435058,B603B9C270
1244005418.159669,1244005425.777343,80046F995A
1244068898.250607,1244068907.938354,C86AAAEBE7
1244068984.606445,1244068994.429687,29A5481512
1244069173.911138,1244069181.824218,154EEFBC3D
1244069398.429688,1244069405.666015,6D468885BB
1244081602.118165,1244081609.377929,C87B44FFDE
1244081736.781858,1244081745.581054,89F7463598
1244027245.977052,1244027252.990234,E281B97398
1244011208.636715,1244011218.121093,C587BB652B
1244077949.8349638,1244077956.99414,5F4BB78AD4
1244062938.349612,1244062945.384765,83102FDE8E
1244052154.056643,1244052162.624023,CFB7D7F6F7
1244023899.5546908,1244023910.165039,0DA0DEBD35
1244035886.4707038,1244035894.703125,35F39D8DAE
1244091789.4130878,1244091797.959472,B1A5D5177A
1244076825.755856,1244076835.986328,954B62A7DF
1244037804.908941,1244037812.978271,61597E2715
1244085551.7529328,1244085559.566406,B4DE709159
1244034963.326172,1244034970.332031,858644564E
1244050389.556637,1244050397.092285,1EA64F421A
1244052761.8359408,1244052770.282226,488CD828AB
1244074565.756836,1244074573.176757,A91C480320
1244003425.042363,1244003432.158691,6CA106D291
1244092544.221316,1244092553.453125,F0D9AA8B35
1244092793.170898,1244092801.985351,780FAD61A9
1244096981.9043,1244096989.643554,32D2EADEB3
1244062578.825194,1244062586.320068,EC802E7579
1244011616.384764,1244011625.006836,4040BE6357
1244014505.187501,1244014512.967773,D6104818CE
1244082777.5477269,1244082785.253906,DCDC60A2DE
1244136570.386723,1244136577.492187,4A9CFB47B9
1244136613.441898,1244136621.594726,1D43A55402
1244149772.649417,1244149779.677734,3D02808A18
1244180778.2290049,1244180785.65155,3185E30E86
1244176836.048831,1244176844.483886,71CF7440AA
1244113439.8828158,1244113449.297851,458CCBDD80
1244174630.1113322,1244174637.470703,1649FAE9DE
1244108712.0986302,1244108720.363281,16398E95C5
1244178101.093263,1244178109.985351,286905A140
1244122673.193235,1244122686.735351,D776856BA9
1244108996.532228,1244109003.546875,6620C80A77
1244109008.133792,1244109015.433349,29BEFB54DC
1244109579.805112,1244109587.90747,DC0489FE72
1244138977.7148468,1244138984.9375,03E97BBCFB
1244177541.145512,1244177548.683105,9DCF5B776E
1244177684.530273,1244177697.282226,F678EF92BE
1244177753.3505888,1244177761.018554,9BEAA236A6
1244198075.2011728,1244198082.370117,896CA60C58
1244139355.157223,1244139365.59082,665082CE27
1244123211.182861,1244123218.909179,6019922663
1244143017.564696,1244143025.068359,5B3B3C4863
1244141984.9042969,1244141994.0,A7143885CB
1244115941.577148,1244115951.791015,5BDB160A67
1244115968.993895,1244115977.641601,A5C91E4188
1244139893.5236871,1244139900.560058,22B3049A51
1244144142.822262,1244144150.374023,CB93A6313D
1244145520.34375,1244145530.555175,6FEE010F4B
1244173183.570313,1244173190.832275,3E97A9D36C
1244190332.58789,1244190340.458007,6EC25183F3
1244167149.356198,1244167156.716797,1A7B03202F
1244151961.631711,1244151968.741211,1CA1B98B87
1244152271.3476589,1244152279.194336,6F132CE47C
1244148075.245118,1244148082.693359,6DF9D36CC1
1244148131.37598,1244148139.628906,59277A08D3
1244134806.724857,1244134815.346679,BA6F0DAC52
1244178545.625,1244178553.110351,A5E5D4C2EE
1244178720.974606,1244178728.375976,0A54DA8DAF
1244131525.683594,1244131533.832031,C0C16D44BD
1244146655.215817,1244146662.609375,3D58091771
1244146915.600826,1244146924.90625,6F150820D0
1244150226.35254,1244150233.868164,5689272F5B
1244164604.7705128,1244164611.980468,D43F4060C1
1244179982.199215,1244179990.342773,B9E387E969
1244120773.735348,1244120780.972168,C9F70773E4
1244145912.74609,1244145920.390136,03C3547FB0
1244145933.98145,1244145942.178039,0A16AD2FBF
1244145997.216305,1244146004.366211,84D2332E4A
1244169739.317385,1244169746.49414,0C2281B2A4
1244106484.343748,1244106493.667968,BED0072E80
1244138631.5732422,1244138639.826172,A6A64C54C8
1244138735.208987,1244138743.208007,C7B67DD859
1244151427.779297,1244151435.366455,72D1C0678A
1244151465.8115249,1244151473.662109,B9ADA9BF5E
1244151504.380862,1244151513.627929,8C5F916671
1244129440.998775,1244129448.703125,7AB0CE1406
1244129465.227298,1244129473.026855,F304ADBD0D
1244155756.75,1244155764.722656,D5A75ECC1D
1244152786.470464,1244152793.904785,5646971ECA
1244154142.992193,1244154151.795898,60DEB58CEB
1244176026.830808,1244176034.144531,11A76C57F1
1244176204.354982,1244176214.161132,BFFD223C53
1244160286.8730469,1244160293.879394,1F2AB6F8ED
1244160590.717773,1244160598.361328,AD8FD7EAF5
1244141814.983888,1244141822.059326,8AC1B54714
1244144553.914795,1244144561.697265,37A69B5B45
1244187665.9873078,1244187673.244629,0A8B910C35
1244176985.9540992,1244176993.726562,015BDE1235
1244197394.50781,1244197401.579956,96A28C81FD
1244142473.281255,1244142481.595703,9DE21DE87F
1244185958.313481,1244185965.339843,57028B90D9
1244111844.675786,1244111854.042968,D1C1E56FE9
1244147592.991213,1244147601.091797,A0B133B9BC
1244147864.836065,1244147874.103515,9F0EA195C6
1244142179.40723,1244142186.421875,FAD3E37CAD
1244142220.624514,1244142228.232422,3C727737FE
1244153348.938473,1244153356.540039,1A2235196A
1244153574.067076,1244153581.479492,6E9D72C668
1244136283.7993188,1244136291.509765,F632FF2521
1244197869.919918,1244197876.953125,CE5D09CC30
1244141557.1962872,1244141564.21875,427D8CE064
1244289571.690433,1244289580.846679,3EC5D71DE6
1244260805.18848,1244260812.276855,0AF3E2D5BF
1244240109.733398,1244240117.875,4CCCCD39D4
1244231928.2119138,1244231936.013672,85C55455C6
1244222936.8974638,1244222943.970703,D0CFDCE0FB
1244275064.956057,1244275072.25,6F2A6FBF33
1244288765.894651,1244288773.768554,098AB32B13
1244288940.697262,1244288950.376953,E0B9576590
1244238597.320802,1244238607.194336,974663B88A
1244220354.47461,1244220362.915039,6DB7D9ADDB
1244280882.999027,1244280892.918945,7FF7FFEEAF
1244240877.455081,1244240884.491211,61C5C4EDC6
1244240914.185543,1244240921.423828,F59CBC76F7
1244240926.699221,1244240933.905761,3793BD556A
1244266197.644535,1244266204.917968,DC025DAB23
1244237746.967777,1244237753.993652,0CC33F7F71
1244237945.166989,1244237954.820312,6EC5DB6931
1244201601.141116,1244201608.68042,6F37DFCB91
1244229768.929684,1244229777.637695,2AB358FE4A
1244204368.932621,1244204376.82373,28C64FB01E
1244271028.967779,1244271036.297851,E47D430683
1244241333.345706,1244241343.124389,81D582D117
1244239468.384762,1244239476.171875,07DECA11A5
1244238118.338864,1244238127.964843,B0231991CE
1244232895.192386,1244232904.243164,168BF88E54
1244232998.06445,1244233005.796875,50FAF1D697
1244233005.800785,1244233014.189453,2F7DECB675
1244241654.546872,1244241662.610351,09650701B3
1244267873.69922,1244267883.107422,B9920B54C4
1244229215.9697309,1244229223.689941,A8A7DC66AA
1244236374.711427,1244236382.458007,F314285A7B
1244236673.1752882,1244236680.505371,FE0580A952
1244239128.583497,1244239137.313476,4203907120
1244270651.053834,1244270663.474609,79100D9B0B
1244284202.065426,1244284209.455078,66F48DA614
1244284254.050169,1244284262.359375,31CDCEB3A2
1244234519.101806,1244234530.15039,CE066CAF1C
1244333627.483158,1244333635.486328,B33A04E753
1244348560.149411,1244348567.227295,29066BB07B
1244369748.471925,1244369756.725586,1F44CF9547
1244384699.358394,1244384706.541992,0B9AC2F42E
1244366645.112794,1244366652.203125,A0082730D4
1244353100.21777,1244353109.450683,24E7C0325F
1244368347.468754,1244368354.542968,83CA6DE45F
1244334196.0849638,1244334205.643066,33262F03A3
1244363976.964847,1244363985.979858,B2C026AE22
1244321508.999028,1244321516.416504,DC02DFFB78
1244356873.512208,1244356881.886718,F8A5F5CD12
1244362931.986814,1244362939.846679,4C6B673A82
1244364946.673823,1244364953.841797,11BC17B4CE
1244365085.3623002,1244365093.210205,6514E48670
1244399081.9150372,1244399091.195312,F7C11B38A8
1244389653.23437,1244389662.796875,0E22463403
1244389667.707031,1244389675.875,2D99A870CC
1244353855.963872,1244353868.503906,119E3C75F3
1244340539.641597,1244340548.971679,86D435059A
1244358878.90625,1244358886.373047,5938C6AAC3
1244344893.039062,1244344900.53125,E8A7F63E55
1244346678.953616,1244346686.15039,2797604961
1244377720.0722702,1244377729.227539,EBFAA9B483
1244374149.318362,1244374156.606933,1A94BA3C87
1244373272.12695,1244373279.504394,A3DD0485AA
1244325778.5751948,1244325785.635742,F13E1732F2
1244360087.03272,1244360094.676147,A701C399F1
1244398288.304684,1244398295.320312,69061A4480
1244372047.521486,1244372056.451172,CE58126A4F
1244369277.598637,1244369284.714843,0D24BD6493
1244369327.2919948,1244369334.36853,D338B11D0C
1244371532.0957072,1244371539.645019,17A815B2E9
1244329475.205568,1244329487.344726,531ECE04D5
1244329571.221683,1244329578.578369,9B5BB9C115
1244333898.644528,1244333905.875976,F803F11110
1244332093.693235,1244332100.720214,144435109F
1244395515.555659,1244395522.744629,3868C913C3
1244372405.053468,1244372412.055664,739C84A32D
1244335638.830076,1244335646.618164,04A059309A
1244395873.9169948,1244395881.787109,63D3789D7F
1244396921.207028,1244396930.611328,CBD233E498
1244332969.880862,1244332980.205078,4D39918535
1244321154.3727982,1244321162.075195,9A3A79E13E
1244380764.417967,1244380771.828125,1DF78CD0E4
1244382720.882816,1244382728.519531,6E1E44F98F
1244331792.104742,1244331801.65625,493CAC9794
1244349511.714601,1244349519.092773,FD0FE923CE
1244399614.684572,1244399622.398925,ED03732356
1244401307.665526,1244401314.733398,A1BF76780C
1244486322.2094738,1244486333.437988,3E73A7998B
1244497156.167972,1244497163.351562,B60A55C243
1244473771.47266,1244473782.120117,7348BEB189
1244451350.168942,1244451358.534179,F13713B590
1244424040.551754,1244424048.230468,1BB856722C
1244481021.394533,1244481029.079834,FFF7ADC0E7
1244491317.1113229,1244491324.266601,279E6226A7
1244456109.6660202,1244456117.301269,6F724BA59C
1244489006.6162071,1244489014.708374,452C620F14
1244404721.387208,1244404728.724609,DD4EFDBE06
1244490413.988278,1244490424.317382,3AF06921F1
1244490848.218747,1244490855.425048,467556118B
1244490985.366209,1244490992.992187,F99ECCF305
1244440168.988286,1244440177.234375,6CE72BA0EA
1244443866.600101,1244443873.974609,D5FDA1B361
1244444323.547848,1244444331.503906,E3ED24ED0E
1244429314.034481,1244429321.540039,8C3CB48ECF
1244477676.954097,1244477684.936767,D4BC7E49CA
1244470229.617186,1244470236.769531,A29EC6A70E
1244439797.6308649,1244439806.471191,2E318E2C96
1244484684.9477549,1244484692.258789,AD37B82570
1244489301.699216,1244489309.109375,7C7554C4A2
1244424914.9419,1244424922.484863,892CD9874B
1244471685.379886,1244471693.704101,115285F99C
1244405710.573733,1244405718.664062,3302D9A366
1244438058.182618,1244438065.444336,A901E6224B
1244446547.708981,1244446555.310547,B140F5DC1C
1244433340.944219,1244433349.170898,C166C8F592
1244433446.919923,1244433454.347656,8374F9B363
1244438844.508787,1244438852.341797,0FE2CAA3CF
1244479635.763671,1244479643.568359,D48D436753
1244479678.499999,1244479685.658203,5E342A14BF
1244407565.672125,1244407574.498047,E70A9EB889
1244442386.286135,1244442393.507812,DD3BF6922E
1244445093.992434,1244445101.375732,6FE1CB88A0
1244403275.5693388,1244403283.27539,28C052B91C
1244496635.913087,1244496643.093139,BF39FE42AA
1244474802.722901,1244474809.930664,5A19C769F2
1244498269.749027,1244498278.581054,E2113AC26A
1244431457.1926222,1244431465.695312,DEC37F6C3C
1244475514.890625,1244475522.433593,A5CC0C7D17
1244475759.49805,1244475767.575195,09302E3165
1244421549.833981,1244421557.125488,4AF5CF0D8C
1244447529.166753,1244447536.55249,20D9BE4F58
1244447574.678711,1244447581.8125,593619C0F4
1244483648.784178,1244483656.318359,CC49CD4956
1244441039.792973,1244441047.375,2FBFF5FC94
1244476292.9111328,1244476300.907959,2FD8483F24
1244529376.62549,1244529383.661865,08E1ACDFDB
1244559390.9342,1244559398.850097,191083D5B9
1244504997.667477,1244505005.061523,9C7820AD31
1244540863.898437,1244540871.24414,5DF6AB5257
1244540985.198244,1244540992.738281,00E3A651F5
1244541139.589848,1244541150.516845,9842AE7999
1244539994.4164991,1244540003.0,0BB6E384F5
1244593292.358402,1244593300.893554,D660CDF346
1244597609.947267,1244597617.198242,AAA6208FD9
1244532655.30176,1244532662.972168,16B1D86B87
1244569614.179687,1244569621.407226,67E2F3F3EC
1244596636.1210968,1244596645.323486,72BF8FA200
1244587719.003904,1244587726.518554,306D73A194
1244578681.648435,1244578689.958007,AA5B554AAB
1244518652.6767612,1244518660.241211,BB4E8C1F7C
1244564523.952145,1244564531.601562,B2DE14D818
1244530164.679684,1244530173.538574,44470AE5B6
1244505986.069576,1244505994.799804,E9AF73830E
1244533984.65674,1244533991.66455,964C93CDE6
1244586019.257809,1244586027.061523,3D973DF8C0
1244538345.7534208,1244538355.227539,2EE0C2D949
1244507154.997075,1244507162.928711,D63703AD6E
1244598551.5625,1244598558.658203,17B0BF55A7
1244573873.424806,1244573880.984619,74C40DE264
1244599095.1054711,1244599104.706054,C0A6BDAE65
1244531815.649417,1244531823.621093,B6F4A6032E
1244519974.722163,1244519981.829101,94FCA6EA26
1244565690.963864,1244565698.223632,55B018573B
1244505218.110348,1244505226.180664,2573E78E2D
1244505456.4191868,1244505464.262695,1F6E0FE1AF
1244540577.923831,1244540587.091797,E539D04D18
1244526186.238285,1244526195.101562,9D76E5E413
1244585774.708499,1244585782.321045,EEF6F22F5C
1244571242.289066,1244571249.655273,D6510518E6
1244551029.9873,1244551037.041015,59C1DA8223
1244551042.120116,1244551050.696289,D984B2F746
1244569787.391605,1244569794.643066,245C268782
1244505529.7695348,1244505537.097656,CADEE14345
1244553369.854491,1244553378.770507,3F2EF6A030
1244553384.068362,1244553394.191406,EE8EF4C1C6
1244566113.544918,1244566121.304687,7197EA5DDD
1244599465.238285,1244599472.419433,CE6B2179BF
1244590493.2929652,1244590500.529297,89AA4A5153
1244590627.712894,1244590637.94934,99582CE9F2
1244557814.817386,1244557821.828125,B459846F85
1244570934.306642,1244570941.75,016FE9D97D
1244555451.058351,1244555458.447021,458CA9A871
1244535961.715337,1244535969.773437,D7CDF85E7F
1244536307.368167,1244536315.631836,23AF2A6129
1244536351.3300772,1244536358.657959,D07BB59A21
1244576025.407715,1244576033.045288,000E8E3DC6
1244554169.2700171,1244554177.389892,6F47D5BF93
1244599903.074218,1244599911.662109,D7DC0E7A76
1244586842.825197,1244586850.21582,7ADF3DBDB4
1244587016.497074,1244587024.169922,5E0DB0E709
1244633891.5,1244633898.510986,6E10F73321
1244694957.848636,1244694965.824218,0CC2C626F1
1244639298.3291,1244639305.742187,125A411673
1244650199.423828,1244650207.478515,205F5DD6AA
1244650233.8701198,1244650241.552734,7A292B6E65
1244622946.15625,1244622953.796142,6B534AD24A
1244646639.523438,1244646647.723632,2D46C8449A
1244646685.323491,1244646693.414062,EE2DD5385A
1244650783.6171908,1244650792.511718,ADF0B76045
1244693921.16797,1244693928.932617,CBD2E22C75
1244694054.125982,1244694062.680664,DC6D625A33
1244694266.602536,1244694273.870117,90279C7E2C
1244612485.312504,1244612494.074951,C4803020F3
1244651069.3918412,1244651076.917968,27B1BFCE9B
1244625307.805659,1244625315.547363,1BFD3827C0
1244625336.686527,1244625344.857422,07DF30B072
1244637538.169923,1244637545.193359,F345D6DFF4
1244635435.238409,1244635442.410156,BC961527D9
1244666529.483402,1244666536.687988,C8D316DE84
1244632638.6748078,1244632645.859375,F7972DBA6A
1244659680.482425,1244659688.86914,213C206F96
1244699773.949222,1244699781.521972,6CCEA567A5
1244645437.857426,1244645446.694336,3FA8135264
1244631453.31152,1244631460.636718,6D006E2813
1244616637.022461,1244616644.073242,6FD2039F37
1244672817.700192,1244672824.710449,13D2E287C4
1244673137.3862278,1244673147.040405,0ED122D9B8
1244610194.669925,1244610201.842285,6AD8DAAB5B
1244610427.963864,1244610435.610351,5437FFD224
1244610742.961425,1244610750.370117,801C292964
1244653157.888548,1244653165.162963,F24C702C42
1244669639.79687,1244669648.004882,2046EA11B6
1244649823.02905,1244649830.75,AA5AAE5147
1244696898.210446,1244696906.446289,792261A4B3
1244615720.754879,1244615728.006347,C7EB76F24A
1244636103.930667,1244636111.037109,7E2A99C1BA
1244608984.819211,1244608994.33789,6A33B01F44
1244609309.136722,1244609316.148437,F60F64132D
1244644345.360348,1244644353.186523,160878CD16
1244602432.04687,1244602439.505859,D3D4A7DEC9
1244611778.974614,1244611787.208007,B95EAAB11B
1244640473.199708,1244640481.21289,A728D2CD98
1244628391.8584,1244628399.378051,1BF5D1D8DF
1244628488.211917,1244628495.924316,40A2088944
1244628722.738278,1244628731.969726,415E3370F4
1244632126.173831,1244632133.269531,1DD332DB87
1244600896.653325,1244600904.440918,41B4DC980B
1244602101.455081,1244602109.393554,312B5391F6
1244603495.3896482,1244603502.743164,6071582E48
1244720584.300296,1244720593.062622,617233632E
1244724575.54687,1244724582.910156,73E376AE67
1244706841.293951,1244706849.447265,B9474DB342
1244706893.907718,1244706902.696289,5B57111E70
1244731913.072269,1244731920.186523,7593D1B94D
1244763518.187502,1244763525.419433,F855C586F5
1244705894.314817,1244705901.671875,0F2CAE8052
1244706155.525395,1244706164.456054,12E5976B5E
1244737188.314214,1244737195.348632,A825BD5415
1244751464.158203,1244751472.789062,04E97A0019
1244746455.892575,1244746463.466797,5941575B78
1244746639.331968,1244746646.911132,ED88B241FB
1244746756.375973,1244746765.7583,B78C5A82CC
1244741830.0051222,1244741838.231445,47596451E0
1244741853.4223611,1244741862.286132,545A733772
1244742049.523441,1244742057.042968,3D24907680
1244749770.53125,1244749778.149658,199B06E9A3
1244749798.495664,1244749807.086914,0AFBC64B34
1244750242.410153,1244750249.833007,F3DF1B178F
1244745918.703615,1244745926.152343,7788FFE707
1244722067.982418,1244722076.828125,ADC3C76B9C
1244722611.4375,1244722619.830078,93D4763398
1244704964.9062471,1244704973.042968,35781DE447
1244705098.575685,1244705111.367187,EBF0AF69AB
1244776931.834718,1244776939.313476,4CA19D7177
1244769557.916013,1244769566.361328,7B46C0B758
1244748017.7998078,1244748024.939941,4890D619C0
1244712474.1269572,1244712482.363769,485E84637B
1244710306.616215,1244710313.730102,0EE2A9C217
1244710931.8418,1244710940.180175,5B2B2C5E4C
1244711797.3276322,1244711807.797851,E9212AD853
1244716859.36816,1244716867.916992,AA2F5FDF56
1244773154.467777,1244773161.501953,16C752BC79
1244763301.4375,1244763308.542968,166BD4973B
1244712848.868658,1244712859.444336,3CCBDDC1E5
1244705263.218751,1244705271.808593,BF7F2B70C4
1244767539.671875,1244767547.155273,EBC433EA5F
1244723068.353512,1244723075.946777,B8E64D9660
1244734677.528745,1244734684.80664,5AB25B4268
1244739244.157223,1244739252.007568,D26BB4FD47
1244718158.038576,1244718166.521484,6CB87E4C0F
1244718300.201662,1244718308.079589,55DB735DE0
1244788924.3720748,1244788931.436767,C1B4EB6E58
1244705691.728515,1244705702.177978,019C636112
1244727735.043453,1244727743.017578,7514853194
1244727769.625003,1244727777.197265,0FEADF8CCA
1244720641.888187,1244720649.595703,DA2B41BD49
1244720949.12402,1244720956.907226,4798F05D0F
1244732794.270513,1244732802.841064,9C16360CCE
1244732859.9455578,1244732868.493164,D8072658EC
1244749106.267574,1244749114.11914,A4D9D3C38F
1244716603.460941,1244716612.336914,4112B022F4
1244748676.917478,1244748684.954101,C80F267E96
1244733123.578122,1244733131.125976,1E5C9C2440
1244768320.7109408,1244768328.910156,3C73502136
1244747006.7763689,1244747014.811523,69FBE59B0C
1244752394.248537,1244752403.866943,CFEE0F9C85
1244706419.962399,1244706428.033569,6EF4424E72
1244742576.6669948,1244742584.249023,7E76429ECF
1244742630.453128,1244742639.132812,8738F3D6C5
1244743033.08838,1244743042.469726,C58482EB03
1244711043.1748002,1244711051.726562,4E19F5DF2B
1244774633.460935,1244774640.864257,49774E8D1D
1244738117.9374971,1244738125.32666,0A18413D87
1244714159.37305,1244714166.570312,915C4BBD49
1244759897.916017,1244759905.702148,DD997998D7
1244783712.200685,1244783719.240234,1DF5CD5B2F
1244764053.156254,1244764061.128723,E866B037C3
1244765376.6557572,1244765385.183593,3F2F1A4231
1244765408.0673828,1244765415.43164,637A43B086
1244740805.506345,1244740813.335937,DC17CAE201
1244729219.69043,1244729226.929687,163775E1BF
1244739904.059567,1244739911.069336,18BA54ED4C
1244719710.630367,1244719717.787353,29D2E54644
1244756276.677737,1244756283.857422,32F2221A80
1244726295.551759,1244726303.047851,58D3936579
1244726385.592531,1244726392.713867,CDE22E709B
1244715698.729494,1244715706.721679,B5AD9C8F45
1244736388.21698,1244736396.093017,31E9239B8B
1244772120.7793002,1244772128.095459,741FCAA106
1244732433.6826198,1244732441.771484,4751CCD326
1244845906.530277,1244845914.388672,F142A1A9D2
1244843466.616216,1244843476.851562,FBA873D12A
1244843833.200192,1244843841.006347,C99AC03BF0
1244804112.520511,1244804121.118896,D00A40E322
1244848366.817387,1244848377.334961,DDB27A30D0
1244817057.9519072,1244817067.423889,515CD8DE66
1244833055.473634,1244833063.579101,8B4B157EE8
1244849923.228032,1244849930.821289,B447738393
1244872520.35352,1244872528.40039,DDAEE11248
1244872569.329835,1244872578.356445,FDA658174B
1244836406.6806622,1244836413.829712,E27C08DD4A
1244885804.1074271,1244885812.351074,465FA3F581
1244853367.695309,1244853374.756591,B3F36DADC0
1244800477.809574,1244800485.065429,FACECCAA0A
1244800555.3341029,1244800565.457031,D17B58C67D
1244894057.086911,1244894064.546264,CE85DB6C5D
1244894276.361331,1244894283.471679,39EB2618B5
1244882429.926762,1244882438.90039,89DC5C8F73
1244880735.716802,1244880743.740234,48F3C35DD5
1244863622.4387188,1244863631.105468,1E7AFB3238
1244863757.946285,1244863767.128906,C9B2A3FB33
1244870587.71875,1244870595.370605,D620453DAC
1244870615.668455,1244870622.797851,EAB84CE515
1244874729.8979452,1244874737.679687,19648D2898
1244849767.195309,1244849774.325195,10C8422486
1244887463.71777,1244887471.630859,7E2B0E7C6B
1244842868.999027,1244842877.78125,90992EE8DE
1244847589.839601,1244847597.455078,2D42152DA6
1244805703.5791051,1244805711.448242,9BD526F685
1244834825.9960968,1244834833.696289,7BF3114DD4
1244871141.35254,1244871151.437988,C0873927DC
1244892973.609255,1244892980.789062,44E5A7AAAC
1244878160.386958,1244878167.387695,A908F0FEC9
1244890363.2441409,1244890370.860107,1F1CE1D9E2
1244847275.996097,1244847283.430664,B6E2544346
1244845070.798833,1244845078.645507,6DEF567A59
1244897351.7150831,1244897359.313476,29A0AFB63F
1244802693.413089,1244802701.034179,FC3DF46C74
1244852427.430669,1244852435.156738,AEEA84952F
1244814820.098629,1244814827.486328,AC0FB10597
1244843965.3251998,1244843972.344726,63514C5C3C
1244841771.054684,1244841778.665527,94D74D2857
1244892043.446292,1244892053.563476,6091C699D6
1244866138.553715,1244866146.237304,2DF3809B39
1244881115.50098,1244881126.323242,B9502117FD
1244874301.966184,1244874310.625976,8F16BED603
1244871442.1621149,1244871449.785156,88F5DA20EE
1244858101.299806,1244858109.804687,C9942C45CF
1244807047.883792,1244807057.707031,404EA4FC9A
1244832666.515629,1244832673.888672,1DC025A021
1244832716.217535,1244832726.074218,1B618D564A
1244873773.705075,1244873782.799316,9659D39CC2
1244858775.2636712,1244858783.020141,CE5E92AEA2
1244869393.422853,1244869402.195312,90BA9D8110
1244882712.485472,1244882721.716308,3B7E4A9609
1244856341.7656262,1244856349.828125,73522A9103
1244875920.6799328,1244875927.984375,44992DCF8A
1244876071.790042,1244876079.142578,9F235281F2
1244885498.406246,1244885506.977539,44DC51A069
1244835755.9570282,1244835764.375,03CC62A97C
1244887579.969478,1244887587.388916,163B7A5214
1244887644.808592,1244887652.066894,10E023C672
1244869682.8212872,1244869692.894531,C701BBC711
1244935089.1904309,1244935096.34375,2C1ABEB1C3
1244999388.403323,1244999398.484375,31CBC2EADC
1244938309.182614,1244938319.005005,6CC4747F1C
1244944141.947269,1244944151.575683,FFF2E0FAE7
1244938005.061528,1244938014.284179,09B4D0D309
1244939753.439703,1244939760.677246,BE97CF82E3
1244949288.828122,1244949303.964843,538F638D45
1244947384.867677,1244947392.425781,8936599CFE
1244939412.176514,1244939419.856323,BECC3A5CBF
1244939439.721676,1244939447.990234,16B5EB6EA2
1244995840.5667722,1244995848.157226,E98CA529E9
1244943196.0263631,1244943206.525634,1707A34208
1244939997.2906451,1244940008.517578,B062571517
1244997739.66602,1244997747.763672,1F9251F14C
1244997913.903317,1244997921.015564,924BB06395
1244999560.582028,1244999568.326172,582A1F250C
1244999796.735843,1244999804.217773,5221BF897B
1244950125.81616,1244950134.442382,BBAA9CF47C
1244993377.3125,1244993384.882812,5E17D46D76
1244993416.826168,1244993424.657714,9E9C53A211
1244993533.5094578,1244993542.169922,F5525F346F
1244992822.2570791,1244992831.994751,A897E7773B
1244999428.707035,1244999439.40039,84DB14B87F
1244941038.5,1244941046.373047,37852D924C
1244987420.446291,1244987428.40625,DECD98D3D0
1244987929.060552,1244987936.854492,6A05EBE480
1244949550.88757,1244949557.989257,65894F9684
1244998367.449214,1244998376.43457,D1418A227E
1244983890.179201,1244983898.264648,44317D423B
1244943044.824223,1244943054.307861,B54712E707
1244943069.174436,1244943076.866211,BA8E9061CF
1244936950.713378,1244936958.166015,7003EF88AC
1244937432.821533,1244937440.92456,20BA9A25D2
1244941540.02881,1244941549.127929,61846322CE
1244938750.1669972,1244938757.578125,46746603FB
1244942303.916989,1244942312.960937,9BC790ED41
1244934920.173825,1244934927.476562,319F4055D5
1244952058.6806622,1244952066.364257,9F746871F5
1244946923.4863248,1244946931.631347,A56E1CB278
1244947151.00928,1244947158.100586,5FCF3E2864
1244948108.337896,1244948118.818359,880E34E3B7
1244997436.8125,1244997445.840332,FEED1E6E10
1244950930.554691,1244950939.214843,C2814EE598
1244985105.083004,1244985113.676025,07FB898051
1244990113.5488288,1244990122.124023,FB2B26A907
1245036337.686527,1245036348.157226,5D458662CD
1245047453.32007,1245047460.671875,4B50D9349A
1245098913.802247,1245098922.049804,ED78A0F8CF
1245099282.987307,1245099290.146484,FAF6B930C0
1245027722.267581,1245027729.548095,B862E58904
1245096341.080562,1245096350.676757,1CE4D3B981
1245053944.351559,1245053952.175781,E87F33316E
1245031591.446285,1245031598.722656,A7C87484B9
1245036579.4643528,1245036586.496093,E5F3A48CF5
1245086998.2500029,1245087005.398437,992A8B8379
1245087134.329101,1245087141.384033,8BC517BD42
1245069898.958004,1245069906.695312,A79B318886
1245025594.234371,1245025602.792724,721BB972E2
1245048792.554326,1245048799.55957,458F789571
1245024607.5332,1245024615.356933,9C0D8193C4
1245025119.15234,1245025127.621093,EDBD79C025
1245000693.488402,1245000703.021484,FEEE552879
1245030149.81055,1245030157.591308,83FC617A9B
1245030204.682371,1245030212.764648,55A9B0F7D8
1245068476.3349638,1245068483.574218,C52209DCA3
1245062423.285644,1245062430.327148,536B2DE78A
1245051617.257816,1245051624.677734,484CAE0BEF
1245027101.680667,1245027110.557617,1A5C3F78DE
1245027266.356448,1245027273.65039,705C7CCEDA
1245026543.795902,1245026551.824218,D94DD92D6C
1245097902.8920949,1245097911.566894,2782236996
1245025360.855469,1245025367.876953,ABE7795B0B
1245036952.267575,1245036961.40625,69E6DE71D5
1245037014.657232,1245037022.254882,7E7D8902B9
1245094056.6987338,1245094064.904297,ACFAA4F886
1245028163.4765658,1245028171.12207,FFDC247999
1245033035.349607,1245033042.896484,A4B9A3787E
1245063253.13086,1245063260.267089,96702ECBA0
1245030895.627438,1245030903.824707,F94A5E5978
1245031052.481443,1245031060.084289,11F430BD68
1245065520.878906,1245065528.5,DE8D2591B8
1245089539.964845,1245089548.026611,C264C7E6CC
1245043784.354492,1245043791.533203,0F6E555512
1245026607.7578092,1245026616.213867,C771AEA1B6
1245081488.475582,1245081497.424072,704AA0BD60
1245029341.893557,1245029349.379882,462620A97F
1245064655.167966,1245064663.745361,16E8C98D72
1245087734.457028,1245087743.728515,414229C577
1245088015.31348,1245088023.506836,045A68B6A6
1245081099.058596,1245081107.058105,CB49D97FB5
1245198236.3457,1245198243.713867,4F0D74A4B8
1245177032.396486,1245177039.503906,61CBEB58A2
1245113280.539059,1245113287.65332,8C885935CE
1245193247.556638,1245193256.360351,FC996EFD52
1245192014.565922,1245192023.135742,34F4F53A01
1245159951.0820322,1245159961.172363,71A0298AE1
1245157481.2539032,1245157489.138672,ACE4067C7D
1245157617.036617,1245157624.674804,EE376BB274
1245124490.859375,1245124498.378906,4DD2CDE999
1245162257.651364,1245162265.4458,2295CD81D8
1245135317.998049,1245135326.457031,B915BBA594
1245158519.166994,1245158526.308593,8024CF9BF6
1245169185.3476532,1245169193.642578,5614E9F2E7
1245171161.586919,1245171170.125,ACECEA0181
1245101709.414066,1245101716.669922,CC3434A567
1245132605.333004,1245132612.492187,57E2FB7233
1245132745.867188,1245132755.085449,7759B19B5B
1245176066.4736328,1245176073.686523,C54A04AA04
1245130915.484375,1245130925.75,A4F016E669
1245176525.603032,1245176532.894531,C8906B1D49
1245116149.40479,1245116157.15039,D09FFE4601
1245116487.422855,1245116496.969726,266358E932
1245120060.2119129,1245120069.419922,0896F1D1C1
1245120188.6601589,1245120196.576416,1E19494AD8
1245142651.294925,1245142659.944336,ADCA73150A
1245169953.292972,1245169960.55957,D52D9394E9
1245118842.3632798,1245118849.455078,EDCDC61CEE
1245136856.255858,1245136863.435547,AB0C2CDA42
1245136921.355466,1245136928.722656,7B7BAE5D0E
1245143620.987668,1245143629.375976,5F464B91F4
1245273691.572269,1245273703.972656,0DD9322545
1245226372.3584,1245226380.414062,30BDA86EC2
1245295565.198243,1245295575.133789,52EDE68DAE
1245215788.0068312,1245215796.555175,17C577E33B
1245295266.331545,1245295274.063476,1254D3A4EB
1245264371.675778,1245264379.186523,34519F41C9
1245269727.756832,1245269735.151123,D41F9A0BF1
1245272797.9130838,1245272807.475341,1F2BE020B1
1245293262.385739,1245293269.717773,1AFBBF270E
1245220125.733402,1245220133.984375,CE768D3D64
1245266372.223631,1245266379.78125,E8E9FFA327
1245221134.069332,1245221142.732177,3C65939A99
1245201426.68359,1245201434.071533,6157BEFB08
1245258388.712894,1245258396.664062,62883509F7
1245259429.830812,1245259438.868652,77D0F47B22
1245217755.000001,1245217762.511474,E714C588FE
1245216644.7724638,1245216652.663086,FFED6D081F
1245274737.95068,1245274745.089843,405EB0565E
1245203822.269773,1245203830.163086,7FDC3AB779
1245239442.444338,1245239451.03125,67B5313F67
1245239473.990231,1245239482.008056,9A93C9A384
1245204178.489255,1245204186.836914,24A390E13B
1245207406.333986,1245207413.515136,EE4E5B7C48
1245257941.405758,1245257948.80957,451B7B6CA9
1245262060.962894,1245262068.225708,0C0F7AFDE1
1245275956.8537571,1245275964.377441,ECFB02AC69
1245292528.704591,1245292535.826049,412D67BF47
1245221338.386724,1245221346.179687,A9D23EF338
1245221457.7880812,1245221466.092468,397FC87EB6
1245262523.566405,1245262535.013549,ED33353AE2
1245262592.884282,1245262600.603515,05009B5A9C
1245275763.53223,1245275771.002929,E1EE95EAE1
1245270974.1874971,1245270981.632324,4CFDCA2131
1245265945.864261,1245265953.553711,3B29F27B9A
1245219057.975582,1245219065.718261,3BE098D154
1245276703.784176,1245276711.656738,94EA4F1E45
1245257772.437495,1245257779.444336,72F859605A
1245260861.5595698,1245260869.806396,BAC0101D3C
1245237949.105953,1245237956.322998,6CF735A365
1245225995.635746,1245226002.710937,08C1A2779C
1245240529.868778,1245240537.358398,253DC69EA4
1245316952.167965,1245316960.511718,7B6DA44165
1245317277.97559,1245317286.241211,87771D513C
1245351675.135741,1245351683.183593,2CA9D76576
1245320248.742681,1245320256.294922,5AB297FD5A
1245320257.95117,1245320265.174804,D1A5028AC2
1245339038.697637,1245339045.829101,BFD5259123
1245364802.63281,1245364811.007812,FF64CBF2E2
1245361462.7475631,1245361470.147216,D940FA1810
1245361483.196292,1245361492.875,7A144AB08B
1245309737.078857,1245309745.772461,66369D9424
1245321443.314453,1245321450.394531,2F6FA0C46D
1245348687.006346,1245348695.359375,67369AAEC9
1245321052.510744,1245321059.710937,3A72A15A30
1245338567.941406,1245338575.330078,0BDECCD3F9
1245338728.4863272,1245338737.310058,B4FCF773DA
1245340703.886715,1245340711.167968,46B931B368
1245368335.825197,1245368344.205078,D48E2EDFC3
1245337210.470703,1245337217.722656,B9CB26274A
1245337314.089844,1245337321.142578,4B1D0A9979
1245327943.584476,1245327950.875,C82CFE2079
1245336756.421878,1245336763.579101,CC5CF08C4B
1245307894.42774,1245307901.752441,B86843D628
1245308040.7207,1245308049.207031,49B0E6B7BE
1245309032.147703,1245309042.958496,BA0AEFBCC9
1245307432.5263689,1245307440.451172,04B1F79892
1245352273.916989,1245352282.40332,FE5618BAE1
1245355184.994137,1245355192.76123,9FD654E377
1245368616.4257822,1245368623.472656,4ED87A2DCA
1245345717.9775388,1245345725.178711,56DDE854B9
1245361282.601566,1245361291.060302,66D78C5C28
1245337415.962894,1245337425.303711,97BB83B2A7
1245340261.639161,1245340271.072265,8CE5E4006E
1245317376.795902,1245317388.414062,4D9092EB17
1245324268.205078,1245324277.847656,6F906F105B
1245334526.684573,1245334534.132812,6050AA7402
1245322918.2187529,1245322926.59082,923E418E48
1245316543.279298,1245316554.914062,6E84154AE6
1245316726.484378,1245316733.529297,DB1EC3E501
1245472275.4013631,1245472283.428711,4736ECA644
1245480048.9296908,1245480057.352539,E1071CDCC8
1245474601.5742168,1245474608.672241,B8E6DCE8F5
1245474282.3749971,1245474289.780273,6A27451494
1245453023.608402,1245453031.416748,5094904D87
1245476053.985356,1245476061.0625,4DF11C024E
1245468288.795895,1245468296.476562,791419408A
1245459702.594728,1245459709.831054,FA67C54A24
1245468588.842773,1245468597.078613,62CE2D978D
1245454149.742183,1245454157.463867,54B0D52100
1245411147.254399,1245411154.928711,1326550E01
1245461919.570317,1245461927.501953,31BBAFC325
1245461119.1328158,1245461127.982422,1B3F42217C
1245470088.7780778,1245470096.517578,ED0ACD9F89
1245458682.4130888,1245458689.797607,2AAC65753D
1245464169.880861,1245464177.163086,77309C1E67
1245467098.103516,1245467105.910156,1D033DD0FB
1245403899.9599571,1245403908.11914,8D74CC07BB
1245543585.826169,1245543594.255371,087DE93879
1245536023.328127,1245536030.466308,ED3B21D9B9
1245598499.165525,1245598506.402343,3F089E47D2
1245579616.1689491,1245579623.299316,D183B1FD70
1245592150.630856,1245592157.867187,B707B654DD
1245592157.882817,1245592165.02832,B8931DE4E4
1245578498.752935,1245578506.675781,9795D781F8
1245575695.4169948,1245575705.073242,5CCB234A5D
1245575989.150387,1245575996.236084,4973152225
1245576138.007817,1245576145.17456,67BA6D672E
1245593841.15527,1245593848.450439,92C8974979
1245548553.3505871,1245548562.449218,449893B80B
1245548790.0908198,1245548797.445312,DFCCE9009D
1245585751.128911,1245585758.538574,0189936B99
1245583079.017095,1245583087.417968,125C99C79F
1245541767.259769,1245541775.721679,55871D7112
1245541862.516355,1245541870.795776,9B0DF5ADBB
1245549025.737486,1245549035.517578,C9737043A5
1245549701.450193,1245549708.481933,47FA7122CC
1245588871.852054,1245588881.585937,C38B065FF8
1245591990.0742218,1245591997.34375,85ED94CBD8
1245533456.531254,1245533464.21289,3D18F178BE
1245569872.391232,1245569879.873047,1159BB5642
1245595288.37525,1245595296.148437,EE7BEFCF3C
1245571693.320309,1245571701.250976,B19B9F5B1B
1245545514.518555,1245545522.232422,CAD127784A
1245590818.255863,1245590826.805664,969D461532
1245591032.7880888,1245591040.620117,05475FF0DC
1245598966.507812,1245598974.120117,F7C41B6B9B
1245599003.96387,1245599012.453125,EE8AADAE52
1245599026.5517578,1245599038.46289,9334635EF9
1245577212.351324,1245577219.578125,11870FD20F
1245595595.220707,1245595603.688476,D8E7861E53
1245581616.211915,1245581624.093505,BEFF80689A
1245586253.208003,1245586263.453125,1A051E84B9
1245594731.275394,1245594739.039062,50B6E7210D
1245595026.0,1245595038.998291,3DAB3BA904
1245589738.171878,1245589746.870117,1943F40D74
1245589761.706418,1245589770.751953,AB1F477141
1245590013.314456,1245590020.76123,7439860C9C
1245549998.032227,1245550007.110351,78E42BF0FB
1245595995.37305,1245596002.473877,5431DA6C44
1245534041.896482,1245534049.366455,9D50FE6088
1245547598.307124,1245547605.736328,22E653B8FC
1245598607.388668,1245598614.988037,FA3DE95B39
1245583894.718381,1245583902.52539,D88F7B9780
1245548030.328128,1245548038.561523,627209AE36
1245538876.9995072,1245538885.558593,5A2E2455B9
1245539008.677731,1245539015.993164,73EE3D153A
1245536220.741696,1245536229.210937,0F8AA03557
1245543047.6123078,1245543054.859375,D0CE77F351
1245597841.8749971,1245597851.379882,9E9E20E143
1245575550.856445,1245575560.215332,AEEAC39279
1245546732.706059,1245546740.310547,6B4E761594
1245664290.3183649,1245664297.484375,B504226DD3
1245628198.734375,1245628206.620361,47BAAED1A9
1245628837.168946,1245628845.493652,FA83DA5602
1245648539.599612,1245648547.178711,69C9E3A625
1245626847.09473,1245626855.72998,33C77D1AA4
1245659936.1289089,1245659943.689697,0E461FC3D2
1245640416.3749971,1245640424.243164,31B390D799
1245648896.9081998,1245648905.046386,04B77D1120
1245653650.155766,1245653657.36914,390AC26E6F
1245650085.962407,1245650092.969726,EDC3F2DD5D
1245634212.3592482,1245634220.854492,84D87FE1F0
1245639887.422855,1245639897.736328,42DD5B7783
1245667921.912109,1245667930.21875,92C52F05AF
1245668324.6279318,1245668331.793945,09A60BE3B7
1245643746.1408749,1245643754.824218,E179268010
1245642153.453125,1245642160.490966,95B2AC0D94
1245624312.0010362,1245624319.896484,C0C9C7249A
1245624344.105958,1245624352.34375,D495C017F9
1245637212.595706,1245637223.106445,EDC647F538
1245637297.351564,1245637304.576172,A5682220B6
1245640995.441406,1245641006.542968,622A6FABC0
1245604840.62549,1245604848.3125,9361EB1B13
1245604947.889159,1245604957.621093,235C3AF366
1245605296.8818388,1245605303.946289,0F9269A33E
1245633540.3310578,1245633547.753418,0CA9EC1F6E
1245649771.015625,1245649778.491211,22F87C968D
1245649866.037115,1245649873.127563,3548BD2870
1245650043.8042018,1245650051.131836,D5F9F73EA2
1245635805.363769,1245635814.115234,C04E38FD2D
1245636023.6918929,1245636032.863281,A123BE65BF
1245644981.8437471,1245644989.219726,EF302D62DD
1245625127.723636,1245625138.405273,3A8664F801
1245604152.989254,1245604161.325195,5BC6CAB6DF
1245604234.550784,1245604242.46289,CE8243D7B7
1245660071.265621,1245660078.828613,00EC6DBE14
1245657337.210939,1245657344.56958,B10AAA692D
1245657543.343752,1245657552.311523,C82A867EEE
1245627347.074221,1245627354.893554,AB313DFABB
1245657886.590823,1245657894.71875,1B15792DB3
1245633046.662109,1245633056.238281,481619DF1B
1245664839.8283682,1245664849.047851,61AC1FD9C2
1245664870.547367,1245664877.754882,C203440E53
1245658121.951169,1245658129.861328,9DD2E97ABE
1245654441.9894972,1245654449.481933,9BC634F18F
1245637604.319336,1245637612.611328,2261C1ABEE
1245629586.803594,1245629596.382812,0D5A3E9200
1245629815.024418,1245629822.726562,B1920733B6
1245646340.5090292,1245646347.606445,D06F90C70C
1245646603.738278,1245646611.272461,CCE4E42E29
1245604034.735348,1245604041.759765,32B2DD33B7
1245634939.009825,1245634947.680908,38A5CAAC06
1245601164.046878,1245601172.583007,CE64932905
1245671324.599612,1245671332.519531,3D3F8672CF
1245671915.488284,1245671922.625183,B69C23BC30
1245631929.9931638,1245631937.0625,0F6DB255D2
1245603438.0322242,1245603445.824218,031720BC8D
1245656612.513675,1245656623.0625,98AC853543
1245632750.975582,1245632762.602539,031658946A
1245632853.69141,1245632860.822754,1AFF5201B8
1245660970.957032,1245660979.729492,62F901F512
1245602787.902341,1245602795.289062,FBC301F5BC
1245605351.059322,1245605359.496093,786BF1D581
1245653034.108402,1245653042.271972,E529BDAEA7
1245653360.00195,1245653369.035156,77F1E091A0
1245640649.3398468,1245640656.493164,90C8F94A2D
1245636877.3320282,1245636885.204712,0B5B5256EA
1245636995.116704,1245637003.471679,9BAB90A87E
1245666809.269535,1245666819.336914,4758134232
1245761363.996583,1245761372.773925,BC598285B8
1245759736.923831,1245759744.083984,25D37D62B1
1245737273.801754,1245737280.886718,B83ECE8CD9
1245722447.322266,1245722455.066406,AC395724A4
1245722517.045895,1245722524.516601,1739EFF15C
1245731119.972165,1245731127.051513,9073A58A4F
1245764736.535892,1245764744.6875,C7DDA699C2
1245764851.9365249,1245764859.537109,E229C95083
1245732344.0390658,1245732351.481445,35E639BAB2
1245726462.843753,1245726470.833801,A6A971B570
1245784607.1523468,1245784615.229492,ED14DAC157
1245758848.540529,1245758855.967773,CDB75F682F
1245771444.8432572,1245771451.870117,991FB82587
1245752360.771976,1245752369.29956,DA5A2DB46C
1245719710.451172,1245719717.573242,84AEF28EA0
1245728725.43555,1245728733.3125,83D640E309
1245728761.781255,1245728769.956665,58C61304A2
1245728929.786131,1245728938.101562,3ED2001B5A
1245740113.612554,1245740121.269531,19C54A5C11
1245784734.683355,1245784742.114257,177FAEEED8
1245754956.218745,1245754964.351806,FDC325EBD5
1245786846.640628,1245786857.032226,184FFD61F0
1245786895.809567,1245786903.234375,A69B5AD91C
1245770293.4707072,1245770301.997558,9C90A9443F
1245757469.886235,1245757477.885742,6C4912B65B
1245749314.614747,1245749321.970214,5E0399E104
1245749518.178348,1245749525.436523,2A10230EFB
1245749635.721678,1245749645.981445,095923B559
1245749839.895021,1245749848.160644,C92B4FF9DA
1245756502.0351598,1245756512.685547,375CFAFD02
1245756559.2587862,1245756567.53125,27DF0489AC
1245713835.09766,1245713843.609375,58D494C45C
1245738700.442874,1245738707.843017,FFDDFEC957
1245716488.083009,1245716499.643554,8E3C5B54DE
1245731851.943362,1245731858.958496,9FAB0945AE
1245767444.71777,1245767452.006347,B199D4607E
1245767563.242185,1245767571.794922,AA5341C673
1245770594.024419,1245770601.532226,C58822AFBC
1245770809.013672,1245770816.022949,1DA7D657BD
1245722788.919918,1245722797.265136,9939041E6F
1245721567.459286,1245721574.517578,A7004CDE5A
1245721719.40625,1245721727.298828,0C1E0BFBED
1245719930.329345,1245719937.438964,B73D0299C7
1245719952.168456,1245719960.514648,C4F5C7A15B
1245758107.9638698,1245758117.41748,5A08AB5DB4
1245716159.516602,1245716167.995605,3D66EFDB18
1245750649.366212,1245750656.5,D2F76AA831
1245735735.0625,1245735742.929687,0645393A47
1245736096.576175,1245736105.005859,B5278F53B7
1245792343.423828,1245792350.700927,A9DEDE7B04
1245792507.973629,1245792515.652099,9D3B3BB99C
1245754237.953128,1245754244.964843,672D9AE7EE
1245754486.014645,1245754495.250732,40A0AAE839
1245723109.1875,1245723116.725097,9EB8CBE27E
1245791656.363281,1245791665.115234,F9CF69C497
1245756840.953858,1245756848.691406,C34BA5836D
1245736189.386715,1245736196.638672,6146969BEB
1245736711.870122,1245736719.540039,C9A6251196
1245736824.167482,1245736832.070312,F95CFDB6C0
1245720512.53125,1245720519.667968,E579B6020F
1245720898.216793,1245720906.232422,0E4E743D65
1245727466.69141,1245727474.666259,562DAFB599
1245791595.7548852,1245791603.24414,A5C1CDFE89
1245746198.2407238,1245746206.838867,8D7AEED062
1245746214.448239,1245746221.908691,ACA27A1C00
1245750302.024907,1245750309.300781,947024861D
1245716849.609376,1245716856.801757,B7EF833218
1245741883.351566,1245741891.458252,C0B0122B65
1245741903.76465,1245741911.441894,2B56B8944F
1245742144.905277,1245742151.927734,D65AFD6DED
1245718934.8605912,1245718942.041504,5E7A30E0AB
1245721142.4043,1245721150.567382,5E7047B21A
1245717902.7226572,1245717909.910644,A4567634CB
1245747928.262447,1245747935.826172,0F229A4719
1245747988.525395,1245747996.669922,523FDA979C
1245748008.146487,1245748019.037109,98B1886721
1245751529.510495,1245751536.997497,1A6A9B7EC2
1245751678.5957072,1245751687.885254,C22F7EEE52
1245783827.13379,1245783835.65625,1757F7E7FC
1245782101.269534,1245782109.76538,4974926783
1245741600.381832,1245741607.558105,2BC1323178
1245741630.1562471,1245741637.597656,F3DC9D842E
1245743098.1328158,1245743106.062744,111518144C
1245743167.1647918,1245743175.888672,C67A14578E
1245727002.796875,1245727011.441406,98F403D970
1245781765.625493,1245781774.43457,AA87F1DB12
1245760712.2705078,1245760719.745117,CFC313469D
1245761220.1965349,1245761229.722656,9825FA831D
1245738429.7133758,1245738436.987304,E97633BD82
1245738519.364017,1245738528.230468,AFACA2E8F7
1245789924.804691,1245789933.700195,8FDB58B628
1245789945.6743188,1245789953.902343,0BA6A3167D
1245724742.1162138,1245724750.081054,0725C54EF0
1245717811.880862,1245717819.80957,F8E03BA3AB
1245752711.035158,1245752718.549194,BE66AC3720
1245752956.168948,1245752965.003418,4DC40FE3C8
1245752974.7534208,1245752982.1875,6FACAC175B
1245724589.4951198,1245724596.826172,89568793C7
1245724705.485352,1245724715.362304,D965F7B553
1245772165.773924,1245772174.27539,ACA3A7398C
1245783478.58203,1245783485.599609,723B749FBE
1245727808.081057,1245727815.228515,13C7190CBC
1245727914.708007,1245727922.96875,1D47448F56
1245790248.490236,1245790257.152343,55E2E8ED7E
1245790393.314941,1245790402.478515,0439370025
1245744157.079221,1245744164.084472,7EBF98E30C
1245744177.887203,1245744187.787597,BE8FE6888D
1245744497.06543,1245744508.90039,0F48DD1DC1
1245769200.3359408,1245769208.972656,F1AF3E680A
1245769304.048831,1245769311.462036,2F58CD00EF
1245782878.5624971,1245782886.859863,47A9ABD011
1245750125.47827,1245750132.555175,350DAAB952
1245725613.4643512,1245725620.864257,69056F51F8
1245725723.645997,1245725733.815429,544AEEE3B2
1245782537.6953158,1245782546.616088,9310802DF0
1245764486.831056,1245764495.711914,383EC4DBAF
1245758570.116825,1245758580.977295,5BD1E0EF7A
1245748240.2451189,1245748248.333007,7C0B360012
1245739439.468511,1245739450.945312,0E0CBDE215
1245715714.259769,1245715721.729492,D0EBB8C58C
1245748363.7690458,1245748370.916992,1F86421864
1245748424.537106,1245748431.553222,5D65315E0C
1245788897.240237,1245788904.797363,4BA376C284
1245752684.1870072,1245752691.393066,F84F78E3F1
1245742514.110349,1245742521.409179,8B6ED8D83E
1245748762.171872,1245748770.606445,0F23ED46FE
1245723448.050781,1245723460.081421,8BA36A51EE
1245755694.3417969,1245755701.791992,8F4E326C64
1245755888.491704,1245755895.767578,95387DAB71
1245756116.031245,1245756123.411377,F19EADC965
1245743537.416019,1245743545.015625,448F168CFF
1245745985.429685,1245745994.532714,88F13F1261
1245768266.8378909,1245768275.083007,1390225521
1245732863.1665032,1245732870.43164,22F0E90DA2
1245766428.467772,1245766435.824707,39AA0833D4
1245728472.152344,1245728479.779297,2281F10A60
1245733100.7988288,1245733108.106445,2EFB17C063
1245785191.3125,1245785201.390625,8491C20B2D
1245785325.8042018,1245785333.751953,7BB86D2072
1245717300.7607448,1245717307.851562,AB90001D2C
1245717473.396486,1245717481.394531,FE4366C1F7
1245745131.7291238,1245745141.037597,DBE185495B
1245745215.217772,1245745223.150879,7B9DD93A58
1245787340.7832072,1245787347.952392,6CA66EEE46
1245787585.502933,1245787593.913086,4CED0A2C77
1245788831.019534,1245788839.044433,4317ABB8CF
1245727368.070316,1245727375.6875,B06898453C
1245785959.629398,1245785967.948242,12C38DEBA9
1245730505.775387,1245730514.287109,3AA1C7EA3E
1245739168.0063488,1245739176.12207,BF59D486C1
1245898823.997072,1245898831.047851,2B99141471
1245817119.571294,1245817127.405273,678211FBEB
1245817186.002439,1245817194.71289,1846DD1AF6
1245804190.2109358,1245804197.43164,8E6481A550
1245883786.90723,1245883794.936523,514D825D36
1245877501.827149,1245877509.158203,8D9022E49C
1245846889.436767,1245846896.473144,435B5271A3
1245828928.0078158,1245828936.083984,F5981B28A9
1245828956.543458,1245828966.80957,CEA79DB1E0
1245834237.91113,1245834246.741211,5E2BA2A2D1
1245834378.7412062,1245834389.527343,78104ED90B
1245834410.876956,1245834419.578125,903E0173EA
1245847119.526372,1245847128.567382,A6A293F3E9
1245802670.2470691,1245802677.727539,92371B58C1
1245868098.58984,1245868107.032714,B119B0FA82
1245882834.22022,1245882841.501953,F649E8B454
1245835444.5820282,1245835456.581298,9BF1664293
1245835588.626467,1245835596.161132,8F12AA3CBB
1245861050.194332,1245861061.872558,DF939B60F5
1245880195.7470722,1245880206.327392,C933BB0612
1245880276.609375,1245880283.769531,59633D5668
1245880629.504884,1245880637.695312,F47D6023B2
1245880732.798096,1245880740.811279,27BB636CB5
1245880868.166745,1245880876.244506,44ABB52F4D
1245885171.310548,1245885179.624023,C5C182CAD7
1245872142.148439,1245872152.229492,5B2A951289
1245872248.749027,1245872255.828003,1D08589969
1245873253.331054,1245873260.355957,C8635C4B18
1245892897.984372,1245892905.041015,5BE1ED89C3
1245881979.890628,1245881989.830688,12EE1AFAED
1245882004.2304711,1245882012.330566,8AA7DC5070
1245818889.362306,1245818901.839355,6267235F77
1245846500.4999971,1245846508.271484,70B362FB4D
1245869449.408201,1245869458.168457,D50A62FD83
1245869475.4174838,1245869483.037597,31A79AE84A
1245890121.2832072,1245890131.859375,D63F79EE7B
1245870961.6992218,1245870969.546875,EB2B280BB2
1245871081.0205078,1245871088.5,6A5931CCC8
1245885841.6232872,1245885848.640625,23DF80A9B1
1245832167.342775,1245832174.452148,F5CAE8B7B2
1245879327.480472,1245879334.794922,8C1CCF7BED
1245864925.050783,1245864932.196289,7C8C8A5BD3
1245864968.3623078,1245864977.582031,61CA39F94D
1245865018.075929,1245865026.699218,6DE65445C3
1245831557.413206,1245831564.940429,6E5867E7B0
1245865635.494137,1245865643.947265,D32754F116
1245834811.396487,1245834819.667968,8062F080A8
1245820120.4958532,1245820128.199218,B31CDB89A9
1245861982.5788589,1245861990.143554,BB96EF1D12
1245840374.884762,1245840383.082031,2BEE73BB3D
1245869060.341793,1245869067.595703,8228241BA0
1245822630.972661,1245822639.884765,C8A632C4BA
1245822740.874513,1245822749.491211,05B361F031
1245822825.075559,1245822832.398437,E7937DE573
1245874530.582028,1245874537.78125,96D1E856FA
1245874609.774417,1245874617.480468,EA36E306EF
1245838308.926755,1245838317.742675,6FC90A0D2E
1245838562.640384,1245838569.704101,2ED89ED4CA
1245838618.24902,1245838629.143554,4BF6CE3AEC
1245898251.804684,1245898260.63916,E7179E9253
1245828373.625,1245828380.777343,053FEB42A3
1245876492.5273402,1245876501.858886,96DB0383B7
1245844349.387697,1245844357.279297,9CF97A500E
1245883657.580078,1245883664.797851,6B1444D07F
1245883707.339847,1245883715.782226,6BD87DE940
1245818337.874021,1245818345.08789,83296F71CA
1245818450.293947,1245818458.589111,4710435804
1245850171.427734,1245850178.935547,4B9C98F185
1245821639.18799,1245821646.802734,550533DFD1
1245843341.488281,1245843349.755859,53F1565D87
1245871696.797855,1245871703.869873,5EBFC37F84
1245831129.309568,1245831138.397461,4C7FA51588
1245843623.941408,1245843633.085937,D3EB6772A6
1245843783.570316,1245843791.972656,AFC24E8236
1245803384.483395,1245803395.093261,0A54488AD5
1245887372.105953,1245887379.65625,549A2C2123
1245856046.189454,1245856054.365234,2A3D35270C
1245856089.425783,1245856096.488281,3FCAED7712
1245855104.78125,1245855114.084961,5214EA452B
1245851915.527344,1245851924.096679,8673C3CA58
1245893399.764652,1245893413.625,5B85CDAA39
1245899444.5180688,1245899452.097656,D649A9E5BB
1245857900.997073,1245857908.25,A5CE18A97F
1245816468.826663,1245816476.200683,10FD547A8D
1245816618.061278,1245816626.674804,8173D4106D
1245840708.2695282,1245840715.847656,CCAEBBE408
1245841144.231448,1245841151.348632,C453D9E954
1245831394.708009,1245831405.4375,75009D2EBF
1245843022.731935,1245843029.815918,8A2C111A5E
1245889299.251954,1245889306.989257,027AA508B9
1245828631.047855,1245828638.076172,63F9060AD2
1245828644.4760768,1245828651.61914,7A36FCF3BA
1245883156.80298,1245883165.376953,C1346842CA
1245883434.4043,1245883441.727539,F44A3B8846
1245836801.1249988,1245836808.30957,B2C11C819B
1245872607.866211,1245872616.853515,31E2A6C052
1245867215.5624971,1245867222.68457,5D767E5622
1245867363.472661,1245867370.932129,2149B15357
1245867437.062495,1245867444.922851,48DD887CE6
1245881613.955075,1245881621.4375,834744147E
1245839342.953124,1245839351.838501,B32D89C53B
1245874111.30859,1245874118.691406,682CEA59EE
1245874276.2119138,1245874283.833862,70B05AD2EF
1245876353.905273,1245876362.418945,65F3E669A8
1245889759.3476572,1245889766.877929,880B40DE2C
1245889780.9326198,1245889793.641113,87685922D8
1245862795.067386,1245862802.888672,F9C74573F1
1245865702.034184,1245865711.430175,02E0D577C0
1245865760.260739,1245865767.729492,AD75957B8B
1245846064.252931,1245846072.243164,7BBCC6EBFD
1245866678.297855,1245866685.582031,BE97439625
1245866700.135252,1245866707.446777,B95D39DB12
1245845227.088871,1245845234.85205,EDD1EFAF51
1245845249.112546,1245845257.717773,9F59991931
1245894887.705075,1245894895.159179,54A166D07B
1245895395.3704891,1245895402.628906,454065A301
1245858795.065488,1245858802.367187,0F7FEC33CE
1245873644.630863,1245873652.601562,1F0790FE0F
1245873797.516476,1245873804.881836,ED0726F14C
1245874039.10938,1245874047.336914,38CEB6087E
1245804707.525631,1245804715.807129,86F01D0264
1245879564.691403,1245879572.144287,4AAD89DAAB
1245832931.9736311,1245832941.339843,5114BCFE62
1245856842.7226582,1245856850.225586,BF6EC9929C
1245870457.838871,1245870465.305664,27C1D9CD82
1245877883.695316,1245877890.786132,032FAB983C
1245839977.987552,1245839985.374023,F2C6B8C05E
1245840007.268316,1245840015.711914,5ADDA27CB7
1245895554.743161,1245895564.941406,744460A607
1245895765.045902,1245895776.625,707EB7069D
1245837170.357418,1245837177.703125,88C5CEDCAB
1245800558.368167,1245800570.578125,F8101567ED
1245861630.6357448,1245861638.017578,8D6CB44BDB
1245861803.040041,1245861811.287109,F71FB39471
1245805300.328125,1245805307.413086,D5F472C3D6
1245804414.011722,1245804421.485351,64BD235DDD
1245852217.814937,1245852226.288574,75AF5A7E94
1245877375.396487,1245877383.084961,8833810139
1245817519.122067,1245817529.314453,B5AC378D44
1245850870.860355,1245850878.351562,92EA865BA1
1245886576.989254,1245886584.007812,9014871301
1245836015.364254,1245836024.384765,6B0B45FB76
1245911750.347656,1245911757.579101,C364C2E559
1245910812.018559,1245910819.378662,818C6787A3
1245964375.791016,1245964383.127929,2ACEE5D3E6
1245974037.076047,1245974044.788086,63A0CA18D4
1245996279.456055,1245996286.744506,81CEFD52CB
1245991358.6318388,1245991366.364257,C4824F3972
1245997459.976559,1245997468.125,032E87B8D5
1245970747.618654,1245970754.654297,33EA1ACF59
1245970821.769536,1245970830.805908,919F47C436
1245971035.254879,1245971042.654297,5D62625B95
1245953859.00586,1245953867.478515,5649A8B222
1245993292.832525,1245993300.202148,650EDA5AAA
1245994933.450687,1245994940.911865,2768EBAE6F
1245924810.547855,1245924817.678711,AC07290F80
1245964874.109136,1245964883.367187,D8CCADF28A
1245965049.733398,1245965057.755371,D36459A1A3
1245998752.196782,1245998759.310547,E57D316308
1245998859.863283,1245998868.285156,12B3106B83
1245929494.6210968,1245929503.992431,465E3D6E7C
1245954370.48895,1245954378.893554,11B86A69E4
1245932918.134275,1245932925.476074,D2044D8FD3
1245932934.621579,1245932941.842773,9F151431C6
1245960270.066526,1245960279.430908,53D1645CF1
1245932067.279293,1245932074.925781,9B5E409C6F
1245962710.500005,1245962717.629882,9291FA21D9
1245943640.882809,1245943648.284668,5C2635F4C7
1245987479.834234,1245987487.263183,A53A4BF97D
1245938521.891598,1245938529.586425,D23A1F1540
1245938705.858397,1245938713.298828,1CA33D36DB
1245938840.394528,1245938847.971679,6616C4A507
1245912114.660158,1245912123.689453,082A6C5493
1245919634.169925,1245919641.415039,16F2323132
1245995863.9794931,1245995871.056396,A2AA21ABC9
1245995922.7477982,1245995930.627929,50C01C3E40
1245968113.4882782,1245968121.729004,01332C8C17
1245942635.867189,1245942642.993652,8CD7700615
1245940563.2421908,1245940571.507812,AFE0F5CE84
1245940588.2216828,1245940598.09082,86041FA750
1245970714.934567,1245970725.972656,A8E261AD87
1245959418.640502,1245959427.230468,C49A0EDF01
1245989925.329099,1245989932.794922,AA1C245D5C
1245973182.326175,1245973189.867187,AC01159F91
1245973231.552366,1245973239.805175,F65A2B58B5
1245943249.005856,1245943256.570312,1B43DFC41B
1245989698.6582038,1245989705.682617,8E48405463
1245944603.354492,1245944611.173828,C9DAB5DD2D
1245975589.8505888,1245975597.036132,C9015E9444
1245919745.4335911,1245919754.143554,EDE3C1CC99
1245927514.0605428,1245927521.074218,3BE19E6AAD
1245982367.118047,1245982375.485351,990D6F00D5
1245982538.636715,1245982548.703125,5637665336
1245986071.251949,1245986079.916992,3B0AD66320
1245985216.94629,1245985224.118164,58BF640C9D
1245985318.802249,1245985326.123047,D5B7862EFF
1245969784.362306,1245969792.438964,0F295976B1
1245932687.820309,1245932695.922851,F8C39D6F55
1245918821.067382,1245918829.635009,9B26E21FC6
1245920982.8515658,1245920990.898437,E8ED5D1112
1245921169.124995,1245921177.75,95BEAC2D3A
1245941377.853025,1245941386.480468,16D6EF4FCB
1245971323.2187471,1245971330.408203,CD06C1DE6A
1245958587.918942,1245958596.308593,792931EEEE
1245958642.3388698,1245958649.714843,064E979159
1245983704.358402,1245983711.708984,79335B0AD5
1245983832.65625,1245983839.860839,918FD4DE17
1245984166.478519,1245984173.638183,12363CEB22
1245957231.791012,1245957242.198242,7FA8DCA4BD
1245957251.989254,1245957259.841797,549BE59FE8
1245982235.086917,1245982242.115234,9A8B7798A5
1245942250.051267,1245942258.006836,15840B9882
1245925457.612306,1245925465.165039,59B80AB8EC
1245964772.900394,1245964780.345703,84FF6082BA
1245933650.5039089,1245933660.038086,58367B31BE
1245987904.0644538,1245987911.849609,9E68F67F23
1245988227.7763698,1245988235.395507,4953BCAACE
1245939475.395386,1245939483.697754,301C3971BE
1245965920.6503909,1245965932.664062,E1EF608EAF
1245915863.087895,1245915878.220703,B021B1C949
1245926848.6806638,1245926860.15625,7EC4EFD883
1245927136.609625,1245927144.813476,F31FBDAE70
1245924038.302736,1245924045.725586,7C0224D44D
1245924634.949216,1245924642.40332,A60761F981
1245977372.2255888,1245977379.802734,109FA47FA4
1245931570.184573,1245931577.958984,B5F7D7A7BB
1245931663.484376,1245931671.75,C16F9B4029
1245942399.6328158,1245942407.020019,99CEC9A538
1245963017.5507822,1245963024.859375,4F08C4F5B6
1245963190.3147,1245963199.634521,AA86752B44
1245963448.723878,1245963455.82373,DD344E9626
1245979533.010741,1245979540.824707,0636D43D80
1245950441.9580112,1245950450.350586,18CB1E1540
1245975651.638181,1245975660.213867,08C01F0957
1245948811.273679,1245948818.370117,FED6A33400
1245949003.905277,1245949012.746093,4E67FD7E44
1245978386.99609,1245978394.516113,9B0373AAA3
1245978464.34735,1245978471.706176,36F3EF3F5C
1245976529.234495,1245976539.46289,E7CDC6B9C9
1245963796.389166,1245963804.54248,51E4E45C21
1245943838.00195,1245943847.168945,34715E8ECE
1245976090.75098,1245976097.875,5645A7B64E
1245991794.339108,1245991801.820312,E4C11B8289
1245991958.514162,1245991967.14331,A8CA8AA5A0
1245992117.49121,1245992127.074218,0DDA995D99
1245992565.9375,1245992573.515625,0027840067
1245939861.176754,1245939869.458007,55F8858F52
1245939970.397464,1245939977.557861,68F153AB30
1245923881.31275,1245923888.336425,ABBA9B494C
1245958330.953128,1245958340.394531,DA86F99FA9
1245950866.129886,1245950873.296875,8B6FFDA55C
1245978201.615237,1245978210.151367,D89DD65C93
1245929727.2207,1245929736.541504,BBB3CDBBCC
1245929801.2941852,1245929808.529785,1123421C64
1245999428.813481,1245999435.951172,A8FD988AAB
1245999482.759762,1245999490.257568,21FA27A557
1245966641.554685,1245966650.901123,BDE2FB07AC
1245966747.806155,1245966755.996582,0FE268DB27
1245981914.785216,1245981921.879882,86BDD481E8
1245958838.970953,1245958848.413086,87DA544E81
1245958948.1314669,1245958959.324218,498619FC20
1245958981.347782,1245958988.480468,11388CDD42
1245959222.953125,1245959230.104248,E2867D5D52
1245994427.512694,1245994435.665283,B42810EDBD
1245937513.900028,1245937520.917968,77EA2ACD65
1245937646.197262,1245937653.826172,9876F16351
1245968743.9169948,1245968751.284179,C13853F7B2
1245988660.745114,1245988671.84375,7B71BDE4DA
1245952791.215823,1245952799.826172,1F276581BD
1245969308.921872,1245969316.771484,0794F3AD46
1245969411.722169,1245969421.837646,B2728454C0
1245928239.815426,1245928247.460937,28667E374C
1245928360.1340349,1245928368.649414,DC153CEACA
1245928562.039059,1245928574.99707,5CCA8E436B
1245966082.105474,1245966092.004882,6029246EE6
1245938278.4140608,1245938286.225341,3883A9DD2D
1245957005.43555,1245957012.439697,A13BC2592C
1245924310.70313,1245924318.307861,5B46FBE152
1245952090.160884,1245952097.562988,1E3954D862
1245952187.53125,1245952195.224609,5391CC3AF8
1245901325.50171,1245901332.559814,56578A9F39
1245953427.1718771,1245953434.245117,FF8CB21F77
1245953554.235355,1245953561.795898,DED6F9FE8B
1245930652.0072,1245930660.714843,448FD4DA56
1245930698.592287,1245930705.634765,AACC105A1C
1245931071.1298811,1245931078.405273,13C53ABE2D
1245931148.920903,1245931156.308593,A652B8CC51
1245931353.0855742,1245931363.08789,28B317EBA1
1245922461.630856,1245922468.97998,4016478F8F
1245986935.3007822,1245986944.25,C0F3FD0E6E
1245987080.004879,1245987087.541992,64095F1F92
1245987277.7812529,1245987285.185547,78388D3CD4
1245987436.220706,1245987443.523925,063A6F99BA
1245971599.875974,1245971607.519531,8DE2E26C33
1245971631.303586,1245971639.784179,267DF7B7FC
1245971700.1333,1245971707.889892,34FEE3B708
1245971766.239133,1245971774.318359,242C0DF534
1245992895.31934,1245992903.083618,4F17F2B56F
1245916930.088374,1245916938.335937,B96AFB66E0
1245914051.947262,1245914059.002929,0ABD1AFCF4
1246021962.795899,1246021970.898437,6D25FEC8E6
1246018063.576663,1246018071.766601,5B93C7CD75
1246075076.12256,1246075084.203125,7AD6165535
1246038287.849614,1246038297.018554,52EC558AF6
1246038307.6132822,1246038314.90625,36DE022529
1246038486.8164089,1246038494.344726,E80B88C6D8
1246027970.934566,1246027979.212402,60EA6613AB
1246081216.911134,1246081225.282226,135AF80E9F
1246082887.6035128,1246082895.347656,D707296CA3
1246085213.455079,1246085220.632812,03C29757F7
1246086494.71875,1246086502.115966,B4B2A68439
1246086670.59375,1246086678.423828,FF0B04C3DF
1246086794.268551,1246086803.506836,983D5EB294
1246087182.7460968,1246087191.312011,526225C4B8
1246087903.9304168,1246087911.859375,B0CA59A69F
1246088810.878911,1246088818.204101,F8E5F8DA30
1246089016.960934,1246089024.90625,975532A86A
1246090483.75391,1246090492.794922,9DFB056951
1246091324.3237262,1246091333.046875,7CA81E8E69
1246091884.7521338,1246091892.632812,654A32AEFC
1246094141.6054702,1246094148.859375,A5C427F04C
1246095994.761719,1246096004.58374,602F9C75AB
1246097185.7656229,1246097195.667968,81D00429C9
1246097359.000004,1246097367.488281,D28C262A7B
1246101075.3749971,1246101083.853027,B788D660C8
1246101543.6240191,1246101551.399902,8951A383AE
1246101869.328125,1246101877.197265,CDC506F591
1246102733.666016,1246102740.849609,CE24DB2B31
1246013472.672178,1246013479.870117,5FB6332CB2
1246034516.13477,1246034523.599609,0D9BDE7F6D
1246064922.919923,1246064931.250976,358712C322
1246035680.35864,1246035687.476562,FEACDDFBFE
1246035956.083987,1246035963.65625,891F2C3289
1246061288.518557,1246061295.913086,97B35723F8
1246078259.684568,1246078266.68457,A6C57CAF6C
1246005331.13574,1246005338.229492,20C3CE76F5
1246005343.181646,1246005352.529297,6FEF207A9E
1246014096.5918,1246014105.839355,EE2A98094A
1246063868.623777,1246063876.652465,9647662D71
1246008528.380865,1246008535.606445,4398130293
1246049380.8125,1246049388.242187,F67C258800
1246036282.546872,1246036290.261718,C091128A75
1246036597.85156,1246036605.783691,5BFE9AB835
1246016548.9003878,1246016556.147461,3D1DF88C18
1246028391.474493,1246028399.99353,5FE0A54AD9
1246002827.902344,1246002838.619018,FDFC0822D5
1246072879.701666,1246072887.757202,EEC5A713D4
1246018578.31836,1246018586.147461,14CBC251CE
1246006798.077147,1246006805.229492,FE8F046F57
1246051221.067386,1246051228.688476,D39AE239A7
1246074714.305661,1246074723.052734,38B6502659
1246004914.601559,1246004922.711914,9F959355E4
1246066235.204107,1246066244.429687,D18E16D793
1246037347.999029,1246037356.263672,FAF606FB10
1246011390.5703158,1246011399.109863,88B6006BAF
1246003847.724122,1246003855.360839,0643093730
1246004351.734371,1246004359.423339,118EE13501
1246056748.00195,1246056755.124023,592C71A78B
1246056851.8984408,1246056860.507812,29D05018BE
1246034268.328128,1246034275.417968,97195E501A
1246058503.9423828,1246058511.927734,A59166A65D
1246003575.934573,1246003585.666992,4D6382B4BE
1246069906.171636,1246069914.123047,A8A4ED2661
1246076223.437618,1246076230.71875,3A9EA776C2
1246005897.728519,1246005906.378906,DB4ABC782F
1246005916.009763,1246005923.060547,27E7FE45E3
1246042395.2480469,1246042402.609375,96F03FC980
1246079354.7258322,1246079362.441406,E35CE535F7
1246079493.727535,1246079501.569336,607AB708E3
1246020021.794925,1246020032.001464,C4E647CCCA
1246038552.12695,1246038559.28125,F7489D78C1
1246051429.923345,1246051438.158691,C3489F8776
1246051549.225831,1246051558.99768,B6FE0404A2
1246023314.377926,1246023322.804687,72D6697FF6
1246023445.344729,1246023455.618652,D3E8B91637
1246007504.473638,1246007512.223144,A2833FDADE
1246007897.818356,1246007906.009765,57C8BEB271
1246036116.475833,1246036124.468261,D4D085A055
1246002019.3066409,1246002026.515136,1D974A5F15
1246052651.857419,1246052658.870117,B84023FBD8
1246028922.944577,1246028930.133789,82F04FC308
1246016193.782956,1246016200.814453,B5BD585F36
1246054899.0595698,1246054907.5,FC93BD2FF3
1246025644.569337,1246025651.831054,158BF9D85B
1246033505.798826,1246033513.591797,09B283FF18
1246053055.3418,1246053062.546875,7685DE132A
1246053291.841917,1246053300.141601,E703936EC3
1246053392.45215,1246053399.507812,B0E4A52082
1246062087.88965,1246062095.050781,46BA21E947
1246062171.462893,1246062178.742187,B49C247D04
1246006639.443362,1246006647.1875,D922E0BDD4
1246005021.10156,1246005028.159668,318EDFB003
1246041061.96289,1246041069.356201,6ED25C73F3
1246041542.0,1246041552.93457,D8C7B96FA0
1246182573.172855,1246182580.886718,3FD23F4724
1246175598.558597,1246175606.018554,E751C64397
1246189666.5068388,1246189674.546875,774B0F1266
1246105093.409177,1246105102.542968,028EFAFE58
1246105308.122073,1246105316.186279,519F2D2404
1246105841.53125,1246105848.950195,CE06E6790E
1246106142.525394,1246106151.05957,397ECC1B25
1246106791.599613,1246106799.588867,4910054094
1246169248.867185,1246169258.259765,5FA9308948
1246184756.186285,1246184763.899414,6E0F6A0654
1246190479.1157248,1246190486.879882,88E2D24F0A
1246190592.989255,1246190600.42163,84D0E9F115
1246178205.81641,1246178213.0,ABEEB6B979
1246195169.265628,1246195177.746093,70C0E83ECE
1246182988.580078,1246182997.316406,C1409A2D21
1246178327.0869172,1246178335.546875,77BE799A1E
1246179716.77588,1246179725.876709,0DC3F164BD
1246198979.542485,1246198987.292968,AE24D165F0
1246196825.601565,1246196832.716308,80472C9E0D
1246159700.646484,1246159708.366211,C6D3061191
1246159808.696292,1246159817.828125,BC5DCB960F
1246159848.87695,1246159856.414062,2AB4059A34
1246159995.020992,1246160002.746338,0A27AAEEDB
1246160620.606447,1246160629.313476,E3B79B294E
1246160679.269041,1246160686.623535,5ADA5C2873
1246160808.381109,1246160815.760742,5E67F6AFA0
1246161942.021487,1246161953.34375,A749F6FA27
1246163735.309574,1246163743.203125,B6B7D486AE
1246164946.347656,1246164953.59497,5172887E2E
1246186347.574219,1246186356.154297,5A0B2A9349
1246171946.88672,1246171955.602539,121D81C7BA
1246173843.168948,1246173850.208007,B6109659D9
1246139347.03272,1246139355.74414,C840D313DE
1246139493.516598,1246139501.404785,725DC055B3
1246139643.496582,1246139651.120117,A7518EF221
1246143180.237302,1246143189.60205,FEEE56CFC1
1246143636.562984,1246143644.259765,0BF73147C9
1246143819.920902,1246143827.432617,619601FF62
1246145007.805666,1246145015.868164,CFA7F1DBCE
1246145801.7207038,1246145808.994629,F02496A4D5
1246146094.369873,1246146101.625976,DAD875B37B
1246146856.12598,1246146863.433593,72780161C2
1246147082.228519,1246147089.757812,D78BB8EDFE
1246147112.938966,1246147122.885742,E8BFFD0811
1246147943.3173828,1246147950.910156,32E064218C
1246148737.644535,1246148744.840576,2D91CA71B2
1246148972.242188,1246148979.952148,98975B7AB2
1246149475.22022,1246149482.507812,E102EDCB93
1246150294.525387,1246150304.041015,68A3F498FA
1246150461.481694,1246150468.558593,7874D064C9
1246150498.620607,1246150506.949951,B3143A0C48
1246151098.7499971,1246151105.923828,169FCA8892
1246151571.026365,1246151578.648437,DDBB31E0BF
1246151781.4882848,1246151794.72998,78F28A81CE
1246152417.181638,1246152425.71875,CEC3F15199
1246153792.5341828,1246153800.933593,ABD0C0FF18
1246154581.418942,1246154589.182617,53FB13D576
1246154823.362914,1246154831.537109,66C9682ABC
1246155476.7441409,1246155485.231445,0A3B653B76
1246156520.643551,1246156528.314331,5C6F3AA596
1246157139.843745,1246157149.151367,11BE430B1F
1246157440.028806,1246157448.055664,57735F58FE
1246157548.302732,1246157555.557129,43760D6EED
1246157743.372073,1246157750.416992,101A306864
1246157778.871099,1246157786.547363,BA3499A738
1246157905.463864,1246157912.575195,A6AD22EDCC
1246157978.80591,1246157988.125,16787E4600
1246158891.2773468,1246158900.201172,1E4F9EF38C
1246159064.435543,1246159071.703125,7476D66424
1246159206.791017,1246159214.86914,C69870A4B8
1246159232.067379,1246159241.459716,B90D1C05AB
1246181630.037596,1246181637.581054,A25D049E49
1246108263.926758,1246108271.661132,9726B9137E
1246108632.018551,1246108641.705078,8B8091B2C9
1246109862.874023,1246109869.90625,A68B1E36C7
1246172307.654051,1246172315.5625,096DCDB8C8
1246180520.353516,1246180527.835937,3F60A5D994
1246168579.208004,1246168587.268554,A4B077DEE9
1246191024.7739289,1246191033.601562,D3C6FD6247
1246259919.527347,1246259926.550781,FDA0B9ADDF
1246260121.198239,1246260129.495605,5CF18F2AA8
1246271610.356938,1246271619.099609,9573BB1E84
1246275320.2902849,1246275327.519531,A84B913271
1246266298.640132,1246266307.121582,4B702B5F68
1246202187.653323,1246202195.74707,239C35BBFC
1246279302.2138698,1246279310.746582,31555D3FD0
1246281324.558594,1246281332.476562,498FC6C947
1246281345.568362,1246281354.833007,29451D825C
1246282576.401975,1246282584.377929,67EC98F783
1246259843.695804,1246259851.222656,CC1DBED079
1246250072.474606,1246250079.55664,3615D32B8D
1246275560.691408,1246275568.701172,FDF97AA625
1246208957.521488,1246208965.786132,B9DFC0E60B
1246215985.139652,1246215995.617187,816FBC4BDE
1246218558.003904,1246218566.736816,B8EEE1A57B
1246219584.401364,1246219592.586914,AD035E01B6
1246220449.464844,1246220456.697265,1B9BCE5C28
1246221485.56152,1246221492.666992,885C3A3236
1246221968.18823,1246221975.25,73CC421502
1246222915.025387,1246222923.570312,6211F281BC
1246224545.499995,1246224553.310547,9A067F0EE9
1246237658.233645,1246237665.795898,C5CD91786F
1246237873.473636,1246237881.096923,9BCA7E31C8
1246240577.624021,1246240585.065429,7867888459
1246241304.9794948,1246241312.196289,323158BF38
1246242627.895505,1246242635.140625,6428BD994E
1246243576.850101,1246243585.223144,DA4FBE91C5
1246244468.832029,1246244478.584472,B4D0521514
1246245836.550778,1246245843.757812,7C0A02A91C
1246245898.807132,1246245906.168457,92132A1F95
1246247091.980958,1246247099.224121,D45576C6E8
1246247437.486329,1246247445.598632,433693E057
1246247673.638668,1246247681.790039,BECE1ADA27
1246292470.830075,1246292481.100586,EF762C2110
1246272655.287715,1246272664.341797,8EFB25A4A7
1246260622.606448,1246260631.13623,EA076BDC28
1246267994.355465,1246268002.617187,3A30E6B89A
1246268036.291012,1246268044.180908,6A1CD8B4EE
1246294756.763668,1246294764.315429,1EAB031B76
1246263891.802731,1246263899.530273,D0A019F390
1246260420.763675,1246260428.516113,612222EF21
1246248289.499998,1246248298.271484,5EF247E8F7
1246248650.7451198,1246248658.05957,E9F03745D3
1246248971.4668,1246248979.52832,FFF9F70309
1246277005.712894,1246277013.338379,BAD6D30154
1246277173.4990282,1246277180.647949,A8696D4253
1246281000.622074,1246281008.883789,D93E3B49F1
1246274786.798825,1246274795.083984,0F27766709
1246205308.775387,1246205317.531738,7329EEEE5D
1246205450.978519,1246205459.59375,079CB99695
1246280775.545902,1246280783.615234,DF5965782D
1246296061.159176,1246296068.584961,17DAC4E873
1246264873.0212429,1246264883.210937,BF68C5443A
1246264912.174802,1246264920.026855,411EF113B9
1246282183.57129,1246282190.713867,84344E36A7
1246295706.792969,1246295714.889648,8E04C11768
1246279538.671875,1246279548.712646,DFB12465F0
1246278955.5351589,1246278963.637695,60D4369153
1246291511.7836928,1246291519.821289,7134A4A024
1246291674.12598,1246291684.371093,369FFC9823
1246202950.768554,1246202960.347656,2E6CF2284B
1246282423.962705,1246282431.147461,C611F15B52
1246292337.926759,1246292345.018554,A79523B53D
1246296552.550784,1246296560.359375,0DD6B28CBF
1246351806.248533,1246351813.689453,4C7263D55C
1246334115.829098,1246334126.040283,DFF3CDC0B9
1246312445.930661,1246312456.75,8A9A58F9FF
1246312529.160153,1246312537.105468,D879B41DE7
1246390924.02783,1246390931.696289,93C2FDDAAA
1246344363.760739,1246344371.754882,252D719268
1246344388.489254,1246344395.641601,3D51162E3A
1246344592.069952,1246344599.140625,14620A3D2A
1246321279.2724571,1246321287.102539,11146E4A61
1246321477.779296,1246321485.885742,59E2A6FFD3
1246328098.399166,1246328105.521484,EEA943E3E1
1246328269.924809,1246328276.96289,7569856379
1246392624.9179718,1246392633.785156,EDEA5FAE2A
1246335146.875976,1246335154.893554,EBECE9504E
1246335204.0009751,1246335211.511718,D1EE758A44
1246335262.289068,1246335272.008789,13C4187189
1246399924.0849612,1246399933.771484,8EA396ADB4
1246322499.4043012,1246322508.05664,19C496C677
1246327289.841799,1246327297.054687,0B02516A4E
1246359171.598448,1246359181.266357,077D6C2FC2
1246359779.235347,1246359786.252929,94E7E34489
1246328661.8632772,1246328669.533203,E38487B4FB
1246354502.833008,1246354511.673828,2AC0BC0D3E
1246354643.172116,1246354651.946777,8CE362F6DC
1246314949.208013,1246314957.180175,5D3DACC526
1246377996.7485938,1246378005.618652,C3B2C75695
1246399361.4716828,1246399368.799804,FDBC592D86
1246349666.343753,1246349675.375488,64D59DBE0C
1246349822.2719772,1246349829.434814,3FB24D6046
1246384750.728519,1246384757.968261,98C2D9BE97
1246335793.565678,1246335802.158691,EF940309A7
1246339013.5293,1246339020.895507,AC5522D2C5
1246379049.390628,1246379059.759887,C17E28CA7E
1246341455.754156,1246341464.141601,FB4BF5993A
1246324118.271486,1246324125.379882,A1A2A67357
1246343687.285156,1246343694.857422,29EC708097
1246347906.306158,1246347916.1875,9646CFDD03
1246347986.3735328,1246347993.496582,5DF72BFA09
1246322380.323246,1246322390.512695,992AB74F1F
1246311730.973634,1246311739.296142,5B4CA9C76B
1246311751.540533,1246311760.500976,4A6705FC18
1246349064.62647,1246349072.047851,A81585EF81
1246349263.295894,1246349270.375,B7802ED580
1246342801.559757,1246342809.606445,E1562D37E9
1246347702.742184,1246347710.765625,7CB9777A86
1246346329.466798,1246346338.043945,7FBBA633D5
1246350725.191776,1246350735.320312,EBCC7C2E3E
1246350987.537112,1246350995.430664,4E799D258F
1246342323.833011,1246342331.467529,73CD81806F
1246385667.770511,1246385675.137695,5D793332ED
1246333963.08887,1246333970.485839,22171DC580
1246386953.210937,1246386962.015625,6A0589735D
1246387185.392575,1246387193.588867,95B96AFB4A
1246315646.2548869,1246315654.940429,9DA73C0D37
1246358362.673831,1246358370.711425,C58F9017D0
1246358370.8491251,1246358378.149414,E6E66FA680
1246337526.666016,1246337534.379882,867E8B8430
1246339083.019528,1246339090.813354,1961444D98
1246339557.585451,1246339566.02539,D1CB448D51
1246339628.193118,1246339637.834961,E5B9AFF09C
1246323615.184573,1246323622.320312,3AF1808E4D
1246318544.600826,1246318552.658691,30CD46C74B
1246320541.5537071,1246320549.460937,4D23A5089F
1246334562.7812538,1246334570.112304,CC7E8E0397
1246377360.206051,1246377367.517578,40F648D565
1246377701.761231,1246377709.838623,3698AC505D
1246344762.854497,1246344769.946289,A26AB390ED
1246344834.139164,1246344842.143554,A5CA96B309
1246345034.253177,1246345041.90332,3C620E7CDB
1246345330.072997,1246345339.250488,A5E6694A60
1246389554.783206,1246389564.588134,8467B217DE
1246348917.5517628,1246348924.602783,68C04A267D
1246340610.205078,1246340617.321289,44156D014D
1246331156.212888,1246331164.582031,678BA1BAEF
1246312965.418948,1246312975.011718,B0C3CC94FE
1246322002.781248,1246322010.832275,969B55C23A
1246360278.6064432,1246360285.935547,85D4905491
1246376229.292967,1246376238.382812,5ED5D6F086
1246375925.197266,1246375934.179687,84E208EE3A
1246397394.086431,1246397401.759033,0CDD50D3F0
1246373600.047853,1246373608.76123,E026E9814E
1246357288.421872,1246357295.828613,94B15ABF53
1246374120.499021,1246374127.749023,777B1F659C
1246341893.277349,1246341901.482299,FFACDFC8EE
1246346972.87891,1246346980.128906,59B6DDBB44
1246347101.401364,1246347109.653564,2F863BB286
1246383046.345218,1246383053.817382,0E33A43FE8
1246358005.282223,1246358013.53125,6F3D194743
1246319050.0488272,1246319059.779297,978088F754
1246346644.8461928,1246346652.316406,10FE6879C1
1246326790.08984,1246326798.46582,58A80C2A90
1246315298.220702,1246315305.682617,DD79E02C2C
1246380640.9999971,1246380648.242187,0BED464425
1246352395.80005,1246352406.64038,BCF33A1180
1246333479.965817,1246333488.842773,90FD23C3FA
1246317429.819576,1246317439.276245,AB95F61B76
1246317808.785646,1246317816.448486,4239844610
1246350289.865231,1246350299.292968,8499878F40
1246312311.3991652,1246312321.788086,06C1D61EC4
1246390982.945309,1246390991.633789,6F84D5651A
1246483171.669925,1246483179.112548,F7F2332943
1246473915.912112,1246473925.091308,ED2C74D27A
1246489911.654298,1246489920.030761,376972B78A
1246487688.89551,1246487699.578125,0B4F798EFD
1246487837.829105,1246487846.172607,A8A3EFDB5E
1246455860.156245,1246455867.401367,561EB701C2
1246472949.733398,1246472957.914062,E75E5F05DC
1246489302.12695,1246489310.104492,45A467FBC3
1246407905.112302,1246407912.391113,FFA562BA45
1246457692.0996149,1246457699.128906,B449AC3BA7
1246411633.140622,1246411640.432129,4D7390EE15
1246465254.8727982,1246465261.991699,EB8C700225
1246402378.5029328,1246402386.53125,219EF04402
1246494571.554691,1246494579.104492,3298089FB0
1246488070.275387,1246488078.523437,00E528DF9C
1246459112.132813,1246459119.741455,ED8C2BA611
1246459225.080075,1246459236.128173,A6D7147483
1246459236.1284132,1246459244.081054,3B7DC70437
1246474938.321778,1246474945.465088,3BCA5EFC78
1246474999.632816,1246475007.159179,6E1C1549EB
1246464230.253906,1246464238.749511,C1786F7E79
1246466613.841802,1246466621.4375,2097110C6F
1246466715.5241652,1246466722.751953,BF6F1FCC1C
1246469585.225827,1246469593.15625,4AFCA0EEE6
1246469598.671995,1246469607.021484,5EF190489C
1246469722.260742,1246469730.73999,3E9D06CEC5
1246460174.421878,1246460182.40625,D164D3FDCE
1246476669.050784,1246476676.105468,5FCA493704
1246476702.7265658,1246476710.660644,6484714F8D
1246476736.500973,1246476743.752929,6D535293C5
1246474232.150394,1246474240.069336,75E31846A6
1246487151.675778,1246487158.898437,416CF73479
1246468781.913818,1246468791.344726,885DF271F5
1246468963.652344,1246468976.043457,5267BF873A
1246469098.107419,1246469106.074218,A9548008D6
1246469134.195318,1246469142.454101,B260595D1D
1246469214.3203158,1246469223.714843,5FF2184453
1246469268.841798,1246469276.313476,A7EE84E110
1246461805.4873078,1246461813.655273,42517FA5E9
1246467235.035646,1246467244.034668,1320695E11
1246453916.1633952,1246453924.5,0874D8745F
1246454166.801023,1246454174.022461,7AAA86D3D0
1246494741.764652,1246494751.90625,5AFE4553C4
1246480195.37891,1246480202.902343,4184FFAB69
1246400400.805667,1246400408.0625,BEDE8979A1
1246463176.6796908,1246463188.763672,251C702C93
1246481014.488278,1246481023.722656,C6594CED19
1246481259.1835968,1246481266.248047,391F3105BA
1246477188.739261,1246477196.398437,31920D5F33
1246477444.908203,1246477452.303711,F9B1C1DB7D
1246477531.951172,1246477541.03125,E4E8EECAD7
1246401390.049806,1246401397.923828,E38D80391C
1246407475.611332,1246407482.682129,E0184A4374
1246481469.707028,1246481476.729492,AE4199FF03
1246481502.634766,1246481511.71875,FEABACB5B6
1246481604.260742,1246481612.916992,73482A2037
1246481831.44922,1246481839.0625,B96A0A6138
1246481858.42187,1246481865.538086,5CF0C1D8DC
1246407554.698242,1246407562.578125,5C29D76570
1246459420.574217,1246459428.938476,4B1012A88A
1246479423.593749,1246479431.571289,4D4A4CCB2D
1246479658.539488,1246479666.160644,F488F74F60
1246479698.958986,1246479709.120117,261A65B57D
1246493694.180661,1246493702.606445,93C0FBC742
1246470041.279293,1246470052.203125,259B6A0B0D
1246406340.290042,1246406347.375,F76EFB1933
1246497251.005372,1246497258.506591,6D3B3955AD
1246497428.162109,1246497436.279785,21F23D6A66
1246471901.349123,1246471909.329101,3720A1AE61
1246477144.1767578,1246477153.0,AFC0BC3AFC
1246485475.551759,1246485483.086914,5DF3AB0328
1246483462.813479,1246483470.461914,BD46202F26
1246468115.248349,1246468122.765136,5E3DFB90E0
1246476992.804691,1246477000.580078,56AAE75D37
1246471332.240232,1246471339.427734,ADEC710D2A
1246471435.561527,1246471442.818847,A0527D634A
1246471559.363281,1246471568.049804,73768C3452
1246471632.517336,1246471641.16333,B518B7430D
1246459811.000001,1246459821.93457,9C5A33A625
1246472192.5507782,1246472200.071533,FB688A1A24
1246453245.78613,1246453253.396484,2C621B4919
1246453572.3681638,1246453580.15625,AF4CA5B3C0
1246465542.759769,1246465550.216797,DBBFABFF98
1246465599.191403,1246465606.387695,50A58F262C
1246484014.9707072,1246484031.110351,2F10C7AABE
1246462244.546878,1246462252.940429,2D3DB1DE99
1246481303.378906,1246481311.647461,99F14D07BC
1246484630.402829,1246484638.409179,5BDCDE2822
1246484741.944332,1246484752.141113,1288EC4392
1246470770.570317,1246470778.250976,FCD112AD1C
1246470804.987064,1246470814.061523,119A018D2F
1246486843.8525388,1246486851.658203,FEE96B43FA
1246461504.056644,1246461513.624267,A5A1B656E0
1246479993.324222,1246480000.888672,69CE5D4124
1246462680.071776,1246462687.823242,B4BFD4540F
1246462869.11279,1246462876.673828,BF6B389251
1246477919.241701,1246477926.80664,CD15C043E3
1246478357.0624971,1246478366.25,4F84974560
1246461131.072262,1246461139.142578,66B1FCE129
1246403413.814451,1246403421.019043,C6AD99AFAD
1246403438.125,1246403445.723632,77960BA811
1246403447.335935,1246403456.886718,A93EBFF234
1246479891.2255888,1246479901.520507,E050064F6A
1246468540.8471632,1246468549.381836,223B26545E
1246488570.962401,1246488579.054687,18F5E0F78B
1246492224.875973,1246492232.005859,62FBE15C26
1246492341.292242,1246492349.034179,9770041780
1246527680.25,1246527688.875,1E7D9AD66F
1246570174.231197,1246570183.978515,D1977618F4
1246570516.7773468,1246570525.828125,31AF086BCF
1246545470.684083,1246545478.146972,671DA09D55
1246562682.520511,1246562692.045898,3CF9014A17
1246562808.188474,1246562815.21875,55A0C04088
1246558923.814452,1246558931.1875,24F1DAEDA0
1246583145.606446,1246583152.874389,9397556092
1246501383.7207,1246501391.875976,A351BDB2B3
1246543240.395997,1246543249.129882,EC79BC65AD
1246599603.93262,1246599611.355468,F3C54D3E29
1246599787.951168,1246599796.166992,5F07DCC948
1246509755.837404,1246509763.363281,C4CBFDD111
1246538716.913089,1246538724.327148,86C7A6E106
1246538739.961912,1246538748.313476,6E8B6F6A5E
1246529817.404293,1246529830.27832,2B8178C792
1246512656.162111,1246512663.5625,432429B6BB
1246512731.636716,1246512738.921875,6307B58FC7
1246539761.90088,1246539770.388672,EFAB747E22
1246527071.7880888,1246527079.72998,E8337D2330
1246519258.78272,1246519265.841797,71EDD1DB12
1246511568.334964,1246511575.370605,CC70C4F386
1246588548.48316,1246588556.605468,BACFCD9709
1246517209.944332,1246517217.101562,925FB111CA
1246520281.551757,1246520288.740234,9EF5CF5354
1246567092.350582,1246567099.885742,1EFD74D9D4
1246525914.31445,1246525922.058593,69098B2549
1246564356.65723,1246564365.273681,12BFA63A46
1246514999.799802,1246515007.622558,B2B0791AD2
1246528350.802731,1246528358.395507,9DA1A2C67E
1246530869.1015658,1246530879.921875,3623DD5CC8
1246530971.59473,1246530981.618164,D85C51C1CC
1246540831.097906,1246540838.255859,8F02E8E148
1246523080.194332,1246523088.248047,478544A1FA
1246527401.994993,1246527410.958984,E634C4FD83
1246527466.985353,1246527475.550781,A60AEF3C1E
1246524563.317381,1246524570.84436,C7B43DBD46
1246500949.649418,1246500957.147461,92397DF7B8
1246501282.75195,1246501291.966797,9A89CDD605
1246534012.800778,1246534020.574218,DA1012E768
1246579029.08399,1246579036.110351,8D95DB6F98
1246579077.2651322,1246579084.662231,BB39AFA4FF
1246567874.023925,1246567881.824218,F748EBE968
1246568320.576168,1246568327.788086,F6A71CAEBD
1246568449.182124,1246568456.421875,661D1876A9
1246573615.9296842,1246573623.758789,27FFD354F1
1246537578.008789,1246537585.09375,44D7AE88E9
1246559756.8692622,1246559764.063598,D0EDD9410E
1246523784.838377,1246523797.199218,10E94635C4
1246571874.367187,1246571882.089843,BE0D34F311
1246571927.360355,1246571935.734863,35C9894B40
1246532996.460937,1246533006.100586,9102D71BA1
1246572501.593259,1246572508.708984,DBB61AFA44
1246572539.25586,1246572546.754882,242C33BA54
1246518159.382809,1246518167.491211,AA6D8FF0BB
1246520869.770509,1246520879.096557,83E071EABA
1246558622.0112329,1246558631.724365,060B50BEFF
1246503130.003903,1246503138.286132,3D0EE87FCD
1246565904.097657,1246565911.200195,5C13C297E8
1246580452.8901322,1246580460.871826,42C6313A60
1246580477.661136,1246580486.001953,78A5B89307
1246566162.3974571,1246566169.440918,E7EADE8216
1246566283.9160151,1246566295.791015,86FB4C543F
1246594085.8486369,1246594098.259521,D76EF393A9
1246565772.25391,1246565780.367187,56D3BF51DD
1246593696.199222,1246593703.919189,CB898F32F6
1246535240.8813431,1246535248.445312,06AC48F83C
1246559308.9287071,1246559316.313476,E03DA5608A
1246532569.791998,1246532577.176757,E5947E720B
1246518290.25879,1246518297.966797,FA5713DB65
1246536206.263668,1246536214.000976,D4DE10F475
1246517343.0273468,1246517350.724609,176D345520
1246517503.129886,1246517512.423828,F1AC44942C
1246517555.507139,1246517563.722656,A3340B3C1B
1246564704.241211,1246564711.46759,F6765B4BC5
1246561948.170895,1246561958.253906,0EBC2884FE
1246538528.584962,1246538537.892089,3296F3D128
1246528928.582034,1246528936.102539,444E0C3891
1246562658.002926,1246562665.271606,C6E15F7C1F
1246560908.398191,1246560916.046875,157EC2C29E
1246560976.7456088,1246560984.110351,EF05EC8D5F
1246561114.1562471,1246561123.148437,59B769A2A5
1246576413.274417,1246576420.368652,93C8E09608
1246576475.797855,1246576483.114257,FE3507A275
1246571227.40918,1246571235.253906,A557737242
1246584001.495115,1246584008.933593,B9E6A12501
1246510501.1250029,1246510508.786132,C64B3075CB
1246681367.224612,1246681375.703125,A8564CE588
1246631657.73437,1246631666.592529,22F8EE5D47
1246638784.416503,1246638792.530761,5C1AD0EA86
1246696632.113278,1246696640.060547,7BEBA36620
1246695363.652708,1246695373.395019,C9422ED5EA
1246639591.345706,1246639598.491211,6E2D85F050
1246699697.685545,1246699705.25,3753F1791D
1246627902.438236,1246627909.661132,542D9A2142
1246623095.285643,1246623102.71875,B5245FCB1E
1246623138.832034,1246623147.851562,28E4737C7A
1246692007.5263698,1246692015.83789,C9074E40D1
1246691412.867184,1246691420.639648,75E8861CB9
1246621960.000005,1246621968.258789,C311902FB8
1246622194.7226598,1246622202.49414,FA6BAA27E3
1246607687.9902391,1246607696.908203,58C411ED4C
1246608092.264645,1246608100.783203,0A68AB677B
1246678146.7876022,1246678155.405761,B9703BAA4B
1246656909.992184,1246656917.562011,46ED814CEF
1246659346.6962872,1246659353.839843,FCF88CB685
1246695649.521368,1246695656.722656,4EA3A4D0F9
1246676871.7802742,1246676881.710937,571172026E
1246630472.15625,1246630479.564941,B40502FAEE
1246698063.043697,1246698070.051269,0321D53E1A
1246681777.359372,1246681784.524902,84E2454339
1246675617.9999971,1246675625.159179,56BFE1E84D
1246663406.5483391,1246663415.607422,DAD291AD58
1246627526.817386,1246627534.064697,197640B19A
1246621449.10059,1246621457.219726,7393640062
1246635102.203122,1246635113.861572,5E4DF64F51
1246608364.956052,1246608372.414062,8B98CD520E
1246668534.941896,1246668543.046875,EA65192471
1246615394.44141,1246615401.583007,6E3A4F3A9C
1246637899.424801,1246637907.222656,55071A8ECB
1246672236.078127,1246672245.907226,2BA7B747F7
1246636200.762698,1246636210.207031,9B6C2A6251
1246689224.204106,1246689234.141113,44B618C1FE
1246698991.4062529,1246698999.595214,FA9F8F481A
1246667310.810552,1246667319.96875,7601E7835D
1246680505.516239,1246680514.227539,2F94379762
1246631110.469852,1246631117.711914,590C1F32CE
1246694048.493161,1246694058.171875,9DED9BCD44
1246694182.8193338,1246694189.929687,B314DAFB9B
1246607492.777345,1246607500.836425,FFF46A1970
1246696179.263669,1246696187.651611,10F649B605
1246603587.763675,1246603594.870239,E1A906B47E
1246698360.0957,1246698367.905761,3D529C20BF
1246684797.074221,1246684805.669922,365AF1C781
1246608775.9227269,1246608784.868164,A4163CC8E8
1246625772.410153,1246625779.628906,E6CAFB6147
1246664109.743167,1246664116.841797,CB3CEF9F80
1246684199.977538,1246684207.671875,8E4A5605CA
1246684270.967773,1246684278.750488,04C06BBB64
1246679805.9755871,1246679813.174316,8713551AD9
1246790145.416019,1246790152.545898,A58E7ECBB0
1246765586.290044,1246765593.396484,C432E2DB1E
1246709748.495543,1246709755.788452,B4B154D7B8
1246710049.652101,1246710057.378418,970223F405
1246781246.305177,1246781255.285156,EF32DE6214
1246762190.551761,1246762197.886718,93E0C35B95
1246775687.703126,1246775695.161132,496210EB41
1246753071.851565,1246753079.821289,A9D6A019A5
1246780311.563477,1246780319.67041,6A09390A10
1246781984.121578,1246781991.569824,0917BE1D0F
1246782260.017696,1246782267.483398,88D4A26196
1246786248.439943,1246786255.657226,16796B9B92
1246789266.042972,1246789273.201172,9CA6E6013C
1246769561.560064,1246769569.676757,06D64944D2
1246766069.2519538,1246766076.423339,4D0DA912B1
1246770144.228521,1246770151.983886,E06D21D355
1246770202.8847702,1246770210.814941,DA9FB850D9
1246701615.699218,1246701623.014648,4E97B956A4
1246776917.505856,1246776924.946777,75C78164E0
1246758686.10742,1246758694.469726,EE82759011
1246753913.560547,1246753920.625,8BA9ACFE5E
1246752756.059815,1246752765.59375,4766DE6DC8
1246790922.93945,1246790930.232422,CE92B9637B
1246791143.6992218,1246791152.03125,8FD46ABEF5
1246760656.608648,1246760664.673828,DB47D636FB
1246784005.4243128,1246784013.040039,0A39432C14
1246710871.1367152,1246710878.184082,AB73D1D3E0
1246759836.537113,1246759845.176025,80874D3B36
1246791434.708981,1246791442.397461,2E8FF3EAF4
1246791475.9334688,1246791484.952636,AA62F13464
1246776706.025388,1246776713.981445,A6FB5ED678
1246767275.376956,1246767286.831054,5CD6364FE5
1246762979.419917,1246762986.6875,B17FC55954
1246782479.144537,1246782486.453613,C4DC8D0DE0
1246773589.10156,1246773596.947265,1C5E3DC2CF
1246700501.2143528,1246700509.100463,1D8F7F5AF1
1246768307.4615471,1246768316.661621,EC204C1059
1246761680.770509,1246761689.004882,BC387F932E
1246787608.5805688,1246787617.012695,4FB3AA38BA
1246787849.6064472,1246787859.669922,92C7A9D615
1246778766.747074,1246778776.660156,BD57908597
1246802025.335937,1246802032.823242,416230B70D
1246886918.958981,1246886928.658325,A2B72E2590
1246853960.960938,1246853968.024414,DB1D1EDC09
1246876739.624513,1246876748.603515,5398D169A5
1246870402.1019242,1246870409.986816,2BEC319C9B
1246870557.746827,1246870565.433593,26862BF296
1246875347.982179,1246875355.266113,7170F839C3
1246856232.908018,1246856243.6333,E87E5FA01C
1246882163.336911,1246882171.189453,E6E8B4AC53
1246844978.9453158,1246844987.102539,B7DEC57829
1246869020.793947,1246869028.99414,96446A926F
1246887202.425778,1246887210.503906,F52A375D25
1246879474.0332,1246879481.226562,641D107DB1
1246871776.593511,1246871783.60205,8AD23F6E0E
1246871831.936527,1246871839.029297,52E338E1DF
1246871867.316408,1246871874.912353,B3FCA395EB
1246882690.092773,1246882697.454101,B28FE894D4
1246882730.6875029,1246882738.299804,52B6338B3F
1246810191.993165,1246810201.21582,10FF2782D2
1246841142.087888,1246841150.972656,14D4DE3857
1246884583.0,1246884590.339843,396E3803ED
1246854730.026852,1246854737.232422,0CE7890934
1246854748.2138689,1246854757.704834,9D5CCB674C
1246849327.5175748,1246849334.518554,F297AEF0F9
1246801359.98535,1246801371.995117,EFEB4CDFC3
1246810037.613038,1246810047.626953,EDD2E88FC9
1246808434.371097,1246808442.662109,957E5405E4
1246806655.118167,1246806662.30664,A1EAB6F888
1246806812.94531,1246806821.735351,FBFA0F60A7
1246804059.548465,1246804068.674804,FF14B2B7DA
1246872477.375977,1246872484.504882,710E8ECC74
1246872546.1313522,1246872553.454101,1F4119D3A2
1246888779.8930662,1246888787.249023,C7FF8B8D23
1246870889.996091,1246870897.650879,2E55B9D6DE
1246857768.478029,1246857778.041015,06A2857233
1246842067.4570298,1246842075.908203,E46D269376
1246855206.677734,1246855213.779297,4A762EB357
1246871162.25,1246871169.696777,D96B086035
1246845782.731817,1246845790.457275,988C1D7B77
1246886243.608402,1246886250.754882,0787BF426B
1246854291.28467,1246854299.243164,EB51A67F1A
1246858589.700194,1246858597.252441,1F01C7B49C
1246926848.8828158,1246926856.235351,CE51EFA7A1
1246933045.920895,1246933053.119384,F75C51B78C
1247264149.575201,1247264156.855468,E79EC798A2
1247266608.235357,1247266615.297851,0677B28174
1247269024.896487,1247269032.249023,90630B943C
1247269742.0712929,1247269750.148437,281FCD06AE
1247284139.375002,1247284148.21875,5C1474F53A
1247284487.039059,1247284496.220703,4C2EF67234
1247290071.673831,1247290079.684082,7AFBF0C694
1247292178.92383,1247292186.1875,409360CA6F
1247293415.588864,1247293427.0625,DFD5A2BED9
1247296779.2890658,1247296786.542968,6E94A7F5BF
1247297962.8955112,1247297971.814941,664C72BB5D
1247298003.766603,1247298015.955078,D009473802
1247299556.473629,1247299568.159179,78FC25B8F6
1247301211.660406,1247301218.923095,C7FBDA2DF7
1247301450.25195,1247301458.336914,670A7ACF2A
1247301557.274411,1247301564.57019,0300CB92E0
1247302223.3076131,1247302231.314453,D6BC1D4DAF
1247303447.3930628,1247303455.9375,47828A95CA
1247303523.808595,1247303530.835937,5493131B62
1247303973.786867,1247303982.366211,6C19CA9E42
1247304121.260742,1247304128.638672,C55091D179
1247305851.999998,1247305860.280761,FEB0136F85
1247307095.355596,1247307102.63916,B8035DEC6F
1247307399.6914072,1247307408.085937,521F3DF5F7
1247307522.230465,1247307532.256347,3736612C72
1247310920.551271,1247310927.930664,7EEAC438D8
1247311010.848635,1247311019.51416,9F63255D14
1247311046.3525388,1247311055.420898,93C6E8319A
1247313280.0566409,1247313288.10791,B5A15AFF18
1247317998.818356,1247318006.472656,85FB475ECE
1247319492.8083482,1247319500.471923,7057FC9E7D
1247319850.792969,1247319858.585693,706844B126
1247343095.4101522,1247343102.443359,EC16126C5A
1247343749.649415,1247343759.783203,4184651BB8
1247343960.601565,1247343968.791992,D6A7D79245
1247344563.21875,1247344572.408203,4D1C14CAFE
1247345141.331054,1247345148.721679,CD3C9ADC60
1247345529.255865,1247345539.140625,3FFAC9337C
1247345706.619137,1247345714.063476,79A00B4BEF
1247345975.306644,1247345982.759521,6F0133D3B6
1247347604.362306,1247347611.740234,37737EBA83
1247348096.794439,1247348106.288574,FC17C0361D
1247379499.480474,1247379507.273437,52C1ECA859
1247379638.030523,1247379645.459961,96C1B4E347
1247380750.520504,1247380760.224609,7F61566B42
1247381050.402345,1247381057.593261,B873D7B395
1247381197.226568,1247381206.616211,5DE6F2B410
1247381586.8750029,1247381594.538574,05E52479A9
1247381604.409673,1247381611.792968,A5413F9A1D
1247381857.817384,1247381866.629882,5B9116B055
1247382846.458981,1247382853.639648,38FED22414
1247383853.585935,1247383862.114013,846A8A1774
1247384836.918942,1247384846.189453,BB7CB67A8F
1247385450.810909,1247385458.628906,71F88D1569
1247386476.5859408,1247386483.753173,A22F4CA495
1247386518.9174771,1247386528.734375,7F2F7990CC
1247387586.850585,1247387595.835815,CFA98748C8
1247388119.242187,1247388126.599365,143D3F8B97
1247388152.474612,1247388161.430664,669458DB89
1247388331.7529328,1247388339.0,EB5BF64795
1247389720.267091,1247389727.942382,903393C5C0
1247390595.330081,1247390602.55957,BCD97911BE
1247391149.240236,1247391158.375,5760E10D86
1247391216.088864,1247391223.310547,D082A93564
1247392399.467168,1247392407.400146,7BD52B5C7B
1247392652.208738,1247392660.357422,1990CE76B3
1247392865.671878,1247392872.821228,AFBDD6373A
1247393548.7207031,1247393556.698242,C2C392D67A
1247393618.9687471,1247393626.717529,764E35A040
1247393789.537479,1247393798.299804,4E6DB1EEF2
1247393925.453125,1247393935.273437,D412B12A18
1247395457.85156,1247395466.956054,D99BE64C5E
1247396646.279791,1247396653.642578,3AC030A38E
1247400018.8418012,1247400026.25,32CE37BCC6
1247400209.5854478,1247400216.922851,3A000873E1
1247400893.448238,1247400900.529297,7751AEDB72
1247400928.16553,1247400935.537841,5EA0D624E5
1247405043.703122,1247405051.023437,3BE96A556D
1247406585.913086,1247406593.756836,229B9592AC
1247407068.569332,1247407076.10498,075D9948E2
1247407274.25,1247407281.82373,193C20478C
1247407699.248289,1247407707.347656,FBF7BFD5B1
1247407802.1650388,1247407809.90039,E2D06197CD
1247408262.480465,1247408269.764648,BC25A4307A
1247408504.015628,1247408511.419922,021FB52697
1247408627.4189448,1247408634.68457,F701BBFBB8
1247408906.213375,1247408914.272461,7FA0E27338
1247409050.9960911,1247409058.131836,C3FDBF7845
1247409287.961427,1247409295.351562,0A3175B8E1
1247409601.300054,1247409610.940429,6BE35BD963
1247351415.250981,1247351424.836914,DD750109B2
1247351655.913082,1247351663.293945,103BC466A0
1247352199.551761,1247352208.580566,AED42B3DC0
1247352670.260744,1247352678.291992,58048222E3
1247353141.4169948,1247353150.293945,003BE3F5A6
1247353339.5095172,1247353347.657226,8442B31D13
1247358451.997068,1247358461.083007,C2E70BCAAE
1247359364.425778,1247359371.704101,AC9DF440C4
1247359550.357422,1247359558.828125,45161EC8EB
1247360637.603512,1247360645.280273,45595BAF1B
1247362155.8188472,1247362163.517578,9AB06F152A
1247362418.625493,1247362430.621093,F330F14BFF
1247364206.063478,1247364213.092773,B55404F621
1247364697.565426,1247364704.631836,E0D6E1F1B2
1247364912.1562529,1247364920.614257,7E861A1070
1247366709.435543,1247366717.148437,E3453BB924
1247366833.172855,1247366840.625,41DA015395
1247366849.651368,1247366856.938476,709B9E3620
1247369275.5498078,1247369283.413818,9D38A1C832
1247369291.830078,1247369300.041015,25766328CD
1247371763.603029,1247371770.96582,C12066C147
1247372168.773435,1247372177.017578,8256A362E8
1247372720.331788,1247372729.663086,AB5812F0B9
1247415661.076292,1247415669.529297,645060546C
1247415800.764402,1247415808.249511,6E1DDD8433
1247416764.471681,1247416771.764648,C59B8493E4
1247417232.320554,1247417242.238281,0F56FA2BB0
1247417809.7104468,1247417816.914062,95BAC6BD81
1247418156.802738,1247418166.748047,55F6A793D7
1247418630.1767578,1247418641.115234,5910400866
1247418986.969729,1247418994.610839,24C4785FF5
1247419401.233403,1247419408.62207,9352AC0ECD
1247419514.37549,1247419521.550781,CE6A1D7078
1247419879.269773,1247419886.49414,B8D185660E
1247427599.2265658,1247427606.245117,9E5AAFB5AA
1247427786.423828,1247427794.499023,804A750C18
1247428358.6582,1247428366.437988,FED98AF548
1247430458.717287,1247430466.298828,F061673F77
1247430848.176633,1247430858.393554,2808A587D1
1247432333.92676,1247432341.888672,0B98D6FD5E
1247434323.939453,1247434334.129394,8074D494A4
1247434398.640627,1247434406.330932,D03DBA09E0
1247434593.9346912,1247434603.285156,B55F07EF85
1247435473.2294948,1247435480.385498,7142045D92
1247435818.608394,1247435826.154052,9A12773F4E
1247436391.15527,1247436399.140136,86E10137A1
1247436465.22656,1247436473.166992,17AB79AA16
1247437044.113771,1247437052.366211,1875C26AF6
1247438301.3740249,1247438309.976562,5E846C2A20
1247439191.0920372,1247439199.717773,7719F23B99
1247439903.8632798,1247439914.920898,DEAD4F188C
1247440219.888675,1247440229.114257,87A356134A
1247440522.317384,1247440529.9375,9DA12C4609
1247441244.050784,1247441251.539062,AF59AF85BD
1247442426.790035,1247442436.60205,82CDEBD650
1247443237.479007,1247443246.752929,312FB50B7C
1247444136.4965851,1247444144.323242,87508B9F6E
1247444420.957034,1247444428.555664,F4C4D21E6F
1247444925.68848,1247444933.764648,3093D5FD7A
1247445305.005859,1247445313.544922,BCA9394E9D
1247446180.139524,1247446187.148437,90B6B99B58
1247449979.21484,1247449987.888672,C83D77733E
1247451413.987182,1247451421.863281,7FF4EF9BE7
1247454973.783689,1247454984.802734,80FEB28094
1247455927.038571,1247455935.206054,1A53B67588
1247456731.954098,1247456739.155761,2234672F6D
1247458336.128659,1247458343.474609,1B626A9F3C
1247460536.941403,1247460544.313476,6C4E0104FE
1247461446.4257798,1247461453.728027,0D86793373
1247462742.841794,1247462754.772461,905F943779
1247464084.337896,1247464092.651855,B9C5274223
1247464871.652344,1247464885.240234,E3964A0AA8
1247465523.383055,1247465532.22998,FD74ECD785
1247468598.0996108,1247468605.724609,F79448D3CA
1247469289.993047,1247469297.773071,D8B6676776
1247469444.53223,1247469451.916015,C0BFCEACD9
1247470858.134768,1247470871.189453,36E464352B
1247471971.671995,1247471978.841552,BBDA7DD62C
1247475588.870114,1247475596.308593,B4CF5FF2EE
1247478718.041992,1247478726.425781,078F0FA90E
1247481625.672362,1247481633.442382,867764FB04
1247493921.087887,1247493932.402343,7F13CADDC0
1247497337.078128,1247497344.567382,E8FCD53275
1247497678.62305,1247497686.772705,7F73813D5F
1247498517.171144,1247498524.295898,86BF1376B5
1247486666.988036,1247486674.804687,BE5453CF49
1247571316.9951172,1247571326.989257,FA3F2A0963
1247598584.6992218,1247598591.843994,BBEF6E1643
1247542056.900394,1247542064.470703,D501877A68
1247545912.6604,1247545920.217285,C99227F2A1
1247545953.8137162,1247545961.083007,89F587F15C
1247570925.493167,1247570934.180664,B7FBF3E37F
1247583029.642575,1247583037.510742,BAC64F0F8B
1247579902.592535,1247579910.60791,E1D455AC7C
1247566446.6855512,1247566458.261718,2007C5A2FA
1247566613.41504,1247566621.350097,12BA761922
1247592982.011723,1247592989.356933,C0FF993A58
1247593061.0957,1247593069.098632,584ADB970E
1247590138.3818312,1247590146.158203,5D6EFFC3F6
1247586503.75,1247586512.164062,786346A822
1247574452.856447,1247574461.068359,C880836717
1247574475.891599,1247574485.0,473B7BEA52
1247582765.5859408,1247582774.3125,E3429829B8
1247577030.561527,1247577038.581054,DC82F02631
1247577083.509762,1247577090.794922,96FD0F3966
1247574108.721676,1247574117.259033,12FAB51F4C
1247572150.062504,1247572158.176757,4F422719BD
1247517934.5654328,1247517943.060547,35C759187A
1247522390.173589,1247522397.77832,7C827D0D4B
1247525791.4824228,1247525799.363281,28EC1E0087
1247527211.967287,1247527220.054687,2EE9321BE3
1247530165.393554,1247530172.507324,4272A3CB1A
1247534173.19043,1247534180.602539,4B2DFB3D44
1247535190.996092,1247535199.199218,3ED2E30DA2
1247586126.879879,1247586134.070312,122161B272
1247559888.124996,1247559895.550781,D81457D095
1247558836.889652,1247558843.908935,1140F5E185
1247557197.524904,1247557206.589355,4EDB84E703
1247563934.019536,1247563942.15332,FFD637A5F9
1247597756.1314669,1247597763.792968,D7F14CA91D
1247597358.4834,1247597367.162109,CCE9F8BAE8
1247558480.894535,1247558488.519043,9AD2BC86A1
1247688519.347653,1247688528.9729,4CB8C08E80
1247652015.70508,1247652023.066406,31C8A1F2C5
1247690162.587894,1247690171.072754,587125C830
1247639416.227538,1247639423.876464,1C0D0B55D3
1247681825.915533,1247681833.37207,29FE11DE58
1247679896.812257,1247679905.039062,F4ABE69DB9
1247657092.042969,1247657103.749084,0FB86EEDEC
1247685187.4814482,1247685195.371093,9235E59A12
1247685391.873898,1247685401.294922,49E22B1885
1247616180.489503,1247616188.627441,5BFA97C8F4
1247644961.889651,1247644970.423462,8BAC38252A
1247699163.71875,1247699170.902832,49D3C13B12
1247699208.114748,1247699215.901367,FEB46246E1
1247663812.441404,1247663820.177246,B48DFAF049
1247663926.7563522,1247663933.96289,C4E35FEDE3
1247664178.942144,1247664189.52539,216C900134
1247666952.146974,1247666959.486694,C8710F68A2
1247670243.388675,1247670250.420898,82D305308E
1247670549.511714,1247670558.078125,E2DD63E333
1247671458.0,1247671467.946289,243AE86FC1
1247671885.2602549,1247671892.353515,BFF2496524
1247672268.7618392,1247672277.511718,B3B299AC62
1247673438.456051,1247673445.813354,8E7330296F
1247673572.0351522,1247673581.161132,99CF46E4A2
1247674985.448239,1247674993.807617,10285BCD25
1247608081.294918,1247608091.582031,FECBDB7C57
1247607564.554685,1247607571.617675,F88C575CB4
1247655065.422854,1247655073.691406,BDA9DD59A8
1247604895.236325,1247604903.58374,C36AABBAED
1247645810.703619,1247645819.466797,B6F4665876
1247680446.32129,1247680454.005859,960C04B1C3
1247641079.462887,1247641086.727783,F407DF5A91
1247641087.805171,1247641098.171875,B324D6A86D
1247641162.987301,1247641170.532226,21DF39AB83
1247683660.878906,1247683668.499023,CA54F200BC
1247652752.792972,1247652760.797851,F85213AB33
1247609287.680667,1247609295.8125,B3BD9D505F
1247691373.25879,1247691382.906005,C8C42E9D06
1247695039.578128,1247695051.615234,74D8F83908
1247677645.63281,1247677652.793945,FBC3EDBC09
1247657669.851566,1247657677.503906,D53B1778B6
1247661967.382817,1247661975.910644,DF4EE0EC64
1247606726.5107472,1247606735.844726,EC1367C943
1247620390.299801,1247620397.984375,377D37887D
1247695601.576172,1247695610.443359,34C2F00102
1247695737.505857,1247695744.650879,71BA8DCEA2
1247614895.9302938,1247614902.961425,4064E93074
1247654001.629884,1247654009.829589,15F38D2DAD
1247684562.778323,1247684571.162109,55A4D3F220
1247676592.3623009,1247676600.767822,8E7B68A00A
1247693535.526366,1247693542.651367,9884912D80
1247682729.386722,1247682736.99707,A8349E8749
1247683810.360841,1247683818.206054,75F57B7CF3
1247601596.518555,1247601606.367187,6629A68B61
1247661705.85938,1247661712.961914,08B72C1A73
1247696127.983394,1247696135.683593,B75BB50246
1247696428.828122,1247696436.0,06828BD2A3
1247608660.388668,1247608669.120117,AEE1322C49
1247681214.085942,1247681225.163086,5137F262ED
1247689973.082028,1247689980.546875,F69947E939
1247618799.14746,1247618809.742187,BC696474BF
1247644082.187502,1247644089.726562,7218BE1D4A
1247603537.410161,1247603544.645507,D972FA37C3
1247678297.1279328,1247678306.104492,48719C17DF
1247678361.872922,1247678371.267578,1C7422EEC0
1247619339.498049,1247619346.90625,436A6BF5F2
1247641492.398441,1247641501.375,70562747FD
1247651129.4946258,1247651136.586425,71022DC872
1247651426.074219,1247651433.847656,3A92A16EDC
1247617239.625005,1247617249.885742,62CA91FC30
1247624866.392583,1247624875.488281,B1A0786B1E
1247655294.014645,1247655301.401367,93918ABC3B
1247612447.660153,1247612455.624023,E73AEFCBC9
1247619734.24121,1247619742.092773,39A151F0B1
1247613854.570312,1247613862.974609,B84551CBAB
1247642613.098631,1247642620.500488,D6597BD6FB
1247657856.765628,1247657865.282226,45A9C1FA16
1247686697.784184,1247686705.013672,5093BA0B75
1247681868.026856,1247681876.139648,B347250E72
1247656096.9682648,1247656104.5,7F5F91EE09
1247627684.257809,1247627691.857422,85A94CACCC
1247773271.028324,1247773278.835449,7584FB3166
1247741722.948246,1247741731.15625,39C5DEE01D
1247741765.753666,1247741773.772461,D7A64E7D7C
1247707305.405027,1247707317.945312,AA1EADADCB
1247722048.775394,1247722055.985962,113F22880E
1247701569.231935,1247701577.069702,F4E23B2BCE
1247714163.68311,1247714172.005859,47F61BCF2C
1247718549.085939,1247718557.310547,90C6F39F12
1247779964.4941409,1247779972.825195,0F562D0167
1247744340.758786,1247744348.801513,7E96205EAC
1247747460.005491,1247747469.571777,25B77DEBEC
1247788014.542965,1247788022.925781,4841F1DCD3
1247711426.7534132,1247711433.873047,8809BD8FB0
1247711443.9999971,1247711451.202148,73322F26FF
1247793051.69678,1247793060.65625,5EA86A9A33
1247793196.0693388,1247793203.373047,32E2C40120
1247772236.177731,1247772243.816406,FE913FC6A2
1247709825.819337,1247709833.566406,DE20D43F41
1247746230.804447,1247746238.53955,62E19F415D
1247778098.614744,1247778106.691162,06CAC06057
1247773919.523437,1247773927.270507,E6F854FCDE
1247764207.635744,1247764215.738037,503EFD2EF6
1247716298.5576189,1247716307.299804,C93F0B779F
1247796405.248051,1247796414.041992,322AC16931
1247708817.961917,1247708826.424316,2ACDEA1F42
1247742610.621094,1247742617.647461,C09F6AB6B0
1247730509.321044,1247730516.75,16085111AF
1247753348.228519,1247753355.426757,5A9D5F19EA
1247720411.176763,1247720421.405029,1733745974
1247702097.515628,1247702104.568115,348F010C5A
1247702254.715572,1247702262.925781,1472D360E9
1247735350.651365,1247735358.222046,7817B6BB36
1247734288.412847,1247734295.697265,170FBE0BCA
1247776810.824215,1247776821.731445,47FD7E2EFE
1247753992.534183,1247754002.12207,A94F262EBA
1247754045.323239,1247754053.054687,E9420C5DB9
1247703362.807614,1247703370.581054,FB00E94F3A
1247797297.754879,1247797305.173828,16D80C3BFD
1247797377.409183,1247797384.428711,FE3F899E4F
1247721853.878908,1247721863.296875,6E0E9F48C6
1247783773.703612,1247783781.473632,550B98B54B
1247728569.697266,1247728578.852539,0966B758FC
1247703875.9668,1247703883.136718,054276CF9B
1247794026.199219,1247794033.720703,02A0DB9E9F
1247787650.802122,1247787658.267578,674F671F24
1247787687.227542,1247787695.535888,00B5D60BAD
1247787762.502926,1247787770.867187,69E66DFACE
1247708912.313352,1247708919.765625,08350F86E1
1247772639.115727,1247772646.822265,58EB43A9C5
1247703074.586915,1247703082.002929,4FA569DB19
1247794974.087887,1247794982.332519,748470DB26
1247768151.157223,1247768158.391235,523DF5FD11
1247747864.175782,1247747871.631836,2157764D98
1247717005.53027,1247717012.601074,05D1D6044E
1247770101.78223,1247770111.428711,530B4E33FA
1247724331.806154,1247724338.964111,7FA072162F
1247786981.75488,1247786991.426757,21AD876C7E
1247783565.322262,1247783572.805175,194302B43E
1247794225.934085,1247794233.162109,9949C1C638
1247794477.7255888,1247794486.933593,04AB1A25B7
1247735506.367192,1247735513.519348,AC885DFA38
1247768601.184078,1247768609.527343,978CBA7FB2
1247771544.894535,1247771553.068359,F8C513BFC9
1247736617.752933,1247736624.995117,8C3C350295
1247709277.681638,1247709285.21582,CFA8389368
1247709639.172852,1247709647.099121,03C83DD7A5
1247731041.7524428,1247731049.945312,7834B7632C
1247731057.668948,1247731067.05664,01349B1081
1247731147.813477,1247731154.935547,CF0B2F094E
1247792346.401617,1247792353.662719,FFB8D048F6
1247715217.776366,1247715225.493164,B7201F728B
1247712494.8906229,1247712502.095703,6879B84AF2
1247734970.164059,1247734978.488281,57CADF7B8E
1247735137.601559,1247735146.435058,89E77368F2
1247795356.5273411,1247795363.633789,D36E58259C
1247721189.613157,1247721201.815429,5804B6CD07
1247729736.517575,1247729743.565429,D2A65FAB5E
1247727789.3740249,1247727796.514892,69611AB2A4
1247777901.52734,1247777908.714843,AF21DB2CB1
1247722238.7895489,1247722247.915527,3344FB19ED
1247720159.500004,1247720167.470703,12DF16A5E2
1247783069.610352,1247783080.617187,5C9A348053
1247796720.692867,1247796728.28125,0A5233EE07
1247732745.458011,1247732753.009765,24331B327E
1247752140.114989,1247752147.132812,69AAC8738E
1247780158.244386,1247780166.184082,B3CFDE87B8
1247701479.304201,1247701486.857422,91042FBC56
1247753065.476567,1247753073.791992,FC410956BC
1247706814.726559,1247706823.330078,B1F8C7F11B
1247786839.058591,1247786847.322509,A6051E70BC
1247799154.207518,1247799161.444336,74A64234DF
1247729159.532223,1247729169.076172,416901AF75
1247743709.481442,1247743717.648437,7E0CD4B68D
1247778955.1142588,1247778962.384765,2C7880FAF9
1247750190.7334,1247750198.24414,9755A9834F
1247723634.317872,1247723643.234375,E5AAFF7128
1247776386.150394,1247776393.649414,E81DCBB47D
1247874107.4045389,1247874114.498047,93637BA1F3
1247809905.886722,1247809912.968505,2AA6309EF4
1247886521.429201,1247886528.782714,23B47333FD
1247824901.646852,1247824909.874023,88C2048913
1247851978.462887,1247851986.913086,B8C68B8A87
1247852049.963864,1247852058.78125,77BF61573C
1247865053.728516,1247865062.640625,F225EC6068
1247831611.979489,1247831619.732422,B640AA1EF6
1247831669.939448,1247831677.254882,CF7FBBC432
1247819646.630865,1247819654.012695,0E25B2F37D
1247851056.3456411,1247851063.654297,D0CAB027A3
1247851097.807491,1247851105.287597,AEAC1B7062
1247800660.380861,1247800668.180664,9C120D4F4A
1247877122.692867,1247877130.5625,DC0AEB08B3
1247845939.844723,1247845948.331543,6EEB138BC6
1247836954.764644,1247836962.125488,975CBEA8CC
1247825793.004882,1247825800.069336,5430B834C5
1247893331.619142,1247893339.298828,210317B849
1247839810.830075,1247839818.296875,87BC567B9B
1247884479.059573,1247884489.03125,3270F1E8EA
1247879283.869137,1247879291.312988,054DB01187
1247879402.660646,1247879409.846679,B9A24BC350
1247843802.94531,1247843810.0,8416D7C61C
1247891974.101559,1247891984.708007,3B049F64BE
1247815451.109866,1247815459.141601,4211DF08C8
1247815574.137696,1247815587.723632,2832A722EB
1247847947.023927,1247847955.338867,6402121B5A
1247882384.559576,1247882392.859375,0528258758
1247819477.243169,1247819484.871093,70C257C05C
1247819530.7685578,1247819538.788574,5FEB5B837C
1247885506.893554,1247885514.639648,C51FF63E57
1247871586.12305,1247871593.958007,C448D98D06
1247833252.942379,1247833261.184082,2E43E04867
1247866230.071779,1247866237.424804,19BB04458D
1247868841.675781,1247868848.877929,C62AF95C2D
1247856067.5224638,1247856074.537597,B4E173FDDD
1247805165.8798828,1247805174.236328,756CC786F9
1247892436.024901,1247892443.211914,AE22216B5A
1247809420.051266,1247809427.833984,5ECBDC5BB4
1247809562.947262,1247809570.026367,1D72FCBF1E
1247809252.349122,1247809259.783203,DBD80BB2F5
1247880557.794918,1247880568.294922,98D351DC8D
1247827666.506833,1247827673.679687,9E9C41690C
1247857445.586912,1247857452.885742,09B138F511
1247890914.277342,1247890924.40039,D28B13C622
1247879817.515134,1247879825.452636,0E15EA5A20
1247898309.1079152,1247898316.177734,BB869AC2D8
1247820329.238278,1247820339.52832,D6523E4681
1247837459.028569,1247837466.685058,018502E2D2
1247837662.469732,1247837669.613281,2E29EABA13
1247837687.46191,1247837695.990234,35FA8F0076
1247804629.8681612,1247804637.310547,A17875AEEB
1247821335.8056638,1247821343.46875,92960DBD97
1247835870.45703,1247835878.649292,26057D7E7A
1247835963.70313,1247835972.113281,DAF09DEA93
1247863637.924078,1247863645.606445,9A3FE097A6
1247896002.1698592,1247896009.288452,B43069BBF9
1247872176.5,1247872184.58313,1F5E44EEE2
1247838478.7675772,1247838486.458007,33134762E0
1247844766.765627,1247844773.998169,E8C0C33ACA
1247806716.871583,1247806725.373047,CF08B2259A
1247855518.7639122,1247855526.381591,E3F124A0A8
1247888404.9500692,1247888412.169922,693F0FA416
1247857353.169921,1247857360.732422,2572B442BE
1247817553.332031,1247817561.299804,7D00F5511A
1247884650.186399,1247884657.658203,144C50D78F
1247859616.18848,1247859624.582519,535884B40F
1247806911.555177,1247806919.875976,5C8DB90F9E
1247825698.194822,1247825705.388672,078B9D36D6
1247825705.445312,1247825713.661132,89B8705E24
1247801612.2783198,1247801620.359375,3D53CFA9AC
1247801620.363285,1247801628.719726,A1345DBF20
1247827825.2626972,1247827833.534179,950464E3F6
1247896379.7324271,1247896389.177246,236E3E9F10
1247851602.12695,1247851609.203125,26DCD8C0A1
1247870870.0224638,1247870877.267578,0BCFA56DC1
1247815922.117185,1247815929.124023,04B96ED2E6
1247816944.781246,1247816952.482422,B7D380CB26
1247817079.1625988,1247817086.296875,194F1F7A95
1247857953.5781238,1247857960.651367,1A28DF33CA
1247853557.139645,1247853564.695068,5A64170BFB
1247853625.074711,1247853633.068359,0B0DFAD53F
1247822599.5385711,1247822608.776367,E30300B2F4
1247820028.845705,1247820035.981933,581D8065A1
1247877987.279787,1247877995.28125,B44813D530
1247822150.07813,1247822158.475586,8F059C61F2
1247801040.869624,1247801048.28125,A7A60CBE0D
1247852455.201175,1247852462.630859,C233A87DEF
1247823998.980466,1247824006.203125,7C1C7FE2D2
1247836609.6875,1247836617.62445,71AE5B19F4
1247813963.3388698,1247813971.818359,7D6666F309
1247886140.507814,1247886149.623047,4044A591EF
1247867590.477538,1247867597.597168,57D5A9E566
1247946622.8418,1247946630.267578,FB280AF68E
1247946822.105472,1247946831.191894,563ADD9F5A
1247946906.412107,1247946913.512695,97C2C3CB69
1247904541.458007,1247904549.500976,4C883A3001
1247904743.753903,1247904752.669372,32E28CC921
1247953556.9062529,1247953565.690918,65EE3C3FBA
1247925151.24414,1247925159.285888,98582FB08B
1247946017.243655,1247946027.921875,632B2B654D
1247910417.40381,1247910424.475586,D428B9E950
1247900760.160153,1247900768.493164,F5D874BFD2
1247901100.251462,1247901107.993164,67CF1B765C
1247954400.571898,1247954409.554931,9635FF466C
1247903488.573246,1247903495.784423,240BBE0D65
1247903797.971928,1247903806.678222,8D580B8580
1247993410.478512,1247993419.728515,919CEC5068
1247913750.1425748,1247913759.66809,0FA40054E0
1247993201.1457498,1247993209.167968,C640E564E2
1247921657.556637,1247921664.668945,D971BF03D1
1247906253.493165,1247906260.796875,45436C7D95
1247967989.615237,1247967996.838867,9FA5C62503
1247968153.169922,1247968163.12207,52007203AE
1247905268.305666,1247905278.125,16B1F51088
1247955041.270504,1247955048.937011,F6AB02CE01
1247947450.4696002,1247947458.575195,646E942EAE
1247958872.489751,1247958879.550781,361A6D4663
1247909231.324216,1247909238.786132,614913C39A
1247912261.371099,1247912268.982422,A0F443F22E
1247988700.711909,1247988707.984375,0D0D6065A1
1247992223.224125,1247992230.85913,EA45957AC1
1247949032.2447488,1247949042.752624,BAFBF343FE
1247907096.1201198,1247907105.179687,6C92717C7F
1247907196.139652,1247907203.837768,F83D2F9ACF
1247907642.398434,1247907650.122558,6B615F207C
1247948153.076172,1247948161.90625,5FF907639C
1247997296.123051,1247997304.247558,4C1D823BB9
1247953326.044918,1247953337.832031,583987DD7C
1247982540.134763,1247982549.25,1DCBB0D927
1247958958.050784,1247958966.12207,40F46BE150
1247904247.6406288,1247904255.060058,5BEB1EFF74
1247966621.18555,1247966628.921875,EF639AC17D
1247919128.050783,1247919137.285156,CB435F368C
1247969123.439635,1247969131.448242,F9708881FB
1247919515.338872,1247919522.971679,8EB878BDB4
1247955579.199224,1247955586.33789,DBEB9ECC55
1247912766.894774,1247912776.730957,736E3BF861
1247912791.240231,1247912798.345703,BC527FAADF
1247981967.183355,1247981976.23291,6980A775C4
1247963446.583986,1247963453.960937,3DBDC71713
1247961973.4375,1247961981.23999,286750AB20
1247945556.465817,1247945565.207031,545A5CBB40
1247945675.161618,1247945684.132812,2A10EE2536
1247956078.98633,1247956086.87207,0257A7CFE0
1247991379.358395,1247991386.46875,188D99B932
1247982945.547299,1247982952.885254,EC12996D54
1247983001.072262,1247983008.482422,648FFF937D
1247999841.7148468,1247999849.143066,368D52FFBE
1247992729.30859,1247992737.422363,8B82EEF978
1247996640.4248078,1247996648.469726,697C1BDA52
1247954722.9648468,1247954732.392578,A9B8AFCC28
1247952602.166012,1247952612.434814,0476F1BC9F
1247902259.114747,1247902267.478515,EF0B308FA8
1247985611.0,1247985619.029297,6ED1038421
1247957156.2304718,1247957163.353881,29F1FBD461
1247979140.2187529,1247979148.421875,BA53CBBEB8
1247979170.234378,1247979178.925293,1C8BBE1D0B
1247963063.933595,1247963073.892578,95577FAD00
1247963250.151368,1247963257.394531,1280DE86DD
1247920761.436034,1247920769.669922,3C211D97E5
1247994296.242186,1247994303.348144,B60CFD3B1B
1247973684.38648,1247973692.49414,5783F0958F
1247986014.296872,1247986021.416015,B1EA0A47E5
1247950420.427737,1247950429.998047,5A25E990E6
1247950713.920902,1247950721.101562,7B6102377D
1247972334.919191,1247972342.328125,3E7268F539
1247916574.452144,1247916581.519531,52AC648FCA
1247996401.528324,1247996408.800781,925B0294CA
1247985460.357667,1247985468.757324,1376DA88F4
1247921123.078129,1247921130.248169,EF921A777A
1247991822.013668,1247991829.309082,2DDA4AAC2A
1247991866.731442,1247991873.901367,1907B2DF7F
1247909984.466793,1247909992.864746,DCD263BDFA
1247946546.083499,1247946554.181152,26F88E4B79
1247998381.177735,1247998388.679687,B5A6B38E9C
1247911871.535156,1247911879.130859,612B2302C4
1248065450.557621,1248065458.662109,9662FF2D68
1248050607.642573,1248050614.730957,5D8A6801A7
1248056034.00098,1248056041.789062,CD5DCD51C4
1248080930.7393172,1248080937.853515,DA72E4D90E
1248088280.504879,1248088291.532714,3100B4E408
1248007273.658206,1248007280.884765,A5772AE789
1248015457.034176,1248015464.860351,148B62DE84
1248073728.519535,1248073735.836914,661A1E72CF
1248073937.900394,1248073946.741211,83FEFDCEA3
1248081417.443117,1248081427.413086,50E4F8F3DE
1248006117.562495,1248006126.444336,2DCFAD5C83
1248037249.801763,1248037257.626953,2A9CDC5B99
1248037280.703125,1248037288.373047,73F51BA1A8
1248044377.4550822,1248044386.107422,2E8238DFDC
1248024971.4404318,1248024978.919922,F70A0D5FAC
1248083128.5095189,1248083138.096923,1A14D0B99C
1248074862.340091,1248074869.812011,A41CC922FF
1248015986.208986,1248015993.989013,4EC021A450
1248016290.7119172,1248016298.774658,7186A8BD7F
1248090201.4335968,1248090209.47705,2DAF7447F0
1248098411.815425,1248098420.180664,29683C0388
1248098519.75,1248098528.0,B8E30F9937
1248037770.124995,1248037778.969726,53F3C0D29E
1248090284.1331742,1248090291.166992,E1E2D8A941
1248090346.651368,1248090354.519531,04BEA37797
1248078554.755862,1248078562.241088,76A65B9E18
1248019662.364259,1248019671.065429,D4921FEBDD
1248059701.173345,1248059708.890625,F16E4265F9
1248082974.562379,1248082982.21289,BB1F3E0592
1248048546.532227,1248048554.674804,38E8CB6C6D
1248048722.087162,1248048729.097778,93230C5902
1248074033.487301,1248074041.192505,FC39132D94
1248041512.443851,1248041519.890014,42E2CCBD61
1248041721.162112,1248041729.845703,FED6A2A7DA
1248042149.999023,1248042157.578125,2FC1C70B31
1248054962.702148,1248054970.375,1CEC86AE44
1248077962.3544972,1248077970.735351,ADD4437BFA
1248089575.574224,1248089586.261718,D08AD2F28A
1248028387.028323,1248028394.074218,F623EA9510
1248057776.3206758,1248057784.164062,A02073F28D
1248009451.3671908,1248009458.913574,B9627472C8
1248087201.260747,1248087208.533935,066FFB8950
1248075934.50366,1248075942.836425,8BDDCC61C7
1248076813.643552,1248076822.335205,AB1EA56A5D
1248022500.631352,1248022509.243164,291A05D941
1248078773.844724,1248078780.852539,734EA7A8FA
1248064144.736331,1248064156.231445,D22685570A
1248087979.237308,1248087987.769531,E7D2CC2F82
1248080465.394534,1248080474.567382,EF929F06B7
1248080508.0537112,1248080517.177246,FD6FFDC4B9
1248013857.862309,1248013865.15332,B87CD3293F
1248091103.523931,1248091112.256836,CFD58F60C2
1248052245.134769,1248052253.375976,77573F236A
1248082227.431644,1248082238.587402,5F6ADB0ED7
1248067548.6689498,1248067556.53125,73E3C7B1E1
1248001240.7128928,1248001248.877929,4169787BD7
1248015819.074215,1248015826.371582,EC0107A2B5
1248102310.682614,1248102318.296875,E3B814412D
1248120928.701175,1248120936.279297,0199E57B8F
1248121173.223636,1248121181.366211,2FD55DD096
1248159566.030277,1248159573.039062,5A03AE5287
1248118304.490231,1248118312.261718,5C48BA1983
1248176748.816406,1248176756.938476,EEDCA10DFB
1248100549.800781,1248100557.16748,D47F38D507
1248109662.862306,1248109670.796875,93F7163EE4
1248176365.468753,1248176373.11914,A1946667E4
1248102002.270509,1248102009.428711,1E8528773B
1248140670.56445,1248140678.786132,EC042924D8
1248167841.656251,1248167849.456054,C052E2B260
1248175375.753175,1248175383.058593,52841AAE06
1248163622.201168,1248163629.359375,7A01E48CC3
1248162781.2568388,1248162789.727539,AA8C6DF9C1
1248122226.736818,1248122234.05957,93AC87A63A
1248149121.532223,1248149130.064453,5FD62CCD5F
1248107729.8530262,1248107738.585937,A9D98690FF
1248116778.175778,1248116786.336914,F55C721B4F
1248130698.791019,1248130707.396484,6AFA20E33D
1248182115.016605,1248182122.46582,A3368C346E
1248182383.7773411,1248182392.744384,C57243A4A5
1248161226.247076,1248161235.629394,65279AB532
1248101189.519533,1248101198.158691,A32469C702
1248104540.999023,1248104549.145507,660DDCF0FA
1248155453.489261,1248155460.99707,232BDEC194
1248110292.13672,1248110300.916015,A71D9ED182
1248150299.927737,1248150307.377929,16F5A26D5D
1248191330.899415,1248191338.0,5E95B9B270
1248191382.9404252,1248191392.375,B8BEA71903
1248157386.970706,1248157394.939453,6671F091E5
1248195067.6201131,1248195075.693603,F30A8AA62F
1248195114.313474,1248195123.896484,00D6B37173
1248174262.931644,1248174271.941406,E38A24EA40
1248142438.023438,1248142446.427246,77E0D05DE4
1248150628.9257789,1248150636.522461,93C34578BA
1248149431.6435578,1248149440.276123,E87D91396C
1248180234.2421908,1248180244.197265,C1A4B2CD71
1248151962.274418,1248151970.220703,09D2FE055D
1248105131.344723,1248105138.527832,7B610F3A5F
1248105203.8637729,1248105211.135742,5ED4A444AA
1248170287.4194388,1248170295.758789,8F57F619BF
1248198663.2078831,1248198671.072265,A7AE9B0D2D
1248196222.9794948,1248196233.174804,03F581832B
1248196341.879153,1248196349.367187,2646BBD291
1248196477.9658198,1248196490.275146,4ADAFB7D56
1248183982.705812,1248183989.717773,7724DEBB2D
1248177239.816896,1248177247.607422,B9D1AB0295
1248155058.083989,1248155065.257324,65FB4F8BBF
1248180441.466793,1248180449.141113,1E91008B84
1248132699.458987,1248132709.569336,9AECCE2CAE
1248193404.8383758,1248193412.619018,BC3D79C979
1248107190.75195,1248107199.656738,E6A16172CF
1248146060.5078158,1248146067.826172,856C28D10B
1248182659.4179718,1248182667.316894,B393B4C0D4
1248109876.632326,1248109884.193054,8D18330629
1248197640.8320289,1248197648.908203,79CAA2A419
1248166270.727539,1248166277.748047,2944CA36D1
1248194576.378904,1248194583.527832,7E165777B4
1248192399.8037071,1248192407.000976,22692EC82A
1248188944.754634,1248188956.488281,44667E4A12
1248206817.251582,1248206825.952148,F4439CBC25
1248206917.0715349,1248206925.421875,25312C6A2F
1248208720.327147,1248208727.360351,1F9598D767
1248283991.269534,1248283998.793945,8FBD0225DA
1248211339.089843,1248211346.498779,EB3252717B
1248297661.97656,1248297669.760254,D2E3AB3FBE
1248297893.490234,1248297901.876953,4DD33E974D
1248246026.859136,1248246034.861511,4A6E959D9C
1248227722.38477,1248227729.835937,B2078A2DF5
1248217940.5717762,1248217947.972656,E9BA4E50F6
1248275675.336917,1248275682.817382,8153968DBA
1248245251.317384,1248245258.913086,B33C757EB5
1248245424.159179,1248245432.761718,28EE03A229
1248290737.5854518,1248290746.778808,C51D21346A
1248251201.978515,1248251209.1333,0C06600C6C
1248251396.79004,1248251404.227539,C2E9F853D0
1248296053.0751948,1248296060.193359,B51F955E81
1248229759.826172,1248229768.498779,C51EF7E152
1248279391.2304728,1248279399.802734,5321F9BF06
1248266411.885739,1248266420.470459,145DE17F0C
1248204877.965823,1248204885.307129,4E947C938E
1248223833.0000029,1248223841.068359,8101329359
1248249356.259771,1248249364.598632,9FBBE55734
1248288736.6931112,1248288744.21875,ED155AA81B
1248259460.084468,1248259471.542724,87AA9C8C4E
1248259605.886719,1248259613.742187,5DAB78CB17
1248257468.627691,1248257475.871093,ABE3E2B52A
1248257720.84961,1248257728.492187,775FB94220
1248257820.490537,1248257832.425781,94850FF474
1248200429.297365,1248200436.707031,E73FCA2615
1248205597.07812,1248205604.484375,A416F5ADAA
1248258800.447269,1248258807.464843,07265A4F5E
1248250252.806149,1248250261.93164,FCF48F2C4E
1248250492.113771,1248250501.085937,B7959DDB35
1248207335.511722,1248207342.59375,A654BDBFAF
1248280145.250003,1248280152.486328,23AFFFA25C
1248286714.418951,1248286722.004882,DC018E07F8
1248265146.912106,1248265154.017578,F9A056A7E8
1248257896.75049,1248257905.341186,09488D975D
1248274070.176024,1248274077.336914,0E62DBA167
1248284560.1875,1248284567.510742,554D7BF87A
1248292782.283206,1248292792.553833,832129790F
1248272499.404302,1248272506.584961,46739611B5
1248243203.984865,1248243211.485351,87F8F3DC52
1248228744.828612,1248228751.941406,66FE8F3D94
1248208223.363889,1248208230.5,5D2B237509
1248283153.635739,1248283161.15332,B1B674CF73
1248206470.578128,1248206479.944336,5F312D156B
1248210387.253903,1248210394.395507,801146AB8C
1248289282.898439,1248289290.046875,5E831C177D
1248278450.6201131,1248278458.708984,6247AECA6C
1248278608.963868,1248278616.321533,C453DE84B6
1248263998.1708992,1248264005.347656,A578A6B3E6
1248279864.6713898,1248279872.699218,134566C595
1248282100.825192,1248282110.066406,A4237D9E82
1248251954.927731,1248251966.475586,3CD4DEBAF2
1248216147.386715,1248216154.609375,3670AA0920
1248216416.630856,1248216424.83081,87FC61719C
1248274843.97803,1248274851.089843,9474782038
1248274867.936773,1248274874.945312,FD649E22E2
1248274941.926031,1248274951.1875,B4AC4BC3DA
1248235301.56445,1248235313.024414,D91DD22917
1248271178.437991,1248271186.522461,9246453AA8
1248271348.4199271,1248271355.686523,2F9AE298EB
1248283936.7539089,1248283943.796386,7484555FA5
1248268910.68945,1248268917.796875,C58D4D1EF7
1248269089.023434,1248269097.242187,78035B447A
1248227390.856448,1248227398.546875,A0FEA09115
1248227441.23047,1248227448.874511,821A49D01F
1248296873.441403,1248296880.581543,E73F3C861F
1248272387.189456,1248272395.097656,BA9B78371E
1248254497.375,1248254504.75,B14C36BFDC
1248256562.734372,1248256571.267089,40E413B9D6
1248256872.35938,1248256880.880615,0C43661421
1248273669.6162071,1248273676.887695,190FA67170
1248207640.877926,1248207648.021484,6305DB2399
1248277831.1850631,1248277838.824218,FAF3995C68
1248252399.2602491,1248252406.347656,94F57EDBE9
1248239256.495115,1248239264.584228,6BA0C5004E
1248239376.930661,1248239384.492675,4ACC7FF9A1
1248249790.083987,1248249797.829589,2B6584E75D
1248277067.496096,1248277074.695312,C16A8E49E3
1248277357.8457,1248277365.112793,8F412D268B
1248234518.3662138,1248234525.385742,CC8B107AF3
1248237592.604131,1248237601.805664,8D972D2918
1248299731.370118,1248299738.375,F3346B3390
1248292398.248537,1248292409.106445,831BA7597D
1248294792.25,1248294801.644531,091622978D
1248248601.052736,1248248608.205078,884A1C2ACF
1248201289.730466,1248201297.390625,1A79831E29
1248266629.747073,1248266637.708984,277E34627C
1248246971.153448,1248246978.518554,F5B0FF37D5
1248207911.859378,1248207919.175781,8810BA992D
1248283481.8930678,1248283490.959961,FE2C22B822
1248260352.451169,1248260360.397461,B3329A7F60
1248241828.863774,1248241838.389892,AA2B5D5C0D
1248273209.226318,1248273216.943359,C9A82784CB
1248294154.758786,1248294161.801757,5C35CE7221
1248264937.488282,1248264945.757812,C69DF7CF6E
1248265025.87695,1248265032.949707,250F226794
1248284961.612301,1248284970.819336,DDA072E850
1248284972.652343,1248284979.741699,D137ACB533
1248285069.681639,1248285077.837402,A8BA8534F4
1248285602.333012,1248285612.007934,FEFB0F4801
1248286139.0,1248286147.553711,9C8B2DC9FC
1248232699.67383,1248232710.249511,07323910B1
1248272223.15234,1248272230.375976,4662CAA448
1248267067.241209,1248267075.358398,2C66091E2D
1248267199.075197,1248267206.262207,58D6FACB63
1248267213.156253,1248267222.265625,9A80448A5E
1248270409.118165,1248270418.236328,6CF0967AD6
1248251678.126953,1248251689.261718,18671764D0
1248284709.82324,1248284717.071289,EEF04FD704
1248284720.597652,1248284727.969726,32A926AB0A
1248284937.078615,1248284945.202148,92C1576F53
1248222912.041989,1248222922.503906,EB3AEED6D0
1248286345.6787138,1248286352.865966,F82170790E
1248286467.7412071,1248286475.134765,39ABB4B3E7
1248286625.7055688,1248286633.503906,C87BCB5AE0
1248203095.4687471,1248203102.752929,DDBC03405D
1248374987.440434,1248374994.663086,0456A99097
1248372526.048831,1248372533.260254,0151E64818
1248330847.4062488,1248330855.859375,D2607E3571
1248399596.938479,1248399604.979004,8632962243
1248361461.806644,1248361469.177734,075318E338
1248361478.93897,1248361486.542968,00A1EE83C7
1248381416.0253909,1248381426.515625,E494480A85
1248340216.2014122,1248340224.509521,CE39AD0938
1248307155.2177749,1248307162.474609,E74F08D15B
1248322319.9462929,1248322330.381836,B0F76E0EC8
1248370551.418942,1248370560.265625,81977B8463
1248370597.083011,1248370604.789062,069ADACAA8
1248385057.6040008,1248385067.075195,92372F4723
1248385079.0,1248385087.46875,F1F764E854
1248368388.694334,1248368397.875,942B4AD91E
1248305075.9409208,1248305083.217773,23BCA0CA36
1248305307.089846,1248305315.526367,D5A1F15AEE
1248381528.9799838,1248381536.963867,8E25EDE5AB
1248394508.25,1248394516.638672,B6B459125F
1248394639.8437529,1248394647.991211,D9C6EA0489
1248394660.5937471,1248394668.139648,D2E86ECD57
1248384428.5957031,1248384436.005859,D25119ED7A
1248384463.0461462,1248384471.185547,4997B72556
1248312689.733395,1248312697.196289,A1261AF2A9
1248311026.203122,1248311033.484375,4847403040
1248311039.497073,1248311046.599609,71A73590BE
1248349827.046872,1248349834.248047,83AE3B9FE3
1248350033.076168,1248350040.095703,1890315747
1248397662.081053,1248397669.487304,02C1AB52BC
1248328541.684573,1248328549.334961,27C64E5A2A
1248386854.0937471,1248386861.459961,3B9E3FF9F9
1248362432.207034,1248362439.415039,359582C615
1248353007.4096632,1248353015.282714,2A155339B7
1248353024.7675822,1248353033.439453,430330E8CB
1248393686.421878,1248393696.08789,3A3CC0F455
1248372806.769044,1248372814.148437,209472B995
1248396606.53516,1248396613.914062,6C614180CF
1248397135.896727,1248397143.269531,5BF86641B7
1248397230.194332,1248397239.753906,EF25B54F99
1248396062.418951,1248396071.759765,341F99F4B6
1248327641.521976,1248327651.085205,6A7D703152
1248323088.840818,1248323096.394287,7C256ACE58
1248323103.624269,1248323110.879882,29D027B5F6
1248375084.4453108,1248375091.791015,0C09D554F3
1248375204.645512,1248375213.968994,CECF070D3E
1248375477.66406,1248375485.339843,D6D9F06251
1248330171.878179,1248330179.229492,002C440EF9
1248330229.111325,1248330238.496582,BC49A1881A
1248330412.942382,1248330420.816406,C9AB1885D7
1248365434.8203158,1248365442.048828,7B97CBD04D
1248365509.6082768,1248365517.594726,D901B85F20
1248398080.527837,1248398088.438476,36B0A5089D
1248398148.785158,1248398156.46582,C92EB4CF3D
1248364588.771481,1248364596.537597,BEB759BCCD
1248315649.473629,1248315657.678466,60A18A781A
1248308713.8032238,1248308721.658203,093CEC75FC
1248380423.613285,1248380431.246826,7224304F95
1248343447.9082,1248343456.66748,25D72CCE75
1248343573.973636,1248343582.28125,01E62702D7
1248343651.744144,1248343658.86914,AA9BF0F037
1248387534.097661,1248387543.597656,1ED11B03B1
1248371486.5888698,1248371493.87207,2FDAD5305B
1248335793.0888698,1248335800.300781,B3AF702801
1248321280.876466,1248321289.363281,3637FB1CF0
1248383775.91016,1248383783.038086,ED03DDE002
1248399448.636235,1248399455.849609,D6641A9F1F
1248332019.241214,1248332026.69458,9FFABE9CA0
1248332190.542973,1248332198.169922,9DEB96B941
1248332307.580081,1248332314.808593,660462AEAB
1248386078.628903,1248386085.890625,B727F25F0E
1248386139.6816409,1248386148.575927,C5DD73EE2F
1248386516.873538,1248386527.46997,54C001F7B4
1248375629.592535,1248375638.717285,BCDA0D3D68
1248346592.933599,1248346600.539062,7E7BBCECA0
1248349096.3916,1248349103.428711,D093F80E47
1248366247.566403,1248366255.554443,2A73592B3F
1248351058.95215,1248351066.071289,D4561416D0
1248395166.382809,1248395174.047851,E1F760301C
1248363277.198482,1248363287.445312,F27D1B99FE
1248387295.555174,1248387302.578613,0B77EA4B8A
1248387306.9023468,1248387315.698242,20D56DDEF6
1248387747.793453,1248387755.295898,CB3C1D58E9
1248319490.70105,1248319497.937011,C98E1E8463
1248329634.2490249,1248329643.14917,1044FF8EC2
1248313681.460941,1248313689.043457,8487A09065
1248353410.035156,1248353417.394287,9B655391EC
1248353762.166016,1248353769.742187,BD32D9A510
1248316562.641606,1248316573.9375,565D4A9E4A
1248390954.372067,1248390962.543945,9BB7015966
1248391265.875977,1248391274.479004,321371F752
1248366822.405278,1248366830.601318,8C6F9697BB
1248385758.776364,1248385766.405761,6BAA2FADDC
1248378203.918951,1248378211.589843,908951D9CD
1248302647.471677,1248302655.126953,60CB9D8648
1248347435.844722,1248347443.294433,080351CEFE
1248384573.453125,1248384580.718994,1AC0522C85
1248384766.7226522,1248384774.331054,8950CCE28B
1248339934.3671908,1248339943.802734,4750735FD1
1248342549.804688,1248342557.228027,3083CCE603
1248320701.298343,1248320709.963379,C65910811D
1248352279.90723,1248352287.615234,CF9A829111
1248338298.754886,1248338306.647461,A3BC33EFEC
1248320507.937503,1248320515.480468,A9EEEC2F81
1248365989.0722702,1248365996.339843,8F6AF01973
1248307669.016241,1248307676.068359,991706874C
1248379432.997073,1248379442.374023,9B8E08EE64
1248379805.669922,1248379812.978759,26F4B9A070
1248362197.874511,1248362205.21582,12474033B3
1248362258.771487,1248362267.33789,6C3DDCE96B
1248374470.5537062,1248374479.500488,FCEDADD6FF
1248336884.20215,1248336891.634277,50EB1C8721
1248390136.085937,1248390143.396362,2BE7CA5624
1248390264.1601589,1248390272.578125,33502977EA
1248378599.512692,1248378606.530273,7230B64CC3
1248378812.759279,1248378819.973632,2D031B7495
1248379053.4604518,1248379062.71875,0A47A31A47
1248379361.5207472,1248379371.845703,EF64BB0E74
1248383022.463868,1248383029.761718,BA8CA16F28
1248383241.899904,1248383249.543457,C5F22F8853
1248369432.255856,1248369443.367187,8DBEFEB260
1248369601.752934,1248369609.905273,03154328F6
1248389784.013673,1248389791.138672,26D7542F54
1248306600.36328,1248306607.554687,AB4CE8D8C4
1248306667.6865282,1248306680.575195,8DF30D8153
1248325455.9765658,1248325463.449218,4B956B02F5
1248363183.734865,1248363192.203186,9928C8525D
1248327550.802736,1248327557.956543,7B65FB9BAC
1248390889.173216,1248390896.557373,FE040988B9
1248329243.709718,1248329251.612793,F95D4F6D77
1248382513.598634,1248382521.272949,778C40C2A2
1248382531.5185578,1248382541.34375,BF4CBE2D1B
1248384176.16016,1248384184.583984,3955EAEA8C
1248342022.465816,1248342030.493164,60C754D4CD
1248342213.828122,1248342221.036621,4E7A1E22C7
1248332977.28125,1248332985.597656,944BCCC01E
1248394275.550048,1248394283.402343,FE655A7853
1248453776.474609,1248453785.043945,8F4FE1B523
1248486840.425294,1248486850.24707,22DBEC6365
1248486934.467772,1248486942.94458,7163373D09
1248486952.28906,1248486960.980468,B9FB6DB2BF
1248413745.608396,1248413753.40625,8CBF835933
1248483492.090823,1248483501.54956,2BAB4CE7C6
1248445047.124269,1248445055.210937,1DD6C445EF
1248435556.234372,1248435563.803711,ECCAC47770
1248405346.829098,1248405354.421875,4EFAA1858C
1248493644.683595,1248493654.480468,2832F4349A
1248412413.912113,1248412421.168701,C06B627E3F
1248404318.956055,1248404327.464843,C5E3DC2F11
1248428222.466793,1248428230.344726,BA4DABEA16
1248417890.35937,1248417897.752441,8308A91F63
1248425689.0,1248425697.199218,2AAE487560
1248431860.728519,1248431868.163086,1B114CAFCE
1248448993.3461928,1248449000.381836,A6D4947B94
1248449109.974613,1248449118.035156,4C6A349824
1248417649.636715,1248417657.771484,6A161D37E5
1248417675.522461,1248417682.820312,AD03758064
1248407183.944516,1248407192.424804,CCE053E967
1248404727.200685,1248404735.380859,E1F7466E89
1248404934.683597,1248404946.099609,E292399147
1248405028.853512,1248405037.503051,A52BAFAFD7
1248420111.500977,1248420118.861328,9A251B7BAA
1248416054.051754,1248416062.761718,7A346CCB8C
1248447905.640625,1248447913.899414,9CAEB7C637
1248472019.960937,1248472027.224609,40C3DDE98E
1248491516.538091,1248491523.602539,DACAC84A9D
1248470150.050054,1248470158.013672,C7403FCF60
1248470158.792964,1248470166.427734,C4BCDD8495
1248446384.524411,1248446393.252929,9EB0E62025
1248484144.510494,1248484151.616211,EF69770747
1248438155.171878,1248438162.550293,14FA0D060A
1248440208.073238,1248440217.618652,720E1BE6CD
1248476373.821286,1248476381.861328,7ECDB4759A
1248498294.060915,1248498302.003906,1A481B052D
1248498380.2578158,1248498387.351562,DC2AC1B307
1248466503.132817,1248466510.5625,EDD128BDD4
1248498792.1562471,1248498799.492187,92F6C46896
1248400846.729244,1248400854.55957,7D13649B7D
1248400904.7988272,1248400911.977539,922C559ADA
1248445744.670902,1248445752.100586,EB42E1B240
1248413236.277342,1248413244.480468,68C072899E
1248452591.936524,1248452600.408081,7882D6C219
1248474864.87549,1248474875.184082,2DB170BEEE
1248425134.563478,1248425141.893554,8E4FE28041
1248425141.894044,1248425150.365966,523D49CC3C
1248425190.3749971,1248425198.846679,9456C1FE71
1248425381.0815382,1248425388.219726,A105B563F3
1248402981.1474638,1248402988.821045,8F05BA0A84
1248423059.497067,1248423067.104004,1E7738E833
1248442223.926761,1248442231.836425,08B1186600
1248401559.096678,1248401567.484375,164B0C57C3
1248497788.148191,1248497795.632812,073ED57742
1248436818.1284158,1248436828.769531,BE5B8445C9
1248414929.316408,1248414936.652343,F4C03D0293
1248415083.688473,1248415091.042968,21C6C42B40
1248494614.641604,1248494621.765014,63FFA723C9
1248494647.499996,1248494655.855468,2DE06504AD
1248418992.228512,1248418999.247558,24E8B49425
1248468539.671872,1248468547.985351,8B769A4E17
1248475101.664552,1248475108.713379,D367E3E770
1248456217.219121,1248456224.418945,2F62032E4B
1248455721.4287138,1248455728.887695,C10E5F79AB
1248480861.350343,1248480869.091797,21B4B29383
1248480932.437495,1248480941.1958,8F2282EFF3
1248478865.586915,1248478872.771484,BE4F76C2FF
1248478968.909177,1248478976.53833,84DAB49E95
1248410336.732421,1248410344.295898,4DABE83FDD
1248462913.874995,1248462922.083984,89B80C2B37
1248411670.6826198,1248411679.04541,0A4322A04D
1248444213.7382782,1248444227.255615,7C6DDE1509
1248403311.24268,1248403318.65039,7E241ED9A1
1248462211.3779328,1248462218.96289,24C2D7E23C
1248454271.6709,1248454281.460937,6BECF35BCD
1248454547.874515,1248454555.276367,7713820CB9
1248491821.508792,1248491828.983398,F923EAB98B
1248456946.280031,1248456955.294922,2178714747
1248478131.606442,1248478139.53125,17469464F9
1248459243.904294,1248459251.131836,F0E842C279
1248459591.49463,1248459599.289062,4EC76FD150
1248462415.0537071,1248462424.483398,CCDB1E6D52
1248458747.7705078,1248458755.363281,41D6FEADF9
1248414011.983402,1248414021.294922,E14D60E705
1248480042.65137,1248480049.703125,30CFE5404B
1248469565.205562,1248469575.742187,7541B65754
1248469583.619143,1248469591.363281,CAB4D45E6B
1248452930.201172,1248452938.334961,F2DB9F1C57
1248438295.75,1248438303.288086,B2DA77AFE5
1248434180.912113,1248434188.186523,4D87122A25
1248487347.322268,1248487354.492187,706A52ED88
1248497085.346677,1248497094.051269,BA2DC1041F
1248473037.552737,1248473046.856445,19FD58FCD3
1248473058.559629,1248473066.478515,20146AFE47
1248473219.61035,1248473227.375976,2CE9D10528
1248421448.25195,1248421457.458007,9A9F075BF3
1248460830.013672,1248460837.300781,8789610807
1248424568.024417,1248424575.225586,0A18DC05AC
1248495487.482418,1248495495.071777,4BCB4DA979
1248415607.698239,1248415615.363281,9FCBFA1D06
1248424849.80859,1248424858.232422,0AEA2DBC5D
1248477846.699399,1248477854.43457,314CFED5F3
1248465339.361818,1248465348.416015,21378E6419
1248496390.7099571,1248496399.717224,8F2BBB366A
1248490097.629398,1248490104.706054,52188516F0
1248490198.5087888,1248490207.318359,D008CFD3C9
1248401958.218745,1248401966.723632,8D31284179
1248414438.583987,1248414447.99414,5C76FDE886
1248479348.0548089,1248479356.065429,A5B501D220
1248401766.8549838,1248401773.988281,FBE481FE64
1248498877.302731,1248498884.489257,D2093DF255
1248450445.84375,1248450455.125,871B3BC4A1
1248467627.1894498,1248467635.034668,DD35192BEF
1248459859.649905,1248459867.79956,64883D30A2
1248463832.060057,1248463839.833007,5B3D454FE3
1248447243.59766,1248447250.700195,A725AC01BA
1248416698.51221,1248416705.858154,F397D58A02
1248416730.462894,1248416737.546875,75B177836C
1248416748.505127,1248416756.022461,9DE73EE514
1248417011.425781,1248417018.460937,F28F71F4D2
1248461639.312013,1248461649.46875,AAA2CCCF87
1248495211.506961,1248495218.868164,84D9E81B3B
1248432057.697267,1248432065.433593,E5EB84A2C7
1248432147.8374069,1248432156.343628,4AFAA2CF9C
1248464990.713377,1248465003.302734,3EE3BD0543
1248412465.777347,1248412474.500976,A8AA9EF503
1248412762.526241,1248412770.585937,854AC9ECEA
1248403102.01172,1248403109.710449,A9BDEF7164
1248483897.1064422,1248483904.241211,1609284B66
1248437326.15723,1248437336.217773,A3B6414C1D
1248488866.832034,1248488877.902343,0031BF4467
1248480606.82812,1248480613.964843,A8D0955B5E
1248486123.608398,1248486130.847656,03D12F0974
1248451079.51758,1248451087.322265,7B4B9B2BB7
1248451380.144531,1248451387.780273,2B06751B4E
1248453150.56445,1248453158.080078,75000DE51B
1248439004.136716,1248439011.541015,F9D03CB93D
1248439295.707028,1248439302.932617,0A31D48402
1248404545.323484,1248404552.68164,579BF0D1C9
1248443361.58301,1248443370.717285,2AB5CB5D67
1248485105.814449,1248485113.312988,EDC34B219F
1248446144.955075,1248446154.036132,8CC07D4DB7
1248440590.210941,1248440598.131836,1F19A73A4B
1248440735.745238,1248440742.915039,C279A8A355
1248440784.400882,1248440793.054687,67954B010A
1248441093.524417,1248441101.773437,607E5FCF6C
1248440436.751713,1248440443.779419,09963C763C
1248412102.071286,1248412109.960815,2DF19A62B6
1248418647.323484,1248418655.449218,F61E839996
1248501892.495605,1248501900.001953,622B2AEF66
1248501944.441403,1248501952.129699,7E0E3F3914
1248586836.83984,1248586846.585937,9A6950228C
1248587041.250003,1248587048.5625,BB84388A2B
1248587101.391605,1248587108.851562,CE5679CBCF
1248500511.920897,1248500519.297363,8A4A676471
1248585429.930665,1248585439.230468,E5F1E08CBE
1248564548.226564,1248564558.045654,1AE9495C1B
1248508173.568362,1248508181.575622,237CBF25A4
1248508311.642577,1248508318.794922,EAB71C1C74
1248569082.785153,1248569090.633789,0D5B331612
1248569157.473629,1248569165.117187,42A9A25E93
1248569265.440062,1248569272.671875,2E535210E1
1248582535.835937,1248582543.77539,9022DFCDDF
1248582624.090819,1248582636.222656,F9D77AF2A7
1248582699.573238,1248582708.09082,737CCBB295
1248582765.894777,1248582772.951172,BFA93B397C
1248584201.699216,1248584210.603027,02CE608EB4
1248584866.367184,1248584873.970703,4C538810E8
1248519388.029301,1248519395.609375,234B5BD52F
1248519612.380862,1248519620.107422,64FA2A1B08
1248519781.8195791,1248519792.282226,C086BC7E91
1248585813.042726,1248585821.242675,0C9ACAEC79
1248585913.214845,1248585921.546875,B5D89B85EA
1248586088.6357422,1248586097.849609,284F30CB95
1248523439.400387,1248523446.501464,30918DAAD4
1248582981.609372,1248582989.072998,83A53294E8
1248571224.933599,1248571233.231445,13DA3BFC87
1248571431.2373052,1248571440.807617,88619D4454
1248528089.24024,1248528097.271972,DCF0FA5361
1248581708.926759,1248581717.321045,838FEBA322
1248577415.413694,1248577422.768554,996427EA5E
1248566356.519531,1248566364.398315,2F5C1E6BA7
1248566488.899905,1248566497.246338,D49FBCD162
1248566562.544679,1248566574.416015,084107FB14
1248596674.755124,1248596682.021484,D905D30CEE
1248596715.284178,1248596722.350097,73F9D4B693
1248596753.123537,1248596761.625,82089A2258
1248507778.270508,1248507785.461914,4E05BFD9A6
1248596576.5117218,1248596584.937988,7F5C5C6E89
1248581044.055661,1248581051.877929,15E53183C5
1248508588.067379,1248508596.880371,59E2985A85
1248568436.322269,1248568444.527343,B9B7BEEC70
1248567278.4565382,1248567290.992187,FB95A299E5
1248567442.490727,1248567457.409179,164EC9011C
1248593375.980712,1248593383.487304,1EEB62EEC6
1248568071.075201,1248568078.168945,F64E2F3A97
1248568168.714844,1248568176.285156,86122F08D9
1248578063.7109408,1248578071.364502,A978F3DE35
1248570900.60303,1248570909.391601,A615D480DE
1248596073.435543,1248596082.13623,3CD8EC1676
1248598829.05713,1248598837.22937,C86717FF2E
1248599951.460201,1248599961.700195,E8D9ABEB6C
1248600104.6044922,1248600111.710937,8FAA09DF3C
1248526244.7539089,1248526252.230468,046DB1A7BA
1248526737.707028,1248526746.18457,C1CF9D37C6
1248565231.2636712,1248565238.443359,8D942ABBD2
1248565290.352171,1248565298.767578,67CABEF017
1248569777.886471,1248569786.577148,4F7BD4603D
1248569854.450192,1248569861.784301,1BC419FBBF
1248569883.916014,1248569891.054687,6EAE60A394
1248587532.975582,1248587542.524414,DF9F4CF5C3
1248587850.836917,1248587861.336914,D1734673AF
1248587893.7226532,1248587900.79718,494F18D340
1248586585.968745,1248586594.444336,922F6F6450
1248567000.9209,1248567008.101318,3F9B942EA6
1248567042.818607,1248567055.976562,0E6BB6E7AB
1248596997.241094,1248597006.81018,64E44EDFFF
1248503106.038512,1248503113.061523,35D89FD12C
1248503361.2290049,1248503370.832519,4DF828FF07
1248581403.33789,1248581411.636718,EF555C7D5F
1248505925.28296,1248505933.716797,FD4958B31A
1248567880.354004,1248567888.690429,A12B22AD4F
1248566711.153324,1248566718.451172,185930909E
1248566763.159184,1248566771.04663,E5BE953F98
1248579678.046875,1248579686.591308,0F60CB1C37
1248579714.118772,1248579721.367187,8CDC0971A6
1248514278.541992,1248514285.640625,A877293156
1248594912.2152078,1248594920.412109,DA12292625
1248595123.761715,1248595131.167968,0DF3141751
1248505056.522462,1248505064.914062,06EF49B96B
1248579010.083985,1248579020.482177,36B96A346B
1248579180.281253,1248579189.115844,8A175EFB66
1248514094.920775,1248514104.261718,6CBC0DD0B6
1248580585.24805,1248580596.136474,0E93006E53
1248580699.434567,1248580708.081787,98F8299DE4
1248580726.9560578,1248580734.479004,8731BE770D
1248580970.016605,1248580977.03125,EABFF8929E
1248527534.470944,1248527542.996093,3F2156937E
1248516505.118167,1248516512.242675,F6591DD715
1248584949.837887,1248584957.923828,51C82ED996
1248585060.3265972,1248585068.021484,C406E29313
1248523092.180661,1248523099.298339,E4365E5410
1248515714.631841,1248515721.913086,3DD4C84768
1248586168.624027,1248586176.144531,0C00C1FE87
1248586183.565434,1248586193.307617,1AC51AF7B4
1248586290.583981,1248586297.604492,C30BAF2D67
1248582182.276369,1248582191.109375,78518C2FBC
1248565555.18359,1248565562.245605,7C04DB1947
1248565630.9882822,1248565640.457031,523956D83E
1248565901.771481,1248565909.390625,E2D4B1A6E8
1248526826.345706,1248526834.174438,A6240B422E
1248525872.81641,1248525881.071289,5EE11F2030
1248579787.517581,1248579794.548339,B7F07B982E
1248580300.872073,1248580308.140197,2B39FE7560
1248577348.8749971,1248577356.920898,1762F27C74
1248520979.276368,1248520986.961425,EF2BAE3832
1248521024.358402,1248521033.883911,3D8FB0502B
1248521039.028317,1248521046.626953,FFECF61639
1248521091.297848,1248521099.456054,44C4D284CB
1248521161.435547,1248521168.479126,55669FBA0B
1248594397.726559,1248594405.871093,460A5C2917
1248587301.486331,1248587308.722656,29479491E3
1248514789.2499971,1248514800.625,46B8113A26
1248598171.529293,1248598181.929687,A118E824CA
1248598188.62598,1248598195.710937,78886D3FD4
1248578435.4091828,1248578442.77539,DC3A82F68F
1248521922.196779,1248521929.77832,719D4B5779
1248595437.255252,1248595445.553711,9D268F71D9
1248578677.242191,1248578686.345459,ABF8B3F82C
1248519885.078128,1248519892.857666,1694F54BE9
1248599478.982418,1248599489.727539,83A50D68F9
1248597980.053712,1248597987.160156,46E97DD2E7
1248577655.054684,1248577662.917968,01CEFD990F
1248506512.01562,1248506519.971679,9C783CD54D
1248571019.47461,1248571027.003418,9F25FD948C
1248569581.926761,1248569588.929687,AF4552061A
1248618114.093755,1248618123.945312,DCB49E311B
1248635097.591793,1248635105.853515,9B582FCA69
1248635548.915036,1248635556.018554,6910179C78
1248602029.49512,1248602038.158203,FF2E42B209
1248602230.527344,1248602237.612304,142D853A37
1248602240.539066,1248602248.132202,5A476315EA
1248602352.468873,1248602359.476562,AAE82D9B5E
1248602568.230465,1248602575.576172,BB41BBD668
1248611260.021976,1248611267.126953,F545FD652D
1248611347.7724628,1248611359.065918,9A3BAA2F95
1248611427.926762,1248611435.321289,A911FF99C1
1248634334.851565,1248634343.366211,057422F5A4
1248672371.7763648,1248672379.551757,526B7DE39F
1248699125.5107448,1248699134.101806,4843629294
1248639806.450192,1248639813.938293,EE90D5C028
1248639834.560543,1248639842.898437,B0B03ECA9B
1248639929.334475,1248639937.628906,7924F4F0A7
1248659273.608404,1248659280.834961,48EF96C296
1248636182.321653,1248636192.26831,F05880A835
1248636298.716314,1248636308.703979,52D0D57025
1248699275.377199,1248699289.255737,88162454DA
1248612841.120847,1248612848.509399,B0E3736B69
1248613334.56348,1248613343.025634,69B03B75AC
1248696950.462887,1248696959.985839,3F51D220D8
1248619038.50195,1248619045.679687,C3F8A261C7
1248679844.3501022,1248679853.44873,4C79583403
1248679960.5214891,1248679968.816406,48D27E2432
1248680041.9330418,1248680049.508789,89A32C9F7F
1248607245.40234,1248607252.728027,A42C6CA6F6
1248607320.181394,1248607328.379882,D250383244
1248636562.278317,1248636570.904785,511471B85A
1248636575.2949271,1248636582.87207,32C504B41A
1248676427.149908,1248676434.358398,12A6B523D2
1248686641.195859,1248686648.911132,6B8F003FB8
1248686798.839354,1248686805.921875,74CFA6BBBD
1248686846.34375,1248686853.442382,3BB1BC1271
1248609772.2636678,1248609780.58789,C7E036B92F
1248636011.464847,1248636019.018798,94E7B686CB
1248605468.506832,1248605476.454101,98F4655B83
1248603867.4951189,1248603879.93164,2F132C6B8F
1248604021.677733,1248604029.379882,E79887DA14
1248673201.395509,1248673209.126953,F04C4DF8C8
1248673621.0633502,1248673628.083007,51BEC0596D
1248645815.443356,1248645824.652832,0FC7FE3DD0
1248646106.168942,1248646113.500976,2D81D26C4B
1248687911.044918,1248687918.047851,59C5FF18C2
1248621145.238774,1248621154.125244,BA594D39B5
1248642499.9843771,1248642507.543945,F681D5789B
1248642650.930667,1248642659.118164,2AB4F373BC
1248679376.19531,1248679384.113769,2A025536C4
1248679467.535153,1248679475.335937,72C86D0C42
1248610489.888668,1248610497.491211,0FFDECFADC
1248633708.363278,1248633716.612304,66F8ABC58F
1248634021.033202,1248634028.206054,6846B7A446
1248686013.880862,1248686020.905273,7E3AEE4B0A
1248686115.3110352,1248686122.627929,A42D89A2C1
1248607862.411626,1248607869.839843,96F55514C4
1248675627.602539,1248675637.374023,B41E374956
1248641509.673704,1248641518.435669,94688B3C3E
1248694847.977542,1248694861.605224,390E6400BF
1248692080.384762,1248692089.234375,4B84DA2D95
1248652445.104489,1248652452.739013,3DC82FA659
1248652512.0693371,1248652520.449218,170E197D1D
1248616315.4575229,1248616323.382934,E5EA1D4B45
1248616367.607422,1248616375.395507,50B0DE00DB
1248616509.622067,1248616519.140625,E386378DE4
1248616732.2832,1248616739.735351,0624410AA7
1248614697.9960968,1248614705.539062,378C0399FE
1248691738.069824,1248691746.253906,F399C5E445
1248683776.483648,1248683783.663086,57F52B0F97
1248683930.345707,1248683937.839843,0CD0437DDC
1248674073.127933,1248674080.992553,5E9643D16F
1248674478.7099571,1248674487.776367,A1813C00E2
1248643528.438228,1248643536.625488,ED3C71EF42
1248637430.404293,1248637439.084961,3690E26DC4
1248637236.611331,1248637244.724609,48D0945F3D
1248637339.019534,1248637347.918945,77E5F3251C
1248616951.25,1248616960.125,E3D17214A7
1248689396.5019522,1248689406.395507,639653C670
1248672628.563961,1248672637.060547,385A3163BB
1248638283.976566,1248638291.253173,AC08442F95
1248638464.7255888,1248638473.467773,97E4ABF3E1
1248646342.330078,1248646350.364257,43FA4FA3BE
1248621649.136719,1248621659.220703,72D69EB768
1248694215.2363288,1248694222.472412,CD6C3B2CA9
1248621802.5927749,1248621812.563476,87B8FA8DB6
1248684255.277347,1248684271.105468,BD950834EB
1248689135.4062529,1248689143.044433,AFC8F9999B
1248614020.2773411,1248614027.812011,F2101A72B1
1248616140.798825,1248616149.620117,CD61D9089D
1248613758.673825,1248613766.167968,3C9BE8823D
1248607561.828618,1248607571.513672,1760F296E5
1248685746.831058,1248685754.057617,C0E66E516B
1248663227.558595,1248663234.825195,C9DF1B3E8F
1248663610.30591,1248663617.411132,8A1D917A12
1248634538.179201,1248634546.584961,7ACD9C2E3A
1248634626.753903,1248634634.950195,77C3B3F0D2
1248662749.62982,1248662757.022705,78271D92DE
1248608519.421872,1248608529.5,5600784E2F
1248677613.593753,1248677622.526367,5B9F38267F
1248640146.390628,1248640153.492187,58C4BAD299
1248675483.6140091,1248675490.640625,AE27CEB7DC
1248673709.7368212,1248673716.742187,40CD9478DB
1248673911.628903,1248673921.030273,3E8637EA35
1248684786.4209,1248684794.046875,0C9F5C35BD
1248640733.55566,1248640741.024414,12D10D8663
1248663025.57031,1248663035.146484,770559DE33
1248688538.3291008,1248688546.825195,AC9D59AE0B
1248688749.975582,1248688763.178711,1AA0022F69
1248612346.137698,1248612357.467285,8A6C8808B7
1248612560.8203158,1248612569.111572,AF6DAB0955
1248612777.08984,1248612785.226562,508DC1B5DB
1248634925.556642,1248634932.819336,C55FA78B2A
1248600161.235354,1248600169.038818,9CDADF9581
1248615177.301754,1248615185.742187,08A0052631
1248687574.4789991,1248687582.995117,A8220BF694
1248643839.409176,1248643846.548828,1F50DA378A
1248643982.7500038,1248643990.080078,9B32B6EE49
1248664480.020999,1248664490.481445,8C36EB8174
1248687274.0332,1248687283.351074,4C6FF4955E
1248608967.8398468,1248608975.347656,C3876A0447
1248609136.54553,1248609144.598632,D609B6CF32
1248608058.291019,1248608067.221679,CC151338F6
1248608150.6240208,1248608157.887207,BDF8510592
1248608265.7207,1248608273.209228,0D2FB7A645
1248682288.8613288,1248682298.086914,45F8655DB6
1248609962.208497,1248609969.259033,221FCFBCFD
1248610146.722656,1248610157.862793,D3B9A29764
1248610278.9443388,1248610286.100586,E7E18BC11F
1248645249.495367,1248645257.052246,08C0B6B548
1248659418.416012,1248659426.456787,756437E6C0
1248695304.607425,1248695311.708007,31819FB0D0
1248644559.829098,1248644567.808593,B45B03C77B
1248686353.681641,1248686362.894287,BF2C978471
1248686424.0390658,1248686431.487304,89EB7F3980
1248686528.4833992,1248686537.131836,AA032DE8A6
1248662196.9804728,1248662205.372192,6B85A3C51D
1248662238.87891,1248662247.42041,54F9467E94
1248674621.292965,1248674628.47229,3FA736B0BF
1248676163.728273,1248676171.341308,53F24A7BA7
1248681018.55664,1248681025.583007,15614963A6
1248619122.493167,1248619130.172363,9F505A5C8F
1248615732.49609,1248615741.592773,2792369269
1248604671.5341828,1248604678.956054,5762390158
1248620532.5277052,1248620539.55957,A0C33AB57B
1248620689.686037,1248620697.232422,9A89C1B99E
1248600994.2385242,1248601001.326172,DD5E052BF7
1248700085.833987,1248700092.945312,8747A7CD77
1248783258.9375,1248783266.455078,B0C7E0AD4D
1248743885.024899,1248743892.835937,E4069C95B9
1248713943.707639,1248713951.364502,67D43B2826
1248713998.6015658,1248714006.262207,E38F476BEC
1248714157.2373078,1248714164.978515,F4F2986819
1248782687.612798,1248782694.766601,A6EA3B7132
1248782762.490234,1248782770.230468,A2BF6D9B14
1248763999.186524,1248764007.920898,7287607CD3
1248782061.865964,1248782070.075195,6489F51382
1248782245.457028,1248782254.348632,D808A17C63
1248782529.007078,1248782537.242675,ECBBECA4A3
1248777270.861578,1248777279.52832,6B4B86FF73
1248745590.7182648,1248745600.125,ECC3E42378
1248704033.647456,1248704041.595703,AA6A667711
1248702978.015866,1248702986.009765,AA2C0032FC
1248703216.133792,1248703223.4375,2004379420
1248703284.567383,1248703292.312622,DEE640811E
1248703393.017575,1248703400.647461,128BD85928
1248708106.275387,1248708114.324218,5B7C10780B
1248710911.132811,1248710918.595703,FDDCC58EC2
1248799425.1664991,1248799433.191406,08FEA0F1B0
1248799436.014647,1248799443.033203,CB9C2CFCE4
1248736470.393981,1248736478.819336,D619C8AD45
1248736494.161136,1248736501.841797,6E2B90B981
1248736533.474611,1248736541.140625,13A64F5B5A
1248713011.625,1248713021.965576,C2968BD7FB
1248713048.5,1248713055.939453,8B30050367
1248713138.145021,1248713146.699218,11AB9AF85E
1248713225.543944,1248713233.738281,80DEE0BD66
1248735732.6501498,1248735739.8125,348B87C34D
1248735925.286252,1248735933.582031,98475946E0
1248736020.800778,1248736027.80957,6521907FEE
1248748565.855472,1248748573.65332,0F01BD05FD
1248748177.748044,1248748185.140625,B4CC4DB0BC
1248757511.79687,1248757519.573242,A266D27D28
1248715649.696292,1248715660.072265,B80C572102
1248776900.320682,1248776908.006836,73E69B5920
1248711247.5532238,1248711254.5625,35E659C04C
1248712574.25,1248712583.203613,45C2F333F5
1248712827.9711928,1248712836.839355,EED5E2ACB2
1248735020.245118,1248735027.936889,B533D95EEB
1248735295.2539032,1248735303.682129,E279C7CEA1
1248735331.167969,1248735340.179687,8F21714B14
1248735359.316166,1248735366.769531,4A2B1A1A14
1248735457.134161,1248735466.390625,238F4B67EB
1248735488.303226,1248735500.391601,93A0C8110C
1248776001.320316,1248776008.398437,406FB25866
1248700412.248537,1248700422.097656,FFC1E47210
1248751737.713872,1248751745.924804,1D8D45090B
1248704365.682622,1248704374.168945,0D51B1FA67
1248704666.34375,1248704674.796875,4FB8D81146
1248745687.1379352,1248745695.259765,769F4CDCD1
1248714287.9887662,1248714295.404541,FC5D4DB641
1248714429.4746072,1248714437.047668,13D0E68672
1248705411.684573,1248705419.377929,4997587D94
1248780818.9775388,1248780826.791504,E56E1B407E
1248780987.4560578,1248780994.767089,ED32796B6A
1248781761.425785,1248781773.800781,750088FFC4
1248756664.0351532,1248756671.862793,1ADA51D5C6
1248707222.8671842,1248707230.277343,13BD5F21A5
1248706602.389645,1248706610.572265,83ACEEB92D
1248706654.201173,1248706665.37207,208FB05ABB
1248706732.203128,1248706740.065918,3AF844C99A
1248706781.167234,1248706790.129882,AC78E7E718
1248799656.923832,1248799664.748779,704E81DE75
1248743828.193356,1248743835.575073,EE16F66787
1248750638.4707,1248750648.597534,4160D50392
1248777983.843751,1248777994.382812,0D324F9224
1248703653.634762,1248703661.415039,9F2344F0AD
1248712451.9152792,1248712459.545898,F8DA0538C3
1248770558.706783,1248770568.390625,22BDD9A684
1248700897.4404328,1248700904.568359,7DD81D5F3A
1248753357.092773,1248753366.109375,7721B3C252
1248753384.027833,1248753394.33789,9E63CF3D06
1248744354.747076,1248744362.107422,F394D5295E
1248744720.629887,1248744728.068359,120FF71427
1248705824.059386,1248705832.065429,1C77384C85
1248708003.880124,1248708011.204101,FF3631A29C
1248779121.411136,1248779131.628906,5B994E9978
1248756876.65308,1248756884.132324,ADAC66D590
1248779679.404293,1248779687.321289,10E42A7A12
1248759091.277347,1248759102.552734,C7E5647C5C
1248759144.739749,1248759152.96289,AFD0906839
1248754401.324219,1248754409.399414,AEF68BD01B
1248736262.264652,1248736278.601684,5E2987C827
1248776856.6561248,1248776865.632324,696ED35BDF
1248772620.271242,1248772628.565429,3ED8E65FA8
1248775751.022951,1248775758.611328,F87F9A2504
1248772343.228519,1248772353.859375,0EF83046E4
1248708864.113278,1248708871.655273,5012DC67AE
1248779967.952147,1248779975.40625,8FE9881030
1248780079.4326198,1248780086.464843,A08DAF5327
1248704315.995114,1248704324.606445,7258DEA48C
1248773663.766119,1248773672.859375,C03DDF2865
1248773793.366942,1248773800.484863,2DA0473ED0
1248707636.290036,1248707643.375,9642A560CA
1248744279.920902,1248744287.269531,DD30CF85A1
1248714901.603512,1248714911.835937,2CDAA766E5
1248714920.337894,1248714930.547851,3F786D0A99
1248755367.029293,1248755374.313476,1FA721B412
1248747646.076168,1248747654.098632,4DDBBB9F2B
1248710236.6323211,1248710243.886718,576A228CDD
1248710398.565062,1248710406.227539,239ABEB016
1248815676.352538,1248815684.5708,994682A304
1248806731.241949,1248806740.423339,72524C90BF
1248874443.218751,1248874451.182617,DFD7194EAA
1248812718.113284,1248812726.677734,AD17EB66F2
1248812899.574217,1248812906.876709,669EE1F71A
1248838810.97754,1248838819.137695,3C0A422498
1248869457.822757,1248869466.030273,871435D0C0
1248822566.4062471,1248822576.098144,8B1E1915B9
1248822637.181637,1248822648.753906,094E52943B
1248802215.5849638,1248802225.012085,486CB78592
1248824357.3784132,1248824366.522461,F8FEFF44F3
1248824421.2148411,1248824430.375,F5E0445F7D
1248819597.913578,1248819605.123047,ACB31D15FD
1248840063.406249,1248840075.283691,34D30FC0F4
1248840148.224614,1248840157.276367,A41E9178A1
1248823301.118167,1248823310.58667,ABACEA403E
1248823616.5419948,1248823623.951172,7D708C026B
1248823623.9550822,1248823634.534301,6E85B1A907
1248826604.69678,1248826612.52832,AC6AFC14F8
1248873920.292969,1248873927.583984,E43F2BED0C
1248859735.9682572,1248859743.624023,C2B54B4353
1248859846.1826198,1248859853.649414,E935ADCE92
1248801495.900882,1248801504.229492,4738A1D7CB
1248801546.211915,1248801553.922851,F7EAACC325
1248804115.3076189,1248804122.3125,82C97AA8B5
1248804381.786136,1248804389.30603,6540D32FB7
1248813843.758302,1248813851.27832,BCE2625860
1248863213.304691,1248863220.546875,4C17F12CAF
1248870406.127691,1248870415.402343,8A768B5B3F
1248871487.777347,1248871495.754638,FD632E3131
1248871624.201168,1248871632.441406,75EC04399F
1248808466.818362,1248808475.398437,2413C6A57E
1248877592.9960978,1248877600.383789,5C9AF304D4
1248877793.424801,1248877800.833984,396E63094D
1248806856.671878,1248806864.311035,7E6219F86E
1248806933.360357,1248806940.408203,917CA89405
1248821890.4599638,1248821900.317382,F1D3A9D68D
1248836957.261717,1248836965.958252,C1DE05114C
1248816849.19043,1248816858.335937,09E8603EF3
1248854429.5957072,1248854439.706543,0632B60B2F
1248824739.042482,1248824747.582031,379C6187AD
1248824878.992188,1248824886.34375,5C4ED9E792
1248834324.333987,1248834332.439453,4E0636F369
1248803997.30859,1248804005.3833,37495B5409
1248837441.168947,1248837449.604492,9A7CE4C0D1
1248841159.888668,1248841168.181152,2EC846817C
1248820703.2265658,1248820710.973266,B7354C1CEE
1248835421.496095,1248835430.15393,100DC85F3D
1248835478.988156,1248835487.069336,DB6B912BE2
1248807422.9541,1248807430.939209,3995393B65
1248865425.547368,1248865434.875,CC66CD534C
1248862723.772092,1248862733.867187,9F98B17A2B
1248857313.978032,1248857321.335937,66BE346CB4
1248836027.00879,1248836034.126464,A1D745153A
1248836112.9667969,1248836120.794433,C715E445FB
1248836136.612554,1248836143.747558,11C264E84E
1248836516.531255,1248836527.032226,8F6A04548E
1248838539.023441,1248838546.480468,3E5BD0B89F
1248838589.797482,1248838597.690429,A1B3D7AC60
1248855113.0605488,1248855122.304565,EA84852DF9
1248855302.714845,1248855311.205078,06850F3EAE
1248826089.132809,1248826098.847656,DFC1892625
1248879533.794925,1248879544.464843,2DA5CE31FB
1248879686.426762,1248879693.519531,7BC27BAAEF
1248805222.088863,1248805229.372314,3F432DF8B2
1248860419.982667,1248860430.893554,53BF83BA3C
1248835645.054684,1248835654.582275,C6821AEF93
1248862250.579107,1248862257.707031,1120662823
1248833581.6977549,1248833590.361328,77F338D18C
1248840987.831058,1248841000.274414,91BF9EC82C
1248857599.7329068,1248857607.868164,7B9CD89A65
1248857787.429688,1248857799.978515,F9DDA84824
1248857879.79492,1248857888.563476,008C91C2C7
1248872165.286134,1248872173.626953,8E020C2FD3
1248872198.674806,1248872206.583984,51C67D4510
1248872311.929691,1248872323.287109,EF87F9EFD1
1248872508.4960911,1248872515.856445,3F701AED1A
1248872516.653324,1248872524.224975,3B79E14B02
1248827322.93945,1248827333.36206,3ACA03C7DA
1248822319.6430678,1248822329.056152,6B2F52BE4A
1248815923.298341,1248815930.549804,9604EE4CE4
1248815961.4248078,1248815973.96875,DEF8903E29
1248868167.656494,1248868175.774414,F600D079A1
1248873116.631597,1248873124.500976,032C7563CB
1248862491.664059,1248862502.727539,F83547592D
1248862542.932864,1248862550.087402,20A1EEB1CD
1248862608.0656729,1248862615.345703,091C806FC8
1248819425.927738,1248819433.301757,378A8CA910
1248822891.99805,1248822900.070312,DCD5472E99
1248855900.25195,1248855910.144531,45B73D5175
1248813498.74756,1248813506.871582,31050BD433
1248813577.860355,1248813587.8125,B2C6A56A1B
1248813619.025265,1248813632.132812,09B1A8D9E1
1248844900.597165,1248844907.912109,3A82A62A19
1248874515.3691378,1248874523.149414,33DE485E0B
1248874532.4101572,1248874540.269531,D4AA018BF0
1248874550.0280142,1248874557.484375,8BDFBC6050
1248863457.9777849,1248863465.09375,31FC8203F1
1248863484.523436,1248863492.038086,3372714F64
1248863783.2612338,1248863790.711914,8B6E5918C4
1248820538.188966,1248820546.597656,C7855883EE
1248858041.130856,1248858048.71289,CE4F2BAB92
1248873483.202151,1248873491.662109,955F08C302
1248873520.673824,1248873529.016601,1EEE61ADDD
1248873678.135738,1248873686.691406,CD6B258660
1248812432.1689448,1248812440.418945,2084170C46
1248858238.500118,1248858245.856933,D1ADE0ECB9
1248858728.835451,1248858736.085937,27FEF786B5
1248821168.201173,1248821179.022827,B611345EAF
1248865519.2275438,1248865526.922851,74B0EBB32B
1248865733.759766,1248865743.093261,AD83533705
1248806052.1542928,1248806059.817382,82727D0381
1248806109.2060578,1248806118.630859,65040C8F74
1248877044.2958982,1248877055.971679,A6356CF336
1248843443.8276322,1248843452.177734,6449255DA9
1248823974.319332,1248823981.433593,9D646875AC
1248845319.770327,1248845328.416015,739BB6EB5F
1248850164.578617,1248850173.512207,923EE099A0
1248875202.6210968,1248875210.4375,79558CF698
1248875409.791016,1248875417.155273,EA7E5CD9B0
1248825020.167965,1248825028.419922,B35CD99C77
1248825480.5078158,1248825488.926757,0493605805
1248870880.4130888,1248870890.248047,BB32609501
1248870932.571286,1248870940.324218,A3FF7D88FF
1248871053.370114,1248871062.168945,A70CD7E10D
1248852478.261958,1248852489.421875,B250DDCC4F
1248806396.894528,1248806404.652343,C1F7265905
1248819939.0751991,1248819946.332031,E251BD8C94
1248819958.1284208,1248819968.223144,1956D8B49D
1248819981.030277,1248819989.242187,095170F00F
1248819999.614254,1248820008.0,05A7BE6633
1248828332.2626948,1248828339.740234,195FD6BCED
1248828662.413082,1248828670.910644,3778388C87
1248805798.760988,1248805807.324218,7040D5E801
1248805868.566404,1248805875.93164,A07B18E1DD
1248813192.993161,1248813201.699218,831E68EE4C
1248865048.648437,1248865055.799194,2BC8368632
1248865064.6069372,1248865072.822265,90C67A6F56
1248865303.473636,1248865311.607055,4619041893
1248865358.636718,1248865365.702148,A670B7C220
1248858869.924806,1248858884.569336,072022644F
1248835037.4375029,1248835046.105468,32472EA806
1248820195.292965,1248820203.252929,F247F4F8CD
1248860836.328122,1248860846.603515,AE5BB3094C
1248854236.387209,1248854244.091064,9EB937A8B3
1248879890.736574,1248879897.989257,588C55D4A2
1248880343.732425,1248880350.894531,C380276035
1248814689.7519572,1248814696.793945,7147352AE7
1248827903.241212,1248827913.104492,D34159B043
1248828053.572269,1248828061.755859,3A576FF8F2
1248809013.75,1248809021.328125,B199EA4A8E
1248809433.6289089,1248809442.513183,40FC198393
1248809752.3779328,1248809761.134765,68782A1249
1248809763.599611,1248809770.84375,617A6C7F7A
1248809832.697262,1248809840.878906,78734D96F7
1248851700.92774,1248851709.694336,99F093D153
1248852091.888668,1248852106.232422,B8FD4E754B
1248804789.3837888,1248804797.452148,7EFF7C4EFD
1248847530.07739,1248847537.259765,4D91FF2EE9
1248818804.599611,1248818811.735351,742595E527
1248878030.569576,1248878039.013672,7A7333C404
1248856251.686527,1248856259.960937,DC2706AB87
1248856612.523435,1248856621.453125,FE418F8920
1248834538.2559772,1248834545.333984,59E09E6FAC
1248834613.224611,1248834620.690185,787259F0FC
1248834709.583011,1248834720.359375,A6F663231C
1248861423.970706,1248861431.230468,FFEFF32698
1248814280.682614,1248814287.738281,B7AB251145
1248826793.661133,1248826801.544922,181CC0EB09
1248826931.607665,1248826939.21582,69B843AF1B
1248974417.416019,1248974428.433593,A98AA235F2
1248983100.589847,1248983108.721679,006AA61818
1248970739.8818388,1248970747.368164,40B572554B
1248979032.1992218,1248979040.10205,0363159CEF
1248943706.231691,1248943715.320312,5B09C0C2D2
1248943767.48047,1248943775.134887,88F5B60CD3
1248943775.8437512,1248943783.057251,618E0DBF92
1248938801.465822,1248938812.175781,09841C814F
1248966715.897461,1248966723.50708,C5A0C06179
1248958897.77734,1248958904.96289,92D7367C5E
1248989536.792539,1248989545.703125,1C8DB971D5
1248958021.6865282,1248958029.659668,FEF0C3B4D2
1248976236.246585,1248976245.342773,3693B6F084
1248991576.5332,1248991583.94458,D71D953FA5
1248991706.6729732,1248991713.75,5CB6B5F4C3
1248969731.5140982,1248969738.927734,FAB8B92F5E
1248969995.5756829,1248970003.503906,0BCEA93231
1248973272.076229,1248973280.796875,908314C397
1248973320.4248078,1248973328.9375,884F8E1DB1
1248973476.250982,1248973483.398437,299AEFEF95
1248973495.083981,1248973502.643554,834FAEB482
1248963909.363278,1248963921.623047,F7362CAF76
1248964164.3159208,1248964171.752929,F4860C0FF3
1248978122.509766,1248978129.754882,8DCEAA7003
1248978199.549801,1248978207.758789,7C76EE5D9E
1248980716.021481,1248980723.511718,2C10D252F0
1248993981.5966828,1248993989.063476,B3C2943E8B
1248984314.762692,1248984322.424804,BB673DE4CF
1248961662.87647,1248961670.1875,93D37D53B6
1248989249.9169948,1248989257.748047,AF47BD9E36
1248940847.112304,1248940854.683105,BEF22A76F7
1248940918.283391,1248940925.588867,8DEFB3EB54
1248994465.738527,1248994474.730468,64992B0C2D
1248988641.600587,1248988649.944336,B5D632660B
1248999900.721676,1248999907.769043,7B2CC11D04
1248999986.9599638,1248999994.429687,A4EAB14B0B
1248958254.886722,1248958262.665039,3D11271610
1248958590.891607,1248958598.579101,4F15D0A47E
1248967379.666021,1248967386.708007,6DD1BAD375
1248973819.921872,1248973827.567382,5513B29920
1248986399.586915,1248986411.830078,7EBB2CAC18
1248960177.1762688,1248960184.412841,B69345ECDC
1248970379.416992,1248970388.230468,144900928D
1248976803.66406,1248976811.5625,E211448A48
1248978561.325194,1248978568.790039,799DAAAE5C
1248978761.565923,1248978768.84375,8C5CB86F83
1248978791.935543,1248978799.546875,EA17357A16
1248990494.828125,1248990503.710937,A9733330F8
1248990525.870117,1248990533.317382,AE25CE8F99
1248965872.430661,1248965880.801513,BBDA75E7FF
1248965958.68945,1248965967.003906,4C5C6B1883
1248996066.234379,1248996073.815429,860AB9A943
1248968316.781744,1248968324.964843,581945F575
1248942840.57959,1248942847.966797,FD76DB1F45
1248942891.227542,1248942899.566406,AD54838BA7
1248968413.372071,1248968420.989257,BF65A8C8E5
1248986650.444576,1248986658.125,6CEF4AFFD8
1248992762.4687471,1248992769.947815,885D942495
1248992904.0624971,1248992912.388672,FC8CF4AFB6
1248993174.3476589,1248993181.546875,7A9926C027
1248952141.492187,1248952149.847656,4425E1B8AD
1248972502.215817,1248972509.425293,6B506CF324
1248972596.667965,1248972604.201172,36617393F9
1248972802.17187,1248972809.859375,3ED8E9BF98
1248975514.804684,1248975522.167968,706412B9B0
1248960622.0,1248960630.757812,585295A46D
1248960708.390628,1248960715.849121,B329D17A32
1248960744.261717,1248960754.088867,358237ED76
1248963167.119503,1248963175.134765,CF78BBB129
1248970117.8730428,1248970124.925781,1F4DB474EB
1248966070.472653,1248966080.291504,17DFC558FB
1248992453.079591,1248992466.21582,26CD90CAA8
1248961381.58716,1248961389.0,DE93FDF149
1248962186.05176,1248962193.334228,2460CAF08D
1248962260.755372,1248962268.99414,117776A41D
1248962337.994144,1248962346.71875,EF3CC17E8C
1248962403.4375,1248962411.588623,728C8B5529
1248971022.132809,1248971032.168945,9E8F3A2C78
1248942130.865234,1248942139.688476,0F6064753C
1248979424.76465,1248979431.9375,6876C7EFE0
1248939196.756832,1248939204.291259,EDFE0ED387
1248939243.847661,1248939251.3125,F55433BFF5
1248985885.875494,1248985896.053711,D8543ABBF4
1248966857.924802,1248966865.419922,F29C30DCE3
1248966908.1835968,1248966916.206543,FBF61DB066
1248979681.807614,1248979691.207031,08BCBC9D74
1248979911.7959,1248979919.024414,58DB546C28
1248971743.0927691,1248971750.779419,0069593D18
1248961005.728516,1248961013.125,7365E0A2AE
1248961165.9062471,1248961172.99707,575A1910D6
1248961181.9926798,1248961189.437988,64C5A3B32D
1248967772.166012,1248967780.97998,EA7B4FAFE3
1248972395.1525831,1248972402.950195,1DC8CBB66D
1248968901.88965,1248968908.972656,A31965F21F
1248951114.4938989,1248951122.321411,CF4B321BF3
1248951196.397701,1248951204.470947,89089AC8C1
1248951573.900392,1248951582.083984,8A883F8193
1248951648.303472,1248951655.714843,74A4757ABA
1248964776.209234,1248964784.219726,F9B3B28AAA
1248963741.679685,1248963748.924804,2E223B2DA3
1248963841.467772,1248963849.285156,D4DD343F1F
1248950550.7993178,1248950558.898925,A6514A0182
1248965121.936041,1248965129.116699,330C9C71C0
1248969152.505367,1248969160.429687,0543565F11
1248969165.470763,1248969172.851806,D127517F88
1248969440.70191,1248969451.34375,96763FA9D8
1248950785.795413,1248950793.818603,A4DD2FEE3F
1248959356.075198,1248959363.198242,B97B46AF13
1248959573.8164032,1248959589.757812,71FBD76111
1248939847.3679152,1248939855.07788,2B6B1B87BB
1248959623.4990191,1248959631.77771,07136DFDA7
1248959694.5781262,1248959703.637207,17D6DC148D
1248967816.5380878,1248967826.152954,718954CFEE
1248984696.649045,1248984704.088867,83F8A903F1
1248991038.779787,1248991046.262695,047C5D7550
1248991213.148434,1248991221.063476,B7F506EE86
1248982385.3437471,1248982392.772461,816F9BE979
1248987694.1835968,1248987702.608398,95F0587788
1248998074.51148,1248998082.667968,D2AA26FDBC
1249041235.312501,1249041242.614746,F9F6073BBF
1249060173.658207,1249060180.851562,1691D82F0C
1249049604.762693,1249049613.096679,A686CAA7CE
1249045639.197269,1249045646.465332,5E7A1E674F
1249045647.43359,1249045656.905273,48EB1433CA
1249010514.2695289,1249010524.111328,9E36668A73
1249044049.478513,1249044057.551757,3D18C3FF9D
1249009382.6333032,1249009389.638672,5C1DFF28CF
1249096776.107418,1249096783.631042,B79AA96455
1249088923.453126,1249088935.400146,AE00275A8D
1249089585.544435,1249089594.172851,500FF5C7D5
1249090096.630856,1249090104.504882,3A6964265F
1249092955.941406,1249092966.65039,E332C98943
1249002282.4189448,1249002290.475586,5EC15759F4
1249078882.14258,1249078889.93457,20AD6284BB
1249047093.550784,1249047100.599121,C5B9E91A4F
1249045951.298825,1249045959.429687,8208B3FCB1
1249045988.183595,1249045995.483398,26AC7CE9F1
1249098849.258792,1249098858.044555,BC27AE0287
1249099054.6523411,1249099061.936523,E57F8E8E97
1249099287.5957,1249099296.388672,175B6A4B36
1249037355.708986,1249037363.129882,498B7A4861
1249037396.3769572,1249037408.077636,EEEF4F4EC5
1249037413.420899,1249037421.415527,F567BCF629
1249031727.8935578,1249031736.009765,EB7F7C91CE
1249048217.216798,1249048225.048828,A531CCCCB9
1249048233.2666,1249048240.936523,ECBA8B7148
1249073223.522707,1249073232.36914,AFFBD244AF
1249080732.457028,1249080739.851562,C79B8CC9FC
1249032286.714357,1249032296.938842,4CDBAD72F9
1249031562.450198,1249031570.390625,3739FF81B7
1249059302.231443,1249059314.398437,37B7AD05D5
1249025252.800656,1249025260.911132,4432E5A20C
1249072000.651364,1249072008.25,EDF57ADF7C
1249022380.783206,1249022388.865234,4C012FF1D2
1249035939.707036,1249035948.230468,4A2847D63B
1249049863.233645,1249049871.603515,FA82D8B71F
1249057293.952086,1249057301.529297,046225F3C7
1249020923.109378,1249020930.579589,29946ABA08
1249021070.791012,1249021078.318359,02CFCA8CB9
1249092415.556637,1249092423.291992,C9F1A1ED2C
1249092547.3749971,1249092556.613525,E64BA99A85
1249025697.488773,1249025704.983398,277A41E4C3
1249033110.418942,1249033122.121093,4A196486EA
1249060989.7563522,1249060999.493164,39A19A20BA
1249061073.337405,1249061082.095703,7263792041
1249089250.791385,1249089258.474609,02B447AFA2
1249052102.008786,1249052110.753906,282D59758E
1249052301.479492,1249052309.05664,9D3C20863A
1249027733.793699,1249027740.970214,798DC33478
1249027983.905276,1249027995.363281,0D22303655
1249034097.069332,1249034110.060547,2E290348AF
1249064513.21484,1249064520.902343,AF4F184804
1249029546.28027,1249029553.504882,ADF816C759
1249029645.673825,1249029652.780273,888A41DDF6
1249062195.9326198,1249062204.740722,077FF4D395
1249062286.006101,1249062293.609375,B3A9F96BD1
1249094186.1279328,1249094195.814941,30467791A2
1249029970.527105,1249029977.888672,7ED767D0D6
1249030333.601559,1249030340.730468,838693FDF7
1249095469.677736,1249095477.010742,4B2C1D8DF7
1249062818.957035,1249062827.176757,E7E85B8EFD
1249063030.794436,1249063038.466797,010673CA8B
1249063269.96484,1249063279.262695,0FFE90B05A
1249071127.599614,1249071135.88916,08CEB6332B
1249044992.787112,1249044999.84375,80E258A3F6
1249045004.521001,1249045011.574463,AB8A922E3F
1249045131.262698,1249045138.6875,AA529EE058
1249047850.653319,1249047858.127441,7025FF58AB
1249049069.2255888,1249049078.720825,20C14D9379
1249066412.47363,1249066420.513183,45480255DF
1249048568.707033,1249048576.0,42DE74B769
1249048816.7998078,1249048827.164062,18594D1930
1249028922.458984,1249028930.425781,47AEA840FC
1249028959.926757,1249028967.413086,9DBE45352D
1249088485.902347,1249088493.328735,F0125CFBFC
1249088499.989255,1249088507.679687,925D1C5AE7
1249088649.552736,1249088656.681152,E9EE988034
1249056760.436032,1249056767.822754,34A594918A
1249036574.2148468,1249036581.822265,C73C8CB1BB
1249036696.4301789,1249036704.325195,9B25D94B5D
1249040420.648438,1249040429.217773,7FE16F269D
1249065419.342773,1249065428.964843,8F25A4ADDA
1249020168.0576222,1249020175.855468,04397AA38D
1249033479.37451,1249033486.765136,D389D4CD64
1249035255.568967,1249035263.776367,75E6A306F8
1249037932.895511,1249037943.617492,3E88A92887
1249038170.257816,1249038181.482422,0ADC45EE9C
1249066997.890625,1249067007.21875,7882767855
1249069187.0585968,1249069199.11914,A81EF04D9D
1249039182.656245,1249039190.048828,C86A2F0429
1249039267.5913138,1249039277.821289,D779187E75
1249019912.0311232,1249019920.697265,827C23C517
1249061783.8071291,1249061790.870117,6604885499
1249090828.589351,1249090838.035156,B4EA981363
1249080261.94141,1249080269.757324,5C00A58D09
1249090523.68677,1249090533.026367,02E284F3CC
1249025285.471676,1249025292.471679,49A4AE8397
1249024673.264652,1249024681.68164,E31DD2BAD5
1249040294.1914032,1249040302.770019,EC5B61E954
1249026631.943363,1249026641.019043,30BA2AD8CE
1249068578.950196,1249068588.946289,064B0EF4C8
1249067426.5029252,1249067434.084961,C446B597D8
1249023758.0009758,1249023765.357422,08D27E1882
1249065562.476559,1249065571.709961,36C7975953
1249065683.341793,1249065690.648437,44531293B8
1249040639.2851589,1249040647.3208,8AA9B84EEC
1249040869.212894,1249040877.037109,5646106ED8
1249076667.0449271,1249076674.108154,A5B1BCADC6
1249020617.237793,1249020625.173828,A372EA1059
1249020660.3994172,1249020669.90625,EE4DCE47E5
1249020784.2187529,1249020791.336914,7159731431
1249019054.168948,1249019062.098632,C9618E2C59
1249019102.949216,1249019111.548339,CEB5EAB98C
1249035603.486326,1249035614.727539,62D94C0FB2
1249097461.37695,1249097468.496093,CFB497FF43
1249029296.300784,1249029303.647461,570AA65853
1249029370.998052,1249029378.209961,810808F519
1249029398.752931,1249029407.296875,B5B28A5DD7
1249063508.2226589,1249063517.192382,E10CE08C20
1249080921.1562471,1249080928.699218,3EAB9B9E2D
1249061486.003903,1249061493.259277,101CDD1B64
1249100227.16406,1249100234.5,487D5AAEFC
1249096170.697264,1249096179.427978,D58035507D
1249079030.5273418,1249079037.678711,BECD07ED1C
1249079465.2163682,1249079475.393554,79984BB1D4
1249004688.1005862,1249004695.66748,3CE9C89994
1249008682.0087922,1249008689.418945,E1985ECFC0
1249079724.275387,1249079731.790039,8350AE8DB4
1249079829.858765,1249079838.141601,81185A3DE1
1249025933.045411,1249025940.359375,74B2B0700E
1249001121.672604,1249001128.8208,6CA66A5AD4
1249001225.10547,1249001233.770507,02043BE17E
1249008048.7998078,1249008056.383789,E1B1C75B57
1249008159.878419,1249008167.463867,9F97899FED
1249008216.4126022,1249008224.283203,8629ED8260
1249067746.8627908,1249067754.392578,95BDEF799D
1249067796.193356,1249067803.394531,041E0C949C
1249035103.514166,1249035111.105468,43D1F6DFC8
1249130285.2919922,1249130293.449218,BE2D443DDB
1249199038.219727,1249199047.832275,485F6BDF6D
1249110408.7412071,1249110416.216308,36E1A6C84A
1249110712.630862,1249110720.354248,044BD49F53
1249167949.2832,1249167958.5,AA099C7243
1249167992.453128,1249167999.708496,5EF0F2BA27
1249175488.085937,1249175495.726562,FF579C190E
1249175520.39795,1249175528.3125,BB77A2D356
1249183131.059568,1249183139.057617,2509EE66D3
1249200059.631836,1249200071.458007,7A05EA943F
1249200079.911986,1249200088.346679,E1998BACAA
1249102685.818362,1249102693.209472,53BB2B71D0
1249101628.57324,1249101635.586914,F84D26BC49
1249197193.284176,1249197202.145507,80B5C7D5BA
1249197446.130374,1249197453.546875,389AA25FE4
1249133964.875,1249133972.427734,50E86E75E0
1249172056.12695,1249172064.8125,E48F449319
1249197611.4287138,1249197619.697265,5DEFCAB8AA
1249116177.798826,1249116187.18457,AD44C2413C
1249115481.700197,1249115490.929687,9F332767CD
1249161718.940675,1249161726.547851,3EAA38CF07
1249185933.262211,1249185941.596679,E86B80D095
1249128736.715823,1249128743.736328,4183ADCF09
1249128766.461181,1249128774.354492,9640D401AA
1249133049.728519,1249133058.27539,4ABDE16851
1249122686.717778,1249122693.964843,4D01A0C3A2
1249174367.1494138,1249174374.41333,41DECD233A
1249132777.835942,1249132788.05664,C163A15327
1249172151.9882772,1249172160.440918,1BC4438D7C
1249172226.9565408,1249172236.048828,8783B0A641
1249131049.1367228,1249131057.03247,B2A2836966
1249131239.515622,1249131247.689453,9CF69F2942
1249129275.561521,1249129283.860351,416F9114D7
1249127872.0273411,1249127881.515625,A6B1BBD30F
1249184787.253906,1249184795.980468,8924AB0ABD
1249197691.349611,1249197703.753906,9C3C456239
1249197737.9001422,1249197746.029297,FB99AA7666
1249197764.359372,1249197772.991455,1A96D634F4
1249197891.817378,1249197899.510742,8B045DF82B
1249134335.162106,1249134345.973999,3478F278C2
1249184217.9663131,1249184224.990722,C2FD7D5A13
1249181802.50293,1249181813.18457,D3ADB43C69
1249157196.304692,1249157205.15625,1F0E2D60FA
1249157233.232425,1249157240.433593,839B21992D
1249112745.185543,1249112752.1875,3BC987CEF7
1249107877.823241,1249107885.851562,35ECCF7B72
1249163773.649411,1249163782.86914,7674A0502B
1249198516.291564,1249198527.023437,905BAA3904
1249126278.78125,1249126286.277343,CB76F54E7D
1249106998.105467,1249107009.546508,79FC295887
1249107048.337404,1249107055.75,F3AFA8EC4C
1249107144.709477,1249107151.770996,582ACAA182
1249107181.734371,1249107191.336181,488309A598
1249164959.9499528,1249164972.783691,1E7436F27A
1249124800.202152,1249124808.215332,8DA6551306
1249188612.449222,1249188620.113281,5FB3333078
1249133296.691406,1249133303.841797,43C53920BC
1249166080.215825,1249166087.738769,6C3E089E5D
1249170220.3525388,1249170227.710937,8D1EA1EB4D
1249190901.459598,1249190909.36914,B9FA4BC65F
1249170027.794918,1249170035.366211,69492C5E9F
1249114548.08984,1249114555.372558,2FCD2010E5
1249114724.696046,1249114731.707885,C2002B8E66
1249171493.493657,1249171501.797363,A9C0CC5432
1249123052.829098,1249123060.546875,494CE240FA
1249123061.135739,1249123068.386718,3B23655844
1249192559.459476,1249192567.758789,B49DD48DF4
1249163087.963619,1249163095.905761,B6DA4A80D2
1249106599.829104,1249106606.993286,BE5ACEB598
1249172756.101559,1249172765.504882,27B8315C33
1249172968.497556,1249172976.441406,66A05025D7
1249173048.837894,1249173057.543213,2BD17A10CA
1249119925.327638,1249119932.938476,1C96A60B45
1249100830.420896,1249100839.05664,AC45F33CA4
1249185287.6694322,1249185299.804687,95911279C2
1249196535.284176,1249196542.688476,52041C1A53
1249196766.0004928,1249196773.110595,DC41B30E55
1249196796.847532,1249196803.916015,215A440576
1249121770.1435502,1249121777.201172,1046A1B273
1249158028.629398,1249158036.082519,1119C3B55F
1249158069.849612,1249158079.800781,ED2F12CBB0
1249173885.9707,1249173896.126953,3DA9D9EC80
1249158712.068356,1249158719.290039,384C27C200
1249158739.8266652,1249158747.625,7DA29A577D
1249188801.044918,1249188810.748535,D9347B32C3
1249188950.567378,1249188959.364257,638334E7D4
1249112286.268555,1249112294.534179,F9BC40E2C7
1249118727.743161,1249118735.029297,DCA451F67E
1249108797.47266,1249108804.694336,13149107CE
1249130671.000003,1249130678.48706,6CA0E50514
1249130802.097899,1249130811.65039,5AF3B0D32E
1249169531.845698,1249169541.466797,F5BF7A3438
1249101537.271482,1249101548.186279,3DAF93A4AC
1249101842.288082,1249101849.421997,CFBDB682B4
1249114288.7939491,1249114296.567382,DED8B2C523
1249114297.304691,1249114305.037109,A087CE8C1C
1249114478.910153,1249114486.413574,676DD108E7
1249117028.921878,1249117035.9375,3A51320E20
1249131576.5605469,1249131583.859375,CED9BBC5B2
1249132022.5,1249132031.483398,DDF5E96E6C
1249111384.5498002,1249111394.305664,E6E8AF7AD2
1249195594.541012,1249195602.109375,3812E16646
1249108673.5219738,1249108681.474609,C24CF82BDF
1249158283.8691452,1249158291.186523,469A2FE609
1249157478.790035,1249157486.459472,987740C0B2
1249128097.964842,1249128105.665039,A81347BABE
1249110056.5712922,1249110064.200195,99B63DB0C7
1249119257.4127169,1249119265.52832,944F3FF8F6
1249160032.3750038,1249160041.509765,003069961C
1249160103.416012,1249160111.753662,B3B4D49232
1249160358.719478,1249160366.546875,39695CCAB2
1249118042.83984,1249118051.673339,5136745643
1249118110.8825672,1249118119.795654,33A7C116DA
1249158953.839357,1249158961.86914,7B5DB5E6A4
1249159308.710941,1249159315.767822,E8057B1263
1249124160.477544,1249124167.757812,2DF4BC02BC
1249124266.984378,1249124275.427734,E1ABF2C862
1249124354.91211,1249124362.61914,AC91FB2DDA
1249168832.316403,1249168839.667968,4235B32305
1249168893.543947,1249168901.871338,B7B884791A
1249125031.07385,1249125038.096679,EE0052AF30
1249292969.328128,1249292976.919189,4FD8A2AA92
1249235869.3222702,1249235877.969238,6F5DD7EA5F
1249280028.858402,1249280037.107422,036A40C942
1249299656.737301,1249299664.035644,0CDA3F9DD5
1249271040.3125029,1249271049.640625,713A259463
1249275702.447268,1249275710.808593,930D6E1E3D
1249263208.8063922,1249263218.48291,A786F6B114
1249266710.837894,1249266719.864257,0E54DDB7E5
1249226769.85449,1249226777.196045,9583DCA52D
1249268626.56348,1249268640.117187,0036546AE4
1249263305.6494188,1249263313.988159,7119E4AD08
1249263598.787111,1249263606.358398,1797AE2CCB
1249263884.1890838,1249263892.833984,873DEC9FF2
1249267961.696288,1249267972.160156,4BFD96966A
1249268102.809569,1249268109.984375,202CA0BEE3
1249233104.2197242,1249233113.666015,25ADB9EF77
1249274184.544925,1249274194.202148,05A773835B
1249274463.81445,1249274470.883789,09A4A27D27
1249280910.474607,1249280918.736328,BC5817927D
1249236027.125972,1249236034.753906,2674DBD60B
1249212197.1181638,1249212204.263672,24424DFB2F
1249240275.579836,1249240284.140625,777CD32BB5
1249256511.561649,1249256519.001464,FCEDC82AAE
1249256619.094727,1249256628.954101,7116125B19
1249256745.156253,1249256753.148437,5BB43ACDB1
1249265209.073492,1249265216.137695,22B2422C12
1249273162.577152,1249273170.103027,5B11AB857F
1249258967.710943,1249258975.14624,20CE6D67A0
1249259020.978029,1249259028.603515,93098DBAE1
1249286007.306637,1249286017.487304,48391AD281
1249269202.574219,1249269210.415527,BB11B1E612
1249220994.515621,1249221002.982422,982FAD87B3
1249218490.477536,1249218498.95288,A5099A7D4B
1249218499.6201198,1249218506.831054,F7559A3065
1249218656.7187471,1249218663.788574,2F03551225
1249267286.5,1249267294.239013,37F59E9862
1249203279.712888,1249203287.242675,FC6806CEB5
1249203537.94141,1249203546.99707,0169108B05
1249254618.6294,1249254625.933593,5AD0FE3A33
1249222201.230465,1249222211.999023,FC28319BC5
1249293901.647947,1249293908.688476,EFFD4BCB70
1249242119.9660602,1249242128.990234,FE99B9FE07
1249291663.335695,1249291670.900146,A94229F8EC
1249264064.210934,1249264071.647461,2C0A53FFFB
1249258296.787114,1249258305.992187,E1D70F48DB
1249269778.1123028,1249269786.476562,329F828303
1249257194.553715,1249257201.729492,CEB15FA374
1249228554.497076,1249228561.574218,13486BF6CF
1249299283.384762,1249299291.633789,AB897EE82D
1249299445.4956038,1249299452.726318,ED87C2DAEE
1249255439.256345,1249255447.409179,A7AAAE074F
1249289269.25,1249289277.558593,8AC76C7A47
1249289547.819332,1249289555.121093,F13C2D1DC2
1249282393.1875,1249282400.345703,8910E68A0B
1249240608.7524428,1249240617.554687,241C1711AF
1249206044.3715792,1249206057.203125,E9613FB8C3
1249201799.757816,1249201806.988037,D69A51BDB9
1249203163.339843,1249203172.728515,83F0E4D712
1249282808.2168,1249282816.12207,02B6D73062
1249282825.265628,1249282832.9375,FD4EA51A5A
1249283205.767578,1249283216.515625,7BE1E332C7
1249217658.103516,1249217668.947265,8E6E8FC362
1249217746.547365,1249217753.857422,AE270DD1EE
1249209922.406248,1249209930.511718,285D7F77E9
1249209986.448244,1249209996.540039,058FC2FAC1
1249211164.401367,1249211172.205078,0FD0C20B77
1249211217.743654,1249211224.754882,35624D3B57
1249286750.9873078,1249286758.237304,49AB55030A
1249234221.396487,1249234229.264648,AB7FF93254
1249236672.125001,1249236679.523193,512C3530F8
1249236794.166868,1249236802.051757,F65356B260
1249288222.208494,1249288229.287597,F896507FFA
1249272775.180666,1249272783.496093,439C92A68B
1249216171.68213,1249216178.801757,1362AA08F9
1249216306.082639,1249216315.344116,C12903F182
1249242357.66406,1249242365.316406,5C4CB79B87
1249223481.0576198,1249223488.697754,42CC203500
1249223561.149419,1249223570.999023,EC0480CF8E
1249221451.007811,1249221458.927734,2022FDCFCA
1249298839.205075,1249298846.521972,A26FC5845C
1249254501.682369,1249254509.535156,DE6F843ABD
1249254537.28027,1249254545.070312,57CF00D269
1249283876.672667,1249283883.769531,7D68647980
1249280397.402344,1249280404.421875,29690DF201
1249224299.951662,1249224307.396972,DC4ECE743B
1249255740.7226589,1249255748.401855,45422681B9
1249236297.6816409,1249236305.171875,A06B44D0BB
1249255925.643559,1249255934.57373,34F565D8B2
1249256159.55469,1249256168.09082,96A38ED6D1
1249256284.912112,1249256294.96875,921F27E4DA
1249270106.007812,1249270115.0,9E04502332
1249226227.375,1249226235.295898,3D7158ADDC
1249277996.8681638,1249278004.644531,DB627C4258
1249274761.415037,1249274769.391601,4033415044
1249291120.115234,1249291127.450683,08ECFB3B85
1249281497.34522,1249281505.02124,26D7C6EC43
1249287933.9755838,1249287941.3125,3E9197AB6D
1249287988.807617,1249287996.233886,21F9D97231
1249288847.667965,1249288855.125,994575E2B0
1249288930.782225,1249288939.033203,63B1523D85
1249290174.7539082,1249290185.156738,2EF09EF7B2
1249222819.2744138,1249222827.58789,067F6261A8
1249211849.826168,1249211861.108398,9A90E63B42
1249277464.661622,1249277473.719726,E97B63351A
1249277487.1166968,1249277495.594726,370C383892
1249264518.260679,1249264526.582031,C806D7A1C2
1249264640.235349,1249264648.124023,53B2EEF854
1249240925.608398,1249240934.397461,38CA2F7A1F
1249278846.5859408,1249278853.604492,A7791491C6
1249227021.569826,1249227029.462951,7DBA485F17
1249285200.5488288,1249285207.583984,0D148E14CA
1249285445.668944,1249285455.042968,45E2AAFCD0
1249285561.434573,1249285569.635742,3157B0BDE5
1249238848.580075,1249238856.027343,EC2E1F3336
1249368234.087887,1249368242.207031,CA2BB747A5
1249327323.338864,1249327330.625,F91DB86079
1249372250.478512,1249372259.582275,4F1032C32F
1249372312.5,1249372321.8125,666E454196
1249372656.5039089,1249372667.697754,6DD0315F3B
1249372934.5029328,1249372942.598632,6FA13BC244
1249332520.715696,1249332529.339843,0E9A3C68A0
1249379036.955816,1249379045.287597,7C52533860
1249340680.692379,1249340690.55957,3D70BCCD7B
1249363943.4043,1249363953.075561,D3DD21B289
1249366698.4453158,1249366709.601562,A88E1BEE28
1249329587.8125029,1249329596.707031,6913D925A6
1249307188.833987,1249307196.800781,C709AA62EE
1249307830.9267578,1249307839.222656,3723A60997
1249356594.4423862,1249356601.90625,B5ECEC9314
1249354851.474124,1249354859.171875,BCE5F55EAB
1249383617.740231,1249383624.8125,FD506E8E18
1249359885.5000029,1249359893.445312,B538A004A0
1249371185.75195,1249371192.83789,87692007F4
1249347941.516604,1249347950.699218,5C9BD8C22C
1249376141.510989,1249376151.704589,8504F595A1
1249376316.764649,1249376325.260742,02B2CAB113
1249376436.4707072,1249376443.53125,58C7321D34
1249392005.624028,1249392012.788086,5877F870EB
1249375236.0400422,1249375243.21875,2AAC4683FE
1249336558.6391652,1249336570.703125,2AB73FD5AC
1249312149.056153,1249312156.353515,BE57F5C911
1249374377.343753,1249374386.060058,2A3BDD331B
1249374503.617192,1249374510.671386,A681899217
1249359567.429196,1249359574.566406,7BF6E923B2
1249394515.368161,1249394523.943359,5E7E957F46
1249394813.322269,1249394823.65747,BA09C080B9
1249318123.613278,1249318130.944336,D6360A6EEC
1249318332.2363322,1249318341.500488,0770EAA6C2
1249393663.332034,1249393671.632812,01A68DBBD7
1249379936.75,1249379946.414062,7F51FC86DC
1249380027.1848102,1249380036.961914,99D555536F
1249380047.060794,1249380054.149414,4F6F8F1D79
1249380102.000978,1249380110.666015,E1E4E9E5A3
1249380464.1423311,1249380472.252929,0BCD399EB2
1249354394.740478,1249354403.835937,027267355D
1249398095.0219698,1249398102.28125,682240B4D1
1249368451.803714,1249368459.031616,992BDE6599
1249377292.625973,1249377299.726562,6158EEBE9C
1249341398.910398,1249341405.933593,D27BC2E9B7
1249388823.7163131,1249388831.364257,984D53F3A7
1249355451.275387,1249355458.705078,CEA68FEED9
1249322163.9267578,1249322171.552002,96EE4AC9E0
1249322441.884283,1249322452.763672,103CE6CD2B
1249336200.0869172,1249336210.55957,9BB2C80256
1249336251.3914828,1249336258.565429,2203D75E17
1249336353.625,1249336363.044922,AD909E87B8
1249306444.247073,1249306454.612304,B93FC9E330
1249330914.656741,1249330922.058105,CBCF8F15F3
1249369351.923341,1249369359.09375,088A6F50D8
1249349578.875249,1249349586.819336,2433E5AD35
1249349838.765138,1249349847.771484,711D7FFAC9
1249395034.9025831,1249395042.621093,BBF57E1E4A
1249378548.745114,1249378555.824218,7F0BE06510
1249325543.0389378,1249325550.401367,6430F9AA06
1249361335.995115,1249361343.402343,4ECAD16AEA
1249353102.919435,1249353111.691406,BBA37C6CCF
1249353440.876953,1249353449.496093,66E7886513
1249338640.809567,1249338651.602539,F5F74EC323
1249352408.592282,1249352415.791015,01E285B293
1249360554.149908,1249360561.686523,5DBD0C2849
1249354025.847408,1249354036.190429,2ED5D5E473
1249338850.498043,1249338857.905273,ADA932F9B8
1249359181.658201,1249359189.723632,7E1935A7EB
1249351135.551761,1249351142.753906,4BDF2DFE20
1249387140.308107,1249387150.865234,FA418D88F6
1249387181.138187,1249387189.544922,41780372D8
1249351415.269528,1249351424.061523,8F40224A9E
1249363599.849122,1249363609.79248,383B9302A2
1249368637.615478,1249368644.64038,F42D99AF37
1249368645.115238,1249368652.723144,582E32BDEC
1249368661.4838898,1249368669.549804,403430CDE8
1249369093.362302,1249369100.562255,BCC6EDC8E6
1249365959.020323,1249365966.679687,5CFD45E7D8
1249358145.946043,1249358154.46875,24C485DF02
1249341832.829098,1249341840.352295,97BA028626
1249365551.895383,1249365559.125,28D7B0152A
1249320058.732419,1249320066.882324,4AF8C8D97A
1249391142.538576,1249391149.871093,26C952B778
1249388076.068362,1249388084.930664,E910C191B7
1249388275.861325,1249388283.182373,56DD31F48E
1249388411.820312,1249388419.767578,187371CF6A
1249388591.1054718,1249388598.34082,7A09345E84
1249369943.20312,1249369951.138183,166F6C9D05
1249332929.954101,1249332938.487793,1A4AC180AA
1249326402.5,1249326409.953125,539F3ADBC2
1249347415.541019,1249347422.665771,59458DD4BB
1249301137.646726,1249301146.100586,F07CAA89B9
1249301359.051027,1249301367.844726,42AA135F92
1249377956.6279328,1249377963.863281,1B9E849B40
1249378242.942388,1249378251.663086,9835F47C5B
1249311260.144528,1249311268.271484,6C496F72CA
1249314943.288087,1249314951.852539,9A482C3FE7
1249398808.630863,1249398815.808593,052D8A8967
1249398977.993165,1249398985.52539,A4CC733F91
1249382658.617431,1249382665.76123,051A44EF5F
1249311814.0283222,1249311821.083984,5346B17348
1249311991.25781,1249311999.005859,B97C85560A
1249345752.798343,1249345760.801208,7B9282122A
1249301605.602538,1249301613.546875,911F776B4D
1249301700.804692,1249301709.4729,A34DE975A1
1249301774.218747,1249301782.199218,76800B5EF1
1249349168.364259,1249349177.129394,BF038BC492
1249389290.0,1249389298.897949,4EB601493E
1249394104.581055,1249394112.380859,7E0B3A30D5
1249394206.712894,1249394213.942566,B8EF0EAAEA
1249377183.246578,1249377191.02832,606DD46594
1249340112.27441,1249340120.744629,D5D0A2DB22
1249340406.817868,1249340414.95874,5267545173
1249315353.31055,1249315360.36914,8588C0020E
1249321162.969723,1249321170.023437,DC2C794617
1249395922.273435,1249395933.751953,1FA943CA01
1249346734.242313,1249346742.710937,5721B73526
1249395509.573239,1249395516.605468,AA1C50D173
1249324810.294922,1249324819.554687,66FE84EF99
1249399360.926761,1249399369.396972,5B6CA27376
1249384841.7211938,1249384848.847656,55607641E0
1249384852.78418,1249384860.668945,211BBD6AD0
1249360968.045902,1249360975.645507,9FD63F594B
1249399760.541013,1249399769.407959,66EFBE29E0
1249366889.952886,1249366897.858886,36C3D82F73
1249394936.811037,1249394944.704345,1FCF19B89A
1249325286.81348,1249325294.416992,C0839739FF
1249319882.676271,1249319889.970214,7CF904496E
1249348510.0332072,1249348517.313476,10C830275D
1249348557.138187,1249348564.972656,17CB00D268
1249318659.5693362,1249318666.653808,E09213AC3D
1249342267.197262,1249342276.172363,2428146779
1249342284.384762,1249342291.549316,48B3077D24
1249349949.746583,1249349958.33789,80CB4BE6B0
1249362256.0888698,1249362263.314453,EC0D7F0612
1249482780.375,1249482787.553711,8E884C6A9C
1249436752.4443312,1249436762.613281,669896D4D8
1249429690.552244,1249429697.826172,FBAD7D2CA9
1249480689.1004622,1249480697.578125,F89A10B4B0
1249484550.867185,1249484558.852539,E34B77735F
1249447256.732425,1249447266.481445,6FFB69FA01
1249486217.1071732,1249486224.901001,1209B7FC66
1249486231.779056,1249486242.190429,4592DFB1B6
1249483511.924805,1249483521.084228,080570E92E
1249412625.975102,1249412634.220703,C89664DCFE
1249485311.180666,1249485318.557129,068A56470A
1249485452.583011,1249485460.130859,0C4EF871B5
1249405569.541019,1249405577.875,F2ADFB0CC1
1249496847.379156,1249496855.93457,A99F0A1866
1249496959.587887,1249496971.209961,17E1E05558
1249407214.2675788,1249407222.099121,8486E2D64B
1249456573.01563,1249456580.137695,77C81FDD28
1249400053.488278,1249400060.582031,1DECBB40F9
1249400345.991212,1249400353.195312,C81F09702C
1249400506.2812471,1249400514.488281,55125CBE7B
1249489841.8051789,1249489849.666015,4298753FD7
1249469506.509766,1249469514.027099,BC52159314
1249416277.0027452,1249416284.068481,E4A5CC8EE8
1249421832.0869138,1249421841.199218,EED91D3CD9
1249431808.664059,1249431816.129882,0351141089
1249478634.300785,1249478641.404297,E0F01C3971
1249478656.253903,1249478663.63916,92D021AE6E
1249420915.354489,1249420922.432373,81C3DA7045
1249421014.085941,1249421021.484375,DB18D0D20F
1249421094.557614,1249421103.028198,C8FC6D0094
1249400869.1875029,1249400877.432373,B00D033E07
1249416135.0654252,1249416142.777832,848C27545F
1249448164.47559,1249448171.483886,A6387005C3
1249499736.659182,1249499748.834961,91F4DC555F
1249486998.25928,1249487005.644531,F87C8DF195
1249487044.903323,1249487052.910156,31EF10557D
1249487247.604494,1249487257.357422,6A9DD6DC26
1249415234.792965,1249415242.155273,BBB2E0DBF6
1249415247.010738,1249415254.204101,D1EDD70C2A
1249494846.56055,1249494854.511718,AC1BB0BD13
1249463866.32861,1249463874.655273,257324C4E5
1249436017.1660202,1249436024.771484,56F1E4565E
1249447938.909665,1249447946.59375,23EBCB71C5
1249442590.688476,1249442598.754394,6D127D40F6
1249442656.15381,1249442663.346679,76BD3D77EF
1249463307.729985,1249463316.109375,5CCA56A2DF
1249493448.96973,1249493455.976562,E972C76C12
1249412976.992192,1249412984.333496,9ED38684F1
1249404809.286136,1249404819.44873,D939ACB438
1249422383.666019,1249422391.135742,401BA57EFE
1249418085.2148468,1249418093.332031,3095F4DD69
1249437065.960934,1249437073.432617,4898C442B0
1249429390.894535,1249429398.092773,25E6A6A50C
1249411836.875,1249411845.082519,E95EB79824
1249400994.337887,1249401001.680664,8A0B2CAB4B
1249401383.103512,1249401390.814453,FF37616104
1249471334.738285,1249471342.489257,930799BBE2
1249437294.667972,1249437302.617187,B4AE48DE52
1249437302.640627,1249437310.480468,008699A28A
1249445809.820309,1249445818.063354,9C50EC563D
1249446109.286985,1249446127.750976,97A55F2B0B
1249444014.520504,1249444024.303711,15D07915DA
1249444222.781253,1249444230.091308,0BACB76EC4
1249487356.412964,1249487365.003906,41D14171A5
1249456017.044737,1249456025.022461,DACA9D18AA
1249491221.328122,1249491231.535156,E711A028E8
1249491587.737796,1249491596.037109,3F3A7773E4
1249491672.4960968,1249491680.456054,0ABD701673
1249441554.9877882,1249441562.005859,17006676DE
1249441562.0068388,1249441569.23706,02EC59D53F
1249430130.398435,1249430137.868164,670AFBDEC6
1249430258.777348,1249430267.424804,E8FA438CB8
1249465346.589357,1249465353.914062,F9EFDDD2FB
1249465405.4282238,1249465412.44873,D84CB42F1B
1249472167.84766,1249472180.0,8257A6795C
1249472304.519773,1249472312.502929,2F8CC61F48
1249402911.965817,1249402920.511718,5EE0583209
1249402936.978765,1249402947.867187,34828DB19F
1249443139.142582,1249443149.830078,EB5B82C8CE
1249484765.8349612,1249484773.092773,FC4DE5D360
1249479695.760739,1249479708.811035,64AEF47647
1249483309.8066409,1249483317.210937,324C14E660
1249409447.130128,1249409454.67102,9902BF5479
1249409478.408689,1249409485.942382,218833A2A0
1249492784.678106,1249492795.677734,DD4D6E845A
1249492856.371094,1249492864.20874,7EA6F0715F
1249492889.463864,1249492897.692077,B29CD84D26
1249439822.003907,1249439830.191406,38E1D3F3C8
1249446371.7783191,1249446378.794922,274EFBBF04
1249446385.1704152,1249446393.902343,1A9D9A08B0
1249477781.6503882,1249477790.461914,34A1A357B9
1249466537.493169,1249466544.782226,1432814855
1249442161.326169,1249442168.373047,B34BA996A8
1249463988.927735,1249463997.516357,8BA019C433
1249464177.572262,1249464184.759765,FED44EDF58
1249464390.9755888,1249464399.790039,E45CF565D8
1249467201.9492218,1249467210.599609,6419FC3F69
1249467350.96631,1249467361.372558,0453447C10
1249455463.764162,1249455472.447265,D1C8BA0FD0
1249469821.527837,1249469828.87207,9A939A393E
1249469945.699947,1249469955.706054,AECDB0B069
1249478968.129394,1249478975.725586,754372C0C7
1249479064.953128,1249479072.125,8C65243F73
1249488522.154302,1249488529.585937,BBA144E285
1249457945.137692,1249457952.72583,C611A927C5
1249467838.980466,1249467845.987304,36B4D85F6F
1249467965.578128,1249467972.898437,A1CA3E80C5
1249468679.242434,1249468686.482422,41B6B19ACD
1249439191.199219,1249439201.117187,2B18D06888
1249457375.167965,1249457382.265625,13A6F51996
1249468972.00391,1249468979.500244,E1957F3624
1249449174.0146508,1249449182.671875,71E87E424E
1249456931.236325,1249456942.844726,418B30056E
1249443606.367191,1249443614.443603,53051D8E91
1249422904.6084,1249422916.750244,CED683BBF9
1249422939.460934,1249422947.902343,53C61DF2D9
1249496359.55859,1249496367.161621,03046FF075
1249429098.573912,1249429108.353515,8F85ED2DAD
1249436383.707031,1249436390.7229,96A2808DCA
1249445503.690675,1249445513.213867,E81047882D
1249466183.0944822,1249466190.665039,05A470F489
1249440677.138187,1249440685.017089,3689678D3A
1249464669.8266652,1249464677.74414,9858297F47
1249460271.2412128,1249460278.288086,03CC701A19
1249420554.353519,1249420563.917968,B3D2ED172E
1249416847.556155,1249416856.84082,9D16B5432D
1249423427.817628,1249423435.616211,5C7E9CCDAB
1249478576.823239,1249478584.863281,539F9DE010
1249490184.539059,1249490195.868164,4C43E38C13
1249474015.146481,1249474025.462646,A8D972D31C
1249474201.730472,1249474209.522461,8F8A22F9D1
1249419384.247074,1249419391.262817,CC9EFC9752
1249419177.558597,1249419185.762695,BDA1A48386
1249498397.843751,1249498406.013672,A9C65CCFFA
1249498414.6179152,1249498422.722656,985F57F39F
1249498796.619137,1249498803.950195,20E40C5FEB
1249438265.612791,1249438273.978515,8A6F178605
1249412191.977536,1249412199.171875,72D50689CF
1249412206.223629,1249412214.214843,9863B7EBA4
1249401675.222169,1249401682.3833,12018B5C72
1249401735.417972,1249401743.743652,DC0FB66BB0
1249497424.99805,1249497432.5,16EEF4E910
1249451084.579105,1249451092.339843,F994E68B2D
1249472736.375003,1249472744.140625,F87D2AB010
1249473084.96631,1249473093.388672,C69FC01317
1249473164.328125,1249473173.549804,1875AFD712
1249458745.994628,1249458755.23291,9F44C3ECA1
1249458956.519528,1249458967.319824,5E55FFB10C
1249417265.997802,1249417274.640625,2ACB46CA5A
1249444420.714847,1249444430.774414,824E2D9B50
1249444534.0478492,1249444541.289062,031B5A5350
1249491858.784673,1249491866.043945,1949AD7EE6
1249596245.9176,1249596253.40332,7C8D2AED05
1249506859.2368188,1249506867.114746,00A243B24A
1249508165.9062471,1249508173.02832,44EA2553FC
1249511056.074217,1249511065.141235,262E9A73DC
1249504771.856448,1249504779.989257,27ED2272B3
1249504929.03564,1249504936.105468,921DBF9D95
1249596336.359375,1249596343.504882,74C3A2C056
1249504541.562505,1249504549.58789,DFBA6F8495
1249591118.3398468,1249591127.449218,1B77AFEE0C
1249538323.213374,1249538330.322998,AC643ED703
1249564870.1953108,1249564877.708496,3B3FA15AA1
1249565130.2275429,1249565138.971679,3E69337B0B
1249516965.050784,1249516973.039184,B4C38DC7C6
1249599818.447262,1249599827.100097,B580DC9942
1249535537.06348,1249535549.693359,B63E3DA48F
1249524548.888673,1249524556.026367,EECDB04584
1249511789.979489,1249511797.851562,77BEEB1D39
1249599323.8281229,1249599331.552978,6BA9F42803
1249530502.395513,1249530510.206054,0CED360A28
1249547521.533204,1249547530.024414,70443676D1
1249549309.8515658,1249549319.382812,12928BB0AF
1249549602.6083992,1249549610.848632,D4D1EDDB53
1249561916.619142,1249561924.243164,E7D5AF74B3
1249597167.470698,1249597175.067138,C1FF3249F6
1249597304.742184,1249597312.118164,5601AEE85F
1249544732.173825,1249544741.21582,B007A6E2EC
1249568561.255856,1249568569.191406,C33DDBD21A
1249514755.903812,1249514764.238403,F2BA93B239
1249514774.880857,1249514783.528076,40ABABBDE4
1249514988.929684,1249514999.029297,CD327BB994
1249515148.193363,1249515156.323242,A6E41A84A1
1249559161.6313488,1249559169.693359,A9F0A24B74
1249513345.93652,1249513354.664062,6E06385529
1249529800.949947,1249529808.488281,DA1B2E7DA6
1249595367.468381,1249595375.792968,38F92D90AE
1249516492.884768,1249516502.074463,2E4532F3EA
1249534831.091312,1249534838.914062,FD4602A141
1249563239.3930688,1249563247.377441,AB4FBD7625
1249563316.707031,1249563324.767578,1DFF1B6A3E
1249522169.78906,1249522178.628906,9103E61647
1249598356.109378,1249598363.561035,DB0C21C221
1249563666.453615,1249563673.878906,FE2E7C0B47
1249541268.938481,1249541276.800781,93F0115E0F
1249507460.583492,1249507468.157226,D67CD2E0BF
1249507504.468015,1249507511.647461,4A5D8B6DF1
1249520867.204098,1249520875.961914,AF2F1F135E
1249588200.8520472,1249588209.24707,95F3DB3BD0
1249592980.962893,1249592988.762695,1A6C09620B
1249525174.478519,1249525182.07666,EDC386FD0B
1249502121.37109,1249502129.214843,35EF5FF7AE
1249546320.2556112,1249546328.570312,229D208FF4
1249500938.2363322,1249500945.757812,1AEF9F8D7D
1249526352.4638698,1249526359.849365,D378EC2222
1249526509.636716,1249526519.00769,810638ED07
1249567664.50781,1249567671.704101,56F18CD182
1249531229.8418,1249531239.105468,0E2B434954
1249500301.8749971,1249500312.755859,1470A988C3
1249500501.4453158,1249500508.572265,2638788C0F
1249546509.988284,1249546518.259765,A350F9BCF4
1249531635.979982,1249531644.165039,1145233DE4
1249599128.243528,1249599136.269775,5E71172D66
1249539621.2807589,1249539630.502929,9C66F8B853
1249543235.4687471,1249543243.373169,B56E968FFE
1249502462.348384,1249502471.490966,9A9668479C
1249505560.298825,1249505567.959961,1CA3773AFC
1249505879.5168412,1249505887.816406,9CDAA96FBC
1249505913.898191,1249505921.899414,E35B4B2B0D
1249542340.2216752,1249542347.65332,F8782DD078
1249561579.778324,1249561587.291992,B81078C0C4
1249588439.8749971,1249588446.969726,0AF92B8C38
1249588552.623538,1249588560.34375,295A1CF249
1249588565.497072,1249588575.960571,F0804EBB74
1249584549.003908,1249584561.243164,3939302383
1249533988.326047,1249533995.868164,334657EDAF
1249534002.50098,1249534011.660644,48CD83768A
1249547988.034179,1249547996.300293,B81E2A586B
1249521494.739255,1249521506.569213,7CD6555D91
1249593879.404297,1249593886.760742,76FF02900E
1249521722.9726532,1249521730.093872,CB7C48DC6B
1249522021.820314,1249522029.729492,131F6D40C9
1249529331.2363322,1249529339.014648,BD5B9787DD
1249508390.2038531,1249508399.529297,E5E82EDF2A
1249532953.685786,1249532961.178711,6501B7BFD3
1249519211.368167,1249519219.05664,CBFC5C7D98
1249564390.377926,1249564398.15625,5C2A73BF3C
1249505015.75745,1249505023.0,262745E603
1249598000.4790049,1249598008.324218,7AFA538BD1
1249503041.718753,1249503050.208007,11BADAF2A3
1249598745.771482,1249598753.0,BBE9135FE8
1249547012.355472,1249547019.44165,98477F205D
1249565404.688473,1249565412.30957,F91C3D1310
1249536461.0429718,1249536469.198242,402E52B5A9
1249518694.290042,1249518701.308593,46A3CD04CE
1249542873.410648,1249542882.304687,7F7F7D1274
1249559378.871094,1249559386.042968,698780304C
1249586889.20801,1249586896.743164,D817539879
1249506423.484375,1249506431.416748,BF30AD9B6D
1249544434.010739,1249544441.208007,9AB38BAF87
1249544491.604489,1249544500.036132,9A16F1777D
1249586954.263668,1249586963.582275,D6FAB2A333
1249537931.107425,1249537939.688476,CC99219EE6
1249593344.0361362,1249593352.177978,5F97B3B4F6
1249593746.804936,1249593754.03125,E3224F1393
1249542694.693362,1249542701.814453,BA1283DC40
1249533371.352536,1249533378.671875,B1EF5B1EB9
1249522735.195316,1249522742.608398,43C0312CCC
1249525397.732418,1249525404.737304,8634EEA9F4
1249525409.94727,1249525418.794922,AFA19915E2
1249560333.851567,1249560340.9375,11B497A132
1249501513.341793,1249501521.58789,2E2BFADA62
1249501640.6386762,1249501649.021362,4910F3F386
1249559892.111324,1249559901.46582,FBE80199D6
1249524799.521487,1249524807.359375,2377C2D74A
1249527100.152344,1249527107.84375,49F94E595C
1249527316.534183,1249527323.800781,835AA8A12D
1249596836.467531,1249596844.804931,65AC155CE0
1249597011.333988,1249597018.424804,099EA69441
1249565614.787113,1249565622.4375,0B518FC28C
1249568081.810543,1249568089.220703,4FF769B8DA
1249568168.742189,1249568176.265136,4FA0B1CD0C
1249568299.981448,1249568308.419922,C471F5DA12
1249534375.746094,1249534384.824218,B3DDF64E62
1249539990.2187471,1249539997.510254,0FC67DEA78
1249540125.638675,1249540132.822754,D0835AE9F6
1249533508.104491,1249533516.349121,E4639943C4
1249566432.85156,1249566442.286132,8BE1130BC7
1249561165.9227269,1249561174.732422,4133F13A87
1249518289.6075392,1249518296.748535,478B96F5A8
1249585776.081783,1249585786.166992,4C77B04379
1249585884.458739,1249585892.955078,3993BD9435
1249519990.894164,1249520000.487304,DBFC427BED
1249520118.819829,1249520126.136718,A25A89A57B
1249589834.0441852,1249589841.158203,65CE481750
1249523395.876957,1249523403.920898,9433E5E090
1249584903.165034,1249584911.573242,2E0168EB4F
1249689345.0410142,1249689357.131836,DE24801515
1249689430.126954,1249689438.40625,59AA9AC510
1249695931.2177691,1249695939.371704,9509E87B4B
1249603539.069332,1249603551.287841,9FBB45AFE1
1249698751.9877958,1249698760.269287,093AF5F171
1249625783.5334451,1249625791.87207,BEB7D97BED
1249626120.048826,1249626127.654297,57EF1F7494
1249626137.0849578,1249626148.872802,0BF380EF68
1249604526.337404,1249604535.868164,E9B815C1A2
1249637925.7963822,1249637933.027343,677DF6F00A
1249698226.761716,1249698235.741211,48559D68E1
1249628120.457028,1249628131.302978,46C7B7A15E
1249685157.1787071,1249685164.499023,626F1D8CA8
1249641497.5246542,1249641505.925537,5E96143E20
1249690806.422612,1249690814.210449,10D1E252F7
1249645249.035153,1249645256.287353,DDC23CD3E7
1249645550.964841,1249645561.387207,885E9B5EB6
1249699667.433594,1249699674.841064,D40951C830
1249699949.854985,1249699958.879882,4A9D013906
1249635872.8269029,1249635880.020507,12D3C25803
1249647936.485843,1249647943.708007,45197BD576
1249649570.538512,1249649579.52832,F323843F2D
1249649586.139652,1249649593.40625,569583F1A4
1249650493.248785,1249650500.625,4E8E5A6AD7
1249650978.177737,1249650989.531005,78E014D49B
1249651058.663334,1249651065.755859,FEB363FB18
1249652364.242192,1249652374.017578,F46C2BFE3D
1249654176.872073,1249654184.040527,50A4DAE130
1249694852.705075,1249694862.897949,CBF12C5314
1249665420.356448,1249665431.99414,F89BFA060D
1249688443.269528,1249688450.902343,4350B8A1BD
1249688796.974612,1249688805.919922,BCDB5F61B5
1249692962.000005,1249692972.427734,D8FDE18FD0
1249641108.109378,1249641116.050781,DAA4083A3C
1249641165.418947,1249641174.463867,DE2B1236C3
1249692253.856443,1249692260.85791,B949F314D2
1249610925.634767,1249610932.867187,2E9830233A
1249611140.982916,1249611148.648437,CCFDA37C84
1249686645.965822,1249686653.539062,7C99DBEB72
1249633989.869142,1249633997.19873,27111B9CC5
1249634016.114254,1249634023.677734,CA7CEBD5E4
1249623445.095212,1249623453.525634,65523D1688
1249623006.498532,1249623013.5,0152F29534
1249602578.402344,1249602588.110839,001880A9E1
1249602693.974122,1249602705.182617,DF8B64BDBE
1249602768.824702,1249602777.005859,70DEB09850
1249602931.2763698,1249602939.673828,89B4576AFA
1249684918.7636771,1249684926.230224,5270234811
1249684937.5937471,1249684946.683593,88F24AAE7B
1249684619.416507,1249684628.350586,5CD40899AC
1249624216.680174,1249624224.270507,611051E669
1249624242.390628,1249624250.142578,CD63F14DF8
1249624474.835941,1249624482.583007,0F980AA5B8
1249628761.780277,1249628769.576172,D10A9980FC
1249623800.159177,1249623809.75122,A4173DF839
1249619766.5107448,1249619779.195312,1005FBBD83
1249600138.353512,1249600146.142028,7FBEC57F83
1249618103.053711,1249618112.975097,D314285EBF
1249600845.6513689,1249600854.526855,5E787AE53C
1249622251.86816,1249622259.515991,A9B182E834
1249602039.246822,1249602046.385254,2B6D77A82D
1249602064.122616,1249602080.061523,395211BF6C
1249612239.462522,1249612248.918457,DFD76909AA
1249616625.7268028,1249616635.411377,A19D3FF363
1249635610.4411612,1249635617.633789,4A70638463
1249635712.514652,1249635721.02539,358A986BD9
1249611240.6425822,1249611247.910156,6652DE5596
1249662895.703858,1249662903.01831,F75F61C4A8
1249602279.255859,1249602288.917968,5A3A5F4622
1249602452.306641,1249602460.094238,147FAFEF7A
1249618984.28125,1249618993.304931,32BF4061A5
1249619014.079716,1249619021.40039,EC6033DAFF
1249619141.640622,1249619149.637085,EB518BF21A
1249669419.247074,1249669427.630127,88DE245596
1249670760.377928,1249670767.445312,F2C45D0DCC
1249670773.429201,1249670781.717285,9A6B5E306F
1249670995.622074,1249671004.457031,ECAC950DB0
1249671394.383062,1249671401.483398,C5F2388346
1249672330.627443,1249672338.890625,F46FF2DC65
1249672448.883794,1249672458.746093,CCA6AFD501
1249626216.156245,1249626226.631836,CFD1B83F0F
1249610034.81055,1249610044.705078,93D534E32B
1249700067.2207,1249700074.824707,02922E7D0C
1249695364.18359,1249695372.25,876BFBDF4F
1249687323.579098,1249687332.527832,A1035B581F
1249689938.321286,1249689946.509765,082E8DB4D4
1249644418.169925,1249644426.882934,2FB5225309
1249686275.3193312,1249686285.972656,76A0043A51
1249627524.563475,1249627532.876953,B5BD50EAD1
1249683807.752926,1249683814.962402,8284C6CBDB
1249683871.094846,1249683878.572265,799A118BBF
1249696734.358402,1249696744.208007,98B785F3BD
1249696817.652345,1249696824.726562,5836481FF7
1249604290.017581,1249604297.623047,E329CDFA4C
1249642388.689449,1249642398.628662,1C4AF9C3C2
1249642800.453125,1249642808.816406,6018A7DB63
1249638804.933347,1249638813.985351,1BC4752680
1249605072.815923,1249605080.214843,BBD9E6396F
1249605149.5820348,1249605158.854492,7BFAE06AD5
1249640582.387693,1249640590.904297,9AA7D82189
1249697396.235353,1249697404.123047,F5B0A328F0
1249639713.8853738,1249639721.34375,4A4FDB9142
1249639819.915527,1249639828.760742,DB4B2D0B1F
1249694115.416501,1249694122.874023,34DDA243E3
1249631879.995113,1249631887.823242,DF80DC4E0B
1249692495.9375029,1249692503.984375,AB22D3E440
1249646699.1684582,1249646708.766601,4CB9D84227
1249646715.484372,1249646722.55664,E3FA0C4F58
1249645792.938473,1249645800.657226,5433450F8C
1249615574.573242,1249615583.314331,640B0796E9
1249601213.494137,1249601220.936035,8F66428A77
1249601265.702152,1249601274.795898,ADAB883F3F
1249601822.959227,1249601830.470703,27F7E772C9
1249631327.724124,1249631338.706054,5484E28A8A
1249631425.875001,1249631434.460449,EE9BEFD0D8
1249631676.442379,1249631683.571289,6786B569EF
1249631774.9877882,1249631783.581054,6DBB623286
1249642327.0312471,1249642336.405029,2474626621
1249691783.428711,1249691792.598632,171488C974
1249691809.4013689,1249691817.953125,190ECE8B29
1249664783.3732889,1249664790.449218,05ACE0C461
1249664864.615235,1249664872.041992,E44442E096
1249644552.193362,1249644559.669922,7BA8716B2E
1249644894.851559,1249644903.18042,55820C8C36
1249686116.037473,1249686123.876953,73719783A1
1249737105.7890658,1249737112.820312,52544A45E9
1249790147.8378909,1249790154.875,AFE0D60EC6
1249709726.81006,1249709734.201172,3D49299DB2
1249719594.8964872,1249719602.543457,E01337E0F1
1249719619.536129,1249719626.791992,C834F1CAB4
1249769687.167482,1249769694.375,E63339525C
1249722213.102542,1249722220.818847,14A20D4B9D
1249783443.426754,1249783452.799804,8E18585FF8
1249701564.481446,1249701572.012939,EDEC9782A7
1249730073.976566,1249730082.616211,4CA47FC037
1249768772.3437471,1249768780.492187,02E904DB29
1249721639.485348,1249721647.296875,70849C49AE
1249781962.488282,1249781969.693847,ABB6F0F90B
1249739024.151613,1249739032.204589,CEF321C488
1249735610.3203158,1249735618.233154,EE9A0487EF
1249731911.22168,1249731919.261718,BFDDC6B624
1249732082.063477,1249732089.217773,6333C547E0
1249769279.636715,1249769290.138672,C6F1697BFD
1249769484.624027,1249769493.941894,AD29385680
1249766075.784913,1249766083.044922,06E010946D
1249708799.4834,1249708807.686523,23D2EC4702
1249708818.50391,1249708825.792724,A8DA14B012
1249780848.248052,1249780855.257812,E5A3C52E8F
1249718792.377927,1249718803.046875,46B412D9DB
1249722581.2563522,1249722590.727539,0C94F66AEA
1249797018.783206,1249797026.59375,2904BF2F80
1249717031.289062,1249717039.392578,0C8D140B78
1249720317.970706,1249720325.021484,4A96D38F82
1249713563.7451198,1249713571.74414,438A9722B7
1249717160.685545,1249717167.971191,A3E7F85AAE
1249711547.7985878,1249711555.660644,2FAAFDEEC4
1249786474.919918,1249786483.659179,BE63A29877
1249718324.231447,1249718331.242187,ABC0F9B080
1249718572.742192,1249718582.367187,C6D45E1423
1249765801.6831012,1249765809.532226,0E8DC5F8D2
1249735782.567379,1249735793.766113,74ECF136F7
1249723001.816411,1249723009.919922,779650BEA3
1249712348.9013698,1249712357.731445,597EF79C80
1249796141.836911,1249796148.935547,560239FF65
1249796157.217772,1249796165.530273,4457E30766
1249796334.390621,1249796342.780273,3D4B7D7AD7
1249727080.138672,1249727088.504882,458DBB4C04
1249784311.946781,1249784319.023437,DF3D48046E
1249793045.302733,1249793053.266113,4161AD2A90
1249794346.021481,1249794353.384765,FD9D3313E4
1249794435.678712,1249794442.970214,331095DE9A
1249708070.111815,1249708078.363281,BC50827446
1249800015.371099,1249800023.826172,8E15C57A11
1249720786.34375,1249720794.114257,F6C8DEEEE1
1249784666.896976,1249784674.03125,2C712D396E
1249784851.3369138,1249784859.205078,4AADCBC544
1249799298.0624971,1249799307.507812,33AD2E849F
1249730962.2499971,1249730969.689453,A1DFE150D1
1249731138.850588,1249731146.437744,0B2FF49D0C
1249793223.39062,1249793231.382812,35A376A942
1249793549.903319,1249793557.509033,4732D464DC
1249788462.006832,1249788469.183349,F27DCE200B
1249723944.894534,1249723952.330078,2827A43B0B
1249791631.4426248,1249791640.203125,EB9555DC25
1249719362.606934,1249719370.9375,C1DB29EBFA
1249791957.598636,1249791965.625976,1061DC1EC3
1249718003.435543,1249718011.425781,8B110019ED
1249728753.6752958,1249728762.345703,763C94A0A3
1249701226.138668,1249701234.497558,8C38383F6E
1249707652.853513,1249707660.339111,01A288FB03
1249824107.177732,1249824116.67041,882FB4D67E
1249824135.777592,1249824143.003906,D8A76F8C41
1249876366.225586,1249876374.790527,28E4E7C5AC
1249821844.189453,1249821851.21875,AD758B6E9F
1249853430.109376,1249853437.226562,6FF36A7488
1249887273.215824,1249887281.029297,05A4DD0AE0
1249822636.092777,1249822644.032714,DB684091E4
1249867442.187013,1249867449.648071,52C6E6D076
1249877215.2685502,1249877226.14624,2D4C45C7E3
1249897237.728513,1249897245.379516,03FFB46E30
1249890294.010992,1249890302.146484,9D4E59789D
1249887986.303226,1249887994.957397,64335B3687
1249820372.742919,1249820382.315429,166E40A2C2
1249891714.25,1249891723.30664,6B2E669249
1249807975.06641,1249807982.508789,D3B38AD5CC
1249880864.6483128,1249880874.135254,B6EE73B0B8
1249881365.4999971,1249881374.603515,AD7D78286E
1249813022.414063,1249813029.748779,9CDB4CB313
1249823844.961915,1249823853.536132,7746C3F338
1249841407.470219,1249841414.74414,0439093448
1249870080.859128,1249870088.203125,BF6EEEE161
1249806418.03906,1249806425.095825,39EDFDBC69
1249806629.012692,1249806636.02832,0DD0F92719
1249804911.090822,1249804920.523681,249CDD3022
1249803545.911136,1249803553.88916,3A90E27C61
1249802829.4921908,1249802836.663208,1AF3841895
1249812407.258785,1249812415.391601,44EADBFF8D
1249819815.408203,1249819822.480957,60D4C1F1B8
1249831018.1738272,1249831027.820312,DF61F0A7F3
1249892844.4335902,1249892852.271484,1CCC03B9D2
1249865475.3915992,1249865482.782226,11FF155EC7
1249865694.9687529,1249865701.99414,18CE89162E
1249865953.033203,1249865960.175781,6CA7AC555A
1249805181.272462,1249805191.958007,E1AAFC63F9
1249809760.596676,1249809770.044922,4F96142C4B
1249890980.539061,1249890987.911132,7615FCD653
1249825597.968755,1249825605.685058,AB1F40076B
1249829508.8349628,1249829517.018554,8AB6940F9C
1249880446.989014,1249880454.261718,0EF76B957B
1249880512.304692,1249880519.90039,2433C4A3B5
1249889402.976812,1249889410.302246,BDB01EA59C
1249819160.576172,1249819169.34375,9B3D757B43
1249825178.480713,1249825187.547851,1F6E49A20C
1249811261.107418,1249811268.444336,DD67A0469A
1249837639.951172,1249837647.125,145C434097
1249837719.620115,1249837729.617187,C6417AA61E
1249879118.737306,1249879125.858398,039DE6AA0A
1249805678.263675,1249805688.300781,ED59225051
1249885890.60547,1249885900.15625,D1E940A9EC
1249824447.878907,1249824455.115234,B227E9DE54
1249880678.45996,1249880686.713379,51A9EF9BF1
1249802524.394044,1249802536.116943,06FAE25D9B
1249899147.75391,1249899156.929199,CFD3207FEA
1249895669.488285,1249895676.845703,ED847B2BE1
1249808139.7138689,1249808152.917968,CA10BAB026
1249882349.912115,1249882357.02539,8F622D8467
1249893801.173825,1249893809.804687,15C80C38C3
1249866272.951172,1249866280.978515,E21D0D7727
1249801709.264645,1249801716.432617,579D02C016
1249891576.070317,1249891583.463867,9DAF697C90
1249898072.037115,1249898082.328125,AE01C25921
1249816380.003904,1249816387.838379,03027D8F02
1249826847.755858,1249826855.879882,D09066BDBA
1249825817.4711928,1249825824.717773,CC60D13131
1249826208.0141602,1249826215.867187,3E658FEABB
1249894179.114994,1249894188.721679,6FFB88909D
1249894364.6445282,1249894371.96936,7D89B71630
1249870563.833981,1249870571.457763,595501A03C
1249883079.352542,1249883087.733398,A330EF3F59
1249883207.323732,1249883215.316406,EC662F6846
1249885637.822269,1249885645.049804,8DE7F7CD5F
1249811532.681638,1249811539.79248,2BBD8298B0
1249811915.279293,1249811923.254882,2B0E672CA7
1249896006.347653,1249896014.578125,C685208967
1249914943.425778,1249914950.551635,292EB5EF13
1249984429.275387,1249984437.576172,377351FE88
1249984516.044919,1249984523.158203,55853D918F
1249984666.102052,1249984673.630859,DED42CF157
1249984904.319097,1249984911.962402,CFC6A88446
1249974914.190426,1249974923.469726,0B6E34F803
1249932452.066652,1249932459.700195,51BB8AAE7C
1249966456.682124,1249966466.238281,F56E2DD023
1249966668.7695289,1249966677.576172,5BCD5D960B
1249966893.618161,1249966901.053711,EFCE7EA232
1249963081.735348,1249963089.259765,39AA5C2A0D
1249910761.343746,1249910768.674804,67AF70805B
1249917507.445316,1249917517.168213,A385BC50F3
1249985670.262698,1249985677.608398,F577E77547
1249974280.5567598,1249974288.980468,89CE62E46E
1249973313.0180678,1249973327.49707,918215C832
1249985288.181637,1249985296.081054,A7E1C52E2D
1249955530.18652,1249955537.59021,64C26DE7DE
1249960249.101561,1249960258.451172,FC58FE4137
1249960284.907223,1249960291.978027,F52063E2F6
1249960313.50879,1249960321.265625,AC24E52D6E
1249970937.993163,1249970945.300048,3C79511DBA
1249938568.678223,1249938575.992187,E9392DE8A0
1249935122.343753,1249935133.257812,EBB7204CD1
1249968917.125002,1249968925.255859,E337ABF6B5
1249983660.464357,1249983668.917968,D99F005CAE
1249935949.0,1249935956.774414,FD8298BF72
1249954930.625003,1249954938.375,BC847EDB53
1249976739.673823,1249976747.203125,5E6077BA55
1249976825.8388698,1249976833.549804,ABB4B7C4CC
1249900871.689699,1249900878.817382,1A66490841
1249905129.830074,1249905141.38623,1143CCFDFD
1249980915.347653,1249980923.15625,209A13CC59
1249981062.213864,1249981069.748535,7D65831E61
1249981086.6137729,1249981095.83789,A0900195B4
1249992034.512692,1249992043.6875,DCC63DE8AF
1249992322.937503,1249992330.631836,35835F87CD
1249963828.505857,1249963836.552734,55640C2942
1249964038.019535,1249964049.779052,E7102BBE7E
1249964116.98437,1249964124.113281,A2BA8D3957
1249918627.80615,1249918636.325683,BAD9F7FCC1
1249993729.013676,1249993736.27832,CD1DB8CA08
1249949168.310551,1249949175.484863,4DB97F7DB9
1249957814.412111,1249957822.079101,BC7D7E0A06
1249919028.710938,1249919037.099609,14A4AA6F15
1249919043.796144,1249919050.856079,BA3AD9D2A8
1249964355.660892,1249964363.599609,B5263BA048
1249937604.855469,1249937613.28125,F63284F1F1
1249937899.181644,1249937906.357422,9FEA35BAC0
1249905170.254887,1249905178.046875,9C91FFDB4B
1249965779.097164,1249965789.512695,22E4B6124B
1249908683.770509,1249908691.896484,CF81BED7C8
1249908880.050783,1249908887.742187,E6D1DB7F8E
1249908213.201657,1249908220.249023,D991E8C553
1249933323.1474638,1249933330.1875,D1B0B6959A
1249909801.816896,1249909809.644531,A4A5C17D3E
1249958759.070806,1249958767.188476,87B9FC9A2D
1249958783.871097,1249958791.546875,BE6B3885CC
1249994108.677731,1249994115.704101,7E8B49D148
1249975179.00781,1249975187.280273,8B28FE181C
1249975631.599612,1249975642.904297,E732E83F8F
1249979365.078611,1249979372.532226,944FE78D56
1249967117.911136,1249967125.210937,96F12A459E
1249967180.342771,1249967188.458984,1E7D5954B0
1249963486.019531,1249963493.197265,30B9151DB2
1249963495.178466,1249963502.304687,8FA883AB69
1249991336.5720222,1249991345.849121,65944235D4
1249958429.854863,1249958437.842773,8EC00A00E3
1249990371.290527,1249990379.303711,ABD919D6FA
1249994380.371099,1249994391.669922,7DD9D8B031
1249987679.239261,1249987687.25,035A43644A
1249977477.285153,1249977485.9375,F9E6820BED
1249971385.651371,1249971393.338867,48565469B6
1249971438.1894538,1249971445.662109,ED065F7EE5
1249982294.251956,1249982303.029297,39A9C53B7E
1249933476.621823,1249933484.667968,6D64F618DF
1249934712.358396,1249934719.96997,8991970BF1
1249917144.7841752,1249917152.951172,DE2ED16B34
1249978852.67187,1249978860.660156,AE44DAFD0F
1249978947.837405,1249978955.539062,EFD16B61CC
1249979197.2098382,1249979205.75354,D1C1A5C1B6
1249972094.391598,1249972103.698974,F1A51D33F6
1249972301.731447,1249972309.980468,906C0AB4D3
1249902007.510739,1249902014.791015,AD7D49D7A5
1249987202.7680712,1249987209.948242,EAF7D630B3
1249987263.854982,1249987272.297851,324502116F
1249922786.7451189,1249922794.477539,97D60B5861
1249969208.7038538,1249969217.668945,A5F9E085DC
1249988232.208986,1249988239.71289,9EE2302909
1249988386.3125,1249988393.578125,24832E45E3
1249965271.279293,1249965279.731933,9D0351BC78
1249965336.5537071,1249965343.759765,CB0D8BAE7D
1249959660.496091,1249959668.914062,B0B8FC25B5
1249961283.473629,1249961292.655273,D34DB1537D
1249961572.457031,1249961580.014892,E34D36ECA2
1249995778.409908,1249995785.449218,797C677053
1249999824.751956,1249999832.808593,7097119933
1249965670.820314,1249965679.377929,61FD6202FB
1249900066.813479,1249900074.929687,A93ECC34C4
1249997994.910646,1249998002.713867,E174561AA9
1249900606.128908,1249900614.502441,38E04B5276
1249964885.615476,1249964894.205566,CE28267BE6
1249965060.644535,1249965067.679687,B04A1B1388
1249965122.1005888,1249965130.037109,7EF83EBD6E
1249977728.62647,1249977739.123535,C4A03213C0
1249997622.450192,1249997630.442382,F949108090
1249903379.017575,1249903387.417968,31B3B97FE9
1249998771.114262,1249998780.347351,A8DD8A00FB
1249991193.704591,1249991204.077148,CDB9E40970
1249958301.992189,1249958309.431884,356D3AA0A0
1249992480.715696,1249992487.919922,C484DC0BFB
1249992517.51221,1249992525.082031,423BF88D03
1249980184.3125029,1249980193.308593,08938C00B3
1249980258.618167,1249980267.203613,CF4254BA0B
1249980447.696292,1249980454.727539,55833EC998
1249971856.399415,1249971867.452148,7B2E65E8E4
1249954787.6250029,1249954795.169311,5A966669FB
1249919724.193357,1249919732.29541,DEE3E62CDB
1249990061.640622,1249990070.094726,C7B6AD9BB9
1249973733.384279,1249973740.530273,19A7737799
1249974164.708005,1249974177.632568,5C77D5807B
1249901118.84058,1249901127.033203,D17A761563
1250001122.208004,1250001129.671875,AED4F9E5AA
1250086921.86206,1250086931.502929,13ED7BBF5B
1250002907.93359,1250002916.226074,A6AAE8A169
1250011285.367191,1250011293.0,23B5CD4652
1250052795.323244,1250052803.697754,46CF572429
1250052874.646487,1250052885.041992,DA3CF07CFA
1250052982.5624971,1250052990.222656,A7C5067F07
1250067178.895504,1250067186.265564,53239C5AFE
1250021725.177246,1250021735.084961,5FFE4BF8FB
1250021858.9296849,1250021866.702148,5755D05294
1250053379.9062462,1250053388.196289,7C51255F67
1250050591.0732448,1250050598.424804,1A1AE6B873
1250076932.0937471,1250076939.646484,036C9C2345
1250027916.750973,1250027924.142883,2239157B5E
1250047040.010014,1250047047.964843,693866FFA3
1250042221.630857,1250042229.421753,4D2FC76157
1250070738.864254,1250070746.242187,5450007015
1250024971.289067,1250024978.793945,68CE4E2E69
1250048976.203128,1250048984.631836,3B6DF438B3
1250049374.567874,1250049385.865722,CCB492F6E8
1250011623.446286,1250011631.208496,9FCAEA4C45
1250042982.203127,1250042989.915527,7AA57FEF7C
1250043041.435918,1250043050.6875,04939E942D
1250065187.2294948,1250065194.847656,82903C7040
1250060980.880861,1250060988.847412,2702D03225
1250061163.474124,1250061172.075195,E38D832116
1250048772.809569,1250048780.674316,A9F9192536
1250009709.8388698,1250009717.530273,2CC013E939
1250064305.046878,1250064312.59375,809F7B0433
1250014565.438478,1250014574.533203,797A98C670
1250043403.325194,1250043411.402343,75392FA3E3
1250043452.127927,1250043460.905029,4CD89A3540
1250043605.907716,1250043616.041992,50E0A6D061
1250024671.6728551,1250024680.25,E3DDD8B642
1250024873.097653,1250024880.886718,69700E2E13
1250075953.547246,1250075960.769531,A489647211
1250013690.764648,1250013698.77539,054A356DD9
1250081223.0429718,1250081232.034179,49745A3352
1250093206.023437,1250093213.759765,F7BCBD4C72
1250044952.7373078,1250044961.219726,06CB3FE6EA
1250026956.807862,1250026970.741211,24F08D0005
1250027101.393804,1250027111.019531,B108AAD5A5
1250077160.375734,1250077168.464843,8A5E994C5F
1250004504.880862,1250004512.5,4079624E8E
1250097771.478512,1250097778.92456,A691E9907F
1250035950.16895,1250035957.754882,903BE7FBBE
1250036035.296879,1250036045.124023,AF3AE6164D
1250036125.6455112,1250036133.113281,B8C736157A
1250062293.109372,1250062300.424133,0BB94529FF
1250092118.5332072,1250092125.796386,8C041D5302
1250026371.359372,1250026379.217773,830D1463D1
1250026469.328126,1250026477.206054,3A50A6E111
1250030749.730162,1250030757.496093,D3DF7686C2
1250019567.1543,1250019575.643554,02B08B6184
1250082533.681637,1250082540.713867,B0125327A5
1250078713.170894,1250078721.616211,99F887D743
1250078866.2099578,1250078873.340332,DA74B15D14
1250011192.638676,1250011200.908203,3454AEC586
1250044106.15234,1250044116.071289,AFFAE6379F
1250023814.0124488,1250023822.655273,76A68BF1ED
1250072095.208013,1250072103.727539,29F662E781
1250052418.228514,1250052425.376464,494FECB1A0
1250012388.56348,1250012395.570312,2C06BFED2C
1250012436.505735,1250012444.39917,45249775A3
1250005182.184081,1250005189.611328,5ED67D17C9
1250094090.7221632,1250094098.246093,AE9C97489E
1250016833.040042,1250016841.552734,67F28310EB
1250025612.805661,1250025619.9375,E1906E24CA
1250001491.154292,1250001499.611328,1B995D8CF9
1250001718.898434,1250001728.127929,BB09C0C7EC
1250062813.583005,1250062822.006347,C5E38282BF
1250096685.724606,1250096693.967773,8C43849591
1250018481.068362,1250018489.376953,BF0F6D06C4
1250018790.8930678,1250018799.817627,3CBA2914CA
1250049998.467649,1250050006.144531,CB45EA3303
1250031917.095707,1250031926.819091,2CA1A89748
1250031941.260743,1250031948.625,5A35B93176
1250067782.997073,1250067790.216797,A13DA7F527
1250015836.917968,1250015845.831543,A3BB4EBA77
1250058430.365718,1250058442.041015,720940AED5
1250061304.645504,1250061311.857422,01E38DFCDF
1250061417.152403,1250061424.755371,3B7465FA7F
1250093978.263675,1250093987.046142,5B7063EE1B
1250097920.922848,1250097932.390625,5D4691569A
1250097987.957034,1250097998.789062,2EF0A2DAB6
1250042762.8252,1250042770.257812,744200DB2C
1250022142.8618178,1250022150.55957,1F32A3AB70
1250097101.983402,1250097110.998047,EFE297F5B3
1250071452.900388,1250071461.630005,933BF4C06F
1250014266.752927,1250014275.364257,9A48FE712A
1250031300.551762,1250031309.115722,3184BA4EE8
1250031342.6965292,1250031353.164306,28406FA7B6
1250031514.3505888,1250031523.116211,953F2FB3C4
1250035284.004886,1250035291.487793,40B61DEF62
1250035491.5224571,1250035499.28955,46984463AC
1250035649.836431,1250035657.785644,C8A93BF79B
1250054362.969723,1250054371.457031,7FD6B971D9
1250054469.0019531,1250054476.41748,5A9976811F
1250095758.090823,1250095765.140625,9F46B31A8C
1250028542.905277,1250028554.793945,7A77507E9D
1250056596.724489,1250056605.596435,74D72A942F
1250056875.101562,1250056884.412109,73F9EA2EF1
1250060202.299073,1250060209.71875,04A5F37DB0
1250071990.5107448,1250071997.722656,A2F18F9548
1250100003.327635,1250100013.126953,6CBA85883B
1250010860.253663,1250010868.576172,B2CEF9E5B6
1250083816.984865,1250083824.324218,A80ECD3F01
1250099160.4212022,1250099167.539062,6462896F9B
1250084557.3535118,1250084565.148437,AF8EFE67D1
1250015939.517581,1250015948.733398,14CC2E59CC
1250016116.233398,1250016123.612304,7C64AD878B
1250091019.72754,1250091026.909179,3A8C5141AC
1250036472.869144,1250036482.236816,65C1C19DBB
1250075015.6787071,1250075023.232422,28C4CF1397
1250038604.046388,1250038611.847656,7DBB787E00
1250059737.208987,1250059747.143066,5A4351D9B9
1250059005.533689,1250059015.799804,A27532D75E
1250064532.396482,1250064539.636718,AD223C8E7C
1250079548.975826,1250079556.375976,14B2743A9B
1250086290.298826,1250086298.580078,36A73CFEB5
1250063369.38648,1250063377.036132,819C872D8B
1250063582.072269,1250063595.083984,AE05B8A836
1250063969.7868612,1250063977.085937,F32922856D
1250033772.702151,1250033781.252929,02B4776E59
1250025217.990231,1250025225.561523,820C1F0634
1250034402.824215,1250034410.657592,A665A052D4
1250004356.875003,1250004364.08789,C9418FC03D
1250045432.0244138,1250045439.771484,92B7D57F8D
1250045636.4199238,1250045644.664062,F7E59C2F31
1250050151.818364,1250050159.506836,0FB1307C8C
1250050901.266606,1250050908.813476,7755898013
1250089133.545894,1250089142.139648,55F697C3FB
1250068107.89355,1250068118.937744,E237BD1DE6
1250088154.648443,1250088162.571777,80B20F30F7
1250034619.00098,1250034626.363281,AB60A1E14A
1250065597.216314,1250065605.118164,0C9C591687
1250108984.140625,1250108992.8125,9DB37654D0
1250192807.530277,1250192817.083007,AA48697212
1250119534.021972,1250119541.305908,71F8047853
1250119609.683596,1250119618.054687,20D96B212B
1250119632.217772,1250119639.472656,64FFA788C1
1250173298.256833,1250173309.416992,E44E1BBBFE
1250160847.1679668,1250160854.560547,3659923136
1250187228.1044888,1250187235.717773,4A7708BAD0
1250117478.234867,1250117487.401367,96FA4BBFD0
1250117498.689451,1250117506.785156,EAFAB16CDA
1250117733.7629368,1250117741.617187,7B74E1AA28
1250153004.9707072,1250153014.207031,4BA9B8AB44
1250110649.6513689,1250110658.316894,40CB1D8D28
1250198490.638187,1250198497.810547,E266EDF40E
1250144305.817141,1250144314.839355,2E8A9AF287
1250197524.691406,1250197532.454101,D4C2450FE0
1250154775.074215,1250154783.889648,D187EF1281
1250154793.800294,1250154802.145507,D9281177E2
1250159721.638676,1250159730.048828,B7DD534EB9
1250155710.166017,1250155718.648803,DEB1C1C9A3
1250119960.869137,1250119968.271484,CB10A5139B
1250184417.750493,1250184428.541992,C2C7359482
1250172723.760743,1250172731.986328,DACB5EBB3B
1250190815.68762,1250190824.371093,48E05013B6
1250165992.764652,1250166000.085937,977E7D3B05
1250175253.153323,1250175260.627929,13AC261D44
1250174078.70899,1250174086.311523,30A65E1B8B
1250174131.464849,1250174138.854492,0B8E8081F7
1250121798.52905,1250121806.688476,51095066E5
1250121844.335691,1250121851.783203,DDC8F2DC13
1250143347.971683,1250143356.258789,A065BD0546
1250155343.959961,1250155351.4375,DB60DD333B
1250158890.537111,1250158900.932617,E7AA5EEDF6
1250108556.814456,1250108565.092773,9B8B5295AB
1250108570.110349,1250108577.518554,DDD942A0A4
1250121276.046872,1250121284.777343,BCB666FF5A
1250121476.9226089,1250121484.492187,A6E5A4A5BE
1250185986.88965,1250185994.709961,A181C158FF
1250186032.791991,1250186041.877929,0AD3F43AE7
1250186123.8251982,1250186131.3125,1E0FA165FF
1250101882.1503909,1250101891.052002,6D48E21988
1250101935.108402,1250101943.607422,83502A8DD6
1250186928.3901398,1250186935.819336,3D2E57C5A4
1250153253.4672902,1250153262.30957,867C65BDB9
1250106008.57812,1250106016.186523,A33A1368C8
1250106022.294187,1250106029.87207,F9701702A3
1250132761.4292,1250132770.044922,A2CF97F9AF
1250132996.930661,1250133005.487548,2037344908
1250129130.277835,1250129139.554199,E9F9D1E2BB
1250108629.502934,1250108636.880859,B4DE72097E
1250108697.236812,1250108704.363281,DAA0628B44
1250124942.465816,1250124949.55664,596557218B
1250124995.256832,1250125003.471679,F3B9EB95F4
1250114561.1943388,1250114569.043945,46CBAC18A6
1250112930.313228,1250112942.202026,8F10BB0F58
1250112994.372068,1250113004.504882,9D22C7668B
1250131554.169922,1250131561.529785,57D1EF7EA6
1250109396.18945,1250109404.273681,33B4A45D65
1250130573.460937,1250130581.185547,C499B8522E
1250189401.78516,1250189411.654297,A83FDE0214
1250140193.182867,1250140201.930664,39AF66F239
1250168451.690426,1250168458.752441,D784631384
1250168779.713867,1250168787.854858,7DFD03A5D8
1250155889.560552,1250155897.113769,0E8D5FC750
1250156078.940426,1250156087.291015,AA4CF00513
1250143650.221676,1250143657.28125,B17D50D0F1
1250124408.5315,1250124416.864746,99DBE9180B
1250194850.38989,1250194857.421875,4D45004C24
1250199393.549801,1250199401.220703,7B9448CF54
1250116339.30566,1250116346.566406,915EE7DC72
1250116517.211917,1250116528.035156,39650EBC62
1250114043.082029,1250114050.613281,78C2185576
1250141232.08557,1250141241.18164,FD8E129861
1250169250.7326622,1250169260.240234,432FEBCD1A
1250169408.861325,1250169417.087768,982166C834
1250129431.983883,1250129440.091797,3F546C2898
1250117134.107418,1250117141.239257,D19CFB000E
1250118840.616211,1250118850.841797,043618D218
1250118898.8964872,1250118906.180664,733942459E
1250119039.421636,1250119047.06665,A0A98A9C8D
1250162837.253903,1250162845.104492,210118FBF5
1250186679.550778,1250186687.726074,D41715E2E7
1250129999.752927,1250130007.050781,E01EB4AECF
1250130226.049801,1250130233.484375,68343ED5F6
1250128384.773437,1250128393.146484,3B813532E4
1250128534.959958,1250128542.987671,33F74DA5DF
1250128654.055661,1250128662.461914,FC3DFAFB0A
1250139527.349606,1250139535.176757,2568C34D68
1250110106.9560509,1250110114.342773,93B2AE8EB1
1250110186.9821732,1250110194.022461,D7A77D99F3
1250170615.287106,1250170622.625,B3A1B0AF0F
1250183822.315434,1250183829.395385,01A3482A65
1250140976.4426222,1250140983.522461,A932F8331F
1250184805.581544,1250184812.769531,C6C191F574
1250188754.780277,1250188764.802734,80818C3D7D
1250112384.541989,1250112392.105468,EBF6A259F4
1250101607.2746542,1250101614.800659,C5E3A6BE70
1250172125.682621,1250172133.972656,2E40E03823
1250172284.0673862,1250172293.357422,C7489E2F53
1250111802.8085968,1250111810.654541,B09E300796
1250113468.010741,1250113475.7583,36FCDDEB54
1250113662.8974638,1250113669.969726,189B1C3706
1250142476.277347,1250142483.695312,A1D4855C1C
1250142718.5,1250142728.872558,BEE3938129
1250196356.160153,1250196366.770507,422C7530B3
1250198198.508792,1250198208.404297,83E67865BB
1250137361.101563,1250137368.276367,D0D479607C
1250125440.3850071,1250125449.910644,E260739874
1250123345.5151322,1250123353.350586,F48DFEEB4D
1250191922.190433,1250191930.119629,131EA4BBAE
1250214153.6591809,1250214162.349609,2AF0403413
1250214499.544918,1250214506.660156,82D7B381DD
1250212692.789059,1250212702.114013,C21AE71F2E
1250221300.1730971,1250221307.197265,B49E91418C
1250231559.2138698,1250231567.009765,B04A422D4B
1250284941.145507,1250284949.308593,053C809E94
1250299954.2911348,1250299962.540039,378D804E3F
1250201246.893558,1250201254.482422,9DF746F2B3
1250207109.05664,1250207116.101562,CEFCE7E5FB
1250285762.942388,1250285771.259277,D846253C4D
1250285853.4218771,1250285862.311523,569E9BA629
1250282903.937988,1250282914.296386,EEDAC655D5
1250224286.054693,1250224297.791992,667C00B194
1250242918.3486338,1250242925.4375,4DB640C18F
1250209232.9086938,1250209240.644531,0F9A8DA9F7
1250209271.499516,1250209279.001953,963AF284A9
1250209313.453854,1250209323.411132,97C81A8824
1250234339.469723,1250234348.651367,A1DF9CFEF3
1250228798.3488722,1250228805.904297,F4A22BFFCB
1250207725.752438,1250207733.640625,3FF0B0EB9C
1250283237.814454,1250283246.875,EEE03D0E8C
1250283274.001952,1250283284.013672,F13D257362
1250269385.864747,1250269393.013672,6B0F68D0E6
1250276188.848629,1250276196.8125,2F5D2FDB70
1250256717.336917,1250256725.34375,B3E323D97D
1250235420.10852,1250235427.141113,DAE89ECFAC
1250215506.816406,1250215514.078125,2727B16EDD
1250273454.25128,1250273461.620117,720B73D059
1250204154.97266,1250204163.152343,2644FEA990
1250201380.0316122,1250201387.65625,32D4D9E8BB
1250273257.857419,1250273265.24414,D151398136
1250205325.968745,1250205334.333984,71AE54C4A3
1250210178.380374,1250210186.142089,A89C0EAE77
1250236013.018559,1250236022.478515,4C75FD6BDA
1250248275.1352549,1250248282.971191,F3FD7FC0EC
1250285444.0156238,1250285453.948608,4BB1C8052C
1250228323.432621,1250228332.232422,1A37F79495
1250223345.6191409,1250223354.52539,E19C1E19DB
1250223644.191406,1250223652.155273,970E4E578F
1250215817.5224571,1250215826.794922,1191F2CB5B
1250215864.340823,1250215874.739257,2D0D213678
1250230973.0433302,1250230980.979492,B47F780020
1250245319.083493,1250245326.539062,7A3C868AE2
1250207237.07813,1250207245.655761,9E1F8E952B
1250202387.71582,1250202395.117187,9CE449EFE1
1250238961.14063,1250238969.163086,563C4AE9B0
1250247778.1826138,1250247787.723632,4D994E076E
1250208352.849609,1250208359.990234,5B1B724A77
1250220952.810544,1250220960.43164,56ACAE1411
1250290280.050785,1250290288.529297,F695E93C79
1250271007.105465,1250271015.894531,43C6008762
1250227249.6904328,1250227256.791992,53E0579599
1250227259.84448,1250227267.46289,DD3AC8AFCE
1250229622.916019,1250229629.983154,5541AEB776
1250202570.069334,1250202578.057617,A31DE40851
1250230161.242676,1250230169.848144,2CF169D639
1250221631.85816,1250221639.694091,0FFA88AA98
1250293290.0585928,1250293297.931762,A8795BB5C0
1250293540.717777,1250293548.428711,254E7AAA56
1250293891.187261,1250293899.323242,1A9FE5695C
1250286830.1874971,1250286839.148437,279F4EDCB5
1250205515.1179209,1250205522.125976,C7ADF22542
1250248562.13379,1250248571.023437,96DEC1F7E7
1250287586.913816,1250287594.547363,8A3277DFBF
1250284116.8522902,1250284124.558593,8A2B4DFCE3
1250209196.994627,1250209204.862793,33C322041B
1250246687.50781,1250246694.8125,DF8AD40D12
1250271316.6601572,1250271325.0,F699BE9894
1250296395.88648,1250296406.054687,8238332D5F
1250203225.753903,1250203233.708007,2E2A106C06
1250252964.285153,1250252972.249023,6C8442A40C
1250297753.593753,1250297760.802734,9C23C4F2C1
1250297886.567876,1250297893.572509,38C3B57A56
1250250990.432132,1250250998.055664,F358D1786A
1250270885.200192,1250270892.986328,B3F2CCCCB5
1250259381.7460968,1250259389.75122,8879D403FB
1250379964.203122,1250379972.088867,47713120D6
1250392892.6975071,1250392900.699218,F5989C30F6
1250376269.68359,1250376276.876953,57CB624BEB
1250321305.628903,1250321314.840332,1B7E219191
1250321553.844725,1250321564.758789,8AA9F3F344
1250313622.484378,1250313630.165771,1FF4B06FE8
1250313766.609378,1250313773.669433,E0B45F715F
1250339735.773434,1250339743.110351,446B85E6A7
1250366595.5120828,1250366602.801269,2FD9F00335
1250312099.813966,1250312108.208984,7AEA344581
1250312208.2429152,1250312215.488281,9D3C462F8A
1250312337.047856,1250312344.881836,F146924568
1250389570.921878,1250389583.079345,6595D1B4B5
1250372765.330687,1250372775.375976,8B82421CE1
1250373127.291012,1250373134.820312,CB1B72C957
1250373145.21484,1250373153.289062,B7AC26539B
1250390147.032227,1250390155.632812,2AF63D1537
1250311370.487302,1250311378.78125,F6F79C77AE
1250392803.416989,1250392810.545898,C56F338D4A
1250391575.3638291,1250391583.949951,2EB5580A25
1250378466.207525,1250378473.8125,C2444AFEC3
1250378477.6665049,1250378488.606689,85086B2840
1250395850.695802,1250395860.706054,ED97432F7F
1250366953.613278,1250366964.910644,DD1594F811
1250366980.363287,1250366990.742187,77897850EF
1250399632.9804718,1250399641.106445,5853C57AF1
1250338122.520999,1250338130.639648,8061B65131
1250398981.9687471,1250398989.265747,F5B152C789
1250394838.926754,1250394847.333496,770248EC14
1250395020.819337,1250395027.932617,446D4A3CE1
1250395117.725582,1250395127.074218,CA73F3879F
1250395188.539066,1250395197.054931,B3F2F32308
1250379168.682371,1250379176.370361,3CC1C5D2CA
1250379189.543951,1250379197.117187,FE37D0BFEC
1250374327.886715,1250374335.359375,E304CBA150
1250341886.052738,1250341894.396484,7055F99608
1250374785.906245,1250374797.318847,7713A244C3
1250374858.804691,1250374870.977539,0E01C2AA4A
1250374935.9164991,1250374943.75,56622DFF13
1250398151.372679,1250398158.820312,23424600E0
1250398380.60181,1250398387.687011,1F116CCCD4
1250365118.394777,1250365127.878906,5C678810FE
1250365345.4582472,1250365352.580078,76800DE842
1250371678.0918,1250371687.213867,5CC37FA826
1250371752.8398411,1250371761.662597,398E5467A9
1250310998.222654,1250311006.698242,C764CBE416
1250363458.808109,1250363467.199218,3AAB21497D
1250363507.645511,1250363517.71875,45C580981E
1250363711.0,1250363723.779785,B8BE16C467
1250363724.760747,1250363734.515625,0C526C911B
1250363831.874022,1250363839.813476,8D6FFC69CE
1250302374.455564,1250302383.96289,6B357A6297
1250364896.954347,1250364905.357422,FCB133890A
1250388893.386232,1250388901.940185,7098295574
1250326478.71777,1250326486.710937,8423BB1161
1250326612.4570282,1250326619.739257,FB8A455978
1250389130.395017,1250389138.357422,D97D873ACA
1250389201.082521,1250389214.87915,4F6FB919E7
1250376043.0185578,1250376050.110107,6C158E2FAC
1250309909.399417,1250309917.510742,532355F50D
1250397929.455076,1250397938.382568,B3BFC755F9
1250397967.91272,1250397975.297851,906FF91E41
1250398085.5844738,1250398092.99707,D2A3E1C645
1250363953.4335911,1250363963.15625,961B624653
1250378059.735353,1250378066.970459,270F519C0C
1250378260.943356,1250378269.90332,5DDE8F954C
1250381502.552242,1250381511.262695,108EB4B4E4
1250381626.0698268,1250381637.228393,A97C2E32DF
1250381639.7910202,1250381648.774414,045168A5B5
1250381689.441404,1250381697.621093,731C451F8D
1250381750.796506,1250381758.870117,DC240B6A47
1250331032.169435,1250331039.933593,0342D697FC
1250398589.91406,1250398597.291504,37582732DB
1250398620.8388698,1250398627.847656,364A6DC837
1250381266.0293,1250381273.080688,85AF8F31B7
1250315524.082031,1250315531.675781,8934847144
1250331581.583986,1250331590.600586,ECEFCCEB66
1250392080.227536,1250392090.096923,D6E753BBDA
1250369305.3164089,1250369315.11792,8CE1CD1F80
1250323698.810552,1250323709.581054,EB2ADEA685
1250368307.75,1250368316.333007,2EF892AD4E
1250368558.275392,1250368565.712646,0E608BE201
1250368567.913576,1250368575.484375,692056522A
1250302902.5253909,1250302911.014648,7EA6B85BFB
1250370610.08594,1250370619.746093,6A2BE919FC
1250319290.950198,1250319300.007812,E9B70C403F
1250323842.222653,1250323853.107422,0DB8CBC2EF
1250323855.3710911,1250323863.3208,3F4CC7DB96
1250390676.480588,1250390685.891113,9CF0AC6F4A
1250393980.08399,1250393988.9375,B2137B88C6
1250371967.728512,1250371974.833007,96F696DC2F
1250306211.217775,1250306219.294922,258D71D529
1250365846.9794948,1250365857.683593,4E228F9195
1250366059.002195,1250366066.46875,635AC95144
1250366199.28125,1250366210.171386,01174B4D6A
1250366413.9716828,1250366420.98413,DFE759FE99
1250306576.734866,1250306584.464843,5BB7647D8D
1250367174.6875,1250367181.945312,03772A3D80
1250367427.6484408,1250367434.769531,FF6063A30C
1250374567.75708,1250374576.767089,30DF9F2AA0
1250374672.863284,1250374684.854004,A6E0BB5E76
1250330200.875,1250330208.277343,6A1948BA91
1250330250.4492218,1250330257.832031,38A0595DCA
1250373339.896481,1250373348.768554,DE9672D6D7
1250373497.943357,1250373506.111328,A3946E0110
1250382086.031251,1250382093.875,5B1F6709C0
1250382156.6162138,1250382167.009277,125A6F469B
1250382225.737674,1250382234.290039,1E0CB4F204
1250316741.737309,1250316750.094848,195A35B00E
1250305692.1606498,1250305700.759765,D2ECDFF1FA
1250399407.8017578,1250399416.618164,FFB18F2F59
1250399511.180662,1250399523.099853,58E03B6D8C
1250399582.559574,1250399590.709716,57E0D8BAAF
1250313026.888673,1250313034.280517,D9EF2A294F
1250387902.910162,1250387910.735839,EEC27352C1
1250389297.0898468,1250389305.207031,2E133BB876
1250367699.849611,1250367707.005859,E5D36559B0
1250367802.653323,1250367813.34375,B917890B23
1250393690.921875,1250393697.984375,952E14926D
1250393745.1586938,1250393752.457031,29E9333014
1250393900.895505,1250393908.240966,09D0D3985C
1250386326.757444,1250386334.636718,37EFADCA92
1250386337.144528,1250386346.446045,7CA7DEE0FE
1250300467.763669,1250300477.510254,24B429A80C
1250337431.531255,1250337439.65625,75AD430D53
1250303865.452152,1250303872.729736,6A82C9440E
1250304004.764645,1250304012.37207,480A915B3F
1250304083.046873,1250304091.989257,B520AB323D
1250386139.778324,1250386147.030273,250C12F717
1250386154.548825,1250386161.733886,29106F6E88
1250308294.721675,1250308302.600586,93DBF99F99
1250308445.835021,1250308452.895507,8EC35C4469
1250308591.717777,1250308601.297851,35E4B01FC6
1250377222.4668,1250377230.670898,F4EFA73151
1250386887.436527,1250386894.454834,961F04D784
1250386987.15625,1250386994.240234,756E84A538
1250378819.847653,1250378828.846435,C9E445FD09
1250343928.1757822,1250343937.354004,9C7AB4F3EF
1250309529.614254,1250309536.78125,A1B799F698
1250319848.816406,1250319856.197021,1842100FDE
1250321786.87109,1250321794.391601,382112C3B7
1250315202.62793,1250315211.536132,6FBB8DDDFD
1250315233.503904,1250315243.254272,CA6238C8C0
1250380511.63403,1250380521.805664,20ED84A021
1250380690.246947,1250380697.637695,2A273EAD4C
1250380851.9477549,1250380859.003906,96BA3F8AD3
1250380901.6796908,1250380911.338073,AC94666C62
1250380933.492187,1250380940.603515,DC2E9B9955
1250304618.18262,1250304625.21875,52F78BE419
1250304728.18799,1250304737.035644,D60B818A76
1250404653.728519,1250404660.817382,9BA205C8B8
1250423222.966305,1250423230.130371,2E37962D4F
1250488311.652347,1250488320.095703,62DD712AD4
1250488587.2236328,1250488596.032959,168D7C278C
1250488649.135254,1250488656.932617,5EE1ACA7B2
1250416847.228025,1250416857.862304,76E51203CF
1250416868.808595,1250416877.671875,B4AD35D1F5
1250452044.8125029,1250452053.431152,5F834419E7
1250412975.500973,1250412983.317627,C0FE2A5D88
1250413363.381832,1250413372.632812,5A8B972A84
1250404057.241208,1250404065.309082,E50318B119
1250491505.3818388,1250491512.692382,EDEE98A1B7
1250407557.619999,1250407567.831054,176B401BB7
1250409227.052736,1250409241.214355,FC2CBA6B4B
1250409294.673579,1250409302.315429,A551BCFB19
1250477475.987301,1250477483.208984,296FBF9A39
1250477525.0810578,1250477532.5,00E240A400
1250478376.66016,1250478385.184082,C603272B4D
1250479517.4599638,1250479526.002441,9050DB83C1
1250499548.006832,1250499558.484375,E06B72257B
1250496816.163572,1250496823.851562,A2A3C11B6D
1250496967.847533,1250496975.308471,CAC0E6E593
1250479742.797369,1250479749.951172,B2127458FC
1250417376.821292,1250417387.435547,196771B8DA
1250400498.964844,1250400507.535156,172C981549
1250400527.085693,1250400538.889648,D7A5FE7783
1250469945.211917,1250469953.129394,8DDFA643A3
1250470137.0605469,1250470144.827148,F5ABA681B4
1250470233.5546849,1250470243.552734,B74D73C455
1250437316.065426,1250437323.881836,672227227E
1250443654.642086,1250443662.007812,212B41936A
1250407293.79687,1250407302.463867,A4118D3C3D
1250407305.025396,1250407313.719726,93714D970C
1250407358.682987,1250407367.898437,C8919A5162
1250407371.1337929,1250407379.450195,6879C2D9A2
1250469278.292966,1250469285.582031,85E9E48177
1250484598.800784,1250484606.613281,E11957B43A
1250433466.4912138,1250433475.767578,60D324A894
1250433480.476566,1250433488.016601,BA14E455E8
1250446367.877933,1250446378.243408,CFFC3FBB5A
1250447691.926754,1250447699.474609,587739562F
1250481240.50195,1250481248.341308,F9B2333256
1250481386.556943,1250481396.5,64B83B05D7
1250436500.766849,1250436507.851562,734D0D38DE
1250436702.950192,1250436710.621093,85503E38E6
1250476718.4209032,1250476725.924804,2CD0C77666
1250476966.1875,1250476975.664062,C68A682D49
1250493309.5003638,1250493318.739257,B73E9B0EF0
1250493622.7277792,1250493632.709228,04B61357E5
1250493663.145511,1250493676.891845,F7BD0B0CE8
1250491892.5742218,1250491899.695312,C6810321D6
1250491945.1171908,1250491952.902343,A15BE8920E
1250449072.712894,1250449080.109375,4196CA6498
1250402911.9570282,1250402919.422363,9DE9D29A16
1250425039.2812471,1250425047.195312,1984FE378C
1250496224.850582,1250496232.662109,62A117FB8B
1250496286.456544,1250496294.039062,16FEDB3E9E
1250401881.018552,1250401888.601074,58B31CFC29
1250402001.000486,1250402009.418945,BB47152270
1250469747.327145,1250469756.201172,5E8B6AB866
1250486770.156245,1250486779.55664,8AA1B437EF
1250486817.9482448,1250486825.394531,54DFEB04DD
1250472485.972784,1250472493.681396,62CB5B9CF1
1250490507.255858,1250490514.653076,7383F4565B
1250490584.083497,1250490591.750976,D818DF932F
1250407115.178648,1250407122.460937,C75FBA0B7D
1250498709.745725,1250498720.121948,290B08CEFD
1250498779.480472,1250498786.741821,5FC107F997
1250498828.64624,1250498837.248047,F11C69C797
1250471766.611326,1250471774.050293,330428EF17
1250471830.988771,1250471840.226562,133D71EDAB
1250472000.075197,1250472009.513672,6D518A6674
1250476331.473264,1250476340.710937,A5D35201BB
1250474149.9257782,1250474157.082031,8178D206F5
1250485519.124024,1250485527.65332,BC4B01E639
1250485707.3657238,1250485715.238769,441FD2DD8B
1250485953.990238,1250485961.254882,CDD03D68F4
1250405594.8154252,1250405602.0,F98CE7E500
1250405902.907591,1250405912.644531,64396AA05B
1250476510.879879,1250476518.353515,2671CBB2A6
1250474691.593753,1250474700.096679,BD81DB160D
1250402556.573242,1250402565.693359,DAC5610A85
1250480986.987794,1250480995.158203,0284C60BE4
1250411667.575685,1250411674.838867,9167C4020F
1250411687.660153,1250411695.926757,63F2D4AFAE
1250479208.8244638,1250479218.086792,E045D8FBD1
1250468029.916016,1250468037.047851,1D2881BE12
1250466696.071783,1250466705.848632,C9133595D2
1250466912.231447,1250466920.363769,544E8A6B48
1250467032.587896,1250467043.452148,306EFFCCA1
1250473280.128905,1250473290.883789,4D2DC1844A
1250473432.071046,1250473440.929687,23C2F5A8C0
1250472738.217771,1250472745.575439,D832181EA0
1250445477.960935,1250445485.375,7D99BFBA48
1250465575.661622,1250465582.739502,6809FFE667
1250465736.2578158,1250465743.596679,119409F942
1250483181.7537222,1250483191.109375,3542CE0262
1250483223.43884,1250483231.352295,FFD4A1BD10
1250483360.40869,1250483368.640625,501B77514F
1250483519.003906,1250483528.45288,64ABA6401B
1250483548.0742202,1250483555.079101,6AE65F19C8
1250465190.976563,1250465199.616211,BA9495E8D4
1250442713.489503,1250442720.988281,B955C5E5F3
1250442808.503908,1250442817.02539,74D9EFDD46
1250406591.6070511,1250406601.333007,9DFCA768C8
1250406668.749995,1250406677.963867,D35263CF23
1250466018.098634,1250466025.514648,4DD68F0CE5
1250482388.4687471,1250482395.611816,CE2C549768
1250495392.849609,1250495400.991211,521A92AF4F
1250495443.32422,1250495451.301757,2254D9A7D0
1250423588.3466809,1250423596.575439,AB27F936B2
1250414354.185667,1250414362.064087,3D475DB771
1250493782.265627,1250493789.79663,3967D422C1
1250410792.099606,1250410799.313476,7929675830
1250412260.751468,1250412269.552734,1B10A9A1C3
1250412273.5224638,1250412282.166015,F92A9A2178
1250412392.615237,1250412400.714843,018A1DCF6B
1250475303.351812,1250475310.87207,3F04E1EA79
1250475387.166752,1250475396.795349,9739FCE552
1250485209.567012,1250485217.660156,FDAECF6191
1250488829.8945289,1250488838.151123,422DEC749B
1250488848.830075,1250488856.445312,42232AD62C
1250488994.1357448,1250489006.77832,6029DC4E09
1250413888.844242,1250413896.056152,27030724AA
1250464598.921876,1250464607.195556,91DDAD096D
1250464875.603029,1250464884.459838,15BEBBE7D0
1250482849.485841,1250482856.692382,741DCC819F
1250482862.177731,1250482869.487793,9DDD2D7FDC
1250482919.223636,1250482935.686401,1B4CBEBF49
1250482980.291019,1250482987.384765,FDF12A8A32
1250410877.2163131,1250410884.625244,AF65DBDCBD
1250410907.216793,1250410917.714355,66ADB65009
1250410982.1596708,1250410989.597656,9BE85EE1DD
1250405298.851566,1250405307.829589,EFB4461CB6
1250477132.287114,1250477139.471679,842888E5B8
1250411710.8051722,1250411721.84082,DEAF9DDE28
1250490873.598632,1250490882.764648,4B5331F98B
1250486102.462896,1250486109.609375,AA8E969122
1250483727.474612,1250483734.5,4B62493774
1250416588.632326,1250416595.729492,212AA34E37
1250416693.422848,1250416704.813232,3ECFFC93AA
1250408416.924801,1250408429.375,09B16DFC9E
1250476026.295902,1250476033.457031,8EE102FBAE
1250401087.50781,1250401095.232422,74B0D5DF4D
1250422182.728519,1250422190.329101,5B8DE680C8
1250464277.115238,1250464284.762695,73D2F3F7FB
1250464298.568361,1250464308.578369,4E2526DCDC
1250470667.1005888,1250470675.58789,F526147842
1250470754.4477549,1250470764.673828,7EA235CC19
1250400834.6450229,1250400843.166748,64FBF976E3
1250422462.490236,1250422470.296142,84B0F47BAE
1250492397.662113,1250492405.203125,021140AE19
1250426138.671201,1250426145.74707,8EC8F9D318
1250406283.462887,1250406292.973632,AD363310E3
1250427330.377015,1250427338.568359,81173ED63B
1250429932.648441,1250429939.986816,F9D1B8F540
1250477832.1357448,1250477839.265625,0F2631419D
1250415743.310057,1250415750.328125,A4FEBB795B
1250452559.238284,1250452567.0,C03EE8B952
1250473917.711427,1250473926.209472,E3B2FF906C
1250445939.867183,1250445948.5,EC2D66BC23
1250430405.824215,1250430414.765625,3F05675E7D
1250480494.94971,1250480501.970703,47B0524172
1250407956.156738,1250407964.067382,91A84CC1B1
1250408214.0927749,1250408221.782226,C415BC4429
1250414205.1650372,1250414212.62207,0F05496746
1250484413.507326,1250484428.652343,0B6433356B
1250415936.8710968,1250415944.136596,F48BCE191B
1250408673.068362,1250408682.454101,F01ADACE76
1250468875.129396,1250468883.429687,3259D25243
1250468903.3305671,1250468911.263061,645B9606CE
1250468967.453613,1250468977.387695,767CACE9C1
1250479929.353516,1250479938.083007,ECF3262E69
1250479947.539916,1250479955.582031,5F22BA97ED
1250436878.410153,1250436885.783447,03F1E39B5E
1250494344.960935,1250494353.041015,F27BF9A2A8
1250494382.2976031,1250494391.196289,12DB3905B5
1250567756.914059,1250567765.845703,08DA9DD28F
1250567948.506832,1250567957.430664,CF5C3F0853
1250510838.615237,1250510845.625976,2781CB4611
1250580517.447262,1250580524.665527,4D28C50681
1250576441.15234,1250576448.623047,99FABD4157
1250576529.951786,1250576539.513672,4ED06ADCC4
1250531730.029787,1250531737.135742,A055DAA54C
1250531763.436527,1250531771.775146,2EAD7C23D5
1250529183.002932,1250529194.395507,F80DE47516
1250529208.152833,1250529216.35791,DABF66C92F
1250506028.337892,1250506036.394531,0B4B7B6FD5
1250530723.1689491,1250530731.186523,D7667E7C62
1250582252.13281,1250582259.238037,D54E86DD2F
1250579944.2099628,1250579951.803222,CCC4D66033
1250579985.894535,1250579993.223877,9CA4700B92
1250580125.63281,1250580133.71289,5A22824623
1250561755.939946,1250561763.401367,CC80533671
1250561811.9355469,1250561821.200805,FE5314528B
1250593812.8085968,1250593820.134277,70AFE90DC2
1250504710.3737772,1250504717.67041,7092F681BC
1250570152.34546,1250570159.93457,64B1BF0DFB
1250570264.250005,1250570272.137451,0B3609D7B2
1250586249.9101572,1250586257.029785,F95A4224E7
1250519159.887208,1250519167.033203,B0047691BD
1250587564.543458,1250587573.148437,48CBBA7827
1250520111.288576,1250520118.834716,C60E5CD1EC
1250514749.531743,1250514756.591797,AF9C42861A
1250549344.6270728,1250549351.757324,5DA8CA2551
1250598663.039066,1250598670.846679,DC4FB93747
1250598946.292965,1250598953.874023,40F43ABE74
1250579118.1904328,1250579125.817382,AAA935C333
1250571421.335942,1250571430.375976,5CA64A13D2
1250577370.816035,1250577380.827148,4C1EDC5538
1250548557.523434,1250548565.364257,2B1397E0A1
1250548686.630124,1250548696.270507,FB68F745A8
1250548699.8984408,1250548708.946289,A7CB1306A0
1250548936.349606,1250548943.625,0C950CDF22
1250548976.380856,1250548983.648437,B55AF20E4B
1250570675.347653,1250570684.142578,5E9AB86EC9
1250553824.175778,1250553831.398437,4601F5FA6B
1250513108.59668,1250513116.208007,310CF107E7
1250524443.1162078,1250524452.416992,93761D6E50
1250524684.048825,1250524691.11914,0574107B2E
1250524755.023433,1250524766.779785,67AF5CE8EC
1250524930.547855,1250524939.679199,C393D6E4DB
1250527584.433165,1250527592.537109,94131CC58A
1250540267.4609408,1250540274.760742,B82EB0999C
1250526224.570313,1250526231.894531,A13777B9E4
1250576073.427731,1250576082.056396,516AC7A8B9
1250576276.258788,1250576283.623047,E4AB12EA32
1250521333.715817,1250521341.487304,BEC49EAD16
1250521434.410276,1250521441.917968,CBDAAA9640
1250579339.098878,1250579346.834961,F6B8D20434
1250553283.912113,1250553291.327514,E7038CB52C
1250576974.733394,1250576984.079101,6E5DE6E824
1250507718.0039089,1250507725.486328,77626F67C7
1250566093.648434,1250566100.712402,D85D64D507
1250566141.920895,1250566151.709106,08D163783E
1250566330.672857,1250566339.02832,8F7CE6A8E6
1250504256.125003,1250504265.773437,08A3AA8508
1250526918.6835968,1250526926.114257,A327B49F97
1250576777.0332038,1250576789.094482,D61B07EBFE
1250576872.7890658,1250576881.696777,04C38B561C
1250564804.681645,1250564812.553955,7D0E111521
1250565039.744143,1250565048.469726,6090ECA60B
1250557929.57129,1250557938.184204,247516D261
1250507195.25,1250507203.075195,B8B08E60E6
1250507532.388187,1250507540.882568,4456D35BA6
1250597700.046878,1250597709.169922,AAEF840A31
1250578294.441403,1250578301.625976,196D5D21FC
1250578777.5063498,1250578786.867187,04BFD1EDD7
1250560215.75195,1250560223.328125,C3F88EFA5F
1250560868.132812,1250560875.279297,AE4EA4DEBC
1250513334.988284,1250513342.213867,FFE536E164
1250513417.7441409,1250513425.168945,8C172CA968
1250548322.232425,1250548329.549804,9054EF5887
1250570924.464844,1250570931.633545,93E85FB0B0
1250570993.277347,1250571001.780761,3A1FF7350E
1250506550.532839,1250506559.121093,D2B5E5FFDA
1250542162.9140658,1250542169.986328,4CBA7A9988
1250592567.417974,1250592575.791992,EE13A641BF
1250508409.846926,1250508417.220703,FCC6DA243A
1250584956.81299,1250584964.385742,A5621D8BE3
1250574135.757809,1250574145.165039,62AF0C870A
1250574493.077639,1250574500.522461,F48CACC991
1250525904.661136,1250525912.949218,F10C9FB850
1250526054.910152,1250526064.389648,29267CCB1B
1250526116.15625,1250526123.976562,5BA4F8C181
1250526752.332028,1250526760.240722,B47C118CE3
1250542711.532223,1250542718.828125,DD1630D803
1250553194.3046908,1250553203.541381,D527380909
1250516267.1826198,1250516275.359375,3202FED5F7
1250568397.090826,1250568404.237304,A3353A6039
1250568494.052731,1250568502.445312,830848CB09
1250546942.030269,1250546950.036132,60CD18F102
1250501978.547848,1250501987.038086,18CAEA4A43
1250549639.054686,1250549646.66687,D5669E30AC
1250550098.655517,1250550106.164062,5FA539540D
1250550130.917972,1250550138.202148,C524E24F08
1250519718.771487,1250519727.916504,532A378518
1250519805.31445,1250519813.995117,E1345B5B57
1250523462.8642578,1250523474.736328,DB41BA0639
1250523601.21875,1250523609.471191,B7AC8078AB
1250546107.875,1250546117.515625,500CB16F83
1250546236.661133,1250546243.77539,16F7229CE2
1250546418.4589849,1250546426.547851,25DA2E1F38
1250546463.634276,1250546472.259521,8C86926BC5
1250562968.7431672,1250562975.754516,1420E3968E
1250588686.12305,1250588693.140625,7D42AA3A01
1250588886.2246149,1250588894.790771,803C444590
1250589089.606935,1250589097.841064,8909EAACAA
1250599873.276489,1250599880.480468,601E04FD0A
1250600190.953126,1250600201.588623,1D5289F989
1250581152.542972,1250581163.074829,89FC9AA493
1250581183.508792,1250581193.148437,D6E5AE2F28
1250577680.083988,1250577688.791015,63961DDD31
1250577745.3857448,1250577752.494629,09F4AA9559
1250597349.189699,1250597358.625488,7782D07ED4
1250575940.858395,1250575949.27539,ABC4D4B551
1250546651.106197,1250546658.162597,A3DCA2E0F9
1250546786.879886,1250546795.285156,811C30F789
1250591688.941652,1250591697.807617,8C6273DC38
1250591833.125,1250591840.6875,5F74B22EE8
1250501681.164553,1250501690.144531,B070018DF0
1250501711.975584,1250501719.879394,7B844198BF
1250501853.942386,1250501861.645507,6FCA3387D7
1250532310.981448,1250532318.35913,4BE63693F2
1250520371.464842,1250520379.572265,2D58A3BF8E
1250594252.894534,1250594261.980468,F6701A1830
1250573921.420902,1250573929.073242,01FC23C0A7
1250573961.7211928,1250573968.798828,9D7BFBCFBD
1250566455.259767,1250566463.097656,2BB9012FBE
1250583041.7968771,1250583049.955566,82B258DB97
1250584504.529788,1250584512.46289,4D7BA733FB
1250558417.173831,1250558424.679687,5099B06A57
1250569251.8466802,1250569259.147461,36AB29B0C1
1250555173.69531,1250555180.835937,71D1EBF6F8
1250555384.953128,1250555392.290039,CD53B38555
1250572116.415036,1250572123.502929,3DA054B917
1250572304.685543,1250572312.855957,DFD9EB48B4
1250519305.796877,1250519312.833252,87058799F0
1250559584.167973,1250559592.277343,9529FFDAC5
1250559593.613285,1250559600.730713,D49F3D00AF
1250521577.202634,1250521584.307617,A77C453532
1250521662.385742,1250521669.66748,9A6FD6DABB
1250521717.570313,1250521725.18811,3506338201
1250521930.267575,1250521937.691406,FEDFA41BF7
1250598029.667965,1250598037.328125,3921982A5C
1250598263.706786,1250598274.994629,4156403DF8
1250547356.239254,1250547364.265442,C933CE1767
1250547483.965825,1250547494.417968,228886A9A7
1250511717.233401,1250511729.690429,616C38A820
1250511742.874998,1250511753.210937,7490CD1F26
1250594817.55859,1250594825.086914,3D65865248
1250509904.0830112,1250509911.228515,E5B52C470F
1250656094.658327,1250656103.080566,1C7D0E413C
1250671862.063477,1250671870.464843,72B1BA15F6
1250628865.6047962,1250628876.98999,C907CF5F6F
1250628994.92871,1250629002.127929,08D0EECC4C
1250633757.3922088,1250633765.75,C1F923ABDE
1250633853.263675,1250633860.956054,CDD1A796E2
1250637172.887208,1250637180.359375,6DBE7E45F5
1250690676.942381,1250690686.583007,BAEE81BE7F
1250668072.739742,1250668081.78125,381D311F13
1250653462.087401,1250653469.556152,3DCC72E854
1250653635.921876,1250653644.898437,3CA5469357
1250651105.221676,1250651113.739746,5AC198F91B
1250634850.5585968,1250634859.738281,C502253601
1250620811.452152,1250620821.052734,13F9358B09
1250668965.210939,1250668972.895019,D2E3CA7928
1250669074.889648,1250669083.819336,4FB5197750
1250696031.954105,1250696039.579589,AFED0123B7
1250696063.240598,1250696070.773437,C58A0B9402
1250681908.003171,1250681916.399414,5A0EAD6F1F
1250643897.5206258,1250643904.645507,2DE7B94ACF
1250617407.062503,1250617416.574218,8BE0453D0F
1250695250.85938,1250695259.413818,29B7227FAD
1250676534.223634,1250676543.624023,CDF6BC3DDE
1250676676.050784,1250676683.345703,C1584F274C
1250623370.2730742,1250623378.772949,A8B4E5620B
1250623428.965572,1250623437.082031,EC8732E585
1250623629.570309,1250623638.851562,B69DE73DF4
1250678530.781245,1250678538.25,F3FB443E65
1250696447.277347,1250696455.125,12920A9AA4
1250660330.81152,1250660340.8125,3AE2F520E4
1250688478.31348,1250688485.871582,D6FEF535F9
1250659610.793458,1250659618.275879,51FF2BFF53
1250659711.823239,1250659719.916015,4ABD18E495
1250649308.991212,1250649316.118164,E578033785
1250613049.270509,1250613057.725097,9B2365E324
1250634755.215823,1250634762.970703,329CA474BB
1250626303.074219,1250626310.433105,BDFA3A96FE
1250626546.0185578,1250626553.362915,5289EA1A11
1250609742.557614,1250609760.43457,2AD2AC4EAD
1250645248.9023452,1250645257.441406,DC43BFEE81
1250651347.184572,1250651355.845703,5367CF5A90
1250651479.937495,1250651489.508422,53D79BB411
1250666726.068363,1250666735.794922,1C20175205
1250610113.0693338,1250610120.070312,5D347B52B1
1250664786.674806,1250664795.949218,056A9E36E4
1250665062.046872,1250665069.779297,17F694B1FE
1250680284.731448,1250680292.637695,04DB71D2B6
1250640549.100584,1250640556.12207,2DDFBB969F
1250679092.563473,1250679100.584106,DDE64C4D66
1250679276.224609,1250679283.763916,FA6DB3321E
1250679436.944829,1250679446.952392,3387974ABC
1250614510.270505,1250614517.763672,D47E8AF095
1250614603.0625029,1250614612.401367,7867C9F965
1250614673.6874971,1250614681.185547,0D623C00D5
1250690051.124023,1250690061.359375,8AB5A1C5B9
1250647235.333007,1250647242.694336,536A2971CA
1250664018.376956,1250664028.124023,9DE4CF4322
1250652765.1445282,1250652774.533203,7CA183B9A5
1250621586.57691,1250621593.84375,4E8D5223F2
1250655684.3212922,1250655694.118164,6866A9EADF
1250605125.9121149,1250605133.602539,AD19F09650
1250602767.882816,1250602774.916992,5251535204
1250600904.820309,1250600912.147461,CEAC9540CE
1250601208.904293,1250601218.249023,486434FE05
1250692552.292726,1250692561.245361,3E11D02B21
1250652318.328375,1250652325.376953,6849769639
1250639702.186527,1250639709.477539,8CBB4706A1
1250619203.8418,1250619211.371093,563CB0CE81
1250663625.454229,1250663634.285156,0B457EF331
1250611857.234371,1250611865.645507,2C2D384B65
1250611928.369388,1250611936.080078,EF96627665
1250611987.144531,1250611994.371093,6F768CD708
1250612221.896485,1250612230.285156,77E063FEE6
1250612266.416504,1250612273.565429,800A2768B2
1250624961.434085,1250624969.407226,07995855C5
1250697881.707031,1250697889.372558,582E19AAB5
1250658621.9687529,1250658629.399902,052999A57E
1250629955.66016,1250629965.6875,F254B8C9B1
1250612612.05859,1250612619.174804,41B2FAA6C1
1250612845.657223,1250612852.666992,E9A9177CF5
1250682285.5346708,1250682292.859863,86E1E61B29
1250614316.2158198,1250614325.038086,149C9DEB8C
1250644293.740234,1250644302.566406,8A67111E1D
1250644363.134826,1250644370.960937,66F9BE26BE
1250692986.556152,1250692994.407226,BB471FC8E3
1250693016.494138,1250693023.670898,05F555F17F
1250693216.990231,1250693224.107422,B45B77F475
1250636947.5830102,1250636957.023925,F197ADA7D6
1250613342.639648,1250613351.960937,ED385E1E01
1250613527.5585968,1250613534.738281,C2864C2BC7
1250664654.640138,1250664662.186523,F46FB25F3B
1250684931.250975,1250684941.411132,8F2C82F7BB
1250624430.8749971,1250624439.585937,E9707D507A
1250656426.869142,1250656434.162109,A34C46D7C9
1250692729.3632848,1250692737.888672,812E3C8753
1250615512.332521,1250615519.83789,09E39AD427
1250615796.06445,1250615804.242187,77B5F4240E
1250615849.661135,1250615857.339843,76E5F25A46
1250634112.972169,1250634121.948242,323C03113C
1250618543.274415,1250618551.325439,FE0CA4DBCB
1250606619.754879,1250606626.797851,0D940DE412
1250632926.830081,1250632935.585937,2FECBA87BF
1250632986.786129,1250632996.324218,72999A6C53
1250603882.223629,1250603890.659179,A3F042574A
1250604137.736876,1250604148.193359,C6C9103779
1250606542.99561,1250606550.057617,E9AA24DEFB
1250626943.4482448,1250626950.902832,B1342294B1
1250641929.6376991,1250641940.587402,CCFC28FCB1
1250625330.482421,1250625338.109375,39DD6C9EE4
1250698071.21094,1250698078.8125,656C7EF7C2
1250690891.6613731,1250690899.039062,308C7DC985
1250690982.1826198,1250690990.092773,57939FD407
1250691094.380856,1250691103.10205,196440B404
1250645962.312504,1250645969.624511,2454221AEA
1250646166.204589,1250646173.269531,A41E1BD3EE
1250619947.933107,1250619955.314453,8DECA8EDFB
1250665825.892575,1250665834.768066,F2BD02E42F
1250666212.509769,1250666220.151367,623CEBCFE6
1250688670.77844,1250688680.019531,32E0B75724
1250683377.3818388,1250683385.011718,FF547F16DC
1250671260.1573522,1250671272.118164,9A8D62CDC6
1250671293.847653,1250671300.975097,6CCAD1FE49
1250623714.3706088,1250623723.878906,9F82EE7CD9
1250699650.1337888,1250699657.475097,DCFEAAE956
1250649148.8974562,1250649156.814941,C726422DED
1250604834.46777,1250604841.665283,7574F40A65
1250635628.2900388,1250635637.576294,8CB0A0DB66
1250683922.861332,1250683931.5,512ED35E91
1250689822.681644,1250689830.30957,44DBE89F6B
1250615085.1816409,1250615092.447509,5A2AD468E6
1250615096.810544,1250615103.879028,108F4EE35A
1250672789.104489,1250672796.589843,687C6E1724
1250641593.893556,1250641601.510254,4461D7E634
1250641634.388672,1250641642.211914,78D4AE4780
1250699926.318362,1250699935.3125,0A7BCEA15B
1250691400.39063,1250691409.113281,72B18AB815
1250691459.075193,1250691466.167114,560626F7C2
1250610609.25,1250610617.189941,1CB70953B4
1250610655.317384,1250610662.5625,19057A7FF3
1250662007.65625,1250662014.894531,7306DAA546
1250637950.278324,1250637957.340942,31456A0747
1250607300.724119,1250607310.041992,920E064E39
1250607507.431637,1250607514.515625,7DBFF85CDF
1250662098.604489,1250662105.801025,3075D68CEA
1250646354.059569,1250646362.426757,28A4B7B0C6
1250661324.2919948,1250661331.521484,707836A35F
1250686599.055662,1250686607.321289,0CBF9E8822
1250600475.1367218,1250600485.140136,1A4A8E7AAE
1250600804.399297,1250600813.496338,D8DF076A43
1250623869.699223,1250623881.035156,AD0FF45E43
1250608875.859374,1250608886.189941,D3B5BF15BB
1250627517.107421,1250627525.639892,B71B57188B
1250627561.600582,1250627569.096679,4458F74592
1250627666.550786,1250627673.597656,0781F8230C
1250627782.40234,1250627789.992187,465E70F485
1250687648.397951,1250687656.90625,A9EA07A73C
1250603073.0332,1250603080.832763,6B7D63C102
1250616330.367184,1250616337.914062,03B3F80898
1250647443.233886,1250647451.027343,1473954800
1250654181.755374,1250654190.108398,F9B161FEB6
1250656974.300783,1250656982.9375,02C2F36F3F
1250605589.40405,1250605597.074218,15F024CA4F
1250605761.331913,1250605768.844726,838E642E85
1250679662.1538682,1250679670.318359,187BA3152C
1250679843.042972,1250679850.095703,57B49795DF
1250670650.867184,1250670658.376953,8C2D09793D
1250648027.486942,1250648034.515625,E07CEFFF2E
1250743471.01807,1250743478.077148,9F4F32BF6E
1250749464.349611,1250749473.037109,28174A89BC
1250756399.216314,1250756407.285156,6DC2AAD502
1250736196.598636,1250736204.232422,9B72FFBDA4
1250756945.955322,1250756953.84082,3DA53DD9C1
1250724805.718258,1250724813.517578,E8C5FE0E34
1250724904.0720172,1250724916.473632,22B34B8844
1250725095.5537071,1250725104.417968,9DD691A63E
1250751437.6943388,1250751445.682617,BD47A1E3C8
1250702971.4335968,1250702979.26123,8D0B3E9131
1250738182.754634,1250738190.321045,0264419011
1250753143.163082,1250753150.178711,19C1A4CBD6
1250778872.737546,1250778880.992187,7572890B36
1250778945.8974571,1250778954.86914,FBC40DFD6A
1250778978.951168,1250778986.544922,5F2466D66E
1250779005.964847,1250779018.40625,BE5DFCEC43
1250742384.641598,1250742392.83374,A7C1D0CC2E
1250764333.1474562,1250764340.725586,04DE6A9CB7
1250749715.584842,1250749722.726562,3C3A5EA12C
1250741305.667967,1250741314.21875,A656C70A75
1250788513.356443,1250788520.563964,8D44510B58
1250788594.53516,1250788602.618164,84EA738955
1250735899.238284,1250735907.318847,08BBF51452
1250751973.460454,1250751980.9375,732F994C27
1250752133.935792,1250752142.602539,222BDCC579
1250752195.997562,1250752203.211914,A3B415BBD6
1250729870.609375,1250729877.702148,27EB0105E8
1250741763.4726589,1250741770.691406,078DD32BF2
1250741780.791379,1250741789.516601,DEF45EC7DC
1250799289.019044,1250799297.522461,EFA5EA3FC1
1250799380.03027,1250799387.734375,5679FE5B62
1250761306.234375,1250761313.24414,2DB5298047
1250761313.4169948,1250761320.91748,2C1005917F
1250745849.409182,1250745856.988281,F1DFF931C4
1250758266.3833,1250758275.460937,065C3A32FD
1250708957.026617,1250708965.812988,F47D3EAB47
1250768331.6611311,1250768340.361328,186387AB14
1250790078.3752449,1250790086.884765,FF611E8801
1250790137.289556,1250790145.470703,773FBB217E
1250720713.112302,1250720720.167724,341608AAB7
1250771367.5144022,1250771374.980468,409635AB56
1250771497.1191409,1250771507.41333,FA628C5C50
1250738368.68262,1250738376.566406,B8C2497FD0
1250743807.714845,1250743815.22998,C65E1ED1FE
1250748180.511724,1250748189.449218,FBF78B2B37
1250737827.0898411,1250737837.191406,8F2DA38DF6
1250725700.025392,1250725707.65625,68BF7233A1
1250761966.2724638,1250761973.34375,F5D591EE9D
1250780799.8828158,1250780807.069091,B1906AD503
1250727466.8750029,1250727474.097412,E513AE2A42
1250719745.138669,1250719754.015625,6B5BA3F999
1250721739.5688431,1250721748.345703,1013D231EC
1250702850.7741652,1250702857.890625,5F2E2E86EF
1250793640.761476,1250793647.996093,C487FB90EB
1250732410.142578,1250732419.05957,57FC8628DE
1250724307.591793,1250724314.944824,90DEA5B28B
1250747557.8750029,1250747565.250366,F0D7746B57
1250747659.6514852,1250747669.540039,DD4086F383
1250764684.908575,1250764691.912109,B4D8998329
1250760929.5292969,1250760937.909423,18688E8445
1250760987.428226,1250760994.708984,4CC38F7F29
1250761011.984375,1250761020.93457,770FFAF244
1250710374.859378,1250710382.489257,CC57368A8E
1250710392.71973,1250710400.057617,2816458792
1250710446.554687,1250710460.694824,3FFF7B863B
1250744057.1787071,1250744064.330078,4E77A73D9F
1250749856.317386,1250749863.621093,507ECC396D
1250783502.413085,1250783509.445312,55648B9E7E
1250714360.974612,1250714368.87207,B502D8C179
1250702338.955073,1250702347.264648,3BC5C64B72
1250702377.010741,1250702384.453125,2FC5DAF93E
1250702427.553218,1250702434.59375,F9B02AC45A
1250702446.266603,1250702455.640625,63A3CAE7E8
1250785868.262208,1250785875.387207,4F84307704
1250759173.4921908,1250759182.515625,320B207F78
1250748529.425785,1250748537.239502,68793A8ED6
1250748555.974613,1250748565.610351,62796635D6
1250748647.011722,1250748654.047851,421EA148EE
1250770488.7929718,1250770498.287109,2ED9D231C8
1250726822.4833992,1250726829.550781,E2F3BD9141
1250731620.126956,1250731627.398925,8CB20EBD1E
1250715621.275754,1250715629.569336,4DA0448C1B
1250707273.680667,1250707280.682129,4037383C2D
1250707292.159671,1250707306.480468,192E7B409C
1250711835.3554718,1250711844.447754,08FA8EF819
1250746242.4326198,1250746250.100586,CEA12C6A5F
1250706930.221195,1250706938.048828,5404E6FEBF
1250707046.151122,1250707053.171875,A4A7981C64
1250774999.1015658,1250775006.280761,5F68F8D448
1250779792.831055,1250779800.050781,B510EF2697
1250755650.984377,1250755658.09021,125FE12244
1250713983.196292,1250713990.416992,F49BCA76EC
1250714113.611578,1250714122.59082,8773A41238
1250739818.7109349,1250739826.423828,AC14DD7B62
1250739872.997558,1250739881.976562,85B5118A3F
1250739921.029791,1250739930.460937,3EFDA8F660
1250740169.0380888,1250740176.546875,0137F46587
1250784299.082034,1250784307.03955,87EDB00811
1250780067.453122,1250780076.741821,961568D486
1250780581.497074,1250780590.545898,48E56328D6
1250790952.93994,1250790960.079589,17F27B18F4
1250791276.1201198,1250791284.107422,818002985A
1250791338.7724571,1250791346.835937,AADE97915C
1250762960.1171908,1250762968.023925,579766574E
1250754913.682369,1250754922.382812,3C92BBAF6F
1250713166.6396449,1250713173.829101,5ECCD75210
1250775912.726076,1250775921.051513,14F8DE488C
1250768773.796387,1250768780.984375,0B63EFD061
1250769055.248043,1250769064.293945,47FAAA1F62
1250758517.205076,1250758524.56726,C9535FAECE
1250758667.607053,1250758675.759765,648D1B2FF4
1250716025.856451,1250716035.160156,694A244D77
1250723093.6738229,1250723100.973632,C1239DC69B
1250723184.405765,1250723191.739257,78F75992E2
1250716680.499028,1250716689.362304,6161A4B06B
1250768199.115233,1250768206.771423,0E91237661
1250763923.8454568,1250763932.311523,2D1D2B287A
1250706472.8969738,1250706480.485351,91AC5C47F5
1250730574.0190382,1250730581.364257,46F9693D24
1250722188.15625,1250722197.513672,5650CC4510
1250787725.196292,1250787732.964843,B433112989
1250799603.8410602,1250799612.759765,0B6904E168
1250799774.534176,1250799782.716797,DB6103F6D0
1250799943.542972,1250799950.858886,9176FAE572
1250799951.490237,1250799958.853515,23CB0CA100
1250773297.880856,1250773305.298828,B1362B60A7
1250773353.7441378,1250773361.916015,9D8B4AE4DC
1250800021.597408,1250800028.86914,86A7CD5EAA
1250800172.7104518,1250800182.357422,1A550145F2
1250763499.7226589,1250763506.730468,EC9F6B133E
1250763523.228519,1250763530.256836,43D544D550
1250726365.2108111,1250726373.587646,CD07B6BC72
1250726530.036138,1250726537.687866,7994950587
1250794696.28516,1250794704.912109,E1EA3A9146
1250712319.487301,1250712326.710937,670DA8E302
1250712350.922855,1250712358.103515,B5E10F2A73
1250782184.737486,1250782194.225586,A9555D464C
1250752704.339844,1250752714.5083,9E6668668C
1250758034.8710918,1250758043.074218,E35BE4963D
1250785031.6796858,1250785039.020996,F6CD73F91F
1250877241.342284,1250877250.470703,A766387B89
1250841394.585941,1250841401.739257,3E90D57AB0
1250841490.948973,1250841498.717285,64EA462D76
1250866595.287109,1250866602.613281,F3F0F6C3BC
1250854936.235843,1250854944.53955,52471E6879
1250826866.0273468,1250826873.796997,A6CD36AAC5
1250827366.625001,1250827374.680664,2796334CD6
1250836253.008792,1250836260.625,2F057AEF9C
1250808984.49902,1250808994.103149,1D0E3CA496
1250809331.119144,1250809339.744629,C3C6A85635
1250868461.512692,1250868469.962646,06A85B7EC9
1250887003.5246542,1250887012.662109,2264375155
1250849780.344732,1250849787.600097,8ADB59B284
1250850059.512212,1250850066.708984,E3D0707F00
1250838218.442379,1250838228.107422,19DE33E107
1250839744.103519,1250839751.203979,EF1EDE86DE
1250804913.375005,1250804920.767578,5A96154641
1250804964.081056,1250804972.016601,984EA37081
1250817624.217777,1250817631.284179,99C6C98EA2
1250817814.045895,1250817822.482422,979D57FC5B
1250854141.1640658,1250854150.530273,21B335D918
1250888489.787112,1250888497.501953,667AB1958E
1250856597.457031,1250856604.705078,59C0A23020
1250827601.387698,1250827608.694824,B2FDC8CCFA
1250827687.250004,1250827695.353515,F3063A9164
1250810743.4531262,1250810750.8208,E08F089D54
1250810816.0446749,1250810824.549804,CE24379BC4
1250810889.3349638,1250810896.875,316226A7E3
1250811031.013673,1250811040.503418,07557F9DD7
1250871280.2910202,1250871290.320312,B22A26A72F
1250852561.447271,1250852568.612304,AF95465C03
1250836763.244142,1250836771.739257,188B6F3B0C
1250836826.9269998,1250836833.999633,4E31F194CA
1250868970.2741668,1250868977.880859,CFA39EF811
1250869165.875,1250869173.623047,6F98C45BE5
1250830226.427738,1250830234.272461,2D5E51233F
1250883005.7373078,1250883014.135742,C51E74209E
1250896168.668947,1250896175.757812,8D3C09CFBA
1250896244.7646449,1250896251.963867,F60414DE09
1250896588.673831,1250896597.28125,EFC6DBD10B
1250847848.416989,1250847856.349609,522C919BCE
1250858175.9726589,1250858183.5625,8996E9FD48
1250895258.2832,1250895265.838867,D9CF641F4E
1250805676.419191,1250805683.946289,5778679DB8
1250822596.3169,1250822604.327148,F556253425
1250822609.980587,1250822619.15039,98F469981F
1250815242.958006,1250815249.96875,BFF00FB6B9
1250834528.824222,1250834536.567871,BB4A88FF8B
1250894805.301395,1250894813.209472,3897EF37F3
1250848166.0664072,1250848173.208007,8A89DDC710
1250854997.47632,1250855005.602539,7384CC391E
1250855089.457036,1250855096.553711,CB29A252EC
1250855282.429807,1250855292.835937,2DF83F6ABE
1250870281.461917,1250870288.589355,2139DC8208
1250851102.44531,1250851109.854492,063AF0B18B
1250851167.418947,1250851176.223632,8F68977EBF
1250851275.4736328,1250851285.970703,86AF221426
1250859156.439456,1250859167.531738,CFF2260A1F
1250800477.382574,1250800485.24414,F45E1891A6
1250800519.957521,1250800527.144653,AE8E8177E6
1250857133.484378,1250857140.745117,D6F1E1C6EA
1250859717.0102549,1250859724.530517,7F59A09436
1250878631.597169,1250878639.25,4A126EFB90
1250801605.920902,1250801614.527343,063470FD78
1250899614.127929,1250899622.448242,E421E7FDAC
1250861049.619144,1250861057.008789,D62CF873D5
1250802923.274904,1250802930.558593,3FA4A72830
1250835111.729489,1250835119.21875,8B945538E1
1250847003.912106,1250847011.430664,FCFE90163D
1250847024.828126,1250847036.401367,9D34904D4F
1250887958.4599571,1250887967.914062,4DAE147238
1250864636.8388689,1250864644.0,C9CA445A83
1250875188.989259,1250875196.801757,F3ED120CD5
1250875627.006836,1250875635.010742,C387F2E250
1250822021.997312,1250822030.093261,93887D302B
1250813225.121099,1250813234.40625,FCF1AB2151
1250806309.01563,1250806317.515625,7492148BF5
1250806381.070309,1250806389.0,9A3AA88424
1250873577.0,1250873584.663086,4D426B95CE
1250858018.138675,1250858026.217773,6416C3C6CE
1250896018.52075,1250896026.158325,D8EAF96EA0
1250814606.0380878,1250814618.725586,F90EDAC72F
1250837763.3671908,1250837770.659362,D73BC671AB
1250841822.021483,1250841829.216308,FE8BC08101
1250890784.4125988,1250890791.972168,9D177ACDAD
1250890927.473629,1250890934.884765,D370E9620A
1250890985.865231,1250890993.011718,FDAD3F30D4
1250883290.276368,1250883298.087768,F6A2DEF964
1250805113.996098,1250805121.0,E321322A45
1250805202.2041051,1250805214.306152,A7390F2888
1250822887.851315,1250822895.052734,0024E2286A
1250822995.2158198,1250823003.841797,E18D23E0FD
1250826146.5034208,1250826156.392822,F59D03C895
1250881738.175533,1250881745.411621,20D0AD4662
1250881963.527347,1250881971.707519,DCE6DD0280
1250803622.790036,1250803630.640625,DC3D87660E
1250867330.275391,1250867338.99414,0E87E753B4
1250823508.272462,1250823516.815918,DBE6A52953
1250840823.932867,1250840831.108398,77C43CCFB5
1250878398.35352,1250878406.132812,E6C0034094
1250878446.206051,1250878456.007812,6870AB83A0
1250861665.027833,1250861673.553955,CF8357D7CF
1250817031.429201,1250817038.565429,AEA386E073
1250832147.03613,1250832154.042968,11E9B7B4D2
1250828937.672855,1250828945.610351,30AC7370E7
1250829062.794925,1250829070.082031,500A260210
1250825183.55469,1250825191.404297,1821E9C8E8
1250825535.533206,1250825543.33667,564C1470C8
1250897960.850582,1250897969.027343,A7803D8B4D
1250898146.0087922,1250898153.913086,32F7B4B833
1250889932.1787071,1250889941.066406,8EC26776D4
1250889951.739259,1250889959.739807,2387009436
1250833772.988775,1250833780.940429,578477D8CC
1250833823.201175,1250833831.875976,F14CC4AC37
1250897370.708982,1250897377.942871,0C84BA85C6
1250897570.7795372,1250897578.71997,AFC4BBC9F7
1250886314.81641,1250886323.292968,11DCDD161F
1250829810.7812471,1250829818.060547,CAB46DC8CF
1250885769.0468788,1250885776.097656,FA1D20840D
1250851520.109376,1250851527.341552,35F40791B8
1250832892.233762,1250832899.745605,EE9614AF79
1250874458.800778,1250874468.006225,629FB9168E
1250861510.351072,1250861517.360351,5009B0A423
1250873265.18652,1250873272.219726,158B29DFB1
1250886746.519528,1250886754.204101,D050FE334A
1250860307.761722,1250860316.429687,3474B00038
1250860434.806637,1250860441.927734,8AEB10DB81
1250824422.7656238,1250824430.069336,11F0C8F4AE
1250822105.765626,1250822114.364257,FEF26A51B5
1250856390.13086,1250856400.595703,7819E26839
1250810319.2138698,1250810327.907226,DCF8703206
1250889025.9892612,1250889033.175659,7B4C7D2F60
1250811260.257813,1250811268.579101,C8C6F60A23
1250898446.110348,1250898456.178711,F59FAC8893
1250898456.549068,1250898464.155273,BCA849066E
1250844418.769536,1250844428.033935,AED782BE80
1250860810.6582,1250860817.875,E529C6A7B5
1250860976.0849638,1250860983.835937,0ED9374AA0
1250851451.360355,1250851458.803711,615252A70C
1250890177.466306,1250890185.610351,96D773D516
1250839937.7939448,1250839945.15332,4E0C9A8542
1250864966.918951,1250864977.769531,01A94A3A3A
1250858456.448243,1250858463.82727,D6648BC563
1250892072.60937,1250892081.150879,202FCA2FA9
1250855500.793942,1250855508.917968,EEB1EDF69C
1250844721.170902,1250844729.40625,DB81DA2A3F
1250845083.888187,1250845092.258789,8DA77FCFF2
1250871790.5918,1250871797.911132,72A2F6CD3F
1250933123.960937,1250933131.224609,14DCED8B4C
1250921727.3715792,1250921735.847656,B805CBABD0
1250922045.929692,1250922053.645019,8FA43E5C89
1250900427.0800822,1250900435.871093,CE30D639BC
1250900501.4634988,1250900509.527343,0C014F7C08
1250935193.580075,1250935200.645996,125900DFEA
1250905997.31055,1250906004.36914,D07517C3CF
1250906488.7216828,1250906499.088867,6DC463EFFF
1250913762.5966809,1250913769.669922,9728E085DF
1250913883.802735,1250913892.367187,212174D09F
1250975823.791019,1250975833.626953,EFADF3DAEF
1250975983.963871,1250975993.101074,EE29177508
1250929280.205075,1250929288.385254,3A9A5D6F28
1250935576.2138698,1250935584.377929,DDA41E9724
1250925438.981939,1250925446.598632,459B4874E9
1250902439.277345,1250902446.414062,B68CC91E7C
1250902647.027344,1250902654.255859,12A0D689EA
1250921687.0624971,1250921695.045166,9294D869A5
1250908357.8732872,1250908365.501587,FBDAADDFF9
1250916793.422856,1250916801.120117,8FB234F600
1250916983.235843,1250916992.691406,01A9DA7582
1250917032.6054702,1250917040.594848,B15144A2A3
1250914542.783206,1250914553.27539,8396122A20
1250908708.7480512,1250908715.875,AFE88B761B
1250908891.512208,1250908899.276611,41DC5BD99B
1250908947.6561868,1250908955.4375,2D2EF36738
1250919043.540529,1250919051.191406,0E55CECBA3
1250922913.537106,1250922922.010742,80C2E8A01D
1250936190.87402,1250936198.217773,317E47B37C
1250924837.632512,1250924848.182617,A24A2612E2
1250912592.0937471,1250912600.45813,0D97830A60
1250984369.9238322,1250984377.735351,94FBC3DC4D
1250984387.0268588,1250984395.292968,3A44EE5E4A
1250944607.168942,1250944615.481445,24225B972A
1250944641.3085968,1250944650.085937,C6EF6458FB
1250946202.929685,1250946209.999023,2EAC6248E1
1250979495.41553,1250979504.404785,25A480ED35
1250999221.412106,1250999229.391113,1A5FA41DF1
1250946298.207521,1250946306.957519,CF2EF85CD1
1250946386.772462,1250946394.058593,42DAE111EC
1250946416.537112,1250946424.354492,744B738A0E
1250946714.936034,1250946723.879882,FA89ADE6AC
1250927239.18359,1250927250.954101,36A982E00E
1250999017.4619122,1250999025.987304,EB149C4676
1250999040.745121,1250999048.05542,2E952931DA
1250948620.0068388,1250948627.582031,4EFF027F1D
1250986382.1376991,1250986389.618164,5CDF0CC585
1250986488.785522,1250986496.190673,93A907D159
1250976702.976559,1250976712.608642,9E8DF50B18
1250943742.165044,1250943749.552734,28C5FA7C10
1250905577.407223,1250905585.069336,1F90444206
1250983809.028326,1250983822.080078,1605CB505B
1250983536.037595,1250983544.319336,C0CE0419FC
1250977964.615237,1250977975.314209,9184343258
1250903731.233762,1250903738.769531,4DA0315441
1250932453.317379,1250932460.5,E97013CCFC
1250998462.382815,1250998469.541015,335DCB6278
1250998594.269535,1250998601.609375,D63F13BA20
1250925939.537106,1250925947.964843,02D81059A8
1250937735.182127,1250937745.21289,B8785A3826
1250979990.1066868,1250979998.953125,B31A3B8577
1250980164.2695272,1250980173.799804,D2608CB103
1250999768.3857448,1250999776.15625,5C30D7724C
1250999778.8857448,1250999786.246093,17D05047FF
1250999888.039556,1250999895.947754,A7B2F76831
1250999930.917906,1250999940.015625,1485B1BDF4
1251000042.829105,1251000050.199218,9DA70CF7A2
1250980741.2431638,1250980750.317382,54641324E7
1250910368.117185,1250910376.75,6314FF66FC
1250927732.038082,1250927739.976562,0A6ED75DE3
1250927753.202144,1250927761.909179,65D815BBD9
1250927901.042965,1250927908.524414,1CA12A844D
1250998838.5331988,1250998847.220703,C1AAFA07C8
1250911237.563478,1250911246.532226,0E33B95EE5
1250945611.6601589,1250945622.96289,CC3044EF39
1250945677.800786,1250945685.15625,3931700E5A
1250911980.455442,1250911988.793945,B58BBEE9A4
1250912106.33984,1250912114.609863,6437CF2476
1250940769.603514,1250940778.217529,1A0915834E
1250909967.393555,1250909975.457031,94DF490A2B
1250985116.469724,1250985125.691406,0C8F0232A8
1250924550.8466828,1250924558.377929,1284FF64E3
1250939291.2265651,1250939299.908203,EC591B6EEB
1250942006.296872,1250942013.644531,3BB2C4D60A
1250942029.460942,1250942037.252929,C6B7B0D453
1250942196.37305,1250942203.865234,2A522E9BE8
1250982027.434573,1250982037.121093,88241DE18B
1250930294.568356,1250930302.214843,69F376A186
1250904365.099606,1250904374.921264,415F8117F3
1250929787.2368178,1250929794.438476,CF21DEC546
1250979045.789067,1250979053.231201,FBA0F67F2A
1250983071.09473,1250983078.441406,5527049021
1250908115.0,1250908123.114257,6F8DF415F0
1250905959.5957022,1250905967.269531,61A1784F3C
1250977241.683598,1250977250.417968,A983A1EC24
1250977376.922853,1250977385.27832,C85ADE49F8
1250985740.956056,1250985748.197021,7FDCDD668E
1250939761.228513,1250939770.160156,71EDC93CB3
1250977496.500003,1250977504.018798,C658B6332A
1250975606.55859,1250975614.246582,EBFAB38A67
1250975621.268674,1250975628.728515,10349A31D6
1250928082.81055,1250928092.229736,BB9CAB178B
1250945373.558594,1250945381.813964,035C5DB30B
1250933721.681644,1250933728.901367,D934EB7E8A
1250933870.4091768,1250933877.524414,00DC00DA10
1251054890.072271,1251054898.223632,B6A82E638E
1251008041.230953,1251008050.707031,6E21E918E1
1251033844.5459,1251033859.269531,F4FF41D403
1251033914.5,1251033923.012695,953AD12D56
1251026794.357425,1251026803.717773,D8158A62FC
1251026817.6245072,1251026827.147949,329540C183
1251026942.086911,1251026951.126464,5828812A95
1251098055.793944,1251098064.698242,E48D7694CC
1251098211.4257789,1251098220.22998,D281C64777
1251079534.796876,1251079543.767578,5533AD030C
1251079569.853512,1251079577.020507,C4753CE47C
1251079669.2168,1251079677.443359,BB88749AA8
1251011588.461911,1251011596.975463,1546C4709A
1251011855.655273,1251011868.541992,FFD17AD2A4
1251011869.007813,1251011877.619384,124FED1421
1251052141.436285,1251052150.271484,7C6B6CC97D
1251004100.857425,1251004109.503906,6C98B722A9
1251013140.8740191,1251013148.395507,C8BB468136
1251013188.4252882,1251013195.894043,A9FA1CC5A5
1251013258.9511738,1251013266.320312,3E2008AABD
1251000263.8149428,1251000271.090515,4DC49E04A4
1251089378.992185,1251089387.04895,285B6EE420
1251089466.41016,1251089473.445068,32EDE9BCFE
1251047684.394161,1251047692.930664,B348BEA5B4
1251023020.332525,1251023031.435547,4863ED2944
1251023219.367187,1251023228.236328,5E27C348E1
1251071338.299804,1251071345.676757,4415F53C2E
1251000633.256835,1251000640.436523,09F75369CE
1251043862.07812,1251043869.406982,355230E3D1
1251043914.051763,1251043923.808593,5009D35CF3
1251018243.93262,1251018251.71875,865BFE29EB
1251018444.121823,1251018452.030273,6009C36E72
1251050657.71289,1251050664.830078,C9DE96C6AF
1251050720.234372,1251050728.75,4A1C580FA3
1251043520.10449,1251043528.155273,B0C8D2E7DC
1251043653.059449,1251043660.332519,056B2AF31C
1251005451.469726,1251005459.042968,6C0BE6DFD7
1251013448.56055,1251013456.133789,CAD40A3488
1251013495.249999,1251013503.450683,2632910D11
1251013641.174801,1251013650.390625,BA5590EAD0
1251016336.009275,1251016344.552734,EBD8DC3574
1251072845.718753,1251072854.68164,6A49D68847
1251033068.29053,1251033077.168945,D3D8E6E825
1251033077.171875,1251033084.859375,A7978BC150
1251033109.0805688,1251033119.79541,9679BF3D24
1251033181.069336,1251033188.397949,17ACFCA96D
1251072491.363283,1251072499.061523,9DD2BC1459
1251072716.773438,1251072724.478515,28461DBFA9
1251010751.5205078,1251010759.08789,621065E044
1251011163.2539089,1251011173.823242,79C10D0ACB
1251023493.71533,1251023502.357177,C52B2C257F
1251023699.648435,1251023706.789062,7C90566C87
1251025552.497073,1251025562.4375,C5F01A37C2
1251025680.933593,1251025688.210693,DFCA47CC08
1251010480.600826,1251010488.033935,26081A354D
1251088527.914059,1251088536.240234,A9BF3F2A1E
1251088672.745607,1251088681.025146,42C61E5391
1251079726.714847,1251079739.243652,3FD1362544
1251079753.918458,1251079761.314453,A46D44764D
1251025141.119145,1251025148.427246,C12D0C1CDB
1251025148.4274862,1251025155.979004,04CEB81BDF
1251046825.50098,1251046832.916992,D5513BEC64
1251044827.943362,1251044835.118164,100AEF1A53
1251018568.282223,1251018575.658691,DFF8EA3E67
1251018623.935543,1251018631.135742,109E4B18BC
1251001791.51172,1251001800.792968,B9AF299BDD
1251001832.8662062,1251001840.452148,DF46A59304
1251001891.773253,1251001899.643554,D6C464A2A2
1251002082.6796908,1251002092.524414,48D45AEA6A
1251003429.511722,1251003440.270996,5C0BFC29CE
1251003602.7967482,1251003611.26123,5AD02E63D6
1251003748.027342,1251003755.109863,E7019DADC8
1251003763.317872,1251003770.817382,7336E17D66
1251088767.260251,1251088776.499023,064EFAE733
1251088788.894531,1251088796.496093,61FCF60D69
1251089084.526364,1251089093.449218,605203C9D8
1251089136.613285,1251089144.155761,E97F2A43F3
1251089162.5918,1251089169.999023,C56828CDC9
1251003189.984625,1251003197.701172,F7B795422E
1251021876.450683,1251021886.499023,F7ADD7C9A5
1251079366.765626,1251079373.982055,DCBD535A95
1251003881.285153,1251003888.729858,D9571B5617
1251067329.176759,1251067337.683105,2BD9A0865C
1251009135.7539089,1251009143.244995,45EFE151FC
1251009432.302734,1251009439.519287,825685FD79
1251051272.086551,1251051279.550781,6725BC8D8D
1251047937.425786,1251047944.742675,5554EB4544
1251008831.589845,1251008842.124023,66D8A52673
1251027248.180912,1251027259.568359,F83C16C77C
1251045376.8334932,1251045385.667968,84723862BD
1251045494.477542,1251045502.615234,575B8AB779
1251045550.211917,1251045557.260742,6BC99237AE
1251012506.7304718,1251012514.303222,0FB94015C0
1251007148.468754,1251007155.636718,7C1681FC1D
1251007162.358648,1251007169.815429,8898615061
1251007236.414067,1251007244.452148,B2619272FF
1251049890.597169,1251049898.220459,2748891F09
1251050102.012325,1251050109.310547,0F59DF2E12
1251050389.077882,1251050396.198242,7002838A87
1251050520.872076,1251050528.155273,C4F0163DC8
1251037825.744137,1251037835.159179,8BFCEECFFB
1251026452.044922,1251026461.105713,B39A86D773
1251080400.380674,1251080412.065429,DA825CA9A6
1251017180.072269,1251017188.5,983D096768
1251089835.24609,1251089843.162109,ACB6C697BD
1251008353.335934,1251008362.331665,33DEF5B76B
1251053021.826175,1251053029.546875,A93C41AA79
1251088298.477538,1251088307.344238,38EDFA706C
1251088339.81934,1251088346.911499,4314639A59
1251033259.287961,1251033269.161255,DE5BF0E84A
1251033307.135252,1251033315.344726,0E33B9AB51
1251033440.954107,1251033448.534668,F1024DBD02
1251071925.398434,1251071932.476562,69665AA571
1251037463.909667,1251037473.09082,CDDAE21B2F
1251066790.530523,1251066797.586914,5E07F7D72C
1251032658.268557,1251032666.640136,38EA292199
1251032729.2368178,1251032736.71582,A14E0B61C9
1251079960.666012,1251079968.698242,0A997B7BB1
1251080027.510746,1251080036.016601,BE5458A592
1251093575.15527,1251093582.827392,9F327C0A54
1251051686.204106,1251051693.224609,4F866F4459
1251051775.866215,1251051782.958984,1B559DA1DE
1251051844.469728,1251051852.798339,8651EF960C
1251054131.297852,1251054139.313476,8466953075
1251048773.601566,1251048782.319824,D1ED86ABA2
1251002624.072263,1251002631.46582,144BBBA19A
1251002657.208493,1251002665.092773,4271AB9C04
1251001389.185543,1251001396.46875,6C5326F478
1251001396.49219,1251001406.174316,A0FA8E8E84
1251001413.761715,1251001420.813476,452C67C2A1
1251092797.511719,1251092805.390625,14566DD7AE
1251073515.13281,1251073522.328125,AE0E74602E
1251091329.462888,1251091340.643554,E344EB0AD9
1251093110.46875,1251093120.032226,FAC4B52F39
1251093145.562253,1251093155.242675,7704585D6C
1251093197.073484,1251093205.816406,4D4635BDD9
1251093207.882442,1251093215.026855,9376E2C2B2
1251093243.165039,1251093253.651123,C8102FBD5C
1251093354.675778,1251093361.904297,A00A101D2B
1251012015.8749971,1251012023.787109,2D17097056
1251012256.173831,1251012263.926757,A2DF240FA7
1251010292.875978,1251010303.174804,00D0DF2FF1
1251044059.857912,1251044067.6875,EFADD7C513
1251044130.212401,1251044138.872558,31FE2D7940
1251044511.931644,1251044522.999511,F9204AC07B
1251033490.844726,1251033498.333984,34B7D6A5BF
1251033576.498045,1251033585.008789,9864FC3838
1251033592.0293,1251033599.564819,BC884068D5
1251033659.981935,1251033667.811889,63F7D21300
1251033701.824222,1251033709.71875,C18C906E7D
1251090181.2734408,1251090188.419922,67103AD01D
1251053664.0815458,1251053672.262695,2C2DEF36D0
1251053704.482418,1251053712.328613,292D33E694
1251053811.630856,1251053818.947143,DF40A17A0B
1251023971.1689448,1251023978.725586,6A763B71CB
1251026258.885742,1251026266.551269,12B7EBFBA6
1251091832.568356,1251091839.625,82404328BC
1251091883.481442,1251091892.437011,E1B4CF25A1
1251091908.755856,1251091917.174804,D1605D407A
1251092071.311586,1251092078.715088,41A0CD0C1A
1251015931.993167,1251015939.385254,72461456FF
1251015999.051761,1251016007.696289,EE9841F9E6
1251045908.573244,1251045917.01184,A02282AC34
1251045942.958986,1251045950.686035,9DE7E550F4
1251046022.289059,1251046030.553711,0D2C0D6628
1251074287.055661,1251074295.541015,42E0E2BE65
1251074360.499997,1251074369.097656,C707226571
1251074478.149411,1251074486.733398,0D7AC02612
1251074529.029298,1251074538.656982,F3515DB33D
1251090700.8358111,1251090708.910156,0898A9F7C8
1251073784.788816,1251073791.813476,76BDA1FBF9
1251073803.9157689,1251073812.935058,E856FD2E96
1251024170.132812,1251024179.347656,C264774A2B
1251024183.453122,1251024193.743164,CF85DEFB6A
1251024307.0312471,1251024315.096679,CDF0D77134
1251024349.3000472,1251024356.685547,7E8AF48E7C
1251016555.392576,1251016563.162109,D547EFCED1
1251067446.0791,1251067453.929687,97D1E8F37E
1251002365.664671,1251002374.107666,CF18698B61
1251002481.846676,1251002490.082519,DE379BC8EC
1251005644.880856,1251005654.390625,BCA8BEE57C
1251000973.716554,1251000981.021484,BB713CF249
1251001065.384766,1251001073.699707,03BE0F4262
1251012620.287107,1251012627.896423,5282AB0BA2
1251012770.567386,1251012779.49414,02160B32C2
1251012792.727536,1251012800.581543,28636517B2
1251005289.703122,1251005301.441406,8CE465A1AA
1251006246.1565,1251006253.929687,6BBFB53CA2
1251006290.946227,1251006297.989257,B518FB5ACA
1251023356.5,1251023363.942382,107AA3F7F0
1251080586.7646449,1251080596.190429,BC27E93D1C
1251080694.110355,1251080701.472656,4EC7F37B8D
1251017836.441896,1251017846.96582,E52A6DE03E
1251017945.891598,1251017953.039795,CF787D8D26
1251018016.0131822,1251018024.042968,52A3D1722C
1251053436.106448,1251053444.258789,EBB249450F
1251053522.703122,1251053529.875976,B1F122000F
1251053532.033206,1251053539.720703,C472F68DAC
1251015388.041509,1251015395.29541,232E211555
1251014496.989011,1251014504.899902,3C743AE818
1251056723.0302749,1251056730.971679,2D1AF345D4
1251056749.142091,1251056756.84375,79D7052A99
1251056842.934573,1251056850.134521,A15E895D2E
1251056946.4375,1251056954.253906,287A350FC9
1251006085.0776398,1251006092.374145,71B806F385
1251032100.148434,1251032109.249023,8C6998FECF
1251032447.3762178,1251032458.404297,A8E913E4E1
1251032481.7138698,1251032490.860351,6C663D8DC8
1251006531.277828,1251006538.768798,2A4045533C
1251009811.018551,1251009818.065429,DA9266D588
1251009871.431644,1251009879.199218,7985E6DB00
1251010010.468751,1251010017.845214,DDEC5AE32C
1251025871.256466,1251025879.050781,147FC7135C
1251026040.49439,1251026050.725586,BF5F50702C
1251050950.933594,1251050958.269531,C61AE73CCF
1251048946.870121,1251048954.083984,4F217C9144
1251049025.081051,1251049032.391601,05D2007933
1251049036.6455078,1251049044.352539,DC1F2515F3
1251049079.539062,1251049086.759399,E4324E9634
1251174676.507817,1251174684.959961,DAC2790906
1251174876.9013689,1251174884.083984,46775C52C0
1251140930.437503,1251140939.853271,80AE635CC6
1251140981.774412,1251140992.412109,597559C008
1251140999.6503928,1251141008.418457,390DCCD643
1251162560.03125,1251162568.902343,B056E5309D
1251162584.180667,1251162591.317382,82FEAD4BA5
1251162596.9638698,1251162605.375976,E5A5CE3DC8
1251193934.400874,1251193944.243164,64060E8618
1251188243.603518,1251188255.663574,5EDDA6B867
1251188384.9213822,1251188393.357422,A3C7EC37E2
1251146892.421876,1251146900.0,62A7174209
1251146987.024411,1251146995.30664,D467419938
1251141609.9726589,1251141620.848877,C8AD963C68
1251139860.374997,1251139870.190673,9DA0D0D23D
1251139941.772702,1251139948.894775,A9E45E90AF
1251139951.594972,1251139959.470703,42F4634B2B
1251140150.015622,1251140157.507324,F94CDE94FC
1251140359.4453158,1251140367.135742,1EA4DC8DF8
1251140428.7515838,1251140436.922851,DCC26943E4
1251181329.432254,1251181337.109375,4B4F77005B
1251181344.785648,1251181352.388549,510951D350
1251142768.0537062,1251142775.613281,E4D831E71B
1251142780.740231,1251142788.311279,E9A5F7A109
1251142813.871585,1251142821.110839,D781A435DA
1251142935.832032,1251142944.693359,2D9A9AFD4B
1251175137.721679,1251175145.156372,80545ECA18
1251171649.588132,1251171656.786132,738EA1B09D
1251171657.2498748,1251171664.773925,359D1AD4B6
1251165918.366214,1251165925.535156,F718A74CDB
1251166189.127203,1251166196.163086,D58BEA1233
1251166335.106449,1251166344.591552,FDDEFDBC40
1251183845.050294,1251183852.356445,0564E08606
1251177099.8775592,1251177108.106445,536682286A
1251176158.406744,1251176167.023437,CD673628FF
1251176468.174805,1251176475.863281,BFB4925493
1251188818.9375029,1251188830.940918,35AE8DDAC5
1251138393.2108128,1251138402.208007,5841C2327F
1251189864.4825392,1251189873.677734,D7B63F356A
1251148561.580814,1251148568.728515,F0A23B3884
1251148582.9118612,1251148590.835937,6595A91CEF
1251148600.043948,1251148610.037109,D98E9DA9EF
1251148675.711428,1251148684.195678,427D356ED4
1251148752.312503,1251148761.667968,2F38A58E0B
1251194029.681637,1251194037.744629,B74F97FC5E
1251194365.7272909,1251194376.791015,CF60B7F10C
1251147928.01563,1251147936.62915,0E734FBEA8
1251139442.257816,1251139452.470703,10665681B2
1251143330.883787,1251143338.479492,172AD3D1FD
1251143535.9265108,1251143543.826294,658B9B6B61
1251188051.907228,1251188060.379638,CC73A51FBC
1251188060.379888,1251188068.063476,0C17AB2146
1251189170.063481,1251189177.750488,D5D539605E
1251166442.267581,1251166451.60498,E7E3D183BC
1251166604.05566,1251166611.746093,858A5E34F7
1251166680.6787138,1251166688.260986,FB1E4D5BDE
1251166749.275392,1251166761.252441,D4EC390938
1251166910.642578,1251166919.571289,78EA705BF1
1251166927.62109,1251166936.128906,E3D1388253
1251170788.524417,1251170797.953125,D99F054850
1251170803.237301,1251170813.165771,FB32C9ED11
1251171058.587404,1251171065.902343,159F3DB1F3
1251171080.644535,1251171087.718261,97BDB5EF0B
1251199547.542972,1251199556.825195,BB834223E7
1251199697.560547,1251199705.251953,DE74932FB5
1251199827.6523452,1251199835.324218,6D3814DBCA
1251199864.199215,1251199873.003906,8AF9644A54
1251179374.0068388,1251179382.305175,18B9C90904
1251179427.355471,1251179435.289062,BA19221FEE
1251179507.722658,1251179515.266601,70A59547B7
1251183349.125,1251183356.502441,F13226BB53
1251183406.0742218,1251183413.648437,822BB30933
1251183657.848629,1251183665.640747,8DA508CDEF
1251160173.646484,1251160180.857422,8926771127
1251186036.484372,1251186044.779541,0D9A818F13
1251186086.703122,1251186095.130371,256ADC6174
1251186170.704098,1251186179.49707,7C3D45A1D9
1251186328.599606,1251186337.395507,4F1CBD6975
1251163976.5,1251163984.888794,59AC9A7E50
1251164082.730465,1251164089.898437,05C0ABE831
1251164251.066403,1251164259.30957,42E4445B0B
1251190231.964847,1251190239.083007,4811C48E81
1251190264.641362,1251190271.716797,C86A2CF676
1251190555.9677708,1251190565.205078,D9CC39259E
1251190589.958009,1251190599.98291,F7940E3978
1251190669.911622,1251190677.739257,A22688A51F
1251190754.96875,1251190763.107422,12D85950C0
1251145297.7456012,1251145305.376709,8EC354C496
1251145461.9033222,1251145470.221679,C6F0046DD9
1251145566.97168,1251145575.40625,4A9B5510FE
1251145609.775266,1251145617.222656,70FDCC62B1
1251160527.505003,1251160535.991699,0413F172F6
1251160860.925785,1251160869.409179,B8EB943CF5
1251149954.889652,1251149962.366211,7404E27F33
1251149989.1835911,1251149999.83789,1CD7E6EC87
1251139315.976559,1251139323.573242,DA12FF4BB5
1251162221.492429,1251162232.84375,E42E291286
1251162304.13379,1251162311.779785,B7258E7225
1251162397.367185,1251162404.566406,FAC840C775
1251182722.56372,1251182729.895507,2E0A80043B
1251182854.4357872,1251182867.121093,CA1B242907
1251183116.466793,1251183125.542968,77B342F653
1251161381.00244,1251161389.589355,B6B42BA06A
1251198948.551268,1251198956.596435,47842333CA
1251198982.9023468,1251198990.513672,4C45BDE337
1251199099.617184,1251199107.504394,1BBD4232B1
1251194954.0410128,1251194961.488037,37013E450D
1251195011.9668,1251195020.15625,108DB07948
1251195184.144531,1251195192.658203,B267432720
1251186908.9960968,1251186916.387939,C71E5D01C9
1251186922.400387,1251186929.634765,B3A40C5DD3
1251187120.542968,1251187128.23291,862EBB6085
1251187135.708497,1251187146.001953,DDEF449A8F
1251187280.339845,1251187293.193603,545B5093C7
1251144727.165042,1251144735.466797,EAA34A6610
1251144794.2099638,1251144801.786865,24333A2E5E
1251161035.883788,1251161044.577514,79C9F3A75F
1251161175.093751,1251161182.747558,EE4D587EE9
1251161262.416994,1251161271.248047,43B6F0A5EE
1251196225.927249,1251196234.847168,FBE73359CF
1251180986.5888631,1251180994.061523,9506C67FB1
1251181114.604982,1251181124.616211,10F6A4E8E1
1251181146.583009,1251181153.725586,469D353D24
1251191488.057617,1251191495.096191,7A03A12423
1251160330.8749971,1251160342.804443,9DFB606353
1251160434.7187471,1251160443.300781,C8C1CE107F
1251173163.5957,1251173171.003906,F6141F4DA3
1251173334.905643,1251173343.53125,662710B23B
1251104571.249513,1251104578.412109,125E0A351D
1251104607.164555,1251104617.074218,85C5A070C7
1251175306.8945282,1251175313.96582,BEDE3C0919
1251175318.757814,1251175329.501953,BA3CF828DE
1251175427.945313,1251175437.382324,E624B924D4
1251175508.2016652,1251175515.794616,B383627F79
1251184278.013668,1251184285.224609,1921814180
1251138551.6987271,1251138559.071777,39EE1017CB
1251142481.9061248,1251142490.0625,005E52B91E
1251142522.210934,1251142530.167968,A80DCCF180
1251142530.173828,1251142539.8125,41078C0BD0
1251189275.2412698,1251189282.863281,52F4A32C8C
1251189419.1162071,1251189427.587646,AD5D8ED027
1251104095.431642,1251104103.515625,1769F9D4B6
1251104213.737301,1251104222.02539,0FA3AD250A
1251150326.4014938,1251150335.856445,4AD2994DB6
1251197963.6430712,1251197971.599609,F1E6B0590A
1251198144.7148468,1251198152.095214,EA12B7050F
1251140586.6874971,1251140596.476318,A4DFD8BBC3
1251140709.340452,1251140716.418945,4FCC8E49C0
1251140737.257816,1251140746.105468,36E36D1CAF
1251140844.666996,1251140851.976928,ECF440707C
1251143020.7607448,1251143028.372314,CF80D3B38B
1251143052.132809,1251143059.421875,A5BA108901
1251143144.718755,1251143152.341797,F41A061B16
1251143165.6328151,1251143172.710937,FB84B6079C
1251143190.912359,1251143199.93164,E071DCCD99
1251143241.865972,1251143251.162109,37A23AE30B
1251143268.03125,1251143275.634765,8B21C0FD0C
1251185727.6904309,1251185738.738281,F7E0E44B3D
1251171256.686037,1251171266.902465,17C086546F
1251176582.03174,1251176591.34082,C058F57B47
1251168574.483334,1251168585.091552,FB7C00F2ED
1251168738.2304728,1251168745.244629,0E369FD434
1251150793.958987,1251150800.978271,2DCFA2435E
1251150891.259769,1251150899.361816,C0BD8E5E9C
1251151060.2143588,1251151068.596191,AAD9E95F74
1251163083.573246,1251163092.773925,A8D869D5B8
1251163152.248043,1251163160.636718,2C7C0B52FA
1251170062.9023468,1251170073.661132,0136772DA1
1251165190.98364,1251165198.046814,962552579F
1251165224.960935,1251165235.0,D55774B8DB
1251165313.6875,1251165324.114257,E2ED30510F
1251165492.1992218,1251165501.058593,BBC87DAA82
1251137017.3432572,1251137025.501831,AAB9434A59
1251137216.122076,1251137228.28125,235F7F62F0
1251168227.361324,1251168235.012695,AD7FB692B5
1251151764.93555,1251151773.9375,66C2B723BA
1251151852.75,1251151865.068359,DB2641D972
1251181652.345706,1251181659.629882,AB1289F66B
1251181910.4509249,1251181918.88446,DDA4D5BBFA
1251192717.236328,1251192724.413086,EA1882766D
1251193053.590574,1251193061.912109,D45FA8356C
1251163261.679204,1251163269.606445,AF74839121
1251163285.505372,1251163294.46875,86002C462F
1251163514.2539089,1251163522.0,99CF669CEB
1251163551.957035,1251163562.404174,CDA2C47A17
1251163593.576168,1251163601.481445,F537913177
1251198562.552736,1251198572.359375,0A18633D09
1251139513.403323,1251139520.875,7DA6DCD5A1
1251139617.44141,1251139625.211425,05B184B73A
1251153308.00781,1251153315.579589,563264C119
1251153387.034184,1251153394.121093,A565B12DCB
1251153431.0346632,1251153438.143554,3D404AC689
1251167655.852543,1251167664.098388,FB0393E787
1251167740.3632772,1251167750.176757,DA0609C131
1251167760.4951198,1251167772.037719,DC9A4EA5B7
1251168081.065431,1251168089.088867,DC056CB08B
1251168116.6484408,1251168124.279297,B7D86C2552
1251138648.526368,1251138655.536132,2FFD33E639
1251149324.4482448,1251149332.660156,CEE28F8EA5
1251179069.089845,1251179078.584961,A4958482CC
1251179256.862791,1251179271.395507,65A18ACACB
1251197208.2490191,1251197218.11792,D5D8A23697
1251197307.3500988,1251197317.118164,7850FDD016
1251169073.9999971,1251169081.227539,A788BE415F
1251172618.294923,1251172626.450683,FE50F73DCA
1251172706.7109408,1251172718.312011,C8345C5A5C
1251172727.457335,1251172735.896484,BFDB987D2E
1251172823.956056,1251172831.632812,34597543FF
1251172895.04687,1251172904.970703,FF458A1ABB
1251153650.967777,1251153661.503906,AAE539FDA1
1251180612.984376,1251180620.866699,920CD0EA90
1251142129.9140658,1251142138.864257,76975790BE
1251142160.888668,1251142168.18457,1C1EC1C40E
1251142337.5493178,1251142346.813476,B1E94998AD
1251142380.25195,1251142387.71875,CB26595896
1251158659.136719,1251158667.077148,496AC98774
1251187409.5195289,1251187417.555664,A0A75D4ED7
1251187420.0791032,1251187427.084961,FF10AE5EC1
1251187594.496097,1251187601.674072,44AC5511A6
1251167094.796636,1251167104.931152,4916EEF7BE
1251167537.332031,1251167546.037109,29228746E6
1251159265.020021,1251159272.875,6ABF413062
1251159393.650394,1251159401.90625,C6084F759C
1251177478.101073,1251177487.0625,0A3CF6D15B
1251196639.701168,1251196646.93457,DFDC608CEC
1251147098.7290049,1251147108.553711,3DEEE92911
1251147195.7325392,1251147203.42041,EF37F4AB82
1251147223.047848,1251147230.273925,275F892997
1251147230.834476,1251147238.90625,9D3FD64CA7
1251147256.913328,1251147267.764648,B5A54873B0
1251147451.9726532,1251147465.625,907363724D
1251147480.63281,1251147491.765136,78F316E27E
1251147725.9899862,1251147733.341797,7C56A625FA
1251147738.462888,1251147746.882812,351DFA7DBB
1251164891.132812,1251164898.257812,60A7288DA6
1251164946.9583108,1251164957.009765,9C71C76371
1251165139.615234,1251165149.609375,EE1689853B
1251151425.164304,1251151433.011718,2841ED946D
1251151581.875977,1251151591.070312,296055C863
1251178662.171878,1251178669.89331,968F3CF1C7
1251144932.878905,1251144941.603515,BAB9BF7EEB
1251177621.545895,1251177629.148437,7E2B22073F
1251177641.856931,1251177649.175293,5AE10EC6C3
1251178052.752194,1251178059.955566,FB6B00837F
1251159064.1127892,1251159073.692138,08D4A7563A
1251148296.482175,1251148306.142578,B866B8206E
1251152286.930662,1251152294.0625,A71DA98943
1251144276.87402,1251144284.454712,B0CB331D02
1251144340.219732,1251144348.231933,3A07166FB6
1251144360.019535,1251144367.074218,7A221D1E05
1251144423.60742,1251144432.762451,A3696DB350
1251144450.41504,1251144459.0625,48AA43F9D9
1251143654.333011,1251143662.264648,A75A6E47B2
1251143701.378419,1251143708.88208,A8B398AFFA
1251143720.091558,1251143727.468505,BB6FE22E8D
1251143793.992187,1251143801.790039,5604B7A7E5
1251143809.8287342,1251143817.421875,6D58B9FEA5
1251144036.992192,1251144045.005859,E7F0B255F0
1251144116.8149428,1251144124.417724,2C50A669B4
1251144161.740966,1251144174.875,B8EF878D4A
1251175762.71875,1251175771.880859,8D60E90A9F
1251175823.996095,1251175831.083984,39B79B8FC9
1251175855.872074,1251175863.359375,4307E62D51
1251175953.180667,1251175961.433593,537385295C
1251198305.367187,1251198312.457153,C2442C2D08
1251190874.144535,1251190884.18164,3D8AC72CFD
1251190931.907231,1251190940.071289,DC19A569BD
1251191035.386232,1251191042.925781,D5C873D282
1251191270.234866,1251191277.728515,5501714F15
1251149014.890625,1251149023.5,DDA1FB593B
1251149178.726559,1251149186.402343,2D37D182BA
1251149201.622562,1251149209.765625,1B553152D3
1251153826.211917,1251153834.891601,B161212C51
1251196757.2807572,1251196766.090332,8FFC0826FC
1251196899.62109,1251196908.523925,D99CED073C
1251169413.18848,1251169420.483886,286F6E3690
1251169495.905277,1251169504.859375,DCEF317BF3
1251169617.082031,1251169625.745117,219AFEFF03
1251149459.09375,1251149469.125244,D12A5B4E20
1251149673.340817,1251149681.03125,244F29BDF8
1251179723.285153,1251179730.774902,389785E6AE
1251179901.9492218,1251179909.359863,9597D5DE71
1251179916.2568388,1251179923.934814,C76A523A51
1251180020.9638648,1251180031.935058,7B1C51899E
1251180082.661136,1251180092.796386,A79E80330A
1251180211.284666,1251180218.521972,17207E5DF0
1251170269.1865249,1251170280.75,2A9B3CAB96
1251170334.854489,1251170341.96289,068FA00BD2
1251170498.557125,1251170510.057861,1BD2229473
1251170543.18945,1251170551.337402,BC2CC1498C
1251170551.338382,1251170560.571289,75B31BDEF0
1251164523.835941,1251164532.435058,B6B5CB4731
1251164766.725522,1251164774.153076,E67F28A3B5
1251182278.980953,1251182286.53125,9CAD89B579
1251152974.154054,1251152981.335937,2BB7CF8BF0
1251163814.437495,1251163822.794555,7B529B97C9
1251187837.172848,1251187845.675781,EFD10F3CA4
1251159669.048825,1251159681.454101,D88B563232
1251159698.6181638,1251159705.71289,B0BBEEB1B0
1251159731.297853,1251159740.524414,832F2BFCE1
1251159858.489745,1251159866.666992,D9A34EB8AD
1251158325.6791952,1251158333.614257,41CF78F67F
1251158542.116696,1251158551.224609,7C60C0A518
1251184800.546878,1251184807.955078,7F4DDADC21
1251178975.895511,1251178983.358154,ED9C2819EB
1251195662.891111,1251195672.839843,A22A3CDE93
1251150456.493167,1251150468.693359,7C41759014
1251150553.516973,1251150560.747314,A3600A8B3C
1251150617.0627432,1251150625.376953,0397F7B734
1251150652.957035,1251150660.8125,5755FA95F9
1251150728.675786,1251150738.024902,C4BA0FDB33
1251146360.585941,1251146368.285156,C5AD4044C9
1251146433.855472,1251146440.998901,2251DC19C0
1251146538.367189,1251146551.314453,6A826EFD09
1251146661.349606,1251146670.347168,23F2A69379
1251146795.924801,1251146803.075195,347425D8C7
1251145826.538085,1251145834.617126,8DAC0CB3EE
1251145960.594241,1251145968.226562,9486109D88
1251146211.633304,1251146219.613281,AA4986C54B
1251159584.384769,1251159591.691894,385DACC5B2
1251193340.106447,1251193348.232422,37CAB45196
1251193540.654788,1251193547.959716,88BDA69864
1251186584.11951,1251186591.579101,46BB436705
1251161665.033206,1251161673.085937,A57017006F
1251161685.413081,1251161692.90039,8132F050C9
1251161798.095701,1251161810.462158,86DEC5DECC
1251161933.968755,1251161941.464843,D27D747702
1251161975.93921,1251161983.473632,B0684568BE
1251162068.659908,1251162076.143066,DC9F0AA8C7
1251162165.598637,1251162172.737304,22A62BE8A1
1251171414.2515838,1251171421.277343,A676BE6E33
1251171463.245114,1251171470.738525,2A2697119A
1251162688.6874971,1251162696.832031,CFC80511B6
1251162697.799803,1251162707.433593,9F3883D690
1251162797.296878,1251162807.054687,516007D012
1251162976.586915,1251162983.84375,A0854E9A87
1251163030.180666,1251163038.144531,14F9667F20
1251163042.357913,1251163050.250732,F1F234C0E5
1251173737.331547,1251173746.791015,F21C687D80
1251173804.526853,1251173813.720703,B15F19E399
1251172341.9628909,1251172350.65625,D8963B308C
1251172362.225828,1251172371.029297,D32422E2AA
1251295447.166019,1251295455.219726,A2181D70C1
1251295524.323244,1251295531.624755,22577DB4CE
1251245314.218751,1251245321.508789,9542915054
1251245398.956059,1251245406.279297,FA41C830E1
1251253087.553226,1251253094.958007,F62241DCD7
1251204373.179691,1251204382.297851,38FA2F27CF
1251294607.0849638,1251294614.520507,49C8F7087E
1251256575.9691138,1251256583.203125,95BB62FA54
1251256928.419925,1251256936.523315,2D3C89062F
1251220876.906245,1251220886.550781,9AF70C6647
1251211427.702153,1251211435.023681,5E8761EAC4
1251241645.0,1251241655.671875,28CB327545
1251241806.916505,1251241814.342773,2F2AA2F7F8
1251241923.44092,1251241931.12207,907321B9EA
1251241969.24805,1251241976.734375,1B39ABBEC1
1251284151.742184,1251284159.459961,2123E59DB1
1251241369.867185,1251241377.766601,5217A9F575
1251275753.0712888,1251275761.538086,A3C2F7AB67
1251275803.993166,1251275814.846435,2FA6471724
1251257138.648559,1251257145.849609,BFD8E19E99
1251298802.323732,1251298809.745117,473EC29E23
1251252392.726566,1251252400.907226,797C974680
1251236654.962894,1251236668.0,3DBA01B064
1251236677.736328,1251236686.093017,78B8F9C488
1251236742.000005,1251236749.927734,ACE7F2E3FF
1251236756.664059,1251236763.987182,20F1C1BBA3
1251236764.0678718,1251236773.482666,6DDB53593C
1251213401.4716809,1251213408.928711,4CB3FC7820
1251239920.19141,1251239927.269531,D3A8EC08EF
1251240139.668458,1251240149.532226,89DF9564BF
1251281366.552734,1251281374.070312,CDE12D4BB5
1251277525.177736,1251277532.558593,E080E26CCC
1251277866.854864,1251277874.315185,F4D56CFDCF
1251277970.627929,1251277978.176513,78489DB885
1251249606.197266,1251249613.640625,D65592C035
1251244827.167973,1251244834.632812,AB83695021
1251244878.508786,1251244886.614257,10AF630D74
1251245108.799801,1251245116.324707,F7B3116515
1251245142.57812,1251245149.640625,BCF9048ADC
1251250145.443362,1251250153.10791,179D420DBF
1251219723.1018078,1251219731.401855,884865F782
1251203183.75,1251203194.6875,F54C2FE763
1251203218.780519,1251203227.234375,5A80FB3127
1251225410.894042,1251225423.508789,B084B1B855
1251292686.24072,1251292696.302246,37973E7BAB
1251263222.5068328,1251263231.852539,E00F523C59
1251263233.421876,1251263243.179687,008826D7A9
1251263365.094243,1251263373.652343,AFDBD07A01
1251283476.135989,1251283484.41455,A8F96B8A64
1251251131.331544,1251251139.193359,618C22557D
1251269524.767575,1251269531.832031,07BB6311EF
1251244380.1669948,1251244387.958007,EC0207CBEC
1251209661.566407,1251209669.541748,E69272E31B
1251248746.066404,1251248755.070556,C22D383ABC
1251248994.571775,1251249002.707031,9C5EA7C4A0
1251259887.48047,1251259895.390625,4A968BE361
1251230932.742191,1251230939.831054,EE89D6F77E
1251240320.302247,1251240328.971679,FB24C086E7
1251297642.98633,1251297650.520752,C26528BAB6
1251297804.614259,1251297811.773437,5648069ED7
1251297939.606937,1251297947.902343,CB7C56378D
1251216813.258304,1251216820.291015,EB10C3CFE8
1251296767.023435,1251296777.27124,719C7586F8
1251221060.835451,1251221068.730957,2675B0DE24
1251281114.052733,1251281121.237304,3534878733
1251281124.4086928,1251281132.592895,E51360C2E3
1251226115.750981,1251226127.433593,E9285EE5B5
1251239708.441406,1251239715.788086,B47E0321AD
1251239814.075689,1251239824.698242,072A04196C
1251271976.84375,1251271984.022461,50B07BB374
1251280326.114747,1251280333.941406,A798A37BC0
1251280372.826417,1251280380.557617,0FE4342C96
1251224013.414068,1251224020.69873,133BEB4114
1251224059.830686,1251224067.854492,CAD933AED8
1251234912.4179718,1251234922.134765,09ABB40DB6
1251234969.758786,1251234976.855468,F3E78D8C49
1251235120.053714,1251235133.09082,21C9FAC909
1251295556.178711,1251295564.013672,2ED5C9F8C8
1251221164.21875,1251221171.460693,F243341C1D
1251221336.345701,1251221347.714843,171F13947F
1251221400.425786,1251221407.620605,8FFBCCD16D
1251221435.2373078,1251221442.293457,BBA0D85F10
1251221485.409669,1251221494.124023,B228A90354
1251229707.414066,1251229714.530273,B917262788
1251245479.247073,1251245487.200683,03582A2D8B
1251245765.765622,1251245773.640625,C7DB9D0E75
1251300059.212894,1251300067.667968,CD5703B254
1251300362.008302,1251300369.163208,B1889DAA90
1251251316.948852,1251251325.824707,7D76F48FA1
1251251409.0625,1251251421.077636,D97C93D9DC
1251251449.244137,1251251456.425781,DDCC2D8F18
1251222869.637698,1251222877.537719,DA862A16A9
1251223262.164062,1251223272.000976,E6F7060FFC
1251229961.494144,1251229968.742187,3714B26C43
1251229977.2055712,1251229988.353027,53A5CD0BA6
1251230080.093751,1251230091.630859,19E638CA78
1251230251.07812,1251230258.914062,DEB4137675
1251238454.2221632,1251238462.207031,A0585D3423
1251262190.768307,1251262197.886718,C742F4D7C1
1251265086.0937471,1251265094.265625,C8C7BFE96B
1251265362.9443388,1251265370.5625,AA2DDA188D
1251265392.395383,1251265401.044922,377F801F96
1251264995.691408,1251265003.542968,1EA1B3CFBA
1251265007.148442,1251265015.910156,83FEF0972D
1251293820.193356,1251293829.109375,919F52FE31
1251293902.281735,1251293910.394531,7CD8929533
1251293946.559576,1251293953.630371,CA315174EF
1251294017.021486,1251294024.659179,8C17DA699E
1251294042.391602,1251294049.925781,8CB9635D72
1251294164.819337,1251294174.1875,1C85309149
1251246477.590823,1251246485.30664,0BB4EDB9D9
1251239147.2949271,1251239156.195312,6038723F23
1251239307.117189,1251239314.124755,A9A1EABA92
1251239402.585939,1251239411.1875,4C0E980B62
1251239415.423824,1251239423.049316,202DB32D66
1251239426.90625,1251239434.331054,90491C7891
1251239485.062016,1251239492.290039,20E9ACFD54
1251239495.844722,1251239503.277343,FDE81303A2
1251221990.41504,1251221998.826172,84A073CBA7
1251257560.0234408,1251257567.719726,6835D5D93C
1251257688.832036,1251257696.938476,4A6466EDC6
1251257779.197262,1251257787.035156,CEC92D0C40
1251257835.29004,1251257844.146972,500281CE01
1251256468.540035,1251256476.03656,65FCAEA272
1251294206.943362,1251294214.793945,610550B757
1251225800.8037138,1251225807.992187,34CB145F9A
1251225868.312618,1251225875.866211,4F9F64F57D
1251266293.583012,1251266304.126953,38DB8709F2
1251208316.07471,1251208324.060302,45EDBF39B0
1251208614.687498,1251208621.793457,762335AB51
1251206766.5407689,1251206773.646484,F71EF6D0FE
1251206823.974851,1251206832.311523,B613148F23
1251254459.1982448,1251254467.804687,936BEB07CE
1251254703.232418,1251254710.704101,B9B5D47303
1251293238.50098,1251293246.225586,4711FA2F02
1251293284.153317,1251293292.784668,B1BBD6D0CB
1251293303.224367,1251293310.296875,83ED8575B7
1251293530.2695282,1251293538.085937,32A942D43C
1251266525.397951,1251266532.457397,CFCCBD9B7C
1251266817.406245,1251266826.608398,0425D39E13
1251286448.9838872,1251286456.821289,4B9765C589
1251286512.557621,1251286520.012207,DDB7E699D2
1251281807.416502,1251281814.454101,48E9B22000
1251293640.57715,1251293647.658081,CF2CE592CA
1251223742.7700229,1251223751.3125,B9E50D869F
1251223867.417969,1251223877.366211,2DB3DCA53C
1251267854.99609,1251267866.505859,846D7D21FA
1251272784.2167928,1251272793.423828,A3D446B29C
1251236079.562495,1251236088.878906,5431111C2C
1251236190.396488,1251236198.382812,0692214C66
1251236200.758792,1251236208.058593,A53E732C92
1251236383.966554,1251236392.458984,5A1E828E68
1251236590.277347,1251236599.545898,A25C438655
1251229290.664551,1251229298.761718,A75A8DF8A2
1251229302.910646,1251229310.757812,93A6D58D6B
1251229349.3525388,1251229359.004882,ACC2DD0C22
1251229565.9501972,1251229573.177734,12C1E65E9E
1251229605.744144,1251229613.535644,7B6B89DE74
1251296925.255374,1251296932.991333,C4E3238B74
1251297010.41797,1251297018.748047,873F277410
1251243765.25195,1251243772.508789,F59CB62B1C
1251262739.84168,1251262747.564453,B59B37013C
1251224491.296872,1251224499.285156,76C94CCBB4
1251254994.251467,1251255001.832153,A042859D95
1251255241.863277,1251255254.875122,E191B6F6FE
1251211120.5,1251211131.46875,198D5DBEF2
1251232897.17188,1251232904.284179,C96A093E62
1251233084.410153,1251233091.673095,E6DAAF0385
1251233170.43897,1251233179.099609,4C389916B4
1251227767.306644,1251227775.652832,088B25AE4B
1251227893.929081,1251227901.88623,D7440D51B4
1251227908.928712,1251227916.438476,3EC028ADF6
1251227919.3461938,1251227926.646484,F22EB700BC
1251228081.360348,1251228090.315918,2D85ACD4EC
1251228132.9125988,1251228142.605468,8D6C7A7719
1251287430.366208,1251287438.890625,A8EED7D317
1251287537.192625,1251287544.949463,D52860E437
1251217241.541012,1251217249.157959,B67F918AB6
1251217547.7226589,1251217555.560547,555FF23724
1251217593.466793,1251217605.677002,ADF5440D33
1251217625.838866,1251217634.233398,16D94CE414
1251276683.745663,1251276691.099853,F416B1ABB7
1251259025.236331,1251259032.835327,CD82E6E9C4
1251259159.988278,1251259167.639648,E9FE66929F
1251259221.1796849,1251259229.253906,8F3DF18A0F
1251259326.145504,1251259333.196289,5512083D8E
1251259348.961911,1251259358.722656,894F587515
1251226779.330075,1251226786.6875,F8E40BFA4D
1251226930.3369138,1251226937.98413,5D20A49AE7
1251231576.60156,1251231585.416748,3BFA05EA24
1251267501.743894,1251267509.508545,94DABF6DB8
1251216299.24951,1251216306.315429,09C3C38A15
1251230517.377203,1251230524.953125,48BE223738
1251230529.43555,1251230536.594116,FB61CD3D23
1251230539.369137,1251230549.185547,82B665F3BC
1251230654.5273468,1251230666.708984,43B6100A2C
1251230680.162112,1251230687.805664,D0A7047CEE
1251230723.824215,1251230731.967285,5C23454D16
1251233485.512697,1251233492.648437,D237D486F4
1251233765.49609,1251233773.24414,AB8FD85F80
1251233892.6875,1251233901.368652,3CA82BFA81
1251235685.141605,1251235692.484375,7BBC10A535
1251200649.150881,1251200657.318969,624A1E768E
1251200702.528812,1251200709.764648,0974533FE1
1251200791.8452191,1251200799.083984,F5448E7EF3
1251201456.188965,1251201467.601562,A69D211957
1251231836.53125,1251231843.679687,F02F8937BA
1251232028.6992218,1251232036.812011,0E88108D22
1251235459.16406,1251235466.54248,BA2957838D
1251238518.393556,1251238536.205078,18C70B6F78
1251238600.25,1251238609.913086,1D3E396D0E
1251238614.636722,1251238623.306152,B3B02150EF
1251238769.187495,1251238777.191345,A7AA764F35
1251232204.655277,1251232212.755859,11A92A7EA7
1251232472.621099,1251232481.428222,0BA55D88D7
1251232526.554684,1251232534.060547,305F0ABB8C
1251232613.302737,1251232620.90625,BF3045C774
1251232620.92187,1251232628.421875,6BE89409D4
1251205013.644535,1251205021.282714,C11AB98CF3
1251205140.262698,1251205147.46875,0F7EDF9327
1251255639.011722,1251255646.390625,38AF28761E
1251240616.15698,1251240623.752929,217B5014E7
1251240744.9355469,1251240753.964843,0A678A5552
1251240760.6826198,1251240770.719482,488118C3C4
1251240864.105469,1251240871.797851,83B6D218E6
1251240974.677737,1251240981.953125,F0F13937E9
1251241021.326172,1251241030.304687,73B52DA0AF
1251241079.3125,1251241087.394531,0FE9E14893
1251232074.803226,1251232083.576416,2BCC544D28
1251294836.701169,1251294844.041992,D94BB6F28F
1251294943.592772,1251294952.631836,04F4464AED
1251294961.15625,1251294968.93457,3D9E2163D4
1251292238.926754,1251292247.358398,E99BB01872
1251292318.270511,1251292327.85205,A2DE4D1946
1251292533.039556,1251292543.609375,8B3F41167F
1251223451.888675,1251223459.151123,1ECE44AA3F
1251258180.425778,1251258187.663086,B73FE2DFA5
1251258416.838627,1251258424.271484,AF705835B9
1251210912.1167018,1251210920.547851,CB14A88A2B
1251268736.570066,1251268744.341552,5A69FD3456
1251268977.986325,1251268985.115234,492A668C73
1251269033.5,1251269041.410156,7F74BDA04D
1251270961.597656,1251270968.726562,945DE87F69
1251271023.06055,1251271031.027343,55A044A5F2
1251243276.499029,1251243287.51416,EC623E1FB4
1251286811.611325,1251286819.980468,5D4E03F034
1251287050.035157,1251287058.770385,86C7029EFD
1251227591.6743188,1251227600.164062,3D39EFA265
1251227617.072269,1251227625.099609,138F65E02E
1251227668.030277,1251227677.19873,E74D2B7B1D
1251248372.030766,1251248380.270507,BA220BA70C
1251238020.400387,1251238028.378906,C2F4E5F5B3
1251205714.924558,1251205723.161132,7C0352D89F
1251205789.865231,1251205798.694336,125D069B55
1251205911.496097,1251205919.207031,727DAF74C8
1251272701.914059,1251272709.185058,37E8747008
1251246646.330081,1251246653.741211,319165B6E3
1251246717.3691409,1251246727.512695,E808E5F37C
1251246765.609377,1251246774.504272,1F78A89001
1251246818.7119129,1251246826.087158,DBBBDCF02D
1251228821.004886,1251228828.795898,797EF0319C
1251265874.482424,1251265881.829101,2EC277B573
1251254763.241212,1251254770.272461,8829C8043A
1251254906.729864,1251254913.868164,D2C7523637
1251254963.1250029,1251254970.268798,02F908D9A1
1251210193.350096,1251210201.1875,2C929BEBA0
1251263698.823239,1251263707.788574,D279DA8A60
1251264158.25,1251264165.753418,A9AD20CE4C
1251281667.90234,1251281676.017578,D6A042C9F1
1251281692.81934,1251281700.552734,D85BE9EC19
1251240270.1582072,1251240279.21582,BD6E413465
1251240294.058597,1251240302.789062,1230411FDA
1251250791.7539098,1251250799.200805,5A276E2770
1251222379.416017,1251222386.71875,149A8386E4
1251237226.339231,1251237233.404297,0023D9B174
1251237270.482916,1251237279.75,C181CF665E
1251237388.077633,1251237396.276855,AA95D36414
1251237519.086427,1251237526.482422,0DA4A482DB
1251237567.0625,1251237575.567382,8B9D5AD31F
1251237609.28906,1251237616.611816,D844C67164
1251237718.08594,1251237725.977295,0C9689BE1F
1251237747.877437,1251237756.834961,30DC0F8C2C
1251278105.382936,1251278117.371582,E668F47531
1251278312.51587,1251278320.875,AE95AC5A6A
1251278506.250004,1251278514.608398,7C87A840B9
1251278532.7763672,1251278539.902343,33ED26D2B7
1251218350.446291,1251218358.710693,FB197230B0
1251247917.453122,1251247924.854492,6631C6248C
1251285746.2636678,1251285753.524414,9DAF1191C7
1251210324.095706,1251210331.808349,1314BE02DC
1251234216.700201,1251234223.728515,7A74BA663A
1251214101.224608,1251214108.976562,34613F0F54
1251214144.312501,1251214154.166992,40C20CEFBF
1251202519.7929718,1251202527.683593,6DD7A15642
1251204551.537111,1251204560.367187,271E6D5409
1251280619.807133,1251280629.707031,8FD01D6835
1251253617.5625,1251253626.887695,419893CAD9
1251253705.946898,1251253713.392578,333DDA4AA5
1251253882.822756,1251253890.188232,E01A0E2CEA
1251253995.824222,1251254004.005859,0BEBC23CF3
1251258536.006832,1251258544.197265,188364EE4C
1251206032.60156,1251206040.26477,A35FDC009E
1251248113.298825,1251248122.766418,FD0F3E0461
1251260232.875608,1251260240.118652,28FC65A55D
1251247501.899411,1251247510.996093,C6C05DA8D5
1251247556.072996,1251247563.498047,81F0E179E8
1251247567.650394,1251247576.001953,47D44189C2
1251201919.676999,1251201927.413086,B475343E8E
1251239056.706907,1251239064.274414,6E819CCA98
1251227439.6210911,1251227446.939453,80C35EFE5E
1251227503.585942,1251227511.35205,F2440D18C5
1251267222.562495,1251267232.796875,B0015BD476
1251234646.578616,1251234655.550781,61E2697B0C
1251234725.9438431,1251234735.360595,1CFF7DAD03
1251296228.2812529,1251296235.328735,ED3B6EA8CF
1251277180.7316852,1251277189.293945,6D3FB453AD
1251277234.614011,1251277242.601562,0037913D0C
1251270681.027347,1251270697.033203,228BE6DD9D
1251264677.364751,1251264685.395019,112314CE47
1251232764.076657,1251232771.433593,1C74779F3E
1251232788.453122,1251232796.216064,D5DFE4C7FA
1251276213.46484,1251276221.818359,0D88D83339
1251276300.382809,1251276307.386718,1EA24D94AA
1251242827.155273,1251242836.535034,19A2CB2076
1251231095.738278,1251231103.176757,014CFAF5DC
1251231365.039556,1251231374.666015,68B2FA1102
1251231397.3252,1251231405.9375,572D199647
1251244195.844728,1251244206.685547,1A7DBECA89
1251217996.7670922,1251218003.822265,7CD7578548
1251216587.95996,1251216599.167968,66572032CE
1251216668.196779,1251216675.227539,7B4809D62B
1251274562.125,1251274569.366211,3F66B06060
1251212737.815426,1251212746.744629,41D6745737
1251209911.171632,1251209921.458984,A743A70090
1251210075.070309,1251210084.873047,3BB3AA61B5
1251242405.896485,1251242413.835937,068C27D3E2
1251261124.328122,1251261132.491699,69DBA589C9
1251274830.618161,1251274838.296875,8D050517BD
1251244039.25,1251244046.381836,BB7585663C
1251268118.951662,1251268127.758789,93936B0F97
1251268242.619141,1251268249.748535,8DFE34042B
1251268290.796514,1251268298.361328,EF874FCFB2
1251268586.545898,1251268593.622314,49F2224B0A
1251205437.1162138,1251205444.570922,4E4814D77C
1251283827.987301,1251283836.784179,B5CCADEA14
1251283924.992184,1251283933.136718,F0F6E029AA
1251228165.888188,1251228174.924804,BEF8FB5190
1251228299.2460968,1251228307.914062,F7A784C32E
1251273172.245117,1251273179.392578,86C21AA832
1251273447.600587,1251273455.382324,4001114076
1251256059.1513689,1251256066.273437,5FF94BA19E
1251256358.751956,1251256366.482422,6AD34333EA
1251285290.708984,1251285297.841797,DB42B2BD11
1251220149.4326198,1251220156.963867,ABE63102B7
1251220173.4775388,1251220181.16748,ABFC3FF827
1251201756.738277,1251201764.257812,0AA7EDE350
1251226221.211915,1251226229.690429,4F53AB5701
1251226523.101559,1251226530.104492,A2DCB3237B
1251226531.210941,1251226538.559082,5B50E05D57
1251226692.695312,1251226701.010254,65C4DA2B5F
1251236955.97266,1251236966.955078,B6D58439CB
1251237086.4350631,1251237093.517578,BF0E450468
1251237118.529293,1251237126.109375,6847704B49
1251237157.603512,1251237166.473632,F1B587AF7F
1251202794.183355,1251202806.041504,B1572EB3D7
1251222620.713132,1251222629.500488,FF71ED3DC4
1251222683.187991,1251222691.588867,0EA59070BA
1251228637.6413531,1251228644.988281,14C9FDD429
1251228701.7915049,1251228709.695312,339A9B8A08
1251228750.749995,1251228759.128906,47F46CA460
1251208960.996094,1251208970.072509,B3C7120437
1251207661.2243612,1251207668.390625,B7C7AE02CA
1251207809.0693312,1251207816.954101,C39326E09B
1251209170.348878,1251209177.482422,4D2EC93E00
1251314268.203125,1251314275.824218,200712E8F2
1251347309.659914,1251347316.99707,7DD23D9A6E
1251347538.1010768,1251347545.160156,F6C24047C7
1251315931.796879,1251315938.892578,929C7B5C9F
1251316051.4570289,1251316058.792968,BB97929689
1251399969.843753,1251399977.554687,C6D5B26A7A
1251305250.615231,1251305258.651123,953F631BB7
1251312569.324219,1251312576.586425,331A810207
1251312620.320312,1251312629.846008,5A859BC4AF
1251346009.868165,1251346017.071777,B118DAE82C
1251346048.250002,1251346055.358398,358DAA60BF
1251353631.944576,1251353638.99414,355AA9E3AB
1251353691.14062,1251353700.219726,A3FB34A233
1251353701.592777,1251353709.664062,EA7CF9D4DE
1251340869.916019,1251340877.025879,25F3B72AE8
1251316890.885257,1251316906.627929,7EFDDA751F
1251329305.424801,1251329312.46289,89A0BEFEEC
1251377692.953128,1251377700.28125,9B377D5FBF
1251378105.817874,1251378113.357422,BE471482CC
1251323284.843745,1251323293.0,13AD08478F
1251323445.855956,1251323453.304687,1B911192BC
1251323570.865237,1251323578.176757,46E133AC36
1251325093.599613,1251325102.288086,851E11CEC1
1251325161.299808,1251325169.945312,13754958D2
1251364778.047849,1251364786.136718,98264A8A20
1251364936.92139,1251364946.171875,9788B6C60E
1251334784.7412071,1251334791.795898,33FF7A2CF9
1251357519.0961962,1251357526.957519,66DB04D66F
1251343237.945309,1251343245.760742,88B7EEB882
1251373819.295895,1251373828.231445,ABC0CD4383
1251373901.9062529,1251373909.708007,363ED65150
1251374198.280271,1251374205.618164,FA31B871AD
1251374280.667966,1251374287.783691,4AEA1674C4
1251376786.436527,1251376794.261963,69E8E7DCC9
1251369688.829098,1251369696.354492,3037FBFC68
1251368517.577152,1251368524.610351,947092EDEE
1251373793.268551,1251373802.091064,9B1A971992
1251303602.507814,1251303610.643554,B92CF28D14
1251303660.7207,1251303668.159179,DC090FAD41
1251333507.15161,1251333516.62207,384AFCE228
1251333568.197269,1251333575.673828,F92039A9D7
1251333728.091312,1251333735.125,CB7CC4271D
1251379296.113278,1251379305.663086,46AB78BD66
1251381357.173344,1251381365.146728,4F8D12F1C2
1251381695.516116,1251381705.294922,6416BDBCC0
1251324380.32324,1251324388.323242,76CF0B8A08
1251306978.646487,1251306986.867187,61EFDC1906
1251307055.982418,1251307065.0,B53C752A00
1251307254.89746,1251307262.257812,785E12CD05
1251357341.335942,1251357348.711425,29F54C031A
1251324880.783202,1251324887.811035,DFD9BC1092
1251377262.878906,1251377270.138672,C5DE0AA83A
1251356146.049801,1251356154.581298,683F285283
1251356318.5527358,1251356326.06604,99753C4C3A
1251356366.2329102,1251356373.438476,719C068AFD
1251304165.581059,1251304172.801757,B99493704B
1251304297.28418,1251304305.127929,352293AF90
1251386679.124027,1251386686.364746,42EB378A63
1251314975.537106,1251314986.783691,4F845DB76E
1251337267.398437,1251337274.877319,6C45960802
1251337318.2832,1251337326.609863,7FB5803463
1251387774.6679718,1251387784.105957,19AD11A29E
1251322746.397214,1251322754.550781,18EF78FEDA
1251307442.863278,1251307450.677246,2B5AF47E68
1251345465.0356429,1251345476.586914,5936C33F02
1251303820.778325,1251303829.426269,E13B6E3665
1251304020.293208,1251304027.829467,A6754E2052
1251368078.9726589,1251368087.148437,E9A71C2069
1251368102.704104,1251368110.888183,0B9EDF84EE
1251334247.508792,1251334254.767578,630211F836
1251334385.4882822,1251334392.796875,301603A917
1251344596.8671908,1251344605.917968,B9F6CB8132
1251395339.355466,1251395348.125244,D0E4595A75
1251395355.740237,1251395364.61914,3745B54FCF
1251367896.373717,1251367903.440673,34DCA2A042
1251367950.633792,1251367960.414062,297C48C086
1251310595.859377,1251310604.994873,78CB588BA3
1251310614.100095,1251310621.515136,D96BE791F7
1251310262.625,1251310270.190796,974AC0DC0A
1251308006.315306,1251308017.271728,6CDB84D819
1251308076.011719,1251308083.036499,549E9D04DF
1251308088.529297,1251308095.855468,BD69642D03
1251382911.070317,1251382918.357422,53947D73DF
1251382951.977544,1251382959.024902,DFC0124665
1251327814.750001,1251327822.642089,D35EFD8A28
1251314439.1132789,1251314447.091797,66DD9A21C0
1251314652.392581,1251314661.224609,5A73BB864B
1251318705.658202,1251318713.800048,EE76FBB81D
1251318771.500975,1251318779.717834,CE5B66F11C
1251379119.767335,1251379127.398437,34CA6C2810
1251332167.53223,1251332174.645263,08C51A3282
1251332185.173831,1251332192.436523,ACCA130970
1251332199.7763631,1251332208.980957,D1CD57D1EE
1251395404.0869138,1251395412.814575,F05E417F78
1251395416.907718,1251395424.728515,A3A11DE0AD
1251395545.162106,1251395552.853515,2F1924C481
1251395590.446292,1251395598.290771,4BE86AED57
1251395840.471437,1251395848.159179,3D2FC999F7
1251395942.068364,1251395949.632812,82E63F195E
1251302734.16406,1251302743.169922,435812FFE3
1251373414.662106,1251373422.884277,16B9A582D7
1251339359.788327,1251339367.050537,EF97F844A2
1251300502.159182,1251300509.917968,66447B01E0
1251318122.839117,1251318132.625,05D8B8BE43
1251318229.547855,1251318238.096679,3C04F28333
1251318283.804687,1251318292.252929,29C7A6A402
1251318425.623051,1251318434.079101,E9BD2911EE
1251310820.687505,1251310830.163818,BA9E90A75E
1251310855.049801,1251310863.937988,13BC55E217
1251311045.1513698,1251311052.213867,D00D342C3B
1251311143.16406,1251311151.304687,8653273FC0
1251311231.0,1251311240.045898,74A2A66AD7
1251328205.71143,1251328213.8927,52082522C8
1251325744.28613,1251325753.972656,53EC2507EE
1251325765.1992218,1251325772.429687,C4FDB10092
1251302413.2956548,1251302421.357422,5CF2D8E189
1251300719.329101,1251300727.763672,0B491C4A08
1251300766.17529,1251300773.942382,487711B625
1251357945.249508,1251357952.350097,35BCCAD3D8
1251348408.2486532,1251348415.972656,AB74C2573E
1251348547.936521,1251348557.128906,B1E60ECE78
1251348620.067386,1251348627.33789,E58B52A135
1251395022.6279328,1251395030.273437,6575983C96
1251327279.0788531,1251327288.109375,43D1539A64
1251327374.948492,1251327382.103515,743E4DC18E
1251327384.725582,1251327391.765136,082F1064E1
1251331683.177247,1251331694.0,760BDB400C
1251331934.4687529,1251331941.700805,3B294A1A3E
1251343433.732667,1251343441.566406,847981FCA8
1251361040.802731,1251361052.3833,C4B0F6020C
1251361175.9570322,1251361183.120117,0E1ADE0CDD
1251333922.4885252,1251333931.973388,C4DECF3986
1251316168.5229518,1251316176.282226,D830A0C041
1251305982.586917,1251305989.813476,D0665A7904
1251301703.87354,1251301711.111084,EDC73515F0
1251371560.820313,1251371568.234863,BE200A2590
1251387512.652958,1251387519.958007,BC817F3AE8
1251330864.4941409,1251330872.378418,4D9EE0E0CF
1251330983.0830128,1251330990.950195,0113519882
1251335951.5976532,1251335958.664062,3C4F822038
1251307694.583004,1251307702.238281,6F56009D46
1251307704.661136,1251307712.391357,0F53F58880
1251370805.7138698,1251370815.101562,BB2686A892
1251369524.3749971,1251369532.195312,1AE412ACFC
1251366849.825201,1251366859.274414,D9004A5A0D
1251346923.232425,1251346930.329101,1C9DF6D271
1251374497.6250029,1251374509.176757,FF94A70240
1251374600.95239,1251374608.060058,9178AAA60A
1251374855.17578,1251374866.067627,FC64504BFC
1251353291.6420271,1251353298.943359,47E6D91277
1251353373.982425,1251353386.9375,43E5015DEA
1251326584.767573,1251326593.209961,10C351CCB7
1251326758.461911,1251326766.801757,282746CEBE
1251339049.175784,1251339056.387695,A2A5CC577E
1251366577.8710968,1251366585.509765,06455AEC5A
1251361424.351558,1251361432.71289,5D02D2E918
1251359317.001956,1251359324.267089,C14E4BFD99
1251343680.020512,1251343687.126464,4C269296B9
1251336370.07031,1251336377.490234,3DB62BAECE
1251336430.552732,1251336440.518676,D1B4BBAE07
1251342504.841062,1251342512.297851,F104F5D464
1251342552.130863,1251342559.224121,0F1538A8B6
1251323968.2573268,1251323975.27539,1EB1D45E26
1251324016.4399438,1251324024.271484,A372B69E1C
1251356631.469723,1251356638.663574,027317CC05
1251344705.889645,1251344713.425781,8ED9CDEB20
1251344763.282232,1251344770.501464,9E74065723
1251344842.460938,1251344850.435547,72D2743C8D
1251345797.798831,1251345804.888672,36AC1762B1
1251338922.9882822,1251338934.382812,E7AAFA4E7D
1251365218.932615,1251365226.838379,752595204B
1251365278.0689652,1251365288.3208,7EF570338D
1251376893.074222,1251376900.431396,31A074B303
1251333330.528317,1251333337.625,A2E63B8880
1251322472.783203,1251322479.916015,F7C8B0F867
1251383692.557616,1251383701.44873,C090F02287
1251323016.186521,1251323023.300781,14DA57FD74
1251323142.135494,1251323150.116211,CEAC603D70
1251323188.900266,1251323200.12207,CD216FA426
1251335686.662046,1251335694.246093,54082E7F24
1251312939.5063472,1251312948.102172,7E35AE8EBF
1251394772.615483,1251394781.365234,5D85853AD7
1251341664.528323,1251341673.710205,474D0D3151
1251341710.281254,1251341718.319336,7246A9FD95
1251303261.812498,1251303268.90332,958B893A64
1251375940.15234,1251375947.219238,96C89E64CC
1251343986.693117,1251343993.852539,8B2EF148BA
1251344115.353512,1251344122.599609,4513C65B74
1251344209.882816,1251344217.731445,3E737777F4
1251372877.531255,1251372885.762695,3B1761A62C
1251315624.110355,1251315635.907348,0156628976
1251309427.638668,1251309434.883789,32052C5DFF
1251309744.1689448,1251309751.728515,5E6FD5E936
1251370107.82446,1251370115.048828,B6E26FD146
1251370115.671872,1251370123.028076,6EFAB0E116
1251308666.5576131,1251308675.187255,FB577E9903
1251387146.70312,1251387155.114502,842F3EDBC0
1251317404.9143078,1251317412.097168,ED73869837
1251341227.914062,1251341234.990966,E800C8F492
1251341448.658201,1251341455.725586,FFEC7FF297
1251372267.7519572,1251372274.826172,3FC42352B9
1251372535.6787071,1251372542.763183,E81456959D
1251308578.237554,1251308587.93164,ADED514DB2
1251308595.8437512,1251308604.851562,B463E89390
1251317969.727054,1251317977.106445,CDBF6CDC35
1251335478.196285,1251335487.271484,FCBE2728D7
1251353053.7529328,1251353061.057861,942A0FE473
1251301997.322629,1251302005.137695,39428F0EFA
1251371696.067379,1251371704.285766,8A02B123C8
1251354762.86218,1251354770.323852,F5123CCA31
1251354904.567379,1251354912.977539,AB364AA75C
1251301189.702149,1251301197.80957,05371B69FB
1251319038.13281,1251319047.027832,9D9319F5B8
1251319117.7109408,1251319124.789062,9594C16D65
1251319277.3124971,1251319286.672851,857C19E35E
1251319798.590817,1251319806.96167,96E7E2031F
1251319913.4414022,1251319925.492187,079F147026
1251320108.4555678,1251320115.492187,6A33764F4D
1251320804.181882,1251320811.605713,80EEBE814C
1251321158.333981,1251321168.165039,4755682C1D
1251321512.981449,1251321520.485351,9D39F87CCA
1251321546.87109,1251321555.23291,187CF52558
1251321642.617185,1251321652.4375,6E9E6C6F40
1251321718.840818,1251321726.664062,9C6B300D7F
1251321802.337892,1251321810.914062,324A85F1AC
1251322173.395504,1251322180.707031,215EFA92FD
1251322191.88672,1251322201.375,8AC5B89817
1251322340.474609,1251322348.693359,8FA7AC9D37
1251322371.958742,1251322379.947021,291655550B
1251316622.729982,1251316631.279297,173AFB1B9B
1251309127.240235,1251309134.926757,8E2634EA9D
1251309167.533206,1251309175.913086,4F009D50FE
1251325234.259769,1251325242.329101,AEAFA4DD29
1251325269.807614,1251325279.024414,A4ED9F2249
1251325500.913081,1251325509.175903,F7F95F7C6F
1251325634.321285,1251325641.787109,BB8B97EC66
1251329702.9306638,1251329710.271484,CD717F33A0
1251329753.097654,1251329760.182129,19247F3AD8
1251304404.800538,1251304412.495117,FE38E0DBD1
1251338097.992193,1251338105.220703,26D11B30D2
1251338361.473634,1251338368.822265,73C889DB51
1251313588.177732,1251313595.356933,25994B6279
1251313623.75391,1251313631.201416,47EC41B8ED
1251362523.103519,1251362530.107055,D78C991B26
1251362633.969054,1251362643.617797,B88BEBD1DC
1251363928.644044,1251363936.724853,147197C292
1251309784.34375,1251309792.978515,B52A21A984
1251375527.90625,1251375537.459961,CB7E95F12E
1251361819.322266,1251361829.96289,BDF4743777
1251361878.70899,1251361886.238281,896A4F9FA4
1251361886.712891,1251361894.671386,02093B76E1
1251361925.999027,1251361934.664672,3E6DF5736A
1251306412.0244188,1251306419.792968,20A1592370
1251306770.4687471,1251306777.801757,27A8753FC6
1251317855.75464,1251317863.307617,023429EFEC
1251339964.0195272,1251339971.09375,070EED56C7
1251340152.8085968,1251340160.835937,186C8DEB44
1251329265.972043,1251329274.628418,6C7C628F13
1251353924.6796908,1251353933.543701,D192B970E9
1251358726.5,1251358734.246338,1E87AB7B49
1251358938.588622,1251358948.130859,464C82A682
1251382183.443358,1251382191.311523,07FC7DB6BC
1251305363.200685,1251305373.409179,616C5F9A32
1251305544.769534,1251305553.899414,A635A8926E
1251495550.949458,1251495558.53125,E968DD65CC
1251441653.3212862,1251441660.856445,E9DBFF6ABF
1251489162.460941,1251489169.600586,6AD8ED3B92
1251486785.931644,1251486793.93164,ABC64A2D3F
1251412893.125,1251412900.352295,B8A39EB809
1251494426.0664082,1251494436.41809,57C700B0FF
1251494845.40723,1251494854.194336,7287C3042A
1251494895.103519,1251494902.842529,B7E31050F9
1251446855.389646,1251446862.63916,F73419D4DC
1251446913.937009,1251446922.061523,6C2059C5BE
1251425441.874023,1251425452.350586,550FA51E8D
1251425520.809567,1251425528.365234,3A9177EE67
1251425779.4152792,1251425787.602539,8B0217E0CD
1251492328.9648468,1251492336.893554,BCD844EB07
1251421678.891598,1251421685.891601,D2A9057D89
1251488729.218265,1251488736.644531,3AE7098D64
1251483054.236327,1251483061.34375,42B32323E1
1251415781.236085,1251415789.0083,AD72EE16FA
1251483566.61939,1251483574.528808,37D39A95B3
1251483747.205081,1251483757.448059,855B474C26
1251416532.5205069,1251416540.044922,407C56CB76
1251416612.71484,1251416623.242187,518E3BBEFC
1251416786.603512,1251416793.742187,1A59BA4093
1251491397.008786,1251491405.353515,19FEA5C147
1251491438.9086292,1251491446.410644,DBB6929DBF
1251402194.664552,1251402201.75,A474552346
1251423569.03565,1251423576.192138,D4D09DDE9C
1251423843.5385768,1251423851.361328,804580CD8C
1251493794.714602,1251493801.763672,0041EA3ACB
1251493819.735352,1251493829.916504,A320FA88BC
1251493875.107422,1251493883.012695,8E22B2C4CF
1251430000.1491652,1251430008.265625,ACB2DBC3BA
1251430158.685543,1251430165.848877,2D42AD3E9F
1251430320.385255,1251430328.118652,4364F0BB27
1251485309.096677,1251485316.265625,63AAEE65F8
1251444628.938353,1251444636.085937,0C3714E730
1251460508.547851,1251460515.558105,F26F707C9F
1251490706.445316,1251490715.126464,E0D54D6EE3
1251490721.82812,1251490729.568115,A39BFFEE76
1251490836.864261,1251490844.877441,0112F78FEC
1251490882.765138,1251490890.522705,C0451F0F5C
1251490928.735845,1251490935.817382,273D45EBC0
1251495971.12695,1251495978.856445,37107973DC
1251496057.703125,1251496065.210937,534DB97753
1251497104.317386,1251497111.774902,79C3621F20
1251449212.625001,1251449221.84375,9E355069EC
1251400805.368284,1251400815.9375,BBC6DAD668
1251400853.829098,1251400863.484375,89602F0671
1251404624.338864,1251404635.1875,90325553E7
1251484996.7304718,1251485003.741211,8AC2BBC913
1251404560.375978,1251404572.467285,1F60DA1B99
1251402495.028323,1251402504.75,7DA783147F
1251424212.835385,1251424222.78125,A49A8AAAD8
1251424309.244144,1251424316.441406,F9558AD7A4
1251424382.121094,1251424389.526367,BC68741F8E
1251424492.359378,1251424499.552246,76F121E9E9
1251424664.001468,1251424671.144531,B81991E995
1251484539.663572,1251484546.833007,A0ACF30205
1251484672.3488748,1251484679.418945,1003357AA3
1251403608.020025,1251403615.265136,48EBA20913
1251427648.954595,1251427656.151367,1368B8976F
1251427779.461911,1251427786.61914,06F65E4FD5
1251402826.229492,1251402834.154785,57364140CB
1251403072.8018792,1251403080.056152,325350E932
1251401289.911985,1251401298.208984,8F8BD65960
1251400214.32227,1251400221.894043,A4E5ECE26F
1251400243.0170271,1251400250.809204,C7EF1A92EC
1251400445.110356,1251400452.228759,12F625849B
1251400547.8046908,1251400557.425781,2E84D4853A
1251400624.294918,1251400632.569336,69D744B519
1251436403.976562,1251436411.861328,3921C8EF23
1251487692.543945,1251487700.25,EE342FA0F4
1251487779.879879,1251487789.044922,2B3C60EF05
1251493523.257817,1251493532.610351,7FA78E6977
1251483988.561527,1251483995.623657,D489D95AE3
1251418081.58814,1251418089.632812,C6A7BBEF8C
1251418320.258785,1251418328.602539,27C3CD4361
1251490306.718507,1251490314.125,7092323135
1251490340.86133,1251490348.697265,5BBF4E4232
1251499201.167974,1251499208.505859,CABEFB084F
1251499220.962404,1251499227.995605,72BF32B19B
1251441805.75879,1251441815.30664,E1A9D5BE92
1251456856.167966,1251456863.564941,2D0DB5D459
1251457093.715329,1251457102.636718,F305A7EE1F
1251455185.391603,1251455193.285156,7AAFE30403
1251455378.1054702,1251455389.038208,6D34B1B6C2
1251455539.224122,1251455546.84375,11AF777947
1251455561.7734408,1251455571.638916,A82458EF6E
1251408426.171872,1251408436.466797,14C068B180
1251459961.7255812,1251459969.67163,D73DD8EC49
1251460231.289678,1251460239.271118,F41FB037D7
1251445719.681637,1251445729.577148,CD140CB7A6
1251407961.991215,1251407969.80664,00567EBC9E
1251420313.281245,1251420322.580444,5A1A46B3D8
1251432125.8916051,1251432134.830078,29C7B5E237
1251417420.220701,1251417427.752929,D34016518C
1251417621.16358,1251417629.519531,5FDA758537
1251456140.8474722,1251456149.953125,0962E8A3A4
1251491034.712404,1251491044.390625,2FD0A9478C
1251404174.145147,1251404182.173828,EFCF598AB7
1251411463.7429152,1251411471.78125,E7BAE950AB
1251431059.769534,1251431071.842773,9787698BD4
1251429846.591793,1251429854.374511,99529AC94D
1251496145.948247,1251496154.586425,2127E553FD
1251496717.84131,1251496725.568847,7D18A9AFBA
1251496745.8408248,1251496757.921875,C45CDD65A8
1251496765.895997,1251496774.540954,B565C3632C
1251461436.129639,1251461443.136718,365DD0C530
1251461576.528317,1251461583.851562,E86A072026
1251461645.916012,1251461653.089843,47090F17AB
1251462157.9619122,1251462166.130859,83CC5F0C83
1251462354.960934,1251462363.5,DBBC9349CA
1251462964.118165,1251462971.137695,5715B474CE
1251463265.2138698,1251463272.992248,D27BF57EA8
1251464136.774411,1251464144.144531,66BF4406AB
1251464449.530763,1251464456.562255,B18B4CC7E5
1251464519.6202369,1251464526.964843,FCB58A9DCC
1251464879.697269,1251464888.835937,D832411F54
1251464918.8994138,1251464927.332031,3018F1D03D
1251464969.843751,1251464979.120117,FF65A65A5B
1251465128.9375,1251465136.296264,961C8F9C92
1251465353.823241,1251465362.058593,50722ED2D1
1251467012.319332,1251467020.537109,BC2049A5FE
1251467553.195316,1251467563.700195,26E2C79D79
1251468641.476563,1251468652.324218,34BD69AA0A
1251469151.491215,1251469159.882812,1F5B258F90
1251469472.178706,1251469479.486816,A782A9BD79
1251470199.2793,1251470208.615722,0AB0250AA0
1251470763.585206,1251470771.339599,5098D7DE68
1251470827.2617218,1251470835.039062,D91719ACF1
1251471092.858396,1251471100.085449,105E0B56BC
1251471352.9130888,1251471360.519531,28AC445251
1251471409.058599,1251471416.271484,55DF3A12E6
1251471680.03516,1251471687.143554,3CAA0DC158
1251472305.278812,1251472312.510742,58C223D401
1251472784.1904268,1251472791.286621,F7C77E6762
1251472994.8701138,1251473001.978027,4F74883CE6
1251473179.070309,1251473186.431396,74F3CA7C2C
1251473391.864749,1251473399.46289,1C34298B81
1251473604.7851589,1251473612.073242,7CECAE8979
1251473666.8945332,1251473674.077148,FA2AE9D728
1251474468.2416978,1251474476.302734,7821CBA71D
1251475199.9775388,1251475207.385742,787DEFC38B
1251476351.94092,1251476359.773437,70131FB0C3
1251476500.4304152,1251476507.78125,4E76E51C66
1251476748.00684,1251476755.353027,B57FC5A67F
1251477890.979984,1251477898.188476,CB5798E4F6
1251478325.861325,1251478333.557617,CC451D99FF
1251478394.36719,1251478401.601562,27DC69878E
1251479300.3095698,1251479308.438476,BDF8D306B9
1251479440.646486,1251479448.321289,9CE2DE955B
1251479606.887203,1251479613.925781,6C98C0C953
1251479732.2651398,1251479740.976562,A417DCD1A6
1251479969.0624971,1251479976.318847,D84EB1F531
1251480241.234372,1251480249.376953,B611A3F322
1251480249.675783,1251480256.957519,77880EE4F7
1251480613.697262,1251480620.738281,F1D6487908
1251480950.950437,1251480959.073242,3FA1290494
1251480990.819335,1251480999.117187,76018DC6B3
1251481579.1679718,1251481587.60498,5EF095C279
1251481878.226568,1251481886.045898,0AB1D552A8
1251413655.429685,1251413667.945312,59F90B9B19
1251413711.694829,1251413719.176757,386E27CC6C
1251416042.50391,1251416049.544922,2B22CB067E
1251492036.540042,1251492044.412597,E02065128E
1251492148.508792,1251492155.612304,8C1B5723D5
1251500210.117677,1251500217.224121,071DA6DDA3
1251500322.71631,1251500331.682617,EA15EC2FA3
1251425347.5839849,1251425357.586914,123523C0E6
1251419846.416502,1251419853.491699,2A20D10D1E
1251420046.016605,1251420054.574218,A35FCEBA36
1251497522.351566,1251497531.492309,FB61C6ACCC
1251428700.0612812,1251428709.675781,9BA4D0D7F1
1251498303.008304,1251498310.611328,810A830FB4
1251498474.000005,1251498481.214843,C50998105B
1251416967.9248078,1251416974.954834,A9C22C282F
1251417036.484376,1251417043.844726,C8E876D08A
1251417071.1279328,1251417079.573486,DEF74C01CC
1251410063.556644,1251410072.407959,4617297E09
1251410208.7026322,1251410216.788086,D1CB8AE890
1251454693.671878,1251454704.496093,CE29349F36
1251458435.249024,1251458443.52832,4A02BF73B6
1251458828.000002,1251458836.197998,15A62F947D
1251458857.645999,1251458864.737793,311C245C52
1251416081.64649,1251416089.041992,585D901FD9
1251434240.361331,1251434248.19519,82857700E5
1251459005.50293,1251459014.46936,1FE580C6E7
1251405967.8369188,1251405975.080078,AF20028A57
1251426222.005369,1251426229.231933,70FE15B55C
1251426254.9599562,1251426263.235412,6E89892D47
1251426324.971682,1251426332.579101,EEB68D1CD7
1251459657.645996,1251459664.96643,293D27B55F
1251454776.086423,1251454784.062988,F33E35EF02
1251454935.125,1251454945.290527,17DD3F8A02
1251482329.323239,1251482337.295898,330218AFDA
1251439237.7880888,1251439246.65625,2422C32F1F
1251439250.5825188,1251439258.4375,244EFC5B92
1251439544.662357,1251439553.11145,FEA6F1B41C
1251439576.62549,1251439583.853271,F54CDC4918
1251442848.180661,1251442855.519531,32090F933D
1251437776.9960911,1251437785.195312,A14E919C70
1251423426.902349,1251423434.818115,9DC0907CD4
1251423470.3300729,1251423478.237304,C9378BCB35
1251499618.978029,1251499628.014648,D1B2C42CCE
1251499763.683594,1251499776.766601,5349822281
1251411922.7763698,1251411930.333007,C261F1FF73
1251412006.84668,1251412016.3125,B388D2C9DF
1251412067.8398468,1251412074.986816,4BD7DE69DB
1251488247.935543,1251488255.160156,76F5827C2F
1251447378.4497108,1251447386.232422,C4D7BA7761
1251447494.071288,1251447503.990234,73E3C9F5A5
1251447527.498045,1251447535.122558,BECECF8E90
1251450544.7499971,1251450551.776367,1A5F8392C7
1251493188.218752,1251493200.489257,36E966B5A3
1251493303.456059,1251493310.856445,4F2C50FB90
1251430658.209722,1251430665.454101,607C048A30
1251430712.839483,1251430720.162597,297E54F8A0
1251430888.40234,1251430896.227539,D8922F85EB
1251430948.2724571,1251430956.547851,8F4584AE81
1251451314.067386,1251451321.180664,4B6ED678D8
1251442659.802737,1251442667.299804,814D906170
1251432190.273437,1251432198.667968,BDC9571219
1251432229.205075,1251432237.153808,697D281048
1251445189.7377949,1251445199.319213,D3FBDBBD2F
1251486048.576172,1251486057.702148,BB0746CD39
1251486153.464481,1251486161.890991,DCEEE9CD21
1251446014.7373078,1251446027.787597,EC373FC090
1251446148.847653,1251446158.060058,BD24767039
1251446436.129634,1251446444.674316,2FF173C029
1251429462.621097,1251429469.8479,D1210D9D98
1251414398.1201138,1251414405.597656,D1901B4131
1251414643.252927,1251414650.331054,15DB61A420
1251438808.8315458,1251438816.297851,93917667D4
1251418866.686525,1251418874.190429,0BD76C53D0
1251498045.8046908,1251498053.037109,CCBC1727F2
1251426913.001956,1251426921.964843,9EFA63E9C2
1251426951.813473,1251426960.164062,A9BD138D63
1251421933.34839,1251421940.977295,FC914D7272
1251489629.0742211,1251489637.236084,ACF1641E2D
1251489647.177739,1251489654.896484,B7736477FE
1251489871.5291772,1251489879.920898,95529C6450
1251412221.795162,1251412229.083252,80FE49FA5D
1251412276.494876,1251412283.760254,04877A5036
1251405614.871585,1251405622.565429,084D37D54E
1251405726.1220722,1251405733.733398,54E31EEA82
1251405782.001466,1251405790.227539,D875362F01
1251497738.83032,1251497746.213867,71BDBA37AF
1251406505.207281,1251406514.74707,77EE357C2D
1251408159.988775,1251408175.054199,C955459043
1251495183.035153,1251495191.543213,6106826B16
1251495402.890628,1251495410.413086,99AEA21DD3
1251495464.536137,1251495471.666504,6FE28DC330
1251410673.562495,1251410681.514648,5C5DB4E262
1251457762.135252,1251457770.857422,80B695F11F
1251457790.076169,1251457797.975097,F98292E704
1251449609.751463,1251449617.635742,E40A0B082F
1251551491.125,1251551498.272216,5A39F78803
1251551861.490232,1251551869.59375,1B3B815EE7
1251507613.633303,1251507621.838989,901A59EA6C
1251507722.625,1251507730.875976,882AEBBA06
1251519761.3505838,1251519768.443359,CD5935AE96
1251546015.9304209,1251546026.441833,052768D3F5
1251544254.269531,1251544261.363281,2447CB2527
1251541056.195309,1251541064.294433,1510044842
1251549193.572267,1251549202.825805,7F0444B945
1251509691.848878,1251509700.84082,02DC10EFDA
1251542605.197269,1251542612.879882,CF8C739833
1251527062.2680671,1251527069.392578,30B0D2B53B
1251518309.774905,1251518317.526367,9FFD92C1D1
1251508167.612306,1251508174.792968,92279E8F46
1251512766.177736,1251512775.21875,F8BE94F5E7
1251512885.219,1251512893.825195,ADD2F5ECE3
1251530651.4404328,1251530661.240722,09A1037DFF
1251542505.506348,1251542512.929687,92BDF440AD
1251544916.971676,1251544924.934082,B3F52687A7
1251529268.930668,1251529277.861694,E3472D9533
1251528501.348632,1251528508.351562,F67B8ED38A
1251526755.7607448,1251526763.648681,E11911878B
1251526943.199222,1251526952.68457,C9FD4F1579
1251550890.333987,1251550897.952148,E8886C1E6C
1251585650.2875988,1251585658.518188,9A88A0FF51
1251586109.0820282,1251586121.234375,18978AB423
1251586343.3730469,1251586351.765503,2B59D9DD66
1251586775.9462888,1251586783.938476,7C528F44C2
1251586805.329835,1251586812.472656,853A423127
1251587242.106448,1251587249.193359,D123FA9DDA
1251587293.96948,1251587301.123047,5AEB6E434D
1251587504.17969,1251587511.990234,C0D1854F4B
1251587582.452268,1251587591.540649,8248001C2D
1251587921.968076,1251587930.718994,3C43F44A81
1251587934.822263,1251587945.179687,116E29D737
1251588003.132814,1251588010.391357,2FE5E51D20
1251588072.0078158,1251588080.509765,DA1AC4C533
1251588313.0195282,1251588327.030273,C4F695E87C
1251588953.504886,1251588961.65625,F7C15F4949
1251589790.868654,1251589798.196289,DB38585161
1251590079.3164089,1251590092.793945,C08A412E1D
1251590189.692388,1251590200.638672,3739E8C420
1251590249.500981,1251590257.589721,F9A3DBB6C7
1251590410.532716,1251590418.832031,2F1626DD5A
1251590523.4140651,1251590530.720703,A51BD8D909
1251591212.234378,1251591220.05664,BE86E4634F
1251591282.125,1251591289.678222,EF491462D7
1251593230.089849,1251593237.124511,B6C6B52D4B
1251593643.6875,1251593652.502929,1C0FFCF10D
1251593873.025387,1251593880.547363,1287C36E9C
1251594093.7495072,1251594100.763672,8BE6B23985
1251594386.565549,1251594395.1333,451FA17C11
1251594698.954106,1251594705.969726,7B850DAE3F
1251595731.536129,1251595738.974609,C16649DA87
1251597264.0952148,1251597271.330078,3AFB9D56CF
1251597528.6972702,1251597536.856445,6F15459200
1251597835.046877,1251597843.260742,16F2E93C5C
1251598011.703122,1251598019.046875,D5F3A28366
1251598440.723146,1251598448.03125,A5450D9A72
1251599304.6899428,1251599314.646728,C0B8570F90
1251600255.288814,1251600263.828125,9B6A3065F3
1251600715.791998,1251600723.254882,D4F01428BB
1251600772.2832031,1251600780.716797,D63109C7B4
1251601157.099606,1251601164.359375,D882CFF8E8
1251601354.10156,1251601363.158203,DA70683009
1251601481.861083,1251601491.706543,7CA7AAD4B7
1251601617.590823,1251601625.020691,B4003B8920
1251601822.162106,1251601829.37207,7A05C77D6C
1251602039.905277,1251602050.021484,DE9754A777
1251602548.380795,1251602555.679931,1FC280AEEA
1251602939.961911,1251602949.30664,6D9D99EC72
1251604182.6542969,1251604190.498047,8A9B5B8904
1251605088.5,1251605095.864257,091EEE531C
1251607032.7216809,1251607039.90625,2799BB574E
1251607415.106447,1251607423.048828,135B971E44
1251522906.063481,1251522914.671386,3BF8C7E279
1251511725.946287,1251511733.015625,1CD0CE9A10
1251511920.313478,1251511928.187011,CB08F15B12
1251515504.084473,1251515511.765625,5676ABE1C0
1251511234.872313,1251511245.133789,A6EC252CBC
1251511343.530277,1251511353.723632,9066A42D76
1251553585.084962,1251553596.179687,EC523ED2AA
1251553605.5263698,1251553614.816406,8F771D4709
1251525935.294918,1251525942.807617,04FCEFE40C
1251552584.517087,1251552591.973632,760C299CC3
1251521665.891116,1251521673.654297,AEA6AA8E2F
1251539804.327152,1251539811.892578,1EDCCB1DD6
1251539191.145992,1251539199.136718,02CDCFE8F0
1251539452.343745,1251539462.209961,904B4E7213
1251543364.938477,1251543373.274902,39EE39F3CD
1251516234.592287,1251516242.46289,361A8602D3
1251529839.738775,1251529847.250976,989E9CC8EC
1251529950.2529309,1251529958.734741,9F8FA4F253
1251515816.829593,1251515828.78125,3EB47EAC78
1251508236.849606,1251508246.506836,B4BCA83CDC
1251508267.044317,1251508274.786621,79C62DAEE5
1251508355.991208,1251508363.149414,19FA549DED
1251540876.8007782,1251540885.740722,E555DF2E14
1251516994.761719,1251517002.398437,0B577991EC
1251538454.6640658,1251538462.265625,713A4E6461
1251528098.286863,1251528106.361206,0E438335B3
1251529345.201175,1251529352.507812,0C1362AD53
1251550226.595706,1251550233.830566,760A41775E
1251523733.5676248,1251523743.044922,3D5CE5AEF7
1251523913.287106,1251523921.90625,7A3591AC51
1251531188.906246,1251531196.375976,3A28D3A74C
1251538654.107425,1251538661.627441,3E5F57D61C
1251538777.4916952,1251538786.104492,8F5129638A
1251538786.1054718,1251538794.687988,9C0138DF7F
1251538911.390622,1251538921.860351,84FCE3E293
1251519975.323245,1251519982.3833,83C20316A9
1251526135.147336,1251526142.811279,01BA853D44
1251517525.630614,1251517539.761718,8E297EA6D5
1251510339.3330078,1251510346.833984,4AB77CCAA1
1251629864.949222,1251629873.163086,BDD7ECC95B
1251671418.7334,1251671426.019531,F644743A11
1251683895.0468771,1251683902.182617,8E19333E03
1251613560.0537062,1251613567.574218,B9EAA8389F
1251639414.369142,1251639421.845214,8858C76A34
1251612508.117192,1251612516.425781,9426717907
1251681577.456544,1251681585.333007,733B6D55A6
1251645963.3447251,1251645970.492187,28BD03C8D9
1251633977.38696,1251633985.10498,D2FDC3D945
1251633991.294925,1251634000.289062,907C4B8F28
1251654542.6552691,1251654550.769531,C444003FA1
1251656367.091792,1251656374.647949,041516579F
1251656434.763669,1251656444.386718,CEA7A8849A
1251656740.078122,1251656748.666015,16A8AA00E3
1251656862.3857388,1251656870.446289,E4DEDF0495
1251691183.630858,1251691191.172363,1FD0098EC3
1251615253.327208,1251615261.095703,7D0E12D8B5
1251640364.6926222,1251640371.947754,5D97C479D5
1251652516.543453,1251652524.96875,236FA524F5
1251652598.43775,1251652606.072265,7BD6771110
1251659430.515625,1251659439.849121,BCCC373C8B
1251659556.630861,1251659564.427734,C48F26C1D2
1251616302.732425,1251616310.807617,691EDC9A18
1251633274.710935,1251633283.322265,785324B9C0
1251656929.662112,1251656936.961914,9DEB438DE6
1251656953.31836,1251656961.364868,2F531DDC6B
1251653770.498044,1251653777.941406,70F507D0FF
1251653904.160153,1251653912.222656,22A6A26998
1251609875.98438,1251609885.079101,6844F8FE8E
1251656192.706544,1251656199.875,933CE3F83C
1251693256.001956,1251693263.458007,C11881C48A
1251644452.361332,1251644459.914062,99E0A02D78
1251644794.529301,1251644802.422363,17196F039E
1251608966.8154328,1251608975.506347,55F3C6A1DB
1251609193.167972,1251609203.257324,FC7A89A225
1251618150.298823,1251618157.582031,1B820CFF25
1251657044.071292,1251657051.264648,FA453CC575
1251657190.6640608,1251657197.982422,7D1CF2612D
1251683107.422854,1251683119.70581,7E5C5BD52C
1251610787.35059,1251610795.592773,43C99513FE
1251621680.615231,1251621688.924316,FAD93025E7
1251621807.9125988,1251621815.256591,FD99237BA6
1251621960.460938,1251621969.322265,AEC8B45A95
1251621977.266605,1251621985.671386,FBE5195EBE
1251621028.451906,1251621037.491211,7E0990D421
1251629154.6167018,1251629161.768554,CC30E8AF71
1251618851.849606,1251618860.177246,9D7D9F6C08
1251696249.639651,1251696257.005859,228459431B
1251638225.233402,1251638233.423828,E828311DDA
1251609504.93555,1251609513.329345,B2670DFFD9
1251611371.335934,1251611378.707031,3AD1899BA2
1251628020.642575,1251628027.942871,3717DD65A7
1251628048.860355,1251628056.418945,ADCAEDBEB0
1251635910.969724,1251635919.33789,E27A6EF9D4
1251642108.520511,1251642116.106445,470F5C6D3B
1251631491.873164,1251631500.721679,473F2BA9B5
1251631919.1374469,1251631926.595703,AE56C76CF0
1251691764.261719,1251691771.67041,59346E134D
1251654858.1088822,1251654866.239502,E5EC06D102
1251655157.6328158,1251655167.202758,439DD41B0D
1251684714.358402,1251684721.570312,33FDACB462
1251645651.901364,1251645659.6875,C9725DD1C6
1251645397.98682,1251645405.427734,0D0FECEDCC
1251620412.273434,1251620423.341797,A9B7E12700
1251619951.448238,1251619958.648437,F5BEE4A1DA
1251640722.878904,1251640730.919922,440C018F22
1251630755.63916,1251630763.394531,3572634D4C
1251630856.4453158,1251630863.505371,D0C1A3A848
1251626358.5625,1251626366.9458,99FE2082CC
1251626530.912106,1251626538.297851,6B4193437C
1251616521.044925,1251616528.567382,507D8E4369
1251658214.0605469,1251658221.603515,B3BB50CFA0
1251636538.673828,1251636546.120849,74570AB803
1251686813.29736,1251686820.688476,0667F643A2
1251611240.2654982,1251611248.72705,CE40658BF3
1251621318.773441,1251621325.788086,53B36F2E74
1251652209.410156,1251652216.533203,078CD2906E
1251650190.022954,1251650197.037109,2FF01F456A
1251655605.256835,1251655612.453735,08B31FA387
1251655817.5214849,1251655824.821289,81748F7F11
1251655841.683597,1251655849.986328,95C680339A
1251612269.6835911,1251612277.537109,552A912F8D
1251612299.8832972,1251612308.258789,EB16ADDF6A
1251612336.466797,1251612343.745117,DCF69900E0
1251612407.744137,1251612415.541992,BB3A1A8478
1251681261.39062,1251681268.428344,35ED92AAAB
1251681395.5042698,1251681403.875,023CD11C47
1251685834.776373,1251685842.595703,EDDCBF89AB
1251660237.291012,1251660244.616943,3F84F2A909
1251660424.835934,1251660431.957031,6A9FBFCCD3
1251607797.1210968,1251607805.446045,8E7A2436D8
1251689023.131834,1251689030.795654,EF87AECFA0
1251718842.651372,1251718850.596679,DEF68885CA
1251757526.364747,1251757533.575927,5AA44541B3
1251757547.550781,1251757554.611572,727FCFA427
1251717974.5468771,1251717982.424804,F809417A5F
1251781442.14081,1251781449.828125,890E1396A8
1251784117.484378,1251784125.071777,614AFED7BD
1251782357.939572,1251782365.210937,7AAC9C3158
1251782663.186519,1251782673.334961,B11A588342
1251773928.370117,1251773936.02771,79C7CCAD10
1251727875.894781,1251727883.968139,4B4335C771
1251777511.725586,1251777518.90332,DB63F67893
1251792869.755862,1251792877.894531,F2FE50D75E
1251713786.0039072,1251713793.507324,B99B9AFB5B
1251725410.74609,1251725418.103027,EE198723B6
1251725514.5380888,1251725522.867187,3C2A5BCFD3
1251713997.6328142,1251714005.084716,EA6DF1F38B
1251716122.063475,1251716129.524414,1523E9F586
1251791850.083007,1251791857.771484,E4EF3F7C9D
1251799326.644536,1251799333.762695,F37FE17D8D
1251757817.055659,1251757825.682617,35F80AB110
1251725076.207525,1251725084.897461,1190FFB0DD
1251727246.7207,1251727254.768554,CABABFA8A6
1251780356.557374,1251780364.279297,E6F877E925
1251797461.928712,1251797469.519043,DB88AAEAF6
1251786885.3877,1251786893.195312,20F33126FE
1251751173.331056,1251751186.766845,24C53127F1
1251784955.556155,1251784962.743164,1BE06DFEEA
1251714798.029783,1251714806.417968,545E84EE15
1251711425.654295,1251711433.126953,B37E468F0F
1251703702.456544,1251703713.534546,0CCF84CAB5
1251715548.162961,1251715556.0,B2AF33FE5D
1251715772.646481,1251715779.685424,BEE9E75656
1251715809.189939,1251715816.778808,93FB9D7BC9
1251716736.58399,1251716744.447265,6003F2CAE7
1251791220.483458,1251791228.362854,3ECCB7D2F9
1251704581.079107,1251704588.708007,6403B1CD31
1251783634.239139,1251783642.803711,43F45FCA8A
1251757767.637205,1251757778.146728,6B436B14D9
1251725168.623043,1251725182.557617,D4640EFFFC
1251725246.164554,1251725253.589843,33849345DD
1251725267.3242218,1251725274.519287,D01AEC7178
1251704934.398804,1251704942.234375,57A78B3931
1251785280.557614,1251785289.625,F16FA68F06
1251752153.581056,1251752161.138672,3D5CADA0F9
1251756810.422971,1251756822.238281,CFB7008A19
1251756857.407714,1251756865.640625,2D49937D14
1251756900.152342,1251756909.277343,C72EEAB8F7
1251757005.3945322,1251757016.998047,475C2210F9
1251792452.464848,1251792459.709961,C28D9514B1
1251703170.9599638,1251703179.885498,2DB0763E0F
1251703197.231205,1251703204.541748,F62DAA5539
1251778120.598147,1251778129.980468,638C496111
1251788318.271482,1251788325.470703,7DDA941C2B
1251804125.635258,1251804133.054443,D1EA9AC9E5
1251825574.8901322,1251825581.908203,3BBC4FDB05
1251878994.032231,1251879001.243164,AC31AC45DE
1251879153.635744,1251879163.938964,A41D548E1D
1251867133.369137,1251867141.251953,71AF7F41B6
1251850667.335937,1251850674.414062,A62F3E2477
1251834481.3251991,1251834488.904052,EF0E306964
1251828761.08984,1251828769.453125,90EA965BA7
1251863520.865232,1251863528.629638,7DA96A9DB0
1251828409.4643571,1251828417.90625,C9A2F79617
1251884239.897461,1251884247.691406,8CBFBBB7CF
1251829408.7568371,1251829415.8125,4B68AA5F8E
1251805925.927737,1251805933.203125,59927E0A84
1251819448.167972,1251819457.256591,2C85A0CF58
1251863124.041019,1251863132.40332,E63760F08B
1251889050.880856,1251889059.007812,06CA34990A
1251801517.924801,1251801525.429199,067C1A5A3F
1251871932.458009,1251871940.039062,5FF2267077
1251821815.89063,1251821823.123047,8D0B7A059A
1251826340.018312,1251826347.562988,433EF6CDB1
1251802753.2507348,1251802762.100341,C24D38E846
1251839063.970698,1251839072.130859,325ECF639A
1251837416.264652,1251837423.488281,DA7E6B4503
1251837521.9355478,1251837529.864868,3C269DFBD3
1251806091.260738,1251806099.208252,6413A956D3
1251806555.556886,1251806565.459961,F992C2E779
1251831483.560544,1251831491.577636,019E71E293
1251842431.18164,1251842439.121582,FFFBFFAF9C
1251825026.0,1251825033.369629,D6961D0F5D
1251896842.6269531,1251896849.691406,0DDC7ACBCE
1251867690.5966828,1251867697.604492,A858D4D235
1251868093.484378,1251868103.116211,E881631A0E
1251865243.309567,1251865250.763672,938336B791
1251830971.2812529,1251830978.576172,F91CF91CB8
1251871248.5,1251871256.15625,F064968101
1251840765.333981,1251840776.90039,3620C9E1A8
1251827933.054687,1251827940.655761,6BD9654D9C
1251828021.16406,1251828028.682617,9C75B54DFD
1251841123.746583,1251841130.836547,0D43F07DDF
1251841155.960942,1251841163.522461,21F6D04C01
1251811257.748533,1251811264.797363,CBB118376D
1251824451.846679,1251824459.77832,59CF74FD88
1251824830.7812529,1251824837.788086,E0EF3712CA
1251899389.715817,1251899396.84375,F7D29A76B4
1251839427.082035,1251839435.819824,AE59A1C004
1251836154.208988,1251836161.874023,3C8547785D
1251894533.7792969,1251894542.5625,C73B898F32
1251856845.333499,1251856853.051757,C7A8399F8D
1251823882.6894538,1251823890.479004,7374F5B325
1251840003.571286,1251840011.266601,8AAC215BA5
1251840425.492191,1251840432.595703,B2D7782B6E
1251830094.708986,1251830101.859375,D28EE90E53
1251897265.9501972,1251897274.845214,46BAF440FD
1251872420.291019,1251872428.500488,DF044C1FDC
1251850023.675778,1251850031.102783,0C82B3D13F
1251874802.831541,1251874812.746093,6251459B5D
1251854107.962887,1251854115.004394,AFD84C7408
1251836481.853521,1251836489.0,D59B2054B6
1251862846.044432,1251862853.425781,BC34BE43E5
1251820164.643192,1251820172.113281,2A3978E0F5
1251838099.1923828,1251838106.206543,CC9BD184DA
1251889835.463864,1251889842.634033,8051D2F5D6
1251823329.9052749,1251823336.91748,724A371091
1251823512.4653358,1251823519.764648,1AB9E88C6F
1251891967.867192,1251891975.475341,EBBDB93BE0
1251809826.162601,1251809833.20581,53E2177CEC
1251848193.242184,1251848200.932617,BA6100ACFE
1251855128.071781,1251855135.646606,67333DD86F
1251899982.422366,1251899990.575683,97FFBC9AA1
1251837147.478512,1251837154.523437,BF6224588C
1251897131.469724,1251897138.769531,CFCB4DE30D
1251807476.630859,1251807483.638183,BA3492A8A3
1251849572.82422,1251849580.551757,C2F1B019BF
1251883049.625,1251883057.393554,2F6F0BBAFC
1251883226.797848,1251883233.852539,470D9086C3
1251877914.3398468,1251877921.567382,4D7CA1BA97
1251852414.255861,1251852421.38623,F88E4D3FDB
1251808589.6225631,1251808597.139648,4BE650B080
1251868273.470707,1251868282.198486,5831EBCC94
1251816981.023441,1251816988.141601,BFCA967EBD
1251896482.3486328,1251896491.117187,985AF4E2E4
1251886974.475829,1251886982.363281,74F17C37CB
1251817487.391605,1251817494.53125,3026D6ED51
1251864166.68994,1251864175.049194,16D3DAA993
1251855749.7558591,1251855758.374023,2C16207976
1251855826.504886,1251855834.855224,57400988CE
1251876167.357542,1251876174.808593,F9CAAB8306
1251989640.697269,1251989648.168945,99BBA69039
1251989911.189453,1251989920.080505,F89471A318
1251932864.544919,1251932872.439453,9929186C43
1251936523.332033,1251936531.772949,AE5645AB80
1251916110.939448,1251916119.777343,F9A695CB15
1251916119.778323,1251916126.865722,10DEC41C0B
1251950966.9169888,1251950975.659179,2022EF9BE0
1251981201.0061011,1251981208.111328,039F4DB130
1251981281.10059,1251981289.037109,F232693AE0
1251920568.341793,1251920575.557617,0171722B2A
1251992531.8125029,1251992539.402343,92A584DFAF
1251948565.3486362,1251948574.68457,71A721354B
1251945686.40625,1251945694.031738,095738FD1A
1251973633.532229,1251973641.344726,1F9F558CEE
1251990767.895019,1251990774.964843,8F71FF8BAD
1251990834.74219,1251990842.884521,1CAEEBF031
1251926337.9304152,1251926345.455566,50CED3B1AE
1251923154.7204602,1251923162.270996,0E6BE730E8
1251923168.832034,1251923176.125,684B47DDA4
1251909569.818362,1251909579.389892,9D8E1A2186
1251938235.505863,1251938246.605468,F951506E00
1251938451.308597,1251938458.553711,F1F0F69947
1251916626.553836,1251916634.171142,D8F23707F6
1251910903.367184,1251910910.511718,4EDA00DD1A
1251940626.384763,1251940635.09375,667319FF93
1251975366.462894,1251975373.539062,B25543B0D2
1251936378.178713,1251936385.551757,E15EE9F35B
1251977588.26855,1251977596.773437,946A72D5C1
1251977783.524662,1251977790.847046,4A924D44AC
1251978059.481442,1251978067.834961,6F9336C9AA
1251962484.093752,1251962491.99707,1B48FF7DA7
1251962565.55859,1251962574.360351,54F6661A74
1251945066.3935578,1251945074.489257,46679F2FB9
1251908997.08594,1251909005.18457,C0412CFD2A
1251995678.777836,1251995686.571045,61D51F6A63
1251923331.318357,1251923339.236328,9C6F9CC460
1251917690.3964891,1251917697.59375,7A42ECEEC2
1251926692.6831088,1251926699.95166,129F86B62A
1251924835.514644,1251924842.98291,331D411C1B
1251925346.648434,1251925353.720703,B6C22CBC7F
1251959911.341797,1251959919.390136,75C1D28A30
1251959969.6191378,1251959976.785156,F28FD366F1
1251990245.8876948,1251990253.911865,AC1BDF7290
1251907905.267335,1251907912.286132,F9442D6C2E
1251933420.814456,1251933428.77539,B8E5D567D8
1251996904.03027,1251996911.926269,5CA41BC7E3
1251997023.15723,1251997031.835449,9E2751A149
1251997285.955075,1251997295.030761,04937CE9E8
1251930794.780277,1251930801.825195,6C56496771
1251908366.317386,1251908376.496093,700EDCFCE2
1251908457.537602,1251908465.25,768D07AEFB
1251906209.0068312,1251906217.177978,2A1B8767F5
1251906478.607913,1251906486.923095,F2FF9B8432
1251968824.75,1251968832.169922,11DBE8D50A
1251988048.150387,1251988055.330078,6ABD31D850
1251909735.962894,1251909744.636535,10868D46F0
1251909788.323976,1251909795.435058,8D936AEF11
1251982955.5654309,1251982963.303222,94076C1505
1251998439.4160132,1251998446.861816,10488A7AA0
1251998515.50195,1251998522.562988,F26C8C4904
1251945980.812501,1251945989.046997,D31D95E81C
1251936749.39941,1251936757.432251,C662122B00
1251958871.927732,1251958879.561523,077B85842C
1251959009.119141,1251959016.228515,09BD29BEF4
1251918600.5,1251918607.765625,4CF9813A1C
1251918940.327152,1251918948.515136,AF9B46C2E3
1251944184.998043,1251944192.490722,EF69DB273D
1251952715.719241,1251952723.083984,D9E7D659CB
1251926050.7246108,1251926057.8125,D796B1D4EB
1251915542.8144572,1251915549.820312,B1341E156B
1251944875.417965,1251944882.965332,B1F2C016F6
1251968695.914792,1251968704.277343,A15195A8DA
1251934522.354982,1251934529.675781,928956C1E4
1251934704.7871091,1251934712.313964,678529BD9F
1251912727.318356,1251912735.24707,DCDE2891F5
1251944303.2187529,1251944310.696289,6AB58FE654
1251987231.893554,1251987238.955078,833895D100
1251987399.821288,1251987407.171875,2696CC146D
1251925688.31543,1251925699.458007,8250C48BE5
1251925827.275391,1251925835.705078,88D02E7A67
1251974656.516971,1251974663.61914,CBA740703F
1251912320.560059,1251912328.756225,42F201D668
1251956790.201292,1251956797.599609,5DE5570D11
1251957000.482417,1251957007.901367,801EFA1057
1251918271.402344,1251918279.315429,C9E897AE0B
1251918290.984378,1251918298.126953,F60F909424
1251982219.476568,1251982227.451172,58ADED245C
1251993432.341795,1251993440.239257,B96F9C34D4
1251923838.259762,1251923845.360351,B09C95A1BD
1251947234.80078,1251947242.437988,E96654F7D9
1251992795.076172,1251992802.658691,790E47F69F
1251915646.4335911,1251915656.476562,3410E20F3B
1251915870.2499971,1251915878.516113,A7DCB83F18
1251910229.733402,1251910236.866821,2DD6799F7B
1251962176.842777,1251962184.529297,6B4199F4F6
1251993808.459473,1251993815.645996,05429D7645
1251969526.27588,1251969534.012695,15BBF0B757
1251969715.1796908,1251969723.790039,065B389C65
1251953013.351567,1251953021.205078,B236BF2739
1251953055.033941,1251953062.776367,51E106E64B
1251924431.2744122,1251924439.200683,0CF7D1CAD2
1251924779.162357,1251924786.798828,E8D615A142
1251988165.177736,1251988172.515625,B88A319EAE
1251986763.010251,1251986770.432129,451D685B4A
1251937724.692387,1251937732.952148,0A4D9C2CF3
1251958223.4882782,1251958233.072265,C716DE293A
1251929995.02979,1251930002.52417,168C687355
1251986660.857418,1251986668.546875,17679B4E30
1251935590.207031,1251935597.84375,923D85254A
1251935964.2841768,1251935971.724609,96FEA23EF5
1251953683.145625,1251953691.5,C6BE8A4B00
1251994393.437504,1251994401.618164,70AFDC6BE2
1251953221.875494,1251953228.951538,C73A9F5275
1251938831.585938,1251938839.551757,538D9C601E
1251938936.5913062,1251938944.533203,BE78BA9D57
1251988935.4999971,1251988942.502929,5B8ECE80A2
1251988947.367186,1251988954.371093,555F773DD1
1251989162.564455,1251989172.738281,EAAFC31CBA
1251903877.344484,1251903885.996582,B1A271D322
1251999771.687501,1251999779.101074,C71D94DEB5
1251951645.653323,1251951652.994629,B558FF9116
1251951954.5087888,1251951962.441406,301A22D9EC
1251966862.708981,1251966870.029785,C8833D89CB
1251923447.4081988,1251923454.4375,1CEBCD6897
1251906657.693359,1251906665.273925,34FA297EA7
1251978465.875,1251978472.876953,582E77B968
1251927361.157224,1251927370.467773,2ED1BEC5F5
1251927506.5664032,1251927515.686523,069D711AE2
1251911947.104494,1251911954.819091,4A7338C959
1251980650.465818,1251980659.60913,0978303E42
1251966398.62842,1251966407.297851,C3DA968024
1251966443.24707,1251966450.578125,25AE59EB7A
1251960254.827146,1251960263.072265,3BBE3F4175
1251928446.178709,1251928453.678711,0E9352517F
1251934918.741215,1251934925.966797,87F43BF5A6
1251950517.463864,1251950525.116211,35E506DA6C
1251950770.038086,1251950777.162292,1FA8620A5A
1251994942.582034,1251994949.644653,3FE9C1BC91
1251919607.21204,1251919615.61853,EFC228C06A
1251958592.956052,1251958600.738769,66B803B933
1251902863.154293,1251902873.984375,D8BB54E724
1251912892.850583,1251912901.18164,596B51DD55
1251913014.359375,1251913021.382324,E4C37E4983
1251914569.616452,1251914578.493896,8A73324C31
1251914636.800294,1251914643.860107,22D1F57573
1251914704.4218771,1251914713.708984,43A52F7CBF
1251927913.936527,1251927921.694824,19BFE2439E
1251939350.671388,1251939358.375,B30DBFC400
1251949823.430181,1251949831.878906,EC614A51B1
1251949871.571291,1251949879.11914,B9FEE16CF6
1251950141.1318388,1251950150.311523,7AB2F4DDF6
1251943621.212896,1251943630.128906,E90492F93A
1251948158.7617218,1251948166.014892,5AB4E5E2CA
1251972659.953128,1251972667.080078,A1E60E4FDE
1251952093.342777,1251952101.763672,D1B6E08723
1251961115.0919142,1251961123.302246,9BD703A035
1251900234.739254,1251900242.261718,DA2009942A
1252025533.765628,1252025548.270507,BC8978DD4D
1252014084.718753,1252014093.072265,8BDEBCA2B8
1252084121.982418,1252084130.850097,EC7131B39E
1252061398.3510702,1252061406.657226,BC2AAFBECA
1252061652.9609408,1252061661.451172,EE2E826553
1252061883.760739,1252061891.120971,C6303F0C81
1252061967.17334,1252061974.9375,2868FAAC8A
1252026024.291499,1252026031.614257,52EDE7B7CB
1252026330.9453158,1252026339.073242,D7F6CC4D96
1252026347.189208,1252026356.201172,D5C04222B8
1252037180.3549762,1252037188.011718,0B0FC58305
1252037279.4130888,1252037288.59082,16C3BE510D
1252064356.6210968,1252064363.698242,7642A34230
1252067844.111326,1252067851.721069,5849678D8C
1252070965.855466,1252070973.80957,8B765CFD5A
1252084249.201172,1252084256.498474,FE63B0EC63
1252020363.1401322,1252020370.504882,CA3019BC7C
1252081519.931644,1252081527.501953,ECA90FD27A
1252081698.484623,1252081707.242187,B089A2FE63
1252014236.2451131,1252014243.76416,1BEC21AAFF
1252014288.532718,1252014297.131347,8F2F14E408
1252014415.374027,1252014423.450195,5D616DF1F6
1252028044.9179711,1252028051.967285,E55E322F79
1252098920.208981,1252098927.970703,0BF48C2BE8
1252056875.545592,1252056884.089843,69AB6EC998
1252052631.832031,1252052639.61914,5168AE1AC2
1252054097.843511,1252054104.845703,E8BC121606
1252054117.675291,1252054125.515136,AED113CEAB
1252027724.281249,1252027732.534912,5C41FA3486
1252078186.644533,1252078194.987304,108BC10222
1252095275.795902,1252095283.112304,3A17EAB01D
1252027540.634279,1252027548.583007,93D6B0ADC8
1252030340.945314,1252030348.709472,B202F10DD9
1252096984.75391,1252096991.880859,2F8F9954FF
1252033634.251953,1252033642.041992,F92F2C6446
1252023549.496952,1252023561.452514,F1D67B19D5
1252010667.898438,1252010675.104492,822C55ED40
1252061000.125,1252061007.608398,D58BB413A5
1252052371.9179718,1252052380.15039,66DE8968CF
1252062545.543948,1252062552.574218,C166777B3F
1252087239.254392,1252087246.959961,153F3B45FD
1252056033.915036,1252056042.423339,E4DD4B0E3D
1252000687.929685,1252000694.953125,87EFAD4EC7
1252000857.737301,1252000864.873535,6E2DA040F7
1252013421.842285,1252013429.487304,5C6901944D
1252013546.021487,1252013555.273437,BB2CB4E2CF
1252035636.098636,1252035643.507812,42AB08FCC7
1252035733.8232448,1252035741.548828,325C9C27EC
1252041161.970462,1252041169.534179,DC0BA62B44
1252059634.96777,1252059642.690429,8E96A06D63
1252046713.852535,1252046722.865234,BA5AFC3801
1252019865.62598,1252019873.960693,8AB54FB7F9
1252019943.537112,1252019950.71582,714EAEEEBD
1252083911.917482,1252083919.325195,0D24A4B89C
1252083923.345706,1252083930.77539,209857B49C
1252068490.50903,1252068498.256836,5A2EE9ED97
1252098582.535157,1252098590.648437,BC8A2ECE4E
1252065864.58984,1252065872.582519,4D3FD7C188
1252089928.072023,1252089935.719482,8570A87F0B
1252086580.456788,1252086588.265625,5F0377450A
1252098225.814454,1252098232.981933,0189E8426F
1252098314.5625,1252098321.741211,31555C54CB
1252043724.731446,1252043731.882812,EF5F92613C
1252022119.289312,1252022126.608398,97947E529A
1252051453.7548828,1252051462.264648,CDFDD201F4
1252046960.068356,1252046967.647705,E6EBB6EFAA
1252006027.040036,1252006034.110839,C5C4706B60
1252021346.923701,1252021354.716308,BFCFF1A350
1252074558.437499,1252074567.117675,D9C86D5600
1252025108.779787,1252025117.334961,C22D8E8BC8
1252090284.862309,1252090292.066406,0C81E331D8
1252071897.072262,1252071904.988281,AA4AF75EA9
1252014748.575194,1252014758.041015,BC14DF4003
1252014768.020993,1252014776.516601,28314968E1
1252031761.1835968,1252031768.300781,E92C4352C6
1252032057.090453,1252032064.638672,A641B8B8B6
1252032125.43799,1252032132.647461,EDDA989628
1252092810.339839,1252092818.952392,3BB18636FD
1252092902.063477,1252092910.794922,F6A0771073
1252093685.037115,1252093692.956543,BEB25308E6
1252041803.726566,1252041811.203125,962EC75311
1252001738.183597,1252001746.405761,351F723FC8
1252001883.988282,1252001891.240234,5A132FF422
1252049283.052247,1252049290.055664,254155671B
1252049357.1438,1252049365.064453,537DD9947C
1252080294.8417938,1252080305.319336,F6344BBB4C
1252061213.953121,1252061223.331909,40014E8646
1252061257.056644,1252061264.658203,CC8F2D2FFB
1252013736.75,1252013745.066894,AB535697FE
1252002662.677731,1252002670.083007,8D052C4E58
1252036457.271241,1252036465.503906,53D2DCE4C1
1252036770.295902,1252036777.980957,B22FDCB761
1252025278.241207,1252025285.435547,07D0ED4444
1252025329.2187529,1252025337.296875,35D23827A7
1252005016.287843,1252005024.154297,1CB66C1457
1252032601.523439,1252032610.077148,AC5FFB83F7
1252047842.5280142,1252047853.274414,B8CA6DF794
1252085756.5761771,1252085763.765869,2245A2D112
1252094413.31152,1252094420.756347,E5C1D30ABA
1252073021.879888,1252073029.046875,D534CD9E3D
1252029967.273069,1252029974.292724,3CB3278FBF
1252030168.13281,1252030176.327148,39C5B07299
1252030225.7832,1252030233.289062,E535B436DD
1252034503.8337362,1252034511.353027,62F6BA6413
1252054439.064939,1252054447.210937,53EC11A13C
1252054541.7373078,1252054548.851562,25EC0128F4
1252019353.846187,1252019361.296142,4A1BF99525
1252005445.099856,1252005453.589843,F1261707D7
1252005674.12988,1252005681.28125,F9124DF6B8
1252086465.7460978,1252086473.309082,B3F55B06C8
1252028402.965336,1252028411.409179,5AEB20E7F0
1252024452.299928,1252024459.854126,76F541D3EE
1252042318.720705,1252042326.522461,4E66ECA2AF
1252063210.976559,1252063218.693359,DA12B962B9
1252063401.84473,1252063409.65039,1C612EBF14
1252064713.7250938,1252064720.786621,434C6BF09C
1252064862.99902,1252064870.344726,A9D4A1575B
1252009224.710942,1252009235.114257,E4749D48C0
1252049179.125,1252049186.885742,3BAA6D122F
1252084807.251468,1252084815.46875,6A7CCCD23E
1252060749.519532,1252060756.608398,7790FB5943
1252028929.176641,1252028936.573242,A2ABCC78C0
1252029081.5742218,1252029089.75,E7FB7F1251
1252041497.630369,1252041505.458984,CC2419203F
1252041713.009038,1252041721.178711,0C3EAFA790
1252097632.391605,1252097641.667968,31C7322F45
1252044557.541994,1252044565.638672,12BA8C554C
1252072351.375,1252072360.908203,F7511FA143
1252072443.261838,1252072451.36914,30E6F253ED
1252072498.1309772,1252072505.686523,D136AAE64B
1252072781.32471,1252072788.458007,338A4CBC6D
1252095867.813108,1252095875.739257,93602417B4
1252095987.347658,1252095995.075195,98DA779297
1252009693.341797,1252009700.490234,EF8A9C7B34
1252006895.047855,1252006902.05664,00E13099E8
1252039901.214849,1252039909.05957,F8F5911119
1252089750.665044,1252089758.879882,CB4850F4CB
1252060177.290044,1252060184.394531,EE80892D29
1252018993.3056638,1252019000.602783,C9892A524C
1252082629.825196,1252082638.368225,7CE2132A50
1252082757.4287138,1252082765.49414,F349FC830A
1252082810.393192,1252082818.783447,D1C33DC1A1
1252023005.988283,1252023013.68164,6CFAF2C0B4
1252004133.6445289,1252004142.714843,189E3A57B2
1252085312.277344,1252085320.907226,7FD34257D6
1252032782.62647,1252032790.345703,85369B53F1
1252079711.050784,1252079719.334472,93FE7AE929
1252010783.687261,1252010791.496582,7BB0F708D7
1252017739.22266,1252017746.255859,736187BB49
1252018073.838867,1252018081.726562,85CD74C509
1252011857.2841828,1252011864.818115,F46A77B185
1252024134.815917,1252024142.88916,5F946F0F3B
1252092416.603512,1252092423.702636,0E23F0056D
1252051736.458005,1252051746.125976,771F18B1A7
1252073568.623537,1252073576.469726,61FEA41870
1252077389.355473,1252077396.769531,F3C50B2378
1252065009.835941,1252065017.134277,39FF77CD9B
1252067943.534176,1252067950.828125,913D290123
1252044125.234378,1252044134.917968,9B77813527
1252044241.8290992,1252044249.130127,C786BD4FC6
1252071336.317386,1252071346.15625,E541E28F1D
1252071440.1726031,1252071447.779297,D51C62E7C0
1252040502.50293,1252040509.849609,B69FF88DF9
1252012841.5068388,1252012849.179199,A8118E0940
1252013000.727536,1252013009.191406,8CE0A13B5A
1252088322.542972,1252088329.624023,A97A9BB524
1252067160.2456012,1252067167.570312,41B6CC26E7
1252003123.839839,1252003130.892578,2550975E78
1252087066.819826,1252087074.397461,E7CEE66EE5
1252039764.768551,1252039772.553711,CC86EEA149
1252003221.339847,1252003228.640625,11556636D6
1252003275.808597,1252003283.035156,C5FF153CA1
1252003341.678712,1252003352.043701,97B88DDECE
1252043081.221682,1252043088.258789,194FB23CE1
1252043150.458987,1252043157.891479,3EC2808F21
1252054686.075201,1252054693.347656,6AAF434470
1252054765.4101589,1252054773.24414,15C89ACC5F
1252127623.415042,1252127631.167968,4B2BCA9C97
1252100737.605226,1252100744.777832,33DD916E8A
1252122518.264648,1252122525.833496,B4C827A7AE
1252106759.811772,1252106768.721679,B38D71762B
1252106989.165037,1252106999.742675,D35EB4C749
1252106477.716793,1252106485.538086,3500001779
1252116326.558595,1252116334.022461,8FD13797E6
1252154745.954103,1252154754.477783,6E4AD906ED
1252119823.879879,1252119831.155273,A89874069C
1252118044.971196,1252118052.923828,6FA642C27A
1252118140.4121122,1252118148.226562,950956BCBD
1252118204.737306,1252118211.991211,E72F4F21A1
1252150520.934573,1252150528.866211,CD60207427
1252129196.84863,1252129205.247802,CC738453E9
1252129276.90918,1252129283.963379,0AEA74746A
1252139851.712887,1252139859.060547,74B8233AE1
1252139867.345707,1252139875.927734,5B3D9D2137
1252143953.5317378,1252143960.656738,92DAC61A04
1252152174.572267,1252152183.103515,CB852DEE8D
1252117029.362304,1252117036.724609,623AF45976
1252144389.397706,1252144396.424804,9E9D967A5C
1252144470.7191138,1252144477.909668,B1A0B59517
1252144627.987306,1252144635.658203,E070608E82
1252144795.7294948,1252144802.937011,3C36A1943F
1252130002.692383,1252130010.141845,3437E917C5
1252146817.170895,1252146824.632812,FE4467841C
1252151803.204102,1252151810.516723,E1085AA047
1252151955.316534,1252151963.165039,824D772FD6
1252104428.912106,1252104437.305664,4F17190AE4
1252125531.8681672,1252125539.5,9822ACD7D4
1252123395.456907,1252123402.6875,047358575A
1252114474.3876948,1252114481.887695,F05446303F
1252114732.18555,1252114741.628662,0E100A46DD
1252153361.239259,1252153368.552246,947627C62E
1252133774.715822,1252133783.571289,0A12568F2C
1252101435.169923,1252101442.352295,4658B39085
1252142753.52734,1252142766.638672,3D86653DC2
1252142864.859372,1252142872.64917,41196648AB
1252111213.373049,1252111221.253906,CB60F9C21D
1252128015.531491,1252128023.405761,356F32FE6C
1252128110.735838,1252128118.677734,B98545D823
1252128155.689456,1252128164.269531,3B0CB49E95
1252146004.023443,1252146011.747558,874860264F
1252127101.965328,1252127110.009765,37A2CE8DD3
1252127111.756837,1252127119.055664,9F948592C3
1252102584.673825,1252102592.976562,9F57E21354
1252124965.6943388,1252124972.892578,65B5E57616
1252115550.30371,1252115558.535034,69ED590476
1252118819.0859408,1252118826.418945,87FC098526
1252145838.489256,1252145845.996582,A1AB574E6D
1252151070.931644,1252151078.479004,DECA3EF52A
1252124551.116212,1252124558.740844,84691F4CCF
1252141655.753903,1252141662.816406,6317F39FE9
1252132084.118167,1252132091.260254,0F6B87918B
1252140536.967773,1252140546.299804,2658B221C2
1252140190.875973,1252140198.200927,5004CF8E23
1252183540.206542,1252183550.204101,758B56E4DF
1252183684.769536,1252183693.365234,4A00215A99
1252183788.308835,1252183795.480468,13F0AC5DB2
1252183893.546872,1252183903.447265,E7F6F79543
1252184039.2150831,1252184047.390625,9E03D7CDC0
1252143093.1113322,1252143100.75,750EE06F0D
1252135082.65625,1252135090.802734,6178EE626A
1252133256.2333992,1252133264.253662,28778ED2F6
1252105239.0576198,1252105246.601562,18A58FE795
1252124217.703741,1252124225.956054,72F2C09C02
1252157457.189456,1252157464.914062,7EDE98E153
1252157652.305661,1252157659.373047,5EA27D1061
1252108940.078128,1252108947.569336,23CCEBC5EB
1252103116.544918,1252103125.742187,5D0F9B5B8C
1252103177.298825,1252103184.936523,A93320DC0A
1252189477.191158,1252189485.664062,2E52374926
1252189685.316158,1252189692.971191,C7F97F8F59
1252190172.3574271,1252190179.866211,F6FEDC2CE9
1252190211.659183,1252190218.784179,A8ACB52F2D
1252191074.8505888,1252191085.180786,32D0129F60
1252191737.173704,1252191746.46875,F5F8DABDEB
1252191857.3674371,1252191865.455078,3643BBC708
1252191932.4152849,1252191941.177734,2CFBA004F1
1252192159.700323,1252192168.884765,798A625428
1252192541.3164089,1252192549.783203,16BBC933E3
1252192558.8520489,1252192570.08789,7CB9411AC3
1252192577.043942,1252192589.387329,880D365188
1252192756.790533,1252192764.580322,97C6DFEFDA
1252192782.853512,1252192790.168945,0C31FAAC44
1252192791.5293,1252192800.08667,76D57444AC
1252193027.353032,1252193041.585937,64C9915858
1252193131.872068,1252193138.874023,E066EACFDD
1252193212.406245,1252193221.769531,08360E8BF9
1252193223.53272,1252193232.394531,872D63A1FF
1252193236.953122,1252193247.630371,5CEA86D3BF
1252193329.28919,1252193340.040527,A2E2754913
1252193607.992188,1252193616.262695,C0C2B0A043
1252193686.1943388,1252193693.531738,F23F06BAC5
1252193718.263675,1252193726.270507,5BD2E92431
1252193759.088374,1252193766.289062,4B40A5EDFC
1252193806.035276,1252193813.265625,09FAE91C04
1252193845.0,1252193854.204101,A1CD3B82BB
1252193901.841798,1252193913.236816,99B66C885E
1252193975.603516,1252193983.298828,75BE82B9EF
1252194006.249273,1252194020.001953,6C8F7932B7
1252194145.746099,1252194154.832641,2D572F5345
1252194190.817384,1252194200.116211,9A4EEFD26F
1252194206.8085911,1252194219.448974,8C0652A5EA
1252194235.296875,1252194245.626953,FF6332B916
1252194362.6044888,1252194370.283691,43EE01E187
1252194440.40625,1252194448.546875,0F411DB479
1252194457.125,1252194467.728027,E14C872773
1252194495.126468,1252194502.183593,758D076E38
1252194513.96875,1252194521.56958,1D9488C5C1
1252194545.775882,1252194555.960205,525D710138
1252194573.286138,1252194582.313964,56002CDC0B
1252194723.914364,1252194732.864502,31BA2B54F1
1252194779.252927,1252194786.745849,4E3D9BD964
1252194963.043942,1252194971.952026,C0C8CAEE29
1252195007.641603,1252195016.533203,D7F8A186B1
1252195044.006839,1252195051.193847,9641F8BCF7
1252195143.506717,1252195151.788086,F8F2023428
1252195223.8710968,1252195233.224609,748DCD01C7
1252195333.371097,1252195340.421875,889729FC8F
1252195500.060548,1252195513.323242,9DE4120D74
1252195514.44043,1252195522.57788,6A94DDD43D
1252195589.740237,1252195600.035156,68C356DE8D
1252195625.545902,1252195633.409179,31D678BD1C
1252195647.656245,1252195655.360351,8DE578323B
1252195758.100586,1252195766.96875,862BFD520C
1252195781.641605,1252195790.682129,03F74856BF
1252195875.489263,1252195885.489257,09D7A23EE8
1252195924.602542,1252195932.797363,AA8441AF07
1252195956.150392,1252195964.197265,DC14606839
1252196088.8291,1252196097.246093,82F73B8A79
1252196137.416017,1252196146.74414,29D2ACA82F
1252196155.60938,1252196171.120117,0DEFA5A4E3
1252196382.120114,1252196392.99414,855AFC34D7
1252196393.57129,1252196400.752929,F36231026F
1252196450.016598,1252196458.342285,47BA7D34D3
1252196459.074949,1252196467.319336,5C78AA9DF0
1252196587.4091828,1252196594.611328,2E3F4F70A2
1252196627.273441,1252196639.606445,2206F1778F
1252196701.853273,1252196709.026367,99A3E5BB36
1252196727.649411,1252196737.740234,6C82F8EB40
1252196772.83032,1252196779.985351,EFA3D1D898
1252196861.872072,1252196874.665527,09C81F9C1B
1252196955.62525,1252196965.925293,E57FE10D4C
1252196972.2355928,1252196979.330078,B8F2DB52AB
1252196979.333988,1252196986.405395,40FD7027FC
1252196990.604244,1252196997.867187,B40BCBDE63
1252197095.2572,1252197106.487793,72AE82ADDF
1252197337.0607872,1252197348.307617,88B679E18C
1252197356.5039032,1252197364.460937,5AAD1E2562
1252197488.740237,1252197497.518554,FBF995A338
1252197610.703122,1252197622.625,74041A4393
1252197741.666012,1252197751.050781,BFE6C96AE8
1252197977.325193,1252197984.917968,E2523EF2B9
1252198027.951662,1252198036.299072,08FD60B4A3
1252198340.543948,1252198347.71582,BDBAFD0C1E
1252198413.628908,1252198420.880371,A61E3305E2
1252198532.363033,1252198540.27539,2A0683D9BC
1252198584.6386771,1252198592.252929,2587A09900
1252198620.822262,1252198629.195556,ED56990869
1252198723.959234,1252198731.0,A5881669C4
1252198773.1735878,1252198786.496093,CCAB3E295A
1252198917.896487,1252198925.823242,05B3895452
1252199036.983394,1252199044.634033,002B483F3B
1252199242.751098,1252199252.224609,CD932257DF
1252199294.995117,1252199308.253906,12A538758C
1252199378.511719,1252199385.648437,CD662A9BD3
1252199488.726566,1252199496.114257,CD05330F60
1252199506.041996,1252199513.158203,6F4EC43A4F
1252199563.1640658,1252199573.046875,7AFF65C8B1
1252199573.050785,1252199581.202148,DDCE034774
1252199660.160276,1252199669.888672,890C4373D8
1252199777.168947,1252199785.765625,F85EFE6FD5
1252199827.752437,1252199838.791015,77F1C66FF1
1252199886.760992,1252199894.020507,60B17B02F1
1252199984.013672,1252199993.671875,8470456715
1252200006.109372,1252200014.476562,5953CEC54D
1252200050.179691,1252200057.21875,AD8B8D05A1
1252200107.117185,1252200114.657226,3B26A900AE
1252200132.9257772,1252200139.984375,441AF8310A
1252200202.804201,1252200210.208984,4B939B193B
1252200233.483402,1252200240.505371,0868DACF08
1252200288.9335911,1252200296.421875,8F242CB25A
1252200314.7376082,1252200321.824218,B0FA5D7D06
1252200345.666012,1252200353.949218,46294EDAF8
1252200413.19898,1252200420.474121,D3AF6C2F27
1252200485.351076,1252200494.923828,1BEE9D61C3
1252200509.196779,1252200516.582885,0D41063848
1252200530.602542,1252200549.296875,8ACA23C889
1252200612.6019242,1252200619.880859,283996DD87
1252200638.843753,1252200646.441406,77482B8364
1252200654.720216,1252200661.971679,D66D55CA56
1252200675.2998078,1252200687.767578,996F247CD7
1252200753.4789991,1252200760.784179,AA2C08BBF0
1252200764.497562,1252200771.941406,0B3E62F510
1252200778.0293,1252200788.15332,56CBE20DAC
1252200809.658203,1252200817.11914,0F8B86E14F
1252200893.3254352,1252200903.995605,D4BD45515F
1252201058.230474,1252201070.3125,646ED946D3
1252201200.8789072,1252201207.890625,DD4DD546BF
1252201461.136719,1252201472.005859,43590E96B0
1252201507.909184,1252201515.493164,ABC4853A68
1252201543.399905,1252201554.735351,FAC57DBF7B
1252201644.489747,1252201652.748047,9165273545
1252201668.55933,1252201677.249755,6D1F6F7815
1252201682.080565,1252201690.5625,3EF34E4ED7
1252201950.578121,1252201959.878906,0867427960
1252201987.6132782,1252201996.207031,2DB2E14DC8
1252202028.961431,1252202038.168945,411E3215CB
1252202081.7087371,1252202092.77539,7D805AF70E
1252202099.971441,1252202113.296875,6BF0CDF55A
1252202174.765628,1252202183.082031,DF643CEF5A
1252202188.367184,1252202196.748047,A4DD701B93
1252202208.158199,1252202219.726562,8DA312201B
1252202225.143555,1252202233.864746,0202F4501D
1252202251.419918,1252202260.541015,ED975C1DAB
1252202295.678218,1252202303.330078,8AA1DE8190
1252202303.337888,1252202310.542968,3289EBE014
1252202495.544925,1252202503.461914,2E9DB5AB4D
1252202527.8749971,1252202537.442382,9E236E98BE
1252202566.23437,1252202573.666015,BB7D9F2511
1252202584.560543,1252202593.241211,A77E749B48
1252202605.859372,1252202615.384277,C4D93C6F2E
1252202718.684446,1252202731.207031,B09A764746
1252202764.671878,1252202772.271484,1C7FAFA593
1252202819.925783,1252202827.523376,B38A77761D
1252202912.190672,1252202922.334472,121D11D23D
1252203050.910649,1252203063.155029,A580579584
1252203063.603516,1252203071.198974,0E13C27805
1252203081.0385768,1252203088.21289,A87F9D5C9C
1252203125.93555,1252203132.985351,F26EC81B99
1252203221.161502,1252203229.185791,1F9A80C995
1252203257.740231,1252203266.446777,98C637E8F3
1252203277.513675,1252203287.144531,9FAAE370E0
1252203339.560056,1252203347.141113,98CAD22FEF
1252203450.6132782,1252203458.121093,B10E6B9E61
1252203498.0,1252203505.874023,F9A6751C81
1252203589.029542,1252203597.234375,D9B1509CA5
1252203612.902344,1252203619.910156,27DDDCFFFD
1252203625.835941,1252203633.047851,41C41CB7C9
1252203679.4265149,1252203689.317627,6E8CF0FF49
1252203714.316656,1252203723.269043,AFA64EC228
1252203739.121095,1252203746.624023,960EEA3B46
1252203759.511718,1252203766.757812,2690379AD8
1252203774.922853,1252203782.368652,7A82A148B8
1252203797.861324,1252203808.664062,FC1C395CE3
1252203818.483402,1252203830.996093,32B75AF09C
1252203896.817384,1252203903.953125,6F3606A19F
1252203926.237308,1252203934.163086,41B40502B5
1252203978.507328,1252203986.399841,AC5AC95825
1252204035.707035,1252204046.657959,7F6FA6E03F
1252204090.736325,1252204098.09375,D422095DCA
1252204160.93897,1252204168.067871,7D9B322255
1252204177.759276,1252204184.912719,037FCA8F68
1252204202.3037138,1252204209.435547,E4D68248C6
1252204217.673825,1252204227.941406,86B37860AD
1252204294.035158,1252204302.803711,8B8CC931E9
1252204319.894535,1252204327.780761,4B76BED182
1252204481.387697,1252204490.601562,70FD06FD3F
1252204552.5664032,1252204560.702514,D7FEC87824
1252204631.237301,1252204640.872558,C73334F200
1252204720.10254,1252204733.530273,C1D1031D10
1252204866.520753,1252204874.787109,8EA47F3BA0
1252205088.723636,1252205097.717285,5B68EA5900
1252205114.13965,1252205121.808349,BBB839ABAD
1252205151.5,1252205158.675781,3965121B5A
1252205169.94592,1252205182.572265,6CAEC93077
1252205203.54492,1252205217.861328,82C7E25B03
1252205236.512698,1252205248.292968,F6F8B165DB
1252205341.687503,1252205348.859375,CA9A88DA49
1252205356.929688,1252205365.602539,F6DDC659DC
1252205408.364263,1252205416.724121,DCFF3E7C6D
1252205497.314453,1252205506.794922,9A38C38C37
1252205614.7416952,1252205622.414062,629291EF01
1252205649.536378,1252205657.512695,12CFE543CD
1252205713.116701,1252205720.721679,FE2E521DF3
1252205743.74219,1252205756.328125,38791145C8
1252205784.9863322,1252205793.867187,7FB98A2B64
1252205849.4804718,1252205856.806396,F498AC5655
1252205877.096187,1252205884.1875,33F1C2955C
1252205899.093745,1252205906.371093,D54112BE11
1252205991.152347,1252205999.923828,4A4872E2E7
1252206015.5776398,1252206023.519043,D95B5FAC50
1252206063.485357,1252206073.146728,06E88381B0
1252206145.680667,1252206153.770752,01598A5C1A
1252206283.75,1252206292.656738,1489842520
1252206293.247076,1252206300.955078,53A1349F1F
1252206331.863285,1252206339.117675,9D96F00CB9
1252206350.6977491,1252206358.235962,4F640F266B
1252206430.839842,1252206439.280883,EC486C1B80
1252206472.901609,1252206483.993164,BCBD2E5B3E
1252206593.03272,1252206600.617187,C6098247C2
1252206603.168462,1252206611.688476,C79CFBE6CB
1252206611.689696,1252206621.194336,AAE0B72B54
1252206650.178403,1252206659.643554,EC25BE41AE
1252206733.25,1252206742.898437,8D4CE51F51
1252206880.0567598,1252206889.072754,662C67DF1D
1252207007.4404328,1252207015.865234,BEC28FDD35
1252207088.412107,1252207098.057129,4EF4256245
1252207622.099606,1252207629.593261,7304B4DE5D
1252207740.2651398,1252207751.175293,F5684C075D
1252207777.6479452,1252207792.608398,340DAA49D4
1252207850.3784208,1252207858.888672,79E68791E6
1252207932.536747,1252207945.058105,3F874A6436
1252208000.5636568,1252208010.539062,5F7790B571
1252208037.5537138,1252208044.96875,EADD405CFC
1252208163.730958,1252208172.166015,A707E2E682
1252208262.117191,1252208273.46875,1B6E6C5952
1252208282.615237,1252208299.459716,D70AD96E03
1252208332.32031,1252208344.566406,DAC32EEC34
1252208412.919677,1252208424.383789,81333CEA51
1252208465.272462,1252208474.361328,FE19991AEA
1252208503.199217,1252208510.599609,55C73F13BB
1252208517.378419,1252208524.574218,104150E8FB
1252208733.715818,1252208743.633789,1A4DFFCFF8
1252208777.024905,1252208784.4375,8D87D4765C
1252208838.520999,1252208845.794799,BAF6257EBC
1252208901.4338388,1252208908.845703,39857D7983
1252208933.80713,1252208941.441406,73E63A27FA
1252208989.5664032,1252208999.888672,5BB1A79FE2
1252209029.638668,1252209037.757812,C8F0F9C413
1252209172.224609,1252209181.239013,18B6C2E19D
1252209190.544919,1252209199.40625,5F77747452
1252209260.703615,1252209274.388183,76010B9023
1252209315.374027,1252209325.772705,627FBD81F1
1252209392.206846,1252209402.611328,3FC35DF3BC
1252209414.842776,1252209422.5,F55199A69C
1252209434.101559,1252209448.041259,D101A2A908
1252209755.5185578,1252209766.484375,C5372DDD3D
1252209808.015628,1252209825.003906,C692BF69B8
1252209894.355465,1252209901.998535,37B59E76A6
1252210027.576177,1252210037.661132,C9BE5255A3
1252210038.044437,1252210045.40625,A265184461
1252210066.543946,1252210077.769531,F38EFE7058
1252210106.424566,1252210114.232422,8511BFE052
1252210184.5693388,1252210193.649902,3550D96FB7
1252210256.610348,1252210266.239257,3C1FF95511
1252210346.152341,1252210353.152343,C01A105B90
1252210364.092777,1252210375.015625,D2F86433F8
1252210376.575198,1252210386.343505,738DCE2505
1252210508.660153,1252210516.042968,74EA7C42C2
1252210599.849122,1252210607.222656,9E57235785
1252210652.997073,1252210660.485962,F1C3BAF9D1
1252210660.4860818,1252210668.668823,BFFE061A30
1252210833.370114,1252210844.10791,11CB15B75D
1252210854.20313,1252210862.375,21168AB4A7
1252210942.059322,1252210951.592773,32D5B3589C
1252210973.056644,1252210981.773437,96268E2FEE
1252211018.0820282,1252211026.90625,6EE3869896
1252211115.16016,1252211122.446289,B858E850AC
1252211199.3823268,1252211210.414062,8787422E77
1252211257.699222,1252211269.917968,88AD8F050A
1252211336.037112,1252211345.945312,CF8B359864
1252211362.303468,1252211371.544922,39CC124373
1252211391.1665,1252211401.25,4B62F5E23A
1252211443.65381,1252211454.367187,232A18F401
1252211472.6214552,1252211480.148437,0CFCBC0BC0
1252211485.701172,1252211500.898437,8C9F3760A3
1252211821.648435,1252211830.454589,2F51B6B857
1252211873.367188,1252211880.584961,48423535A1
1252212102.82275,1252212111.416015,7187675318
1252212135.575198,1252212142.832519,70CC4864F4
1252212224.624995,1252212231.810424,CF95DAF0C0
1252212352.9299338,1252212360.288574,D88DFCF1CE
1252212490.1484408,1252212498.77124,5566B60F97
1252212525.263675,1252212533.191528,C20C623668
1252212609.197511,1252212617.480224,0D0B979EDC
1252212662.567502,1252212670.620361,F4DDBE2F68
1252212688.5654328,1252212699.25,13ABE0D6DF
1252212774.5,1252212785.768066,B3B5F62D83
1252212907.2768588,1252212916.851562,90A58F5F0D
1252212938.875,1252212946.036132,1DB6C9EAFF
1252212965.2578158,1252212978.082031,594B5E4D61
1252213359.562503,1252213370.851562,BF50EC4C9B
1252213446.875003,1252213454.274047,0EDABB763A
1252213473.7236362,1252213483.919433,B59D891AF6
1252213512.8398468,1252213522.433593,3F554F0B1E
1252213786.313479,1252213798.864868,F0E8945242
1252213957.75,1252213965.78125,32161CC0FA
1252214026.3837888,1252214040.940918,8947C34B71
1252214050.333985,1252214060.398193,AF19F51D04
1252214076.631351,1252214084.826172,3958882D61
1252214130.644535,1252214140.222656,EFE07E85FD
1252214195.964477,1252214203.311523,46DEBDE54F
1252214421.046878,1252214428.830078,948A5FA5E4
1252214444.394536,1252214452.116333,5602194B97
1252214510.399411,1252214517.737304,6AE01BDFAC
1252214551.109372,1252214569.637695,801CAD8599
1252214613.4140658,1252214622.14685,9162B8F370
1252214719.354489,1252214726.795898,02F69092F1
1252214758.150394,1252214766.003906,5399F48890
1252214778.188473,1252214786.212402,66064C8136
1252214789.535153,1252214797.620544,4EFFAC9B67
1252214823.353519,1252214831.241699,CC5FDD2ED6
1252214892.554691,1252214902.178466,0DB6ADA1D3
1252214912.5019572,1252214919.74292,C07BB92DF8
1252214989.769528,1252214997.378906,C8E16749C0
1252215061.7412078,1252215070.453613,FE214A9878
1252215079.916012,1252215097.374511,BD16A12980
1252215231.546872,1252215239.162109,6F5A734E9A
1252215298.42187,1252215307.664062,31D240BE48
1252215507.955081,1252215515.535156,F97FEB18C5
1252215675.6826198,1252215684.735351,4306D309C0
1252215729.504154,1252215737.441162,E59B1122C9
1252215972.646481,1252215980.645507,11BF348424
1252215983.0078158,1252215991.032226,F926CC9768
1252216092.112548,1252216106.807129,EAC041E6C2
1252216161.809573,1252216171.164062,702AAF3BC1
1252216217.429692,1252216225.421875,A75AB473EB
1252216328.597653,1252216337.608398,CBEA7A57A8
1252216387.128907,1252216394.351562,7C78CBEDA7
1252216427.172848,1252216440.197265,B7AEDC392A
1252216526.095152,1252216534.480468,582C301E9B
1252216710.144534,1252216723.15625,61C5DD2EEB
1252216843.703128,1252216852.802246,5C98B99D1C
1252216908.606445,1252216917.273437,DBC5C30EF2
1252216974.349425,1252216983.984375,73F15BBFD1
1252217057.937495,1252217068.21875,1D6F0CC4D6
1252217085.449223,1252217097.393554,D0B311AFEC
1252217103.007817,1252217111.265625,1E72B65E05
1252217259.110837,1252217267.005127,A71E00BA16
1252217329.81152,1252217338.206176,C2BCA29965
1252217338.206356,1252217347.59082,A4D3B0E910
1252217381.8667,1252217392.939941,1B7515242E
1252217392.9400609,1252217403.311157,B992C45BB0
1252217515.0884988,1252217523.946289,CC0D595EDB
1252217607.7207,1252217617.565429,4041E8260E
1252217628.013675,1252217636.278808,D4D0020BCE
1252217641.125,1252217648.472168,1CF3E29E68
1252217695.03125,1252217707.808349,B1841BA08F
1252217707.8084688,1252217715.935791,7F69B1E2FF
1252217741.7954152,1252217752.530761,5AE788AB32
1252217870.875,1252217880.238464,21066F9D81
1252217909.384279,1252217918.599609,F5C35AA3E4
1252217918.603519,1252217927.269531,7C3E5AD2A4
1252217965.430662,1252217972.52832,8943D3CF40
1252218116.110479,1252218126.59375,5EA396F9F2
1252218132.265138,1252218140.090088,3F0BD02090
1252218164.089843,1252218175.982422,FC40672A3F
1252218410.325198,1252218422.828857,BD84E02F91
1252218455.269528,1252218468.714843,1EB11B1E5B
1252218568.944577,1252218579.35791,734BC81916
1252218639.679692,1252218658.502685,96271C424F
1252218698.890628,1252218706.28125,096E6498B0
1252218834.4086962,1252218846.327636,2ADB2C1D67
1252218905.642575,1252218917.59375,85A1FD377E
1252218952.388669,1252218959.660156,A8D97CFE5E
1252219040.029293,1252219048.706054,A5C323FD68
1252219111.955078,1252219122.773193,5A0B552A69
1252219159.058592,1252219166.735839,999CB3DB29
1252219181.531253,1252219189.947265,D6FBFD0871
1252219190.002935,1252219197.614502,6D8CC84C1B
1252219307.450559,1252219318.519531,B884712681
1252219416.2065458,1252219423.876953,2F6743B811
1252219496.484376,1252219505.342773,21FCC2815D
1252219575.456053,1252219582.90332,836CD7A77A
1252219587.125,1252219598.97705,5AEA660C46
1252219691.036619,1252219701.187011,6CDCFAAFE4
1252219713.408203,1252219722.599609,0BADBBB359
1252219735.005862,1252219743.445312,4E1D996237
1252219754.241211,1252219762.205078,E902F5609F
1252219855.183599,1252219868.571045,04DB5F801B
1252219930.464357,1252219939.725586,1CAD7C911F
1252219951.310545,1252219962.652343,6497251769
1252220037.3588898,1252220045.070922,7225ED573A
1252220085.9492218,1252220097.822509,2A89B428FD
1252220129.008786,1252220136.15625,D088829DE1
1252220165.601076,1252220173.401367,E8718491CF
1252220238.516605,1252220250.326416,397A26460C
1252220317.660157,1252220325.361328,BFB7CDA3EA
1252220352.9130888,1252220360.954101,C57E8D8FA0
1252220576.484378,1252220585.046875,450B0B83BE
1252220656.700192,1252220665.107422,C9AB020B7F
1252220708.0,1252220716.862304,4426711DD0
1252220726.354374,1252220743.722656,1F75BA3453
1252220784.867191,1252220792.491333,63A0EF42D5
1252220863.797855,1252220874.022949,E8EB9290EB
1252220967.8945282,1252220975.351562,F9CBBCCEB3
1252221002.546878,1252221011.859863,21851663F7
1252221071.389159,1252221080.642578,7E6FC6DAE7
1252221298.322262,1252221305.668823,71B042D762
1252221393.514652,1252221403.02539,3596319070
1252221403.0293,1252221413.046875,24C7B42471
1252221428.133302,1252221435.573242,83BCE8C2FA
1252221450.5102491,1252221457.673828,96B488EC81
1252221696.25879,1252221710.145996,3134D1FBDB
1252221822.3789022,1252221831.042968,AEF8C9DF93
1252221927.121097,1252221934.867187,0DFB1CC182
1252221942.3930688,1252221950.971679,51C1C35320
1252222039.5866652,1252222050.549804,93696A2ED5
1252222060.176759,1252222073.204101,2562FFEE49
1252222146.3710968,1252222154.016601,8549D766F3
1252222166.912106,1252222175.71582,9E53771A9F
1252222182.780035,1252222193.100586,10FBDB6303
1252222193.1015658,1252222200.285156,07D27DC9EE
1252222322.076168,1252222329.74707,1FF1BCCB55
1252222343.674806,1252222356.486328,311F65821A
1252222371.59033,1252222383.168579,6D4F06F7FF
1252222408.4335968,1252222417.121093,D4B4C58BDC
1252222438.745725,1252222448.615234,0AC343CEF1
1252222531.011722,1252222545.142456,8C8F038143
1252222693.794918,1252222705.731445,57112E8766
1252222905.617192,1252222912.767578,12B3A7D19B
1252222941.5649428,1252222949.25,F6E8BD4EA0
1252223047.994137,1252223057.264648,DFD272972A
1252223057.265628,1252223066.518554,B108C32C1A
1252223110.325197,1252223117.550048,3BD966F1E8
1252223135.6445282,1252223143.780517,53F1C71BAE
1252223165.625,1252223176.102539,56091D90E8
1252223291.937009,1252223310.740722,6C3955EACD
1252223435.03223,1252223442.315429,5AB468CA48
1252223697.132816,1252223708.050781,02484DAFDF
1252223804.25,1252223812.228271,EB2777F58D
1252223927.99316,1252223935.234375,5467258DC1
1252224096.757809,1252224103.958007,F8304D6BA0
1252224143.583985,1252224150.750976,B6B04CCC69
1252224272.6782238,1252224284.296875,CE5830213A
1252224331.2456012,1252224339.908203,DC9F8786A5
1252224413.931637,1252224421.296875,230333A707
1252224565.6542938,1252224579.742187,4D6A297406
1252224632.3701138,1252224640.953613,F76CAAFEC0
1252224715.931644,1252224724.469726,56E15AF0FD
1252224761.972653,1252224770.507446,ABD2C7C404
1252224806.673585,1252224814.792968,3FDD50650E
1252225013.696292,1252225020.830566,B75BC4794E
1252225053.639652,1252225063.436523,66C253EAAD
1252225231.92407,1252225239.908203,D0F3BDC4DC
1252225286.960935,1252225294.142578,B9C216B19D
1252225398.6223178,1252225407.710937,8F78FA0AE6
1252225525.445316,1252225533.589843,838E9D78D2
1252225533.620603,1252225541.585937,112A21DCD0
1252225637.956051,1252225648.816406,D7A3BD2FB0
1252225716.796878,1252225724.260254,852EBE2E20
1252225746.232907,1252225754.179687,2B08B4636F
1252225770.3110402,1252225778.324218,9132F62187
1252225862.1245072,1252225870.445312,05D2FE4B61
1252225887.671872,1252225899.746093,1E7289BCAF
1252226002.457035,1252226011.736816,4E078FA30B
1252226049.761724,1252226057.105468,871755FF76
1252226087.984625,1252226096.75,3D1435BBA3
1252226297.541012,1252226305.553222,AEF3ABC4D5
1252226389.7429152,1252226400.232422,DFD7C9381B
1252226473.540036,1252226480.84375,A71F8494A5
1252226565.064456,1252226574.323242,7848160F67
1252226581.504034,1252226590.707031,F122411A5A
1252226638.080075,1252226645.151367,F35D14C44B
1252226703.565426,1252226711.385742,7CF48F24A0
1252226736.929684,1252226744.047851,FD2D4A90DE
1252226773.5971658,1252226781.858398,D4A36CB0BD
1252227291.7582972,1252227299.425781,231A2E6E81
1252227303.146848,1252227310.909179,2F07994754
1252227320.70312,1252227328.505859,82DF888CC4
1252227371.076173,1252227378.704834,C6762D8961
1252227399.396481,1252227406.410156,955D5EEA24
1252227446.402344,1252227455.006836,F52A6A3390
1252227481.297365,1252227490.983764,EA15DC0761
1252227498.332032,1252227507.183105,A0D411B30A
1252227560.56445,1252227571.079589,E2524F4C8A
1252227638.517575,1252227646.718994,852A1ADA80
1252227805.655759,1252227816.124023,2C59C361B9
1252227887.615234,1252227897.46582,ED4E95CC21
1252227902.7187471,1252227909.93164,C876DA329D
1252227937.069093,1252227944.363281,EAB4BAC191
1252228053.0263698,1252228060.818359,DC3047E72C
1252228063.501953,1252228073.257812,B9B62C1AC7
1252228087.509769,1252228096.664062,67C93F0DD3
1252228202.224117,1252228210.217773,4A6F62022B
1252228210.2187529,1252228217.640991,A2953716C7
1252228284.9638698,1252228292.43457,C516C6A4CB
1252228331.192388,1252228340.390136,56DE80887B
1252228441.791684,1252228450.191406,1261671B4E
1252228450.192386,1252228458.646484,FCA37D3477
1252228560.377926,1252228567.785156,70E2D64D47
1252228617.1474571,1252228627.599609,C168A0D3B2
1252228707.1933572,1252228715.277343,0C39869D85
1252228729.15625,1252228739.901367,E277CDE1AE
1252228803.74024,1252228813.604492,7510A61B13
1252228998.32812,1252229008.081054,5D1517D8F5
1252229051.304685,1252229059.988281,0E96685EFE
1252229072.480342,1252229081.553466,67AEB2A04C
1252229133.654293,1252229143.1875,CF59183C7D
1252229158.722173,1252229166.201172,1B8B467118
1252229169.857425,1252229178.035644,13ED90F582
1252229295.847653,1252229304.588867,624983EA98
1252229344.285641,1252229354.77539,FE431BB414
1252229398.508792,1252229406.78125,935D0F7320
1252229471.646487,1252229482.998047,BA5180CB86
1252229664.783692,1252229672.677307,32E1028B30
1252229731.317134,1252229738.445312,90CA36C7C7
1252229955.806637,1252229962.96289,AF4802911D
1252230077.525394,1252230084.977295,9DBF3D3BD4
1252230158.824949,1252230168.807373,E6408E53FF
1252230174.009762,1252230182.607666,C1CCD3DCFD
1252230241.774411,1252230248.779297,AFFB578218
1252230282.4804678,1252230293.918945,01561CAA1A
1252230303.265628,1252230311.272461,9A5962159B
1252230323.1992218,1252230330.734863,E2388B3ACF
1252230373.00757,1252230380.289062,D803809A74
1252230428.954105,1252230445.284423,D036D99E5E
1252230511.373537,1252230519.503906,F56D994A59
1252230529.816403,1252230537.443359,7C3A7D89DC
1252230585.0917969,1252230593.063476,07E6430F36
1252230671.430177,1252230683.668945,6C521538F1
1252230683.669435,1252230692.695312,4F4CC375E9
1252230735.806644,1252230744.126464,AA6C7AFB27
1252230897.080081,1252230908.037109,2F487CC954
1252230914.343752,1252230924.614257,4D686BF7E4
1252230931.768062,1252230939.298095,AE06982FB3
1252230961.013185,1252230970.236328,3114DC8CF9
1252231015.70947,1252231023.948242,8ED0B7DF97
1252231037.8215292,1252231049.861328,BBBAB001E9
1252231164.138668,1252231173.46875,33A16EB07F
1252231232.0459,1252231240.317871,7E515CBD64
1252231306.671877,1252231317.169922,F3101A4BB1
1252231408.052731,1252231418.121093,EE2C7ED7BD
1252231541.193359,1252231548.540039,05691ACCC5
1252231647.822629,1252231660.966797,4939F1CD16
1252231744.468753,1252231752.055664,D430D1F070
1252231932.941407,1252231943.220214,13CB6A1454
1252231958.582032,1252231967.0,78A578FEB1
1252232020.9514122,1252232029.199218,BAB0D5CF9C
1252232073.5820282,1252232083.767089,C2A771D3B6
1252232098.30859,1252232106.394531,644D36CFF2
1252232179.7282672,1252232190.425781,9D759E6779
1252232230.6523411,1252232239.648437,5947166A39
1252232312.806637,1252232321.001953,8B99C75E2B
1252232365.211545,1252232372.915039,9CD1C0E27C
1252232439.269528,1252232447.385742,19526FEED9
1252232455.437503,1252232464.593505,9E6F5182BC
1252232471.541012,1252232478.917968,A346A12286
1252232553.884766,1252232560.904297,D717CF4E5E
1252232715.25,1252232723.601562,5834128EC4
1252232764.357425,1252232773.088379,CBF185AFB3
1252232905.833624,1252232912.843261,8E62C9AE0C
1252232938.854492,1252232947.270019,09222144C6
1252232956.7221632,1252232966.191406,61D6D95283
1252233001.941407,1252233017.070312,B6C390E659
1252233074.9999971,1252233086.302734,7427E1591B
1252233108.4799838,1252233119.978515,414EC35F4D
1252233201.485349,1252233208.565918,407EE9CF7E
1252233264.040287,1252233273.555664,B724BBB195
1252233302.5332,1252233312.361328,0F5447A824
1252233464.56641,1252233472.980468,0ACE684A60
1252233549.0854452,1252233556.509277,965C38FA4A
1252233559.652951,1252233566.825683,A5F3CEB5AC
1252233668.953128,1252233680.182617,324B178E7C
1252233706.2470691,1252233718.971679,FCC0E1755B
1252233786.3852491,1252233796.988281,44AD2710F5
1252233973.47754,1252233984.571289,0DE5E417F0
1252234012.811523,1252234025.25,10A9962D9A
1252234027.000003,1252234036.464355,E5E592E600
1252234067.584476,1252234075.248413,516F6D981A
1252234143.776914,1252234151.716797,6D543AAC7D
1252234151.720947,1252234158.927734,6FD26B67BD
1252234343.00195,1252234350.216797,2A2029BBAD
1252234450.093745,1252234457.453125,D7BD7CCD9D
1252234520.53125,1252234527.996582,F9C676B174
1252234529.769533,1252234539.83789,7116E5E68A
1252234596.124513,1252234606.457031,576364BB18
1252234692.2812471,1252234699.608398,89D92F61B4
1252234700.820806,1252234710.40332,02B46D6665
1252234745.010739,1252234752.34375,023510D5B1
1252234825.7460911,1252234832.789062,44B74C7C91
1252234924.7187471,1252234932.139648,438A5F3063
1252234944.54566,1252234952.010742,88597CAF17
1252234952.281252,1252234964.257812,9F5258D3EE
1252234987.6909208,1252234997.3125,E0EB06BA13
1252235077.8745131,1252235086.160156,87FE73AAC7
1252235105.180667,1252235116.875976,9A6CC51350
1252235131.193851,1252235140.399902,9AA4590ED9
1252235167.96875,1252235176.626953,46D01226A0
1252235303.6864002,1252235311.159179,D89BB2149B
1252235362.51074,1252235371.687011,EF30C261C4
1252235722.2959,1252235729.643066,D71E1C3BB9
1252235769.828122,1252235777.759765,9974CB1F41
1252235777.7602549,1252235787.037597,6298B9D46F
1252235847.830075,1252235859.175537,840F91035D
1252235864.175778,1252235875.966797,B960FCC699
1252236011.121098,1252236018.453369,C50BA2A296
1252236053.1318388,1252236061.21875,3498440BD7
1252236091.579593,1252236098.832519,8E651A08FA
1252236147.8750029,1252236156.119506,17B11DD98A
1252236232.250494,1252236243.63623,F05BCB65A8
1252236260.0,1252236267.297851,F3E6C8D02B
1252236267.90918,1252236275.27539,6733B96CE4
1252236294.302731,1252236301.35498,1FE2FA5DF0
1252236392.793948,1252236403.748657,8AE4B1498B
1252236403.748777,1252236411.204101,C54590372F
1252236476.990236,1252236486.463623,48020F520A
1252236536.536136,1252236545.916992,D410923693
1252236818.6357448,1252236827.949218,0BE753E058
1252236952.356442,1252236961.812866,279937FBBD
1252237049.475646,1252237058.847168,5B9337FBEA
1252237137.4009988,1252237146.456787,259F5D2860
1252237214.387697,1252237222.223632,32E45B4D74
1252237298.056644,1252237307.71875,F2764156AA
1252237311.8076189,1252237319.375,BD8C812241
1252237364.1562529,1252237371.674926,1E77BC8D6B
1252237532.579715,1252237540.152343,46BBCFDD30
1252237550.5905778,1252237560.727539,92F6911310
1252237641.501712,1252237649.248047,49747A4A97
1252237805.54004,1252237818.90625,C5A0BC0526
1252237818.91016,1252237826.452636,6A15BC0B24
1252237835.986085,1252237843.378906,7A83A225F3
1252237997.421878,1252238007.263672,E8501E2E38
1252238062.25781,1252238070.364746,31ADC6C69B
1252238139.958981,1252238152.313476,ECCFE85162
1252238191.78027,1252238199.368042,1D52C2042C
1252238416.851559,1252238426.289062,AC3D02B780
1252238474.273441,1252238482.375,D895A5DE36
1252238487.937499,1252238495.571411,92CC7156F5
1252238668.946593,1252238676.595703,6BBA043903
1252238726.883792,1252238738.898437,CEE4EF3C17
1252238861.105471,1252238873.015625,67D8CA89CF
1252238946.459476,1252238954.509216,3B4EA29131
1252238966.173828,1252238974.138672,065A2A072C
1252239036.891605,1252239045.170898,DB1C64B474
1252239109.840573,1252239116.883178,F44C83EF1B
1252239118.44544,1252239129.578979,7F18CEB6C3
1252239318.625,1252239326.400879,B885230DFF
1252239386.599611,1252239393.837524,1989E93781
1252239393.837644,1252239401.821289,31DC618687
1252239461.952148,1252239470.543579,88EF62B067
1252239568.874027,1252239576.597656,0C9A694D77
1252239587.263181,1252239596.492187,7118B18081
1252239678.6201198,1252239686.26831,C631E0282D
1252239833.3437529,1252239844.354492,9BA9F57048
1252239866.120855,1252239873.156738,91E67558DB
1252239921.7695282,1252239930.019531,DF56B7AD20
1252239936.647464,1252239944.397461,7915BBD54B
1252239953.786626,1252239961.409179,CECBC67183
1252240011.258786,1252240018.629882,BD62B1EB02
1252240235.76562,1252240243.071289,89AEFC924C
1252240269.8457072,1252240278.894531,15E94C8D39
1252240292.0397902,1252240301.5,37C83DCD09
1252240305.609375,1252240315.992187,B0D2A82B60
1252240445.50391,1252240452.968261,6D99E3093B
1252240482.0957,1252240491.578125,03EA2035B3
1252240495.18213,1252240503.77539,8A866BB6F0
1252240508.367191,1252240516.304687,58E98D88FF
1252240675.366451,1252240685.938476,3876513122
1252240863.1956758,1252240871.232422,836A4FF6FE
1252240882.1738322,1252240890.524414,41909DB5D7
1252240910.0375352,1252240919.75,0FB0730C37
1252241244.840574,1252241254.191406,AA76A4A703
1252241440.2499971,1252241447.980468,A27305A01B
1252241449.266603,1252241456.751953,3874A2A291
1252241587.809573,1252241594.83789,AFAEF18B85
1252241601.421148,1252241611.022461,171ED8C031
1252241695.630369,1252241703.99414,DACC0F292D
1252241808.968753,1252241816.167968,79B4DF95D5
1252242031.048341,1252242043.394531,00E99FA4A3
1252242249.0664089,1252242256.316772,66871DEFBD
1252242276.8107278,1252242284.927734,9816B40FEA
1252242565.197262,1252242572.616211,853224B357
1252242576.6914089,1252242583.982422,7187141DAD
1252242585.020504,1252242597.570312,D01B173EAB
1252242670.875,1252242680.796875,837A92E2E3
1252242737.96875,1252242745.796875,3C9D4CA1B3
1252242899.260742,1252242908.502136,E72335FF25
1252243206.4143078,1252243216.953125,67A376C9A3
1252243222.765622,1252243233.230713,4AD8DA6282
1252243241.334476,1252243254.243164,B06E3E152F
1252243348.2187471,1252243357.739257,7B5A6372F4
1252243401.169918,1252243408.835937,6639C2EAFA
1252243495.0129418,1252243506.428711,4196125333
1252243535.523441,1252243544.835937,E29C9790EF
1252243696.6875,1252243707.391601,CBAA6C712B
1252244331.474606,1252244340.875,8B36C61DB7
1252244348.271484,1252244357.53125,442D86C9D0
1252244486.878536,1252244495.592773,F2110FCE23
1252244562.095698,1252244569.714355,F156408856
1252244611.415647,1252244618.676757,3ABFEBF86E
1252244669.7119138,1252244676.768798,A5839D0FEA
1252244685.546872,1252244693.107177,CC04BC98E0
1252244773.198239,1252244780.412109,314D0333B4
1252245054.742192,1252245062.256836,646C3113C6
1252245139.639647,1252245147.875,93CF57B264
1252245210.351567,1252245218.203125,B1F11848C9
1252245439.317501,1252245449.15039,979A97EF0B
1252245451.327146,1252245465.323242,B94CEA73D5
1252245636.382817,1252245643.996093,B048CAD8B4
1252245932.824215,1252245940.519531,0EE497B289
1252245949.247073,1252245957.288208,83BEBE74F9
1252246024.523434,1252246037.125,F0EFD263A0
1252246153.4687471,1252246164.484375,AC7D58B9F2
1252246190.6064491,1252246198.485351,83066A531C
1252246208.4765658,1252246215.667968,BA9FA39E44
1252246249.778324,1252246257.333007,EDFE0E7896
1252246302.458981,1252246310.024902,9ACA810847
1252246312.750001,1252246325.70166,B18FD1F4D7
1252246444.785406,1252246453.476562,FB265F64FD
1252246496.809447,1252246504.012695,58A83ABBB1
1252246523.0830078,1252246530.896484,2987112309
1252246614.40625,1252246624.136718,DE90E2E3DD
1252246634.331056,1252246644.926391,FBC6A8C517
1252246927.3327608,1252246935.609375,618587263E
1252246938.4033198,1252246945.918701,F6BB59EDA3
1252246974.089849,1252246981.548828,0437A688DB
1252247013.5195282,1252247020.551757,0AEDBF6C31
1252247153.393799,1252247162.128906,0D6CCD6E60
1252247274.670902,1252247283.448242,6D90413E6D
1252247286.013668,1252247293.303711,1DAFDE6624
1252247298.494144,1252247310.787109,3AD7B5FFD9
1252247363.484373,1252247371.5,A3F6C27C7A
1252247383.149899,1252247390.919189,AF4D226324
1252247462.28125,1252247469.480468,CC5B388B98
1252247521.206058,1252247528.806396,93FBBCB57D
1252247604.768558,1252247613.395507,DFDC47E67B
1252247742.601566,1252247751.71875,2289466302
1252247803.68652,1252247810.749023,6BFC72F94E
1252247849.55701,1252247857.28125,C2D924FB59
1252247886.691403,1252247894.271484,2BBA2D9561
1252248264.919923,1252248273.642578,B4300F37AD
1252248328.513668,1252248336.284179,65EA2A1CF2
1252248362.7128909,1252248370.052734,A65761D93C
1252248437.0509071,1252248445.149902,60ACDD038E
1252248446.039556,1252248454.34375,B2E210A2B6
1252248454.35156,1252248463.695556,E5005530BD
1252248521.473752,1252248529.4375,E20AD7B154
1252248727.080075,1252248736.009765,4B97113CEA
1252248763.69214,1252248771.294922,432A4B588F
1252248896.277344,1252248904.05664,E011812511
1252248931.9199271,1252248939.785156,9E79254D51
1252249030.82324,1252249039.164795,FA0BB63795
1252249070.727048,1252249078.927734,98DCFF7A26
1252249124.81152,1252249132.484375,DDBC78AF4A
1252249137.153323,1252249144.457031,C6212E0A3D
1252249155.782718,1252249164.438476,B3ADEE7B64
1252249217.315425,1252249226.269531,8C0B7F3F00
1252249435.710941,1252249443.085693,AE352DFCB9
1252249468.413695,1252249476.513672,D2AA3FB916
1252249538.589114,1252249545.652588,5D4D4194E9
1252249738.306637,1252249752.836914,A64EE60860
1252249752.837894,1252249760.53125,7F6B71597F
1252249814.3125,1252249821.533203,E9BB0AA30E
1252249850.5624971,1252249858.422851,DB5BA1CABC
1252249893.193362,1252249901.796875,558FA4C4ED
1252249974.9013689,1252249982.679687,B3F68F334C
1252250082.297848,1252250091.161132,3FBD454C7F
1252250100.03516,1252250108.411865,A8E686B3FB
1252250133.093753,1252250144.511718,2EBA4A9405
1252250410.535154,1252250418.486328,4C7441CD0A
1252250508.427731,1252250515.549316,96652C8229
1252250558.62549,1252250567.548828,BFF8C8A9DD
1252250579.15625,1252250591.354492,4F4987C4AD
1252250602.72559,1252250610.92041,DDFDE0C473
1252250675.839357,1252250683.021484,4BC9B4441F
1252250832.375,1252250841.912109,AA8F217EE2
1252250966.940917,1252250974.082031,4A48504DB8
1252251061.563966,1252251071.066406,CEF21FA153
1252251071.067386,1252251078.257812,FECDEE2CCD
1252251135.859378,1252251145.226562,EAD0C8E57F
1252251184.119138,1252251191.421875,234C34FB6C
1252251301.427734,1252251309.425781,0BA1D7A223
1252251530.7876,1252251538.514648,287AD77A30
1252251540.648434,1252251548.315673,FB73FEBDA1
1252251779.1318388,1252251790.010254,E6D6CBA3D8
1252251896.159669,1252251903.28125,6580B59394
1252252055.71655,1252252066.599609,CA7B12ECAF
1252252351.416019,1252252365.09082,F6794F3095
1252252432.749998,1252252443.5,BE706678B7
1252252735.190427,1252252745.671142,9254195054
1252252760.945312,1252252768.723632,E319540AFA
1252252780.46973,1252252788.136718,394ECBC534
1252252833.273435,1252252841.243652,BC112498A4
1252253016.882816,1252253025.441406,943C1327F6
1252253082.427003,1252253090.504882,3F6E64F80B
1252253098.1875,1252253105.859375,91466AF9A4
1252253137.391847,1252253145.863281,13BCBB4A93
1252253154.292972,1252253163.053711,517F239BC6
1252253232.96484,1252253242.0,75F7DE9083
1252253283.842777,1252253291.49707,F83F66B3A1
1252253302.2216809,1252253312.913574,0037C2982D
1252253375.95215,1252253383.324218,DEF0405299
1252253491.04688,1252253499.75,35BA2A2010
1252253538.129271,1252253547.225586,46FD89E7CF
1252148134.51563,1252148141.841797,B8E1F1C08B
1252157738.400882,1252157746.469482,910E7C8153
1252108248.278323,1252108255.442382,1463B29CCE
1252108288.802736,1252108296.263672,8B5A596B76
1252107959.5761712,1252107967.0,DC993FB891
1252136701.228517,1252136708.480468,DADEB0F21F
1252152535.3886738,1252152543.167968,07D5F6E7A9
1252145013.03125,1252145021.872314,C54F6B44DC
1252145192.688292,1252145199.783203,0C69C6615C
1252117297.5624971,1252117304.5625,EE5799CC38
1252134617.963259,1252134625.540954,00FE804E42
1252116629.248532,1252116640.5625,C66F1CFDD1
1252118658.201168,1252118665.544922,7B1F1CBD1F
1252137893.292965,1252137903.167724,19543E5C2A
1252137990.487301,1252137997.75,4E2DDAF474
1252105417.666994,1252105426.881836,D9B68CBC90
1252146922.167115,1252146930.859375,5075378A3A
1252132414.7519538,1252132422.15332,B45E23C772
1252132500.208013,1252132508.540039,C7496E78D7
1252255860.666012,1252255868.595703,D93C94598D
1252256189.0394258,1252256198.964843,01DA67E8B0
1252256323.787108,1252256333.228515,4FFB709BAA
1252256443.484375,1252256453.838867,48BAC4E0FB
1252290413.436038,1252290421.333007,0368D6B9D8
1252290672.6782272,1252290679.720703,29FC614ADA
1252290745.207276,1252290752.29541,C421B236A3
1252290775.289062,1252290782.384765,E439638EB1
1252260818.25,1252260825.851074,0CEC25E64F
1252260830.32812,1252260839.108886,7C9B63A4D9
1252254144.9650831,1252254154.824707,91187BD524
1252254185.242187,1252254192.828125,DA6E4D6910
1252254194.507078,1252254202.232422,4066BCAD02
1252256563.292972,1252256571.019531,7B4B20D4E4
1252256591.209356,1252256598.603515,7FCE7A790C
1252256660.169925,1252256675.200927,AE6C4497BF
1252256871.978512,1252256880.831054,8F688B2D2C
1252292179.338869,1252292186.599609,A6D00001A6
1252292319.215817,1252292328.185058,9FE20E072C
1252293716.838871,1252293725.093017,32553F820B
1252263611.824216,1252263619.515625,BEBAF88CC9
1252263651.578125,1252263664.046875,155BC6FE2E
1252263758.718745,1252263766.083984,DF5416A86F
1252262126.3926978,1252262134.0,440F6ACB1A
1252262197.47022,1252262207.477539,7DC9B85522
1252262331.582028,1252262339.787109,D232B88E16
1252262465.126461,1252262473.845703,86FAD9CE12
1252262482.81641,1252262489.856933,7A527E7A1F
1252262521.240231,1252262531.557617,04522F21F6
1252262531.559087,1252262539.0625,588C82B73D
1252261594.669925,1252261603.822265,1D569A6F27
1252261633.419925,1252261641.447265,37C09790E2
1252261745.625,1252261752.910644,CB0AF0D6BA
1252261802.348384,1252261809.660156,DBF3288D38
1252261809.662106,1252261817.531738,288A0AD791
1252261846.455074,1252261854.404297,421264DC63
1252287464.230469,1252287471.820312,DA91210EF2
1252292945.0185578,1252292955.316894,026B945AA8
1252293278.3313,1252293285.887695,D6B838A1C0
1252293321.18799,1252293330.626953,DE4B48E70B
1252284941.1796908,1252284948.819336,0CF81BE5FF
1252259071.1249971,1252259079.218261,F2EC2183B5
1252262741.7519572,1252262751.636718,F2902075E2
1252262983.529298,1252262997.328125,B7CFAB3BE2
1252263105.810543,1252263113.205078,A3629692B8
1252264182.078125,1252264191.333984,28FC17D515
1252264583.311037,1252264590.93164,BC602877A4
1252285715.958499,1252285723.105285,5095585CED
1252285742.6171908,1252285753.607666,164187F9E8
1252285929.136227,1252285940.322021,CAF02B1011
1252298445.115111,1252298453.771972,FA4553D70A
1252299711.806643,1252299724.238281,95E44CDF0E
1252264905.479742,1252264913.512451,0878132FCC
1252264915.934567,1252264925.677734,A43634739A
1252265057.349606,1252265064.393798,29838529AD
1252265182.447269,1252265195.222656,C4DBAC2F25
1252299012.341797,1252299020.473632,21AA07E376
1252263903.5698218,1252263910.904297,9DC5C4416C
1252264036.8935578,1252264044.388672,07FCC2CCC9
1252264056.5517578,1252264066.205078,5D3695F324
1252259196.786134,1252259203.880615,240456478A
1252257633.562495,1252257641.0,D68B80B791
1252290966.463863,1252290975.640625,E482961328
1252263299.2625709,1252263308.073242,D64B865320
1252264768.682864,1252264776.736328,6CAEA8BC38
1252264801.66797,1252264808.671875,332FBACDA5
1252253646.365231,1252253654.780273,CC3552A859
1252253716.801759,1252253724.367187,4AEC83928C
1252255152.599493,1252255160.023315,30FF22AD23
1252255218.8476589,1252255231.78125,BE9E7C6E4A
1252255296.012698,1252255303.720703,4ED1F2B1F8
1252289758.4487271,1252289765.907226,BDDE56D6FC
1252290069.307127,1252290076.395507,CE3CF5C793
1252265504.697269,1252265512.582031,CD8D171F90
1252256958.19287,1252256967.245605,6B4C1825E7
1252256967.247075,1252256978.883789,6453154272
1252257015.4799838,1252257023.632812,F1E475DC63
1252257104.7373078,1252257114.143554,42E1B27278
1252294350.53223,1252294358.704101,3134A64FE3
1252289488.798825,1252289496.968505,CB10C503EA
1252266760.0625,1252266770.125,34B8DF2DC6
1252266914.1691868,1252266924.416015,3B1649AE56
1252267247.477542,1252267255.375,2B8FDEDC1B
1252259792.97266,1252259801.00122,31C848F658
1252259882.648921,1252259890.125,D81C36A4D1
1252258620.499995,1252258631.691894,CA42C817C4
1252258676.09424,1252258685.070312,5857771507
1252258806.059574,1252258813.076904,27A4918357
1252258856.983402,1252258864.461792,86857432BC
1252281031.478519,1252281038.55957,E7CB218B77
1252281907.0112271,1252281914.223632,F2A2D5779B
1252257208.427732,1252257216.494506,A1ABC07A1A
1252257464.703122,1252257476.442382,339A6F0BFD
1252257496.430665,1252257503.611328,FAA83244E6
1252289671.670902,1252289678.924804,71289A52CE
1252266516.608394,1252266525.90625,FD46E43CFE
1252287014.96973,1252287024.971069,565F5B6E38
1252286435.194332,1252286442.513672,CE250DA3CA
1252297777.082031,1252297784.437988,3E9644FD85
1252260953.669923,1252260963.0625,356319262D
1252260985.325688,1252260992.84375,D93DD77475
1252261005.575198,1252261014.597168,381CF2F5F1
1252261060.576175,1252261069.3125,C1A9B88C11
1252261234.335934,1252261243.981689,CF24E08C6E
1252254397.205324,1252254404.257812,ABB6E7FEF3
1252254495.4062471,1252254503.921875,83A51C3EA8
1252254504.9013698,1252254511.929321,7C1158E8BA
1252254597.488284,1252254607.057617,9BC7589DDF
1252254696.116704,1252254709.876953,8E696FFB82
1252258173.10156,1252258184.216552,B1C3B45E9E
1252291417.4492218,1252291425.828125,FE6519809C
1252296112.421872,1252296119.637207,558A3438E7
1252296153.014652,1252296161.614502,69173364BD
1252294670.817386,1252294678.051269,0644683B8D
1252257913.545895,1252257925.287109,299BDF7F82
1252258042.1298828,1252258050.691894,4E07A560E8
1252282449.886232,1252282457.228515,6CF840E89D
1252282512.53906,1252282519.992675,078D9E7B1D
1252262663.977542,1252262672.460937,E5367E1001
1252254983.771485,1252254991.460937,DE3E5E6E82
1252253837.192867,1252253845.96875,D9967A6A6A
1252291528.955075,1252291536.754882,9D149DC27B
1252292412.090823,1252292421.107422,30385E4938
1252292468.778322,1252292475.86914,4A859874F7
1252266243.384769,1252266254.901855,EF888D1CA0
1252260216.952145,1252260225.199218,7D816A28B6
1252260265.932614,1252260275.823242,AE0339D527
1252260495.297848,1252260504.039062,3E5852290A
1252260720.863282,1252260729.028808,29A3D115EB
1252260730.148923,1252260738.405517,E04DBAE676
1252299240.4218788,1252299247.541015,95EBE2D459
1252299418.865239,1252299427.018066,5CFD85E0BA
1252265300.0293,1252265307.765625,2E91D3EC52
1252373624.5332,1252373631.797851,42A6843857
1252373658.0624971,1252373665.791015,D0B48F80C5
1252311738.02734,1252311748.011474,CA81EBDC21
1252311824.644407,1252311833.241211,0D1568CF39
1252397315.9082,1252397325.530273,7F93D0809D
1252348500.1774862,1252348507.958984,D495C122B1
1252383274.525394,1252383283.615722,1664EBE8B2
1252383380.8476532,1252383388.481445,FF7067D527
1252336325.104008,1252336332.862304,52ED3DE675
1252397050.744144,1252397059.705078,C5AB7401DD
1252397100.3124971,1252397108.566894,5BC7272764
1252381631.125,1252381639.660156,18C8056CD8
1252381656.191403,1252381663.424804,E221E90D1A
1252381678.4687529,1252381689.324218,7695F0658E
1252356128.863284,1252356137.207519,8FACA5D632
1252356203.268065,1252356210.449218,3C94FD240B
1252356386.4343278,1252356394.206054,1459CCC136
1252390786.9113722,1252390794.236328,1314705351
1252390840.52734,1252390852.413086,B6CBD37C9F
1252362359.945316,1252362369.535156,E10D888EAD
1252311246.6367218,1252311254.685547,2D45A68758
1252311308.662106,1252311316.040039,B7D828890C
1252311355.130372,1252311364.709472,A8AEF264B3
1252369028.192872,1252369036.095947,FADB2CD5DB
1252346631.059085,1252346639.109375,ADC76F8DC9
1252346686.484378,1252346694.171875,EF89B56B7F
1252347092.24609,1252347100.367675,1BDD009DCC
1252333159.998048,1252333167.316406,4385862884
1252357428.306644,1252357435.876464,449FE5B90D
1252357597.583004,1252357604.849853,7B0965DC2D
1252357675.363282,1252357683.970703,CADE4E087F
1252394648.521122,1252394657.65625,D901335F2E
1252394727.0000029,1252394734.414062,7A28864955
1252395610.820315,1252395618.082031,FDF90F9EB4
1252395761.316405,1252395771.691406,9C228AD540
1252365461.4101572,1252365469.066406,01858D9BD1
1252365469.101566,1252365477.578125,AF32C665FC
1252386708.263672,1252386715.565673,274386510D
1252388764.6894538,1252388778.081665,4CF2802276
1252389067.805784,1252389075.813476,7A1421E644
1252389092.3588898,1252389103.264648,6E834AB1E3
1252352638.004392,1252352645.060547,1806A092B0
1252352673.666012,1252352682.017578,FBACCAE5ED
1252314276.843751,1252314285.407226,BBA4A5F8D8
1252314287.350586,1252314295.239746,03F5A07695
1252331033.640622,1252331042.473632,7A59ADF492
1252380413.835941,1252380424.450866,D0AF08E92C
1252380459.6483111,1252380468.103515,C911121D69
1252381017.259283,1252381025.304687,19A3A5FDF3
1252322714.385013,1252322725.058593,0136A1DF8C
1252322773.4390838,1252322780.503418,8BD1F4AC15
1252376944.8125,1252376951.971679,69A2C3B2E3
1252377138.593745,1252377146.255371,BE366E9E7C
1252379259.5312471,1252379266.669922,906C246EFD
1252379353.333013,1252379360.725586,7D660EA937
1252379400.6015658,1252379410.002685,73E3EA90E5
1252379415.900633,1252379423.085937,7D8BB949D2
1252379438.4317598,1252379446.561035,5D63A39836
1252393539.127805,1252393547.239257,B29929C8E7
1252393695.815435,1252393706.123047,1857E95728
1252393775.174801,1252393783.477539,7F72D83BBF
1252393811.453128,1252393821.856445,03E6E11574
1252393911.2793,1252393918.585937,483DD14ED9
1252302467.3398468,1252302474.537109,857866749E
1252302553.202145,1252302562.011718,7899413177
1252329724.2299838,1252329735.589843,613A9E4355
1252366613.051756,1252366620.078125,517212BD5B
1252391172.391605,1252391183.048339,EA375D8B63
1252391187.077145,1252391194.871093,27EC3DFFD4
1252347400.493655,1252347408.953125,A23451C06C
1252347710.438473,1252347719.214843,0555201C11
1252358683.99805,1252358691.65039,4634D8AF76
1252382736.039063,1252382743.120605,A0A477F14B
1252382799.433594,1252382807.148437,58097AD665
1252338874.185062,1252338881.625,23512CCD86
1252338901.75,1252338909.329101,7E1619CC70
1252338948.5361378,1252338962.016113,CABC8C1FB1
1252333095.0507789,1252333102.177734,112F46A4B7
1252342302.036129,1252342309.316406,565235E1C4
1252342485.50977,1252342494.161377,55E7886B91
1252363533.080816,1252363543.940429,F65B292A3A
1252363600.4799762,1252363612.454589,40292F67C6
1252363631.888675,1252363638.995605,680259FFE0
1252363723.484372,1252363731.942382,EA9D089048
1252363873.15234,1252363881.504882,C2396DDBDF
1252363916.951903,1252363931.186523,53FA7DFAB9
1252354042.363277,1252354050.05664,DFA84436BC
1252385657.337888,1252385665.435058,E87ACBED8A
1252385670.727535,1252385680.355468,350216A2F2
1252385725.7519538,1252385733.5083,3BF9205D8D
1252385818.227542,1252385825.247558,CA091EAB80
1252385917.164066,1252385924.893554,3722AD584D
1252345582.847653,1252345590.984375,E3167FBA52
1252377290.7539082,1252377305.574218,26A589BEF9
1252377375.7724571,1252377383.196045,AFCA884D0A
1252377449.681644,1252377456.795654,7F79231FC4
1252377478.347837,1252377488.960449,FBCDD44A75
1252377702.464847,1252377715.981445,577F2571C4
1252377751.4453158,1252377758.828613,53141DDBCD
1252377775.8544948,1252377784.725586,2833FC1B4A
1252315192.328124,1252315200.855468,722A7BEB4A
1252384856.1513722,1252384863.533203,A81FF98E7D
1252385201.480226,1252385208.67395,E9566F7B67
1252385252.979244,1252385260.277343,B0197AC5B8
1252384401.987301,1252384409.990234,505DCC3BD2
1252384532.640628,1252384539.84375,416FE6F860
1252399624.356077,1252399631.576172,170BE5CA3C
1252340525.759769,1252340532.979492,3069552F20
1252336895.471676,1252336903.687988,119F064571
1252372154.466798,1252372162.398437,F9EBE2CBDE
1252372550.25,1252372558.731445,3FB7EF8669
1252372671.349124,1252372678.870117,7FE4487F5C
1252304657.501096,1252304664.782226,554B80AD10
1252370586.782231,1252370593.796875,62D7ED66C4
1252370593.797855,1252370602.998047,A27B29E6CB
1252349205.0625,1252349213.260742,C2E526FEAD
1252301066.269536,1252301073.46875,F3F414F5C1
1252310080.231442,1252310088.261718,2B1D9C4220
1252341884.392575,1252341892.233398,8884D1941A
1252341942.478391,1252341949.748535,F87520810B
1252396188.9189448,1252396198.020507,2BF6A9A2DD
1252396292.859372,1252396304.763672,1EFB5A7F36
1252368360.289068,1252368369.560791,F46D435E58
1252368463.429689,1252368471.883911,4A6D620E08
1252325198.205079,1252325205.734375,2326B371A0
1252366222.453617,1252366230.656738,D68B320BB0
1252366287.897706,1252366296.409179,7CC106D190
1252373019.609372,1252373026.936523,022C451FA9
1252355385.609375,1252355394.019531,FD54816A4B
1252355448.653566,1252355458.876709,094FFBEC0B
1252355567.205324,1252355576.113281,870D2BFAC0
1252365844.394773,1252365854.530761,F73BA09135
1252345942.880865,1252345950.65625,E5BFDDA884
1252389207.4619172,1252389214.500976,EAECB5BA28
1252389259.714847,1252389267.958984,AC92A7F613
1252389267.962894,1252389280.13916,0B7B6E79BC
1252389495.9013698,1252389505.363281,924B606B12
1252389513.785161,1252389523.573242,86A9B09FFD
1252389525.947266,1252389534.487304,001633EF83
1252337364.014159,1252337371.28125,9321EFBBC0
1252339542.3876948,1252339550.334472,35AB3A77AB
1252398405.3124971,1252398413.470214,623D118737
1252398452.836913,1252398462.273193,5E4F7EC7AC
1252377876.394534,1252377884.750976,33EB9D9CA3
1252378140.4738722,1252378148.823242,587F34FDA8
1252378184.3554718,1252378192.708007,E5DC63232A
1252378217.3398468,1252378228.773437,19EEB58E5F
1252378237.488531,1252378244.516601,976BE4B1B2
1252378266.8398411,1252378274.630371,09B33604CC
1252359185.4094238,1252359195.296386,DA3078C790
1252359312.386106,1252359320.565429,ADDFD4BE5F
1252357088.774418,1252357098.514648,4A57F6A61E
1252310640.449955,1252310648.388916,5C7794FC98
1252310886.6874962,1252310897.015625,4F51B6A099
1252310901.287111,1252310908.683349,6CD066B0E6
1252385352.065919,1252385359.17041,38EF99B67D
1252312458.779294,1252312465.789306,1BCAC98EA8
1252398511.666989,1252398519.002319,FAC0CB70E0
1252398872.633786,1252398884.522461,DCF8DA3889
1252334686.937505,1252334694.176025,5083EAD6FF
1252335079.6181622,1252335087.370117,D38300A970
1252388180.2011738,1252388191.140625,29D0F070CD
1252388201.9160151,1252388211.585937,F8A6B9F0DC
1252388219.147951,1252388229.185547,B8C4D9E127
1252388247.837405,1252388257.974609,38397BAA7F
1252388268.394528,1252388275.572265,C1E8756696
1252388301.3457038,1252388308.445312,F43503BC25
1252307469.2211928,1252307476.785156,F1B7E54A0A
1252369290.770995,1252369300.255493,BB096E48E2
1252369324.9501948,1252369333.84082,F19A5F6F75
1252369410.734861,1252369419.078125,39B7A15FF9
1252369419.083985,1252369430.283203,C61779C583
1252369499.667969,1252369507.483398,88954EDAF9
1252380841.762698,1252380849.334472,CC2AEE1AD3
1252380877.59766,1252380885.410156,437BF426F9
1252367121.935056,1252367131.472412,DBB7E78BD9
1252367146.108401,1252367154.979492,1225269CE1
1252367486.181524,1252367494.416748,858F00142F
1252354479.16504,1252354491.128906,1AD45DFA1D
1252307158.34473,1252307165.705078,A247FF39CB
1252337587.3288589,1252337594.378906,2E2B7D8ED6
1252392241.2394972,1252392253.439453,15F9A6D42A
1252331598.745117,1252331606.161132,9E41679E8F
1252331778.1002152,1252331785.123047,86C7037FD8
1252357768.933597,1252357775.96289,A0D807119D
1252357958.918946,1252357968.632812,0A11CE2725
1252358020.574216,1252358029.671753,97027E2578
1252362048.3623078,1252362056.713867,5B55D178C6
1252365017.733395,1252365024.97583,45E4028969
1252365147.384762,1252365154.694213,CEC509236E
1252348187.867191,1252348197.442871,3E870B8FBF
1252348266.742184,1252348275.933593,7E99A1C8C7
1252399818.058595,1252399827.677002,C0819FAE9F
1252399853.414062,1252399862.268798,44F6C4DEA4
1252399888.071291,1252399900.626464,B48C238086
1252399950.498532,1252399960.225586,45BDD1D5B9
1252400153.746583,1252400161.938476,9DE45D2269
1252364230.1430678,1252364238.52478,117184F203
1252364483.240238,1252364495.166504,0AEE9066FD
1252365550.113278,1252365558.734375,261D7946B1
1252365575.646481,1252365584.416015,DBF37EE99E
1252365624.0620089,1252365631.886718,E08FD212A9
1252365761.972658,1252365770.135742,357939388D
1252394070.726682,1252394079.546875,2183D84F96
1252394079.550785,1252394087.039062,C877213AF9
1252309477.496583,1252309485.520019,63EC731364
1252309569.113284,1252309576.769531,0D5DF14F9C
1252322172.82031,1252322180.046875,FCFFF1B673
1252386114.007809,1252386125.871582,8ECAF530D8
1252386141.8798828,1252386156.372802,B31E1F0717
1252386218.180661,1252386226.515625,697A26FA0C
1252386388.215823,1252386401.024414,9E166D135E
1252333586.757809,1252333594.133789,C4929187B1
1252321578.261722,1252321585.515625,57C5839C4F
1252321914.1157238,1252321921.318359,949734BDEB
1252389743.206054,1252389751.175048,D3D417BAE4
1252389901.9668,1252389909.082031,5D7F176A2E
1252359042.5415049,1252359050.272216,CF83180E1B
1252387167.927738,1252387175.770507,5E439711ED
1252398207.518126,1252398215.255737,CDA5AB7447
1252398258.302735,1252398265.865234,A9BFF18EE8
1252344646.8632782,1252344654.079589,1A2A8C26C0
1252344939.90674,1252344947.237304,8EA31E482A
1252361029.8718278,1252361037.240722,3C26EE5D38
1252361169.884279,1252361178.477539,10B04DB1C6
1252337918.451419,1252337926.914062,D52BFDF23B
1252370875.508302,1252370883.726562,1F4ED96F81
1252353087.0754368,1252353096.460449,DA25C7FA99
1252330561.063477,1252330569.743652,1CAAE089BE
1252330640.31006,1252330647.633056,5E0F2259DC
1252397440.186765,1252397447.261718,A72CA6AEBD
1252397460.68506,1252397468.306396,FA35888D15
1252397554.341802,1252397562.688476,2DA04BB462
1252397697.4335911,1252397707.093261,9EF8EFFF93
1252397838.4462888,1252397847.464843,CDE28E4102
1252387348.887453,1252387358.889892,E01880CABF
1252387634.655277,1252387641.857422,CFB87DE18E
1252309100.172366,1252309107.773437,BA97F8F9D6
1252372885.7490191,1252372892.792968,68B8465D9F
1252352510.201175,1252352518.805664,A106E86885
1252394960.699222,1252394969.688476,2B4138BD5C
1252395087.208988,1252395096.036377,F0E732C4FF
1252361573.0624971,1252361580.148193,D15DF2702F
1252361884.5029309,1252361895.682861,BE21E0FD2E
1252368813.895513,1252368822.15625,17D193D9E4
1252368851.757081,1252368859.050781,2174C926E9
1252396420.81641,1252396428.339355,D0095AE25E
1252396864.266607,1252396871.277343,0A285F4ACE
1252396927.259275,1252396934.705566,055C2BFE90
1252325107.083007,1252325115.516601,089DD8520A
1252392864.960938,1252392872.242187,9EEE34828B
1252393047.844481,1252393055.073242,FEE34548D9
1252393334.65625,1252393343.189453,7FCE5D4B6C
1252326089.523198,1252326096.887695,E7120A4F7A
1252326345.875002,1252326354.984375,0F2EB40908
1252313147.7832038,1252313155.211181,C70D815924
1252313184.5654328,1252313192.135498,FEC0967449
1252342927.734128,1252342938.186523,6B957C83FF
1252340068.539309,1252340076.608398,C5FDF1D48D
1252340146.791012,1252340154.214843,82F3B59F48
1252314682.0048838,1252314689.017578,A35588281D
1252392080.042242,1252392091.117187,F9DD64A64F
1252362993.729982,1252363003.323242,29BF913C7E
1252363236.875003,1252363246.349609,3CB1B324BC
1252399152.457034,1252399161.911621,C66CAFBBF5
1252399222.81543,1252399230.242187,CAA7D4FEE5
1252399266.525388,1252399276.009765,5E3CCDFF0A
1252399411.281007,1252399421.391967,F159D6B33C
1252387848.968263,1252387856.390625,5372C3DA6E
1252387859.436527,1252387873.990722,119A919EDE
1252305264.349606,1252305272.180664,942B04FC0F
1252305318.7919922,1252305326.085937,CE060679E9
1252343602.738286,1252343610.39508,CE53898D5F
1252383836.9790049,1252383844.664062,08F9A3B017
1252383884.251956,1252383892.804687,AE80FAADE9
1252383924.843747,1252383932.255859,E403B5449E
1252383990.7442598,1252383999.384765,A555EC189A
1252353791.679692,1252353799.313354,68AE16FD7C
1252353818.364261,1252353828.21289,49C1FDBD4F
1252390983.206056,1252390990.270507,A12D807E26
1252373310.6383631,1252373318.948974,E5D6B40CDA
1252373385.8749962,1252373393.821289,0009140FDA
1252301971.6044888,1252301979.383789,D86F07AA80
1252302016.897457,1252302023.986816,788A4211CD
1252354985.249881,1252354995.71582,287F484A7D
1252355089.2675822,1252355096.597656,1F7BBAD09B
1252355170.585935,1252355179.486694,760DDFCAA9
1252324621.280277,1252324628.658203,48D545A0F5
1252345286.996094,1252345294.058593,17E4D46AD8
1252371038.578125,1252371048.255676,5E90B2837A
1252371053.7615938,1252371060.860107,DF7BDB4A2D
1252371195.3437529,1252371204.095703,CD5390220E
1252371321.398434,1252371331.439453,D765239BB7
1252360122.628785,1252360131.015136,6532F7424F
1252330216.203125,1252330224.21875,9ED4CCBDC0
1252306646.468751,1252306655.852539,F45564DF09
1252368119.2255838,1252368126.673339,9CFB20EEC5
1252301317.4062471,1252301325.096313,A8481BB429
1252343780.334958,1252343789.341797,DF63E355B2
1252309910.068363,1252309917.131836,42B7AC988E
1252359561.5097702,1252359569.874023,7DC3D7358B
1252359578.3710968,1252359585.732422,6CD5F4188C
1252359800.96875,1252359808.000976,03ED5DD5AF
1252359824.928953,1252359832.798217,71AB6FC96F
1252379010.7978508,1252379020.452392,3507200559
1252379148.638668,1252379157.276123,685F35C7C7
1252303056.949947,1252303064.342041,F51AFA9458
1252303194.2304718,1252303202.183593,6CB42BE325
1252378440.064329,1252378447.640625,E17FAD5150
1252378486.905825,1252378495.636718,8DBBA23AC5
1252378505.1494138,1252378515.304687,51A49C8DCE
1252378543.967777,1252378552.385498,F722F41813
1252378597.863528,1252378606.803588,CFFAE65068
1252378669.394773,1252378676.432617,A76B7FB808
1252378689.693356,1252378697.387939,9A04291D2E
1252378772.343755,1252378781.21875,D902B793F0
1252378815.134764,1252378822.300781,2A7194FF41
1252378929.979982,1252378938.738281,5CBC26E058
1252378991.344236,1252378998.555664,AAFC2C7B9A
1252340965.90723,1252340972.938476,D30DAFD847
1252341105.109372,1252341113.871093,EAAB0FCB81
1252341277.75,1252341286.234375,C467FBBA32
1252384691.9746149,1252384701.479004,6961A3D57C
1252392335.4526398,1252392344.900879,377EC317FA
1252392708.403323,1252392715.527343,117185F884
1252367650.411136,1252367662.55249,CFB22E4A2F
1252367817.7539098,1252367829.447265,B6CE29CFC9
1252371829.00098,1252371838.403808,52D0ED4926
1252371908.657226,1252371916.018676,69F30B526F
1252372008.37952,1252372015.429687,D42AE63E98
1252350461.187495,1252350469.626953,66032427F9
1252380493.106077,1252380501.183593,AE43127924
1252380574.357418,1252380583.84375,1DE3742178
1252380666.3750029,1252380675.435058,E520A0EF2C
1252380745.0273468,1252380753.697265,08AC1E711F
1252321024.080081,1252321034.609375,A67226039A
1252321154.265626,1252321162.188476,6014BAF83B
1252323359.422366,1252323368.151855,66504C67FB
1252344029.401124,1252344037.867187,4F5002230B
1252344090.753658,1252344101.091797,D539A2B909
1252344169.807614,1252344177.513672,2727DCBBF6
1252344192.955076,1252344203.96875,FEF38F44C0
1252313998.126466,1252314006.160156,A4F894C993
1252321516.309082,1252321524.495117,0AF4C9619A
1252397920.931158,1252397929.26062,2BE7ED6BDB
1252370160.248047,1252370167.970153,9B2EF08C29
1252334411.3813488,1252334418.498657,532DB4C6AD
1252381805.130857,1252381813.429687,D6D9BE7BC5
1252332487.583005,1252332495.207031,62DE537463
1252394279.053714,1252394286.526367,74E0C78BBB
1252394478.185548,1252394486.166992,A115E45865
1252394566.421877,1252394578.208984,8225CAD4C3
1252394594.7996202,1252394601.833984,C2D5C38032
1252386868.100584,1252386875.581054,9595446355
1252386877.0698268,1252386884.678711,F72B734699
1252386900.1931112,1252386907.375976,7AE44D40E0
1252474923.41016,1252474931.270507,155E5EFE45
1252453079.35937,1252453087.284179,FA719E396E
1252453095.502438,1252453103.426757,1594FC51EC
1252453139.701172,1252453146.771484,629F95803E
1252438027.68555,1252438038.37207,5705FC10B3
1252438239.221683,1252438246.51416,6958319AF2
1252404226.9668,1252404234.8125,6319462EC4
1252404330.22266,1252404337.819336,DD1E4C9CED
1252404468.148436,1252404477.245605,885A4762CB
1252410628.250001,1252410636.5625,0B56023240
1252450298.808347,1252450309.214843,F5C03AC8B4
1252450535.36243,1252450543.410156,73B0EA7FCF
1252450550.362798,1252450557.856445,6E3FD556B7
1252450562.886717,1252450574.230468,5A2C8860F4
1252450606.6328158,1252450615.268554,597FC1C524
1252450663.896487,1252450670.973632,189D10ECB1
1252450731.0288072,1252450743.533203,1166464EA8
1252450769.337887,1252450777.784179,3A192FA29A
1252434725.1093712,1252434734.140625,7D45C5206C
1252434778.714357,1252434785.727295,02F8B4A6E8
1252434876.2607472,1252434883.942382,3669CB0129
1252434940.514653,1252434948.401855,40873C7200
1252429398.569219,1252429405.580078,FB28E74F76
1252482256.186285,1252482264.24707,660243CE70
1252482355.935543,1252482364.374511,622D8540ED
1252482500.026609,1252482507.766601,7A7DA76DCC
1252482660.805665,1252482667.985351,6D1C6BBD1E
1252481390.684083,1252481401.392578,6C9368A8BC
1252481478.3007782,1252481486.633789,B7663BD956
1252481548.329839,1252481556.355468,B98A70A4AB
1252475761.3120072,1252475769.200195,93F2FDEC6B
1252475837.515621,1252475844.890625,37678FF0CC
1252463129.7812529,1252463139.480468,64F3CE7077
1252432034.318359,1252432041.903564,AB976D3936
1252418997.629886,1252419006.272949,08E19FAC39
1252466658.454102,1252466666.449218,9D557EF845
1252449424.1088898,1252449433.648437,DEB231B92E
1252449442.5,1252449451.5,E47974009B
1252433633.3935578,1252433641.541992,EEF3AED259
1252405610.637941,1252405618.291748,9A25AE4C68
1252405662.608033,1252405670.4375,0325FD2F9C
1252452210.905273,1252452220.703125,78B6A86636
1252411425.551271,1252411436.169922,9A711953E8
1252411436.170902,1252411443.890625,6D5FA54352
1252439256.6474628,1252439264.892578,1A47D443B2
1252402582.868292,1252402590.280883,59A4566D4D
1252486835.028317,1252486844.920898,7EB7B2B9E7
1252469413.870855,1252469423.232422,19ED5EA0B8
1252444802.170898,1252444809.920898,5C1C96660D
1252444914.816526,1252444923.672851,DC3A703831
1252483085.358396,1252483094.928466,167AFAD52A
1252483136.8584,1252483145.0,93517D6ACF
1252448582.464844,1252448589.891601,033EA2E6A1
1252448603.055661,1252448610.484375,83120CDC34
1252475415.289066,1252475425.320434,ED50DE4CAE
1252475481.80274,1252475491.284179,353D1CDCA8
1252475491.750734,1252475500.499023,3AF06F2A3B
1252461052.19043,1252461062.251953,B3EBFE1693
1252461062.253903,1252461071.359375,7B0DDAC20D
1252409676.7148478,1252409686.458007,DB223C7A5F
1252431293.612306,1252431300.905029,26A0839FAA
1252405124.431822,1252405132.597656,A66BF68D94
1252405183.41504,1252405192.716552,B1B8FE5AA3
1252405239.8886728,1252405251.058105,41248EDDDC
1252405339.820316,1252405347.054321,9E6A81CED9
1252439610.180667,1252439617.777343,898C2A422C
1252439740.355954,1252439748.751709,8F6DB7174E
1252439889.603032,1252439897.5625,225C775E9A
1252411770.119144,1252411777.202148,B6117C5845
1252411893.8662078,1252411902.683593,3677C54BD0
1252423080.100587,1252423087.950195,CE986FC6A5
1252409826.593745,1252409837.817382,1C7F757707
1252409847.8662138,1252409855.638672,91D0A81C35
1252409958.895504,1252409968.41455,1222AF9EAA
1252480520.697757,1252480528.066406,54C29F8590
1252480582.622073,1252480590.625122,5129A998AF
1252480841.5537138,1252480854.490234,90DBF2D5EA
1252454677.9252958,1252454685.948242,2D46EAF766
1252454729.719846,1252454737.003662,8D465D5F7B
1252454834.488284,1252454843.227539,AC5D5CEA09
1252487718.54968,1252487726.749023,9CB4F57D3A
1252461239.1757789,1252461246.832519,13CB23A213
1252461418.667968,1252461428.043945,172B798027
1252461526.296875,1252461535.230468,59CC598850
1252463521.204103,1252463528.827392,48C89D4EC7
1252463581.9079568,1252463589.83789,D607FEF340
1252463686.3007772,1252463694.466797,76B7DBEA77
1252463755.144659,1252463762.945312,C2FBE4B32B
1252463780.305661,1252463787.699218,6BD76021B2
1252465378.453122,1252465386.625,33A966B7F7
1252465476.25,1252465483.368164,2E5C31D8B7
1252429075.162112,1252429082.712158,3962D2BC45
1252429134.048823,1252429142.159179,DA7D31185D
1252429235.349609,1252429242.722656,B2323645CE
1252446512.32111,1252446519.930664,A945F74D3E
1252416746.1914032,1252416754.366211,8A25077057
1252416777.977048,1252416789.952392,F57BE6B778
1252416873.636232,1252416883.25,99241FE3BD
1252416978.80615,1252416989.523437,289D836A4C
1252485306.613282,1252485314.452148,35135F3EE5
1252485435.626952,1252485443.375976,87C2E069E8
1252485565.210935,1252485573.201172,19C63E08C9
1252485620.271488,1252485628.199218,433509FFC9
1252422213.4617898,1252422222.381836,C70E1D80D9
1252422579.941403,1252422588.582275,F3E0D18B00
1252403052.461914,1252403063.956054,96EECE2041
1252489030.020021,1252489038.695312,BEBD07BD0A
1252489117.929691,1252489125.179687,DE3B2674CC
1252464352.77734,1252464359.862304,191B23028C
1252464360.734376,1252464368.860839,754C5DA791
1252464411.613771,1252464418.96289,2962F0B114
1252464529.1496558,1252464540.375,0F97838E42
1252464724.033203,1252464731.636718,0CF2203D44
1252485197.426757,1252485205.502929,07BA18D9E0
1252413325.7111828,1252413332.961181,A44967097D
1252402762.984372,1252402773.689453,A9AAC45B4E
1252459185.75,1252459196.820312,C5E53E2EF1
1252459208.330075,1252459218.850586,B00CF94DA2
1252459273.855472,1252459281.974609,7CEDF1F746
1252459315.668942,1252459322.875244,4EF072A27D
1252459446.365238,1252459455.494873,D085848BB1
1252459479.032228,1252459486.972656,C3EDEB298A
1252457255.5293,1252457266.042968,02345ECF38
1252406942.282227,1252406950.130371,F66EB02DF7
1252419297.773931,1252419305.326294,BCA334C278
1252472851.2167969,1252472858.457031,491AAFA522
1252412333.235349,1252412341.230468,6B5F97F99B
1252412412.076172,1252412420.53125,821441DFC6
1252412542.667966,1252412550.346801,EF37E6134A
1252412611.6874971,1252412619.488769,464435B8E8
1252412752.849606,1252412760.78125,7A918ACDE6
1252420230.386229,1252420238.529785,080951A31E
1252420342.102047,1252420349.515503,D8B3E06930
1252488163.0644572,1252488171.554687,C761A5FD7C
1252488179.837887,1252488189.691406,1F74CA2BC2
1252488225.925779,1252488234.557617,98A3B0A892
1252401767.556637,1252401776.027343,19FC74ACFF
1252448155.7919948,1252448163.416992,AE423F1F10
1252448184.1953158,1252448191.716308,264ED5EB77
1252420798.802738,1252420808.252929,8FE9988357
1252420830.62891,1252420838.260254,B1EBA06E3C
1252431506.0078158,1252431513.231445,E02EC8181C
1252478425.787113,1252478437.172851,FD98A4C00D
1252478502.879886,1252478509.93164,73635DF264
1252466393.908447,1252466404.416626,5875404B9A
1252466443.203129,1252466451.25,73E7DEFC5F
1252438571.292967,1252438582.99707,7CD53C5E51
1252409399.868161,1252409407.971679,E08986B8C6
1252409475.225958,1252409482.787109,223F89902D
1252409579.078122,1252409587.116211,F4E2BEC564
1252459524.172852,1252459535.546875,85CC5DCA84
1252459587.28711,1252459596.956909,4BE478ACBA
1252459669.868161,1252459677.049804,0E0986A5D8
1252412178.254396,1252412187.171875,EDA5FCBDC8
1252412194.744144,1252412201.752929,46E929480B
1252446610.797365,1252446617.84497,4B1F24075F
1252446978.115236,1252446986.015625,E811576A67
1252447040.404787,1252447047.870117,2BA6B2CC07
1252488794.452144,1252488802.536865,5295CBF20D
1252488831.000001,1252488838.164062,D8EE1D8E1F
1252436616.5,1252436623.642089,D3D3CB0107
1252440487.9169948,1252440495.237304,5BB0C92D55
1252482018.62256,1252482027.402343,B9F069C4AF
1252482027.527343,1252482038.995117,CD746E2D3A
1252402995.6635718,1252403003.052246,3A1141C500
1252407710.037115,1252407718.270507,C01D85C9BF
1252459735.148437,1252459744.19757,B84FFA6362
1252459786.044918,1252459795.501464,DA63F7B874
1252459803.223629,1252459814.804199,7903623B51
1252459927.2060502,1252459934.518066,E1E9B0A37C
1252459954.963619,1252459967.87207,C4CAFD2124
1252460024.796872,1252460033.375,11BDB3CD5D
1252460043.0029328,1252460060.839843,95AF6C3F3E
1252461652.291265,1252461660.411377,4628856922
1252461746.062139,1252461753.970886,7B99052852
1252461827.284185,1252461834.342285,D7B4330A70
1252466882.140875,1252466894.382812,063337A2ED
1252479485.879396,1252479495.739502,3A14FEFA83
1252479505.117184,1252479512.666992,F3DCA168E2
1252430899.3125,1252430906.754882,1A96DC7E5C
1252431049.196779,1252431058.541015,83CA9BD889
1252431091.731205,1252431099.099121,154DC7BC74
1252401029.388675,1252401040.223144,F1F39A0E48
1252401099.078125,1252401108.116211,997ADEC45D
1252401324.037111,1252401335.214111,42727900A1
1252401407.909177,1252401418.390869,1F3BE2B8C5
1252462741.58984,1252462749.925781,BC372FC865
1252462761.137697,1252462769.28125,CE4D30CD3D
1252462883.3745072,1252462892.390625,E11F168415
1252462961.066656,1252462968.754882,2EA08FA088
1252478393.229742,1252478401.269531,6F248DE510
1252471411.56458,1252471418.578125,EC83359438
1252477436.423338,1252477443.76831,5A805EE867
1252477452.221929,1252477460.417968,81D90A5CFF
1252477504.552731,1252477513.5625,A79B894A77
1252415155.362554,1252415167.166259,522C0C3007
1252447655.224606,1252447662.476318,CEBA123BD8
1252427415.081053,1252427422.226562,ADCC98C363
1252408309.736325,1252408317.113281,6290681136
1252408465.291012,1252408474.338379,6CD69D3B76
1252470701.925778,1252470709.760254,3F535FE40A
1252470744.122318,1252470752.159057,9B7E52C4F1
1252433057.122067,1252433064.487304,15047769E8
1252433257.906253,1252433265.291015,E5C3F94333
1252421878.087891,1252421886.683593,F1F0567076
1252421962.779298,1252421971.172851,166855D519
1252422027.1269538,1252422034.577636,9C248884EE
1252400357.445313,1252400366.5,2CF63C0489
1252400612.30176,1252400621.695312,9B97A94EA2
1252400765.556644,1252400776.470703,A06DD25D6B
1252410953.879886,1252410962.380859,BBEE1D900D
1252410982.85523,1252410995.270507,4E8CA9BD50
1252411043.775387,1252411051.914795,F50030B24F
1252473654.231451,1252473662.061767,2B870512ED
1252473920.065191,1252473928.1875,B32F1599BF
1252473976.1162128,1252473983.464843,6439FC4ECA
1252474406.92578,1252474416.449951,C5ECBD9F4E
1252474423.757329,1252474431.530273,881951105B
1252474579.441656,1252474588.489013,5DC5D2B5FE
1252424207.693851,1252424214.75,C5523C668E
1252424333.16699,1252424341.123169,5B0F9A3422
1252472501.403318,1252472508.815429,EE5106E84E
1252472633.597653,1252472640.960937,4324A4D670
1252467044.60937,1252467053.249511,555D858497
1252473189.595698,1252473197.044922,0856E8A34F
1252473277.18848,1252473288.592773,A07279C658
1252472255.361085,1252472262.546386,693FCA68EC
1252412808.9834,1252412818.421875,80B0B1D0F6
1252413136.906743,1252413147.871093,6CC9B4EE11
1252453466.625004,1252453473.759765,F8C20A6C7C
1252476697.8613288,1252476704.936523,985CA9EA3F
1252476786.0380888,1252476794.313476,6D66428D5B
1252476839.957035,1252476848.338867,24DEB9E5AC
1252445212.5466309,1252445221.142578,8DD422C018
1252439304.376462,1252439311.427734,E93CDCAF23
1252403613.773442,1252403621.15332,061124E5A8
1252403809.408198,1252403818.315429,E9EF69236D
1252404105.051998,1252404112.817871,9E413AC411
1252470833.7275429,1252470840.776855,FDFF2D3B4B
1252408569.046875,1252408576.342285,4C74623037
1252408667.422856,1252408676.480468,5FE548C154
1252471629.390626,1252471636.488891,9618622B5B
1252471665.5156238,1252471674.396484,216231093E
1252471960.580816,1252471968.0625,D804B2FB38
1252408000.56006,1252408008.28479,F7CF6D906F
1252408147.4335968,1252408155.265625,F369C2D3E7
1252464871.626096,1252464881.773437,97276A90C4
1252465070.4882822,1252465077.489746,91FA539F44
1252468422.645504,1252468430.033691,A8317FB895
1252468670.23895,1252468678.580078,7B4D83E173
1252426923.821294,1252426931.34375,FDF558AAAC
1252427017.568541,1252427026.059814,0ED3FFE5DC
1252458115.5102491,1252458122.564453,51EF763093
1252458137.337889,1252458145.4375,33A375C57D
1252416465.529302,1252416473.960937,24708AE873
1252404544.771481,1252404552.503906,BACF9E6514
1252452447.607912,1252452454.986572,EBA91A6AC6
1252452612.688966,1252452622.10205,1B5741C46A
1252452633.429075,1252452642.429687,322493D27B
1252452647.40723,1252452657.51538,8AF072800A
1252452717.825201,1252452725.145019,8648F3DBF3
1252452786.82422,1252452794.574218,DC7B8CBD16
1252451773.491949,1252451780.643554,55E02005C8
1252453896.211913,1252453906.322754,B2F4182328
1252454213.8212938,1252454221.853515,5704B5AEE7
1252454310.197269,1252454317.290039,32908A199A
1252454421.7451189,1252454430.473632,F4C098B8E9
1252425269.733395,1252425277.091797,1C00C28F25
1252465755.215823,1252465765.467041,62E25D9E43
1252465891.040039,1252465898.773437,BE560BEF22
1252404700.7998002,1252404707.823486,56C634B78F
1252404722.1899428,1252404729.724609,061B2E3B13
1252404881.015626,1252404890.394531,C9F77D8161
1252405042.234865,1252405051.665039,BF69AB11CA
1252460419.1787071,1252460426.770507,AFB4EB9FC0
1252428026.32812,1252428034.38562,9D87FE25F2
1252428100.181644,1252428108.377563,9F7F2CC37A
1252415501.170895,1252415513.236694,B00EEBAE6C
1252415651.53369,1252415660.537109,D0D357D23A
1252415707.90186,1252415715.554687,9586E8C283
1252415818.398434,1252415827.085937,652D6BC4E4
1252463973.211667,1252463980.953125,90D0A9A9E2
1252414281.003782,1252414288.510742,02EC2984E3
1252414831.666019,1252414841.971435,CC6571F7F4
1252414874.6269538,1252414887.273437,4E467B8075
1252411558.18359,1252411567.34375,E9B05AD492
1252411628.804075,1252411636.043457,17B100AF38
1252417516.595706,1252417526.697265,B35CF5481E
1252417689.6826198,1252417698.943847,00518E746F
1252451058.8818312,1252451069.318847,B8C20D747C
1252451157.609375,1252451164.726562,328F996584
1252451403.09766,1252451412.301757,B3A1E6B683
1252487140.919925,1252487148.88623,997325CC9B
1252487193.671876,1252487202.045898,75ECE1034A
1252453623.225767,1252453632.953125,5EF43A280E
1252488544.089847,1252488551.735351,B6F6DAEFDE
1252435750.440919,1252435760.507812,CE2747C33E
1252436069.4687512,1252436077.658691,B48E616649
1252436554.190428,1252436562.26538,238DBAED4C
1252477744.5937529,1252477756.58789,FF7A758848
1252478749.359376,1252478758.07788,D6761002E1
1252409252.78223,1252409261.327148,49103ECA1D
1252406199.833007,1252406208.092529,C28E4576F8
1252406247.787111,1252406255.432617,D23B01C085
1252406308.1352491,1252406315.390625,8967B30D17
1252416269.974606,1252416278.03125,68319FD70C
1252416325.125,1252416333.449218,57DCDCBF68
1252416371.113285,1252416378.943481,AE40C62D22
1252423252.248047,1252423259.286621,89C1838A8B
1252421175.08838,1252421182.424804,761A584896
1252421222.792965,1252421230.69873,20411462A1
1252421277.512208,1252421288.125,B66F77F214
1252485816.4912138,1252485826.1875,C9C57CA263
1252485879.186527,1252485888.720703,3C18ED2FAD
1252485987.872196,1252485995.662719,6F89A9BF48
1252435115.705076,1252435124.657592,8616B71821
1252435329.206057,1252435341.902343,878CA5ED9F
1252489368.829591,1252489377.913086,972F06974C
1252489556.133785,1252489563.777343,457A39E8CD
1252489622.320314,1252489629.875,BF09310AEC
1252458393.701173,1252458406.829101,940E46975A
1252458431.606197,1252458440.124023,C278CD82AE
1252458457.0541952,1252458464.992187,DCE23AA8C8
1252458542.533206,1252458550.55664,C8EDFA2FB4
1252458578.886226,1252458587.1875,CD68B630C3
1252458638.582525,1252458646.17041,8675D761DD
1252458654.070312,1252458661.79663,9532CFB758
1252451975.891598,1252451983.09082,D5E24D523B
1252451994.4018512,1252452002.847656,B263E83A0D
1252483991.208987,1252484000.620605,285333FBFB
1252484054.364256,1252484061.800293,789C63FC45
1252484245.3110378,1252484252.877929,6D7E8F17D8
1252484451.539059,1252484458.95581,129A3F0E84
1252484461.754634,1252484469.542968,A691DDF697
1252484473.806644,1252484480.829101,CEFB3CE574
1252484529.520997,1252484539.612304,C25E358695
1252484560.3969738,1252484569.767578,12C74C0B72
1252446074.480472,1252446085.185547,AD03E3C0DF
1252446085.7155778,1252446093.659057,168340E6AA
1252428383.9257832,1252428391.8125,3CE8F7082F
1252460348.885738,1252460356.449463,767CB420FC
1252418259.758788,1252418270.228515,0CE7FE6BA6
1252418288.621091,1252418296.249023,7A94EB254D
1252458995.8398468,1252459003.526367,6141010343
1252459078.28272,1252459085.657959,6872B3F363
1252483778.1328158,1252483788.128784,BAD7E689E2
1252483937.863278,1252483947.782226,58C837A661
1252483949.324222,1252483956.548828,063409ECD5
1252483558.684569,1252483566.596069,3108743121
1252483660.354978,1252483673.651855,542DA22B5D
1252437248.780523,1252437256.736328,8F63015295
1252437262.515622,1252437270.048339,5F44471244
1252437457.676275,1252437465.038574,20F994EC77
1252466263.375003,1252466271.081054,F886E5FD46
1252449191.2810042,1252449203.003906,79647F9B86
1252434604.75,1252434613.46875,CDCB2DF785
1252407261.268186,1252407270.041015,6CAB9C5DF5
1252407285.403323,1252407294.228759,A3113CB8E2
1252420502.162109,1252420509.749023,8BBA24AC46
1252420538.4687471,1252420546.65039,778014F62C
1252480191.079102,1252480200.586425,883E678752
1252480258.5090349,1252480265.512695,F7C62A0B30
1252480371.642575,1252480379.365234,579AA9165F
1252428555.008788,1252428564.810547,B94BA454E6
1252428685.2958949,1252428692.331054,3FCFF24BFD
1252446204.812501,1252446211.970703,4BE4001837
1252446227.1875029,1252446238.063476,F293F4B32A
1252446238.754396,1252446250.233886,DCA73D3630
1252446390.1874971,1252446398.985839,1CEF76444A
1252457317.552247,1252457326.734375,78287ACE9B
1252457351.54785,1252457360.993896,A256B5B587
1252400974.574224,1252400981.602539,DBF8AA2B78
1252580642.886722,1252580650.289062,64EEB43111
1252580667.581055,1252580677.767578,02034670D8
1252563632.414062,1252563641.785156,46B4B891F3
1252563917.75098,1252563928.736328,9E7754B456
1252561362.415036,1252561369.548828,511FB904E7
1252594779.653136,1252594789.902343,E71858A38D
1252580083.390875,1252580090.572265,E0716472A1
1252580298.5664089,1252580306.862304,DE9B08C0A2
1252561473.4726589,1252561483.691406,95EEA91AC8
1252561565.315428,1252561575.4375,65F912A428
1252520521.157223,1252520528.375,33CC1F02B6
1252542581.000003,1252542589.90039,554A58C70C
1252530036.442872,1252530043.542236,84F05CA2C7
1252524781.267573,1252524789.069336,C002535E68
1252525069.255862,1252525077.054687,DAC1C3B7E4
1252546154.58399,1252546162.324218,273245DF80
1252546288.9088109,1252546296.199218,3099103CAA
1252585316.718753,1252585325.618652,19C66ED7BA
1252585576.779297,1252585585.015136,B1A393BF7A
1252585661.125,1252585668.318603,BE74FD8542
1252506828.3227549,1252506836.960937,E5DE113A72
1252594475.462161,1252594482.545898,EEF002D788
1252594715.10937,1252594723.821289,66B0A3B167
1252508959.42004,1252508966.999878,F6D2C3C898
1252509706.50244,1252509716.264648,334F173110
1252509798.506346,1252509807.096679,B636AEF4B1
1252593129.10101,1252593140.08789,660988A57A
1252533994.5849638,1252534008.245117,E3D7A040A2
1252590119.668948,1252590129.625,A7C85567CB
1252527523.720763,1252527534.333984,A6B95AED91
1252534767.837894,1252534775.171875,11E2B6CA48
1252535029.172366,1252535036.505127,05C2256991
1252584024.771487,1252584031.960937,DFE2FE4DAE
1252584032.368405,1252584043.242187,EB2934B4FF
1252584324.7529252,1252584332.914062,86BE0FB2A7
1252593779.871583,1252593787.901367,4FF64C633E
1252550076.718263,1252550085.707031,57E2170F75
1252550115.673345,1252550123.792968,26751EA855
1252550124.109378,1252550134.861328,9309ECF416
1252507410.4348118,1252507426.484863,93EAA28386
1252507571.56641,1252507578.797363,493ABA4442
1252507641.827145,1252507648.833007,5E6B17245E
1252507078.00781,1252507085.544677,91054C7260
1252503567.972653,1252503575.007812,93394513FA
1252503752.0783072,1252503759.942382,B4B9B20AE6
1252503811.734378,1252503821.254882,F959529E2B
1252549186.34375,1252549195.517578,FE14D4BF2E
1252549223.575198,1252549233.984375,C6A2A7B894
1252549347.059574,1252549359.352539,0F2DDFE4C4
1252549475.414066,1252549485.646972,444297F67F
1252541000.071287,1252541008.046753,D2E9FFCE37
1252541244.835941,1252541252.832031,47CE5FE379
1252541373.552736,1252541381.173828,90D3695E98
1252593881.1474638,1252593888.885986,2F9AC9ABF2
1252593935.192381,1252593948.462402,8B89E1D956
1252594019.973878,1252594028.660644,8C41AF85EC
1252513722.1474562,1252513729.473632,ADDAFF8CD8
1252513880.8124971,1252513888.0,DF5C649C38
1252555668.453128,1252555675.771484,D964F3297A
1252570223.8974562,1252570231.25,4948DC3718
1252570331.070128,1252570338.550293,3EA1C9F2D2
1252538441.583492,1252538451.625976,5D47B05AB3
1252538543.644534,1252538550.861328,BB05109493
1252538633.4980462,1252538644.65625,9BEBA1A287
1252538668.0,1252538675.834961,6F20B2017C
1252509899.4658172,1252509908.221557,AA05071A61
1252509966.029172,1252509979.161377,30D698EE40
1252509983.51562,1252509992.967773,D3741EC1F8
1252572493.6064422,1252572503.318359,717963D89D
1252572609.26563,1252572616.756347,ABA25BC195
1252571201.470704,1252571209.234375,236680BA24
1252571496.6425788,1252571505.102539,C01BC6DD31
1252550585.9404328,1252550594.52185,58B03A6812
1252550617.594478,1252550626.693359,AF8C52937D
1252550709.1123052,1252550716.769531,F9269C11B0
1252550723.9374971,1252550731.067871,73CFCFED1C
1252574302.1201198,1252574309.835937,45872ED9C7
1252564900.824458,1252564911.275879,7E4F14B378
1252544579.266598,1252544586.43457,D9F58E3E12
1252544813.879886,1252544821.316406,28D1DEB4AA
1252544922.857912,1252544933.505859,B530893EE9
1252554965.742185,1252554973.022949,0B102A91A3
1252555190.324947,1252555199.264648,0CB13B3A28
1252571662.7548828,1252571670.321228,D2DB6D472A
1252571728.701662,1252571735.9375,BC79128639
1252519885.494139,1252519894.504394,30645E564A
1252519979.0341768,1252519986.419922,C9BE9DA42A
1252520240.3418,1252520247.688476,1EED117D87
1252570794.715336,1252570803.879638,94AF111E78
1252587034.054692,1252587041.361816,024A706969
1252587112.800781,1252587120.148071,6BCDEA0513
1252553701.797849,1252553708.943115,547A8BDD52
1252564678.733396,1252564685.765625,9E2897AF8D
1252564766.336669,1252564773.875976,A199EAD4AF
1252515495.7812529,1252515504.21643,7357CA0047
1252515870.0625,1252515877.741211,860435EA37
1252515881.746092,1252515888.84375,06F9DA265D
1252583784.79395,1252583792.5625,E99E7807FB
1252583926.099606,1252583934.578125,E66638F42D
1252583947.920895,1252583955.393554,6E8029F944
1252552500.816656,1252552507.930175,A33AC4816F
1252552525.191282,1252552532.875,FA95BC1014
1252526789.059942,1252526796.279297,41C0256345
1252526961.661132,1252526972.772216,1CBF3DE21D
1252578061.430784,1252578069.524414,D40EFD1D46
1252593151.704107,1252593159.108398,6D14DDC033
1252593393.311519,1252593400.481445,77ECCC489A
1252557934.925778,1252557947.160156,8A36F2F6D9
1252586489.000002,1252586497.233398,3B24ED8B5F
1252586631.775395,1252586638.8125,7741CEB461
1252560677.619632,1252560686.795166,CB6935391E
1252561057.575198,1252561064.996582,10662AFD88
1252553215.376222,1252553224.512695,6755DA013D
1252517923.1982431,1252517930.829834,313C19901C
1252517970.621099,1252517978.71875,0F8A691E38
1252567470.056888,1252567478.22998,82084ECB72
1252536779.364261,1252536789.801147,B6D62D6EA3
1252536958.532224,1252536965.901367,E0B12ACF27
1252567856.740231,1252567866.469726,3A75540C84
1252567870.159425,1252567879.5,D5D54BD171
1252576974.496099,1252576984.253906,B77653B1DA
1252577118.641598,1252577127.372558,3E0FABA3B9
1252512678.290042,1252512685.368164,9FD725FD06
1252598875.415037,1252598882.745117,B1E12525B3
1252579215.6192598,1252579224.977783,5F335F026A
1252579516.328122,1252579525.132812,729A49FDB2
1252510636.3735402,1252510644.623047,53A7C547B9
1252510721.569822,1252510732.302734,4E9BBF8081
1252560223.253414,1252560231.233886,C1BEACEF46
1252560281.489747,1252560288.839843,CA209F9A3B
1252521306.375,1252521314.735839,B5F9139449
1252596105.71875,1252596113.182739,BF0A6FB055
1252596246.954105,1252596254.488281,1DA05F154D
1252596299.754879,1252596310.108398,3DCD2FFA97
1252596465.52466,1252596474.469726,DC50CE79AF
1252600055.4324331,1252600062.955078,450F2B7B5C
1252552851.24219,1252552867.658691,11A8B95F8D
1252552867.7734408,1252552874.985351,3436B58FE5
1252553078.1289089,1252553085.248047,D25230EF1F
1252504572.950681,1252504581.23999,0A49CFB768
1252504637.661136,1252504645.333984,B9152C519D
1252504648.522948,1252504655.525879,56021F931F
1252579721.708005,1252579728.975097,0A19A0891E
1252514961.998537,1252514969.524536,EF8CAF5C73
1252514975.678715,1252514985.05664,01302D523C
1252515218.916265,1252515226.245605,E28D2373DB
1252515324.053956,1252515334.664062,CBF6436C1C
1252515406.273437,1252515414.407226,839509E6F1
1252568110.6245072,1252568119.873535,F0261363D7
1252568260.4760718,1252568271.066406,713A58834F
1252514276.367191,1252514283.879394,9EF2984FEA
1252573827.388669,1252573834.818603,45A1CFA793
1252574057.426761,1252574065.464355,07C5309BFF
1252574196.880861,1252574205.215332,6EB87C4F8D
1252561788.9687529,1252561798.592529,C80F5304C8
1252562165.77344,1252562172.84375,53B998F907
1252562188.4082048,1252562196.834961,C944955EB5
1252562321.284178,1252562328.699463,ABE3562149
1252562425.731937,1252562433.625976,F5E031B95E
1252562440.7578158,1252562448.296875,1BB33FA512
1252562476.639286,1252562484.578125,101BEEACD6
1252527644.73828,1252527651.801757,0664AF125E
1252597270.301763,1252597277.827148,DDC5042F8D
1252597280.574224,1252597288.378906,970C8F3EC7
1252597387.6743188,1252597394.752197,349F8913FF
1252597597.6713898,1252597609.019531,50A973FF9A
1252574600.0737338,1252574607.149658,94D7CD8DF3
1252531519.052737,1252531526.799804,8E36C01F7E
1252531526.800784,1252531534.01416,5AE955488F
1252547666.957518,1252547674.954101,B4BBA2503F
1252547813.558594,1252547828.554199,1BF28A74AC
1252547898.490484,1252547906.663086,5F271F1B48
1252585186.301028,1252585195.173645,15B8C3C1A2
1252582975.33301,1252582982.408813,30470378E0
1252538315.9152808,1252538327.124511,C3C5532009
1252538412.457028,1252538419.762695,1148FED028
1252516106.6523468,1252516117.348266,1755665670
1252516334.1557572,1252516341.703125,B2081D92B1
1252507795.1513689,1252507802.351562,7D7E4BCA9D
1252540035.221193,1252540042.440918,B46439ED19
1252553969.238278,1252553976.356689,5F8D2F2D75
1252588896.115238,1252588903.333984,A0FBEB1067
1252588919.5063522,1252588927.169922,9D1358BEAF
1252523665.937257,1252523673.188476,290D598BAC
1252595374.188482,1252595381.921875,FFC0DA0878
1252525571.437495,1252525578.771484,1641078FD4
1252587311.3544948,1252587322.725097,A867F47968
1252587464.359372,1252587473.36914,92C1F72E2F
1252587620.635743,1252587629.582763,340EDEA448
1252587644.2202148,1252587652.960937,8E9027D7F8
1252558201.774419,1252558209.195312,2E45F15518
1252534602.380862,1252534610.501953,2021E7E818
1252578878.670902,1252578890.799438,465107D702
1252579000.797855,1252579012.798828,FE28111571
1252565354.8671908,1252565364.226562,56DE5E60C8
1252595668.244137,1252595676.289062,1933E7E733
1252575500.107418,1252575507.84375,60AFBBC3CE
1252520301.710934,1252520309.428711,B84CA87361
1252503257.535153,1252503264.565307,37E199EE46
1252563186.8476589,1252563194.444336,50A7D2B901
1252563225.686033,1252563232.891967,D983517690
1252563398.79687,1252563406.083007,2E91BA0441
1252502873.074222,1252502880.625,5EBBA0100F
1252502929.74609,1252502942.301757,DC6F91DBF9
1252502942.373047,1252502951.140625,7876B6180C
1252502970.8752449,1252502985.15625,A1A06D0236
1252503006.50781,1252503014.135742,39E587C992
1252503155.3320272,1252503164.673828,1B394F44B6
1252528575.735355,1252528584.682617,BB72672FA1
1252559472.847653,1252559481.28955,B7B124D040
1252559573.52734,1252559582.622558,A0FE202F56
1252526050.053712,1252526057.821289,1F6E137350
1252526076.512447,1252526085.570312,B333FBD4A0
1252526139.242191,1252526146.823974,1364935121
1252526195.010256,1252526202.752685,DF33FD1230
1252526277.84766,1252526285.123047,ECBC3465F6
1252516632.246094,1252516640.444336,988C439187
1252522117.820309,1252522132.676757,9B639E7E74
1252535113.888668,1252535124.820312,39B5280B8A
1252535268.931644,1252535276.378906,932E069357
1252587904.947265,1252587913.232422,51D9E3B286
1252588180.887207,1252588190.007812,3D238697C5
1252591474.044918,1252591481.78125,4288E2A3CB
1252591493.343752,1252591501.319336,C0EF0C01F3
1252591779.292972,1252591787.25769,3CBB9FA517
1252591965.8432572,1252591973.411132,C8961248C1
1252508457.109372,1252508465.697265,D0DB743AD6
1252576336.707028,1252576344.205078,A98061E7EC
1252576344.726562,1252576351.875,C5EC613600
1252576418.0810578,1252576427.699218,851835F11C
1252576702.348508,1252576711.311523,891D4CEFFA
1252576717.889652,1252576726.135254,A692DEA34B
1252576799.459234,1252576806.888672,2DE2A9C189
1252576883.879879,1252576891.297851,0E16A16DE4
1252592645.119137,1252592652.628906,DB232F52BD
1252511647.023442,1252511656.765625,58B529CF7F
1252511704.346187,1252511714.269043,FC9CCA345F
1252574839.85742,1252574847.240234,5582B3BD34
1252575104.013668,1252575113.467773,6439FBC200
1252545322.861019,1252545330.057129,FBCCB37751
1252598971.466915,1252598979.230468,A7936379B3
1252599229.677737,1252599242.772461,9B6F8A1FCE
1252524000.857425,1252524010.092773,DCF1C3B9C0
1252599765.399419,1252599772.613281,A93633B2D2
1252543662.036134,1252543670.558593,A628E049FE
1252543671.640622,1252543679.65332,A279C8B410
1252519728.875,1252519736.43164,83F15A96BB
1252519787.46484,1252519794.552856,3788E51B77
1252590277.578122,1252590287.114257,6696CE286F
1252590584.894288,1252590597.9375,C137F91ED0
1252555996.390628,1252556003.601562,338C148095
1252547433.071046,1252547441.637207,BF96294849
1252540289.411129,1252540297.201172,414A2427C5
1252540321.140622,1252540328.512695,F9EAC60A51
1252540453.091314,1252540463.53125,239B1D62B9
1252540726.8749971,1252540735.643554,BB9F31D4D7
1252540794.234375,1252540801.311523,9CE2D40985
1252540928.221437,1252540935.906005,86B4650515
1252575615.590335,1252575623.147461,0116D4F607
1252575687.665533,1252575696.65332,FDFDA0F419
1252566695.497072,1252566707.71875,B63FA4BBB7
1252567085.53125,1252567094.173828,180C52856F
1252548079.250982,1252548089.515625,FDB4E6B2D3
1252548259.1118212,1252548267.493164,335EB1B894
1252565754.105958,1252565762.6875,E03E2D071B
1252537891.3574178,1252537898.734863,BBE59E1A6F
1252535934.2429152,1252535941.536621,8EE5EDDC0E
1252581430.810549,1252581442.257324,E54F5E8EC1
1252523332.214844,1252523342.574096,D03153D79F
1252568878.964357,1252568888.149414,2A1F28862C
1252572886.3691428,1252572895.870605,C4986C4386
1252572968.835935,1252572975.963867,00E296EEA9
1252572980.292966,1252572991.954101,38BBD35D75
1252573222.3671908,1252573233.919922,31A18E138F
1252573280.167964,1252573287.324707,CB266D112B
1252573375.2939491,1252573382.321899,F89C97F004
1252573421.699215,1252573431.671875,64D2EF0920
1252536165.46484,1252536172.905273,1D46CA4E8E
1252561720.152344,1252561727.690673,3D17FDE8FA
1252518646.6328158,1252518653.875,AA04AF2B70
1252518686.576175,1252518696.401489,E069B186C3
1252518963.190919,1252518973.638183,AA209ED4CF
1252519122.452145,1252519132.622558,A76C926436
1252519296.703122,1252519304.262939,F65F6416AA
1252519333.825198,1252519341.75,39C493C679
1252558466.869144,1252558475.596435,49FA655EEB
1252558889.710941,1252558899.167968,2C97C82748
1252517344.216797,1252517352.521484,460B61D9FF
1252584832.7763698,1252584843.07666,22E1348605
1252584920.5498078,1252584927.731445,14DD19DB2F
1252584995.053342,1252585004.126464,BF677A3E95
1252585008.794921,1252585016.100097,5644BB74EA
1252585060.61719,1252585067.940429,D6995FB52C
1252542105.915035,1252542113.197265,7849D69EA3
1252542162.961917,1252542171.790039,C93877A0C6
1252596734.5915482,1252596742.299804,A792D0F06B
1252598709.7939491,1252598717.068359,5C19346FBA
1252556844.577886,1252556853.336914,1666ADC0DE
1252557012.994142,1252557020.029297,6A16D0EC2D
1252557179.4453158,1252557187.61914,3DDDCF2B6F
1252557353.136715,1252557366.882812,BD032AF448
1252557488.593753,1252557495.804687,076ACB0F60
1252557657.825198,1252557665.873779,4238DF57D0
1252557729.953125,1252557737.286132,09B259C172
1252512864.575192,1252512873.124023,BA68C97BC0
1252511153.867185,1252511162.237304,60F1C48D41
1252592404.8124988,1252592412.923339,DBE806900E
1252592550.5048828,1252592559.326172,DB50FDDAE7
1252555518.1757782,1252555526.663086,608077FC47
1252508899.6162128,1252508907.27539,5F299FE058
1252504852.021116,1252504859.308593,DDCFFEA5E2
1252504917.588138,1252504925.015625,C7892022D3
1252505102.67285,1252505111.776123,61137C9107
1252505236.2924838,1252505244.601562,11A4D5C9FB
1252543304.316403,1252543312.020507,8E2194089E
1252570369.945317,1252570377.473632,94C313AE90
1252570381.048831,1252570389.041992,89C2C5F578
1252560396.234679,1252560403.882812,761EED61AA
1252560444.303832,1252560453.225586,74C1460B1E
1252560470.199708,1252560477.425293,753DFE62F6
1252531903.3983111,1252531911.286621,823517AAC3
1252532044.1201198,1252532052.514648,EBFA2A2444
1252532052.514898,1252532060.03833,2B7207DE0E
1252532128.921878,1252532141.113281,136530A39B
1252568485.2451198,1252568493.046875,437C016B9D
1252568663.244144,1252568673.073242,DEDA0B2BC3
1252539229.336427,1252539236.625,0C4CCCFE35
1252539499.635257,1252539509.460937,3275EBDAE5
1252554694.951169,1252554702.003906,E1C5E1A41B
1252589536.562504,1252589547.392578,AF7C68085F
1252589573.7963822,1252589582.723144,A1E51FF515
1252589739.06445,1252589746.770996,FED1AB5E20
1252589779.3037071,1252589786.742187,CDDECD7C1F
1252548724.661129,1252548733.305175,5B4C851A0A
1252545555.0859358,1252545562.257812,3A44EA9DB6
1252545834.566652,1252545847.801757,196D619489
1252546061.210935,1252546069.999023,E3FDCD5758
1252521721.743104,1252521733.498535,6ECAA75078
1252569643.203125,1252569656.674804,BDA6192A2E
1252570025.126956,1252570033.470337,CA5FA00C52
1252559221.157957,1252559230.232666,6095EF8D25
1252563974.256836,1252563982.13916,F11B005584
1252564099.5740938,1252564107.910156,787DAF597E
1252534268.830079,1252534279.888183,1E8158AD31
1252534490.750974,1252534498.378906,500A81F73C
1252578798.646484,1252578806.854614,81D015EF5B
1252551903.55469,1252551913.637207,E8FEC9345D
1252566100.169247,1252566109.938476,FCF7B65921
1252566118.5585902,1252566129.953125,1547075D4F
1252566215.512208,1252566222.74414,4917A46D49
1252566290.6118178,1252566297.617675,D6A231743E
1252566304.342777,1252566311.467773,D24CD1B3D2
1252577525.8164048,1252577532.846679,1FC436BB11
1252510469.857423,1252510477.093628,AA6327D987
1252586207.411617,1252586214.581054,8DB1FC7225
1252586237.1583228,1252586248.564453,DA43AD86DD
1252576013.479742,1252576023.05664,5E76EDADC2
1252530204.5649428,1252530211.702392,1EC0361566
1252530329.46631,1252530336.838134,2CD4E344CB
1252593516.960333,1252593524.022461,4CF810725A
1252525457.92578,1252525468.851074,781193FD93
1252528396.658449,1252528406.936035,B68892BE5D
1252551247.955075,1252551255.558593,3D6CFB371E
1252551355.2265658,1252551365.753906,E4D41E6B2D
1252551525.572269,1252551533.561523,D26E7D802D
1252518109.0498078,1252518116.084961,C34858A083
1252569404.695432,1252569413.290039,030E66779B
1252569486.713867,1252569495.141601,57FB274F00
1252582028.812136,1252582035.967773,DB792626C8
1252564527.6904328,1252564535.606445,711172936F
1252584647.310304,1252584656.36499,AD84588B1D
1252513041.848393,1252513053.202148,842193C4B9
1252513053.202638,1252513061.362304,6735499768
1252513091.28125,1252513098.307617,007282D714
1252597886.307127,1252597893.355713,65473270EC
1252597954.744869,1252597967.99707,BCD3EE52AF
1252598389.650391,1252598398.773437,9D370BDBD1
1252598462.582034,1252598470.118652,DEE3DF3081
1252598566.9101572,1252598574.649902,D0D1FFD156
1252543898.432617,1252543905.507812,801DA9D446
1252544075.463866,1252544084.131836,26E73E4475
1252544253.3613229,1252544260.857422,F0A0EB0EB1
1252546529.531131,1252546536.953125,81AB1B45A2
1252546610.923828,1252546619.053711,D5E6C0D0BD
1252638530.673828,1252638539.044922,33E4C62557
1252634024.6171842,1252634032.229736,7C6D5C4584
1252634099.641603,1252634108.1875,28DD04842E
1252634158.099608,1252634166.44873,1B78D8E92D
1252634340.609372,1252634347.805664,09F9C5FAAF
1252694251.498043,1252694259.974609,5E38DEF236
1252694271.7373078,1252694279.822265,F55D058A2B
1252654810.934573,1252654818.579101,437F6EC203
1252668330.870114,1252668341.235046,603E817859
1252668363.054684,1252668372.08789,BB32AB29AB
1252660393.1289032,1252660401.241211,5084AEFCBB
1252660482.153324,1252660489.270507,278CC21D22
1252660849.5825171,1252660857.297729,22E3824F5B
1252646951.921872,1252646959.263977,5D510971A9
1252646977.44922,1252646985.743896,CE7E8E3B6F
1252622494.401854,1252622503.552734,679F557FC7
1252622522.490718,1252622531.666015,AEF674A99E
1252669916.3159158,1252669926.396484,8C466BAD52
1252669965.3325229,1252669972.566406,ABBB5472F6
1252670021.848629,1252670029.194336,84C53FA800
1252670029.194826,1252670037.435058,74B1989011
1252672514.419925,1252672522.231445,DCE833065D
1252684838.956416,1252684846.409179,4EED4E34A0
1252636378.048828,1252636385.735229,F7F43AF1E6
1252644048.926761,1252644057.49707,E2B80E8B21
1252621243.3110402,1252621250.355468,EEE266F790
1252621534.4804718,1252621543.887207,E6FAFBADC4
1252621633.4453151,1252621642.835937,BF333511BC
1252674399.38281,1252674407.131591,DAD54AE87E
1252674515.923825,1252674523.288574,4A1810EE99
1252659143.3227508,1252659150.373352,CD148FA6DD
1252659458.2851589,1252659466.03125,B030C6B3CA
1252659473.609866,1252659484.333007,A4864AF39F
1252694631.921872,1252694640.004882,7D9D6C2705
1252604671.004514,1252604678.765136,70B906E25D
1252603837.032228,1252603845.554687,AA2BAC3590
1252603870.124995,1252603877.450195,C6B71ABD99
1252651170.19336,1252651178.324829,D01F4831C0
1252681554.017577,1252681562.595703,83DFA1A9D1
1252608439.5537138,1252608448.987304,4861DE25E6
1252665889.517575,1252665898.357177,137E1B8E8C
1252665927.902833,1252665935.456543,C5FDADB57B
1252665965.472654,1252665975.249023,3C13662ADD
1252603244.38611,1252603255.933593,933B3429DA
1252625622.991695,1252625630.886718,7AE37348D4
1252618073.542965,1252618080.568359,C4740CE7EF
1252675033.982418,1252675046.097656,020E3B1B4E
1252675171.943356,1252675181.195312,8786771520
1252675342.13342,1252675355.112304,E98F403C61
1252675360.947267,1252675370.29541,99F2430253
1252600766.0185502,1252600775.331054,1D839BA31B
1252600886.8227491,1252600895.716797,A4701C82E4
1252682662.895753,1252682674.476562,3025616038
1252682735.671877,1252682742.895507,72144757C5
1252689894.9052758,1252689902.046875,75428CF211
1252690014.689454,1252690021.947265,C992A83AE7
1252655981.05859,1252655988.835937,CD0723CEE3
1252656156.177494,1252656164.869384,5F461703E1
1252656169.808596,1252656179.942871,74B6637C2C
1252656190.1301231,1252656197.927734,1CD706A5FC
1252656320.9223678,1252656329.936523,FA9BE2C374
1252656476.142581,1252656488.205078,F8EC6AEA6C
1252667791.401978,1252667800.029297,0CE5C72EBE
1252667985.3492491,1252667992.723388,ACAF9FCBA6
1252670736.185543,1252670743.279297,6A8C7F2160
1252657988.429685,1252657996.162109,AE8505EF80
1252658124.197262,1252658131.367187,C7F5B1EB18
1252658150.35937,1252658159.569824,2636F38793
1252635401.7490249,1252635409.857605,EFEBA97B36
1252635463.7851589,1252635472.830078,FCD6102524
1252635638.447262,1252635645.578125,A50D8B181F
1252607775.501466,1252607782.831054,A1B2C11930
1252683503.9799762,1252683511.854492,735193B871
1252626026.652835,1252626034.236328,802CA5FC21
1252626104.787106,1252626113.379882,B466C6BCA9
1252611199.0556638,1252611206.697387,C82FAA8408
1252642323.1435518,1252642333.072265,4FDFBB5C8C
1252642449.364263,1252642457.542907,0D434B6AAC
1252642504.672853,1252642513.355468,29E392F75C
1252607305.82812,1252607317.001953,B4CDA52C96
1252611586.838867,1252611596.021484,D50B9DE818
1252611645.16846,1252611653.109375,DFFD3E2EDC
1252611732.503903,1252611740.576049,FCA467152E
1252643294.173825,1252643302.977539,359F67B51E
1252691197.3388698,1252691204.857422,72389B71EF
1252624789.911495,1252624797.313476,994E7FE992
1252624834.594241,1252624843.212402,CF120336A0
1252624940.758786,1252624948.595214,130C4947A3
1252609493.184574,1252609500.595703,A483926DF5
1252630282.916507,1252630290.255615,809AB4EC90
1252630646.975587,1252630656.095703,7A00F163B9
1252623045.962894,1252623057.524414,74CAC9F31F
1252615299.108402,1252615308.567382,593766840C
1252646424.970703,1252646432.5625,862455ECFC
1252641827.677735,1252641835.172851,C91CB16B3F
1252642017.279296,1252642024.44873,BE0E694BA9
1252680921.741704,1252680929.816406,DDA2792416
1252680999.8251948,1252681007.953369,628A7CB103
1252681048.2104518,1252681055.877929,3F0A2EF21B
1252681145.0156229,1252681153.785156,668F679966
1252681214.208738,1252681224.289062,565AF565EC
1252685556.468755,1252685563.539062,047DDAB1F9
1252647237.936527,1252647246.033935,718BAE2DAB
1252635239.480957,1252635247.375,4C735C065B
1252655128.997562,1252655139.416259,6488D3C02A
1252655150.791988,1252655158.17041,B7269EA4A5
1252655185.119137,1252655193.160278,DC932052A0
1252655228.4043,1252655237.202148,FE9A5008C8
1252657279.0,1252657288.329101,74B3EEED7E
1252657370.3076189,1252657383.079101,FA5FCBAD90
1252667602.445682,1252667610.65039,270B97877B
1252622644.7924838,1252622652.998047,4A3E23086F
1252622747.231449,1252622754.673828,1A84641AFB
1252617063.4248018,1252617072.945312,687F72750D
1252659918.955811,1252659927.212158,F6027D4E59
1252660017.704105,1252660029.028808,1297BD11B3
1252660030.284176,1252660037.408203,EDFAA3E521
1252649885.6591809,1252649893.850586,B76FD4A794
1252649896.76758,1252649905.311157,D029DC6AE9
1252699816.8862329,1252699825.990234,04E047139B
1252613401.824708,1252613409.419555,3C12B57576
1252613604.3527849,1252613615.335693,96277AAD6F
1252645969.076168,1252645980.301757,F5F6A81F42
1252646083.812503,1252646092.711914,DAC5A35470
1252641282.898443,1252641295.678711,94C6007D4A
1252696980.171875,1252696987.419922,721C4CF9D5
1252697005.675784,1252697014.0,3BB44CC2A1
1252697097.2700229,1252697105.736328,AA0AB313DF
1252626309.430661,1252626318.062011,BC2AEA355D
1252626346.652832,1252626353.896484,12125B683E
1252671746.423832,1252671753.474609,BC42DF3EB4
1252672033.960325,1252672041.555664,4638CF30B1
1252671268.9894378,1252671276.733398,CEBE998663
1252642880.630369,1252642889.579101,3FF7CB4A7C
1252643006.633786,1252643014.591797,5BAF49E495
1252669146.142575,1252669153.652343,E35CAFCFDC
1252698687.316407,1252698695.526123,3442224E2A
1252698886.108888,1252698893.777832,14118CB30B
1252698915.949215,1252698924.046875,C86E6B4398
1252698960.248043,1252698967.918945,72FDC07B77
1252680409.4287138,1252680417.445312,C9D51CE5E9
1252632731.687016,1252632740.408203,06F72C5AC5
1252605973.859372,1252605982.547851,CE4AEA73D0
1252648022.25195,1252648032.625,98A2472496
1252648363.2359588,1252648372.330078,052C2B04AD
1252662278.446048,1252662286.007812,21F82A4583
1252604244.423582,1252604252.870727,3F1D564A00
1252604363.822266,1252604371.637939,646A6DF850
1252604526.192565,1252604533.8125,4540B680BC
1252683087.389889,1252683095.284179,4EED4E1314
1252683172.4985402,1252683181.773437,FBF1854903
1252683191.3327591,1252683198.858398,6C47E3D327
1252683224.749027,1252683231.784668,2FFA1E836C
1252655663.29687,1252655672.974121,8CB960F447
1252619610.109372,1252619622.999633,7E3FF36AAF
1252619769.703125,1252619776.824218,210E7A7AB8
1252619902.446105,1252619909.986328,FC71959E16
1252650591.0078158,1252650598.7854,A8FC334784
1252650615.5087862,1252650622.631836,E1729BB25C
1252650796.4274862,1252650803.789062,45137DB816
1252650918.99609,1252650930.236328,437C73711E
1252651050.225582,1252651057.826416,2E27423646
1252615983.848637,1252615993.973632,184804B8B4
1252610809.7373078,1252610817.100586,5541FBABE5
1252668760.167965,1252668768.411255,90CFC8BD64
1252668886.8124971,1252668896.191406,ABE5AD2C56
1252627873.839843,1252627881.22998,547FA78788
1252627953.531248,1252627960.959961,94241CFF0F
1252628199.03711,1252628206.079589,30AFF23650
1252628210.140628,1252628217.152832,82E799B1AB
1252692815.17187,1252692822.27539,53F6EE2482
1252693035.874995,1252693043.296875,375CC4132C
1252693281.552737,1252693288.670898,5C0E63F813
1252618767.7160602,1252618776.033447,67370D4339
1252618960.101563,1252618967.5,3F5C4B5E2E
1252668692.181888,1252668700.050781,0D606C84C2
1252638021.7841828,1252638030.05664,1141CCE3E5
1252638102.546872,1252638110.783691,03B27FD14E
1252605317.585941,1252605325.515625,328ABE819B
1252645368.246097,1252645376.034668,1AF1A6F548
1252677233.7258348,1252677241.092285,5DAFF87E8B
1252677278.361578,1252677285.512207,906DAB6BB5
1252638979.642095,1252638990.446289,2BB351CAA2
1252639045.133306,1252639054.908203,8602BBAAE9
1252639063.76367,1252639072.366333,8306C2118B
1252639232.413578,1252639245.683593,22DA116673
1252649041.306642,1252649049.930664,3C1B4C8D13
1252649195.067386,1252649203.21875,4ADDFFE259
1252649343.634771,1252649352.748474,CCF5A43560
1252629387.843259,1252629395.624023,4109304752
1252687962.710935,1252687969.839843,E06A212941
1252688021.787106,1252688031.44873,F9BE9F4E5A
1252669260.076662,1252669267.460937,9EF5EF344B
1252669608.819952,1252669616.888794,582A027103
1252664630.75,1252664639.304687,1B8A80FDD9
1252664663.5519998,1252664671.415039,E938759552
1252664770.566899,1252664778.38623,A960901E72
1252629689.911138,1252629697.623291,17B07085FF
1252678641.3125,1252678651.554687,CA4B4DBC66
1252617350.2168,1252617358.0,F8E1211457
1252617524.317379,1252617532.46582,6A285FE7E0
1252617534.203125,1252617541.359375,C13F4D8C94
1252634662.958987,1252634670.128906,0A14EF7238
1252634687.9863322,1252634695.10791,D9C0A16E4E
1252635061.839847,1252635071.378906,EAC5C7F7B0
1252635121.75195,1252635129.420532,7379F5C3A6
1252698603.864742,1252698611.932617,672D1F8737
1252682445.123043,1252682452.793945,A3A9A9FDDB
1252625572.375,1252625579.875976,3D9EF8DE2C
1252619094.792972,1252619103.939453,1488D0D37F
1252660308.298825,1252660316.034668,CD00FE3335
1252611881.582035,1252611889.25,15293DBE00
1252665065.85327,1252665074.446777,D2C9287D97
1252658343.891602,1252658353.762207,F72DE43E0D
1252658556.130002,1252658564.798828,C9A5EBE4CA
1252658627.446292,1252658638.329101,39D88DF107
1252658832.468751,1252658839.550781,C8ECC7657A
1252607943.10937,1252607954.23291,8C947BAE65
1252614944.571286,1252614952.305664,5F836B92D9
1252615140.4765658,1252615148.0,C8C0880F70
1252650116.028326,1252650123.803711,1AC644E8CB
1252650177.38721,1252650185.246093,0EF020088A
1252690685.9399428,1252690693.783874,2B96FF0318
1252690817.658692,1252690824.75,103BD38FAF
1252671592.082028,1252671602.423339,EA898FE426
1252601122.8642578,1252601129.913086,6307C064F2
1252699435.243405,1252699444.530761,8851D1F969
1252631492.533207,1252631500.60791,F441EF4967
1252624131.5937529,1252624139.15625,01442E95C8
1252624330.5,1252624338.665039,9DC922E3A7
1252624641.3505888,1252624648.882812,E6A0C0E9EE
1252661297.178953,1252661304.586914,D1F39A17D4
1252661351.142339,1252661362.542968,AE5FC4F309
1252661402.9801,1252661410.771484,0AEEBA9713
1252661461.0869138,1252661468.265136,4E9366C8FD
1252696091.359378,1252696100.013672,61F241D73B
1252623520.7265592,1252623528.577148,B918D7DB51
1252623544.500003,1252623551.594238,797F18BBA4
1252661659.1252449,1252661666.885742,F22C81DF31
1252644369.375734,1252644376.765136,C9BEBD2F1E
1252644623.203122,1252644630.722656,A0D1A79547
1252644652.370909,1252644661.726562,9E653955D1
1252644727.6738288,1252644735.647461,7616987893
1252689313.076663,1252689321.196289,CC694C8952
1252637613.574215,1252637620.752441,7B40217A64
1252616281.3215308,1252616288.399414,C56DD1051D
1252616389.505372,1252616396.535156,8B699171D1
1252616508.5554152,1252616515.652343,68B8E13D7F
1252665312.3024862,1252665319.659668,B17EC65E68
1252665392.2741668,1252665399.845703,C9D8EB26D2
1252665476.482418,1252665486.918457,4E28E23A6F
1252665777.6113288,1252665784.735839,9ACD15C4E1
1252610010.072384,1252610018.359375,C138238F13
1252610121.391233,1252610129.96875,2123043C8B
1252610160.859865,1252610168.07666,0132074014
1252610241.367184,1252610249.478515,A29414281C
1252614463.675054,1252614471.682617,9E4DBE905A
1252610313.806154,1252610322.546875,AA35E3B036
1252610398.096679,1252610406.797851,DA9A49AE21
1252661824.226566,1252661831.638672,863FAF14C7
1252662028.754886,1252662037.165039,7226E2FCDD
1252696546.916995,1252696558.534179,F2B5DE01BA
1252646332.9960968,1252646340.839538,1CA3CFE686
1252683756.34375,1252683763.657226,648983F59A
1252683781.053711,1252683788.808593,7D84E9017F
1252683913.37109,1252683929.806152,4B1D77FB06
1252683970.140622,1252683977.379882,5A2A77D516
1252663273.771487,1252663282.512695,4ADE98D9A6
1252663550.929685,1252663558.6875,65DB3ECA39
1252640225.8203151,1252640234.281738,BA65939DC2
1252640510.1249971,1252640517.521484,8DAC48DD76
1252700014.941409,1252700023.118164,D29228AD6F
1252700136.595212,1252700143.664062,0DB975325A
1252673009.111328,1252673018.601074,9FD2491C04
1252673448.0,1252673455.015625,351A82345C
1252601664.340148,1252601671.484863,BE1F720140
1252659832.781252,1252659841.936767,0CA906B453
1252627522.998046,1252627531.568359,952DE15281
1252627650.934816,1252627658.522461,92D42EEF62
1252606256.611815,1252606263.891723,1CA8880E02
1252606291.445804,1252606299.123047,AAF54E3716
1252608799.835935,1252608809.322265,FA9985B6F6
1252608902.9013698,1252608910.171875,B09B6A9C73
1252609112.5673869,1252609120.098877,3AC587CC03
1252609144.8045628,1252609152.101074,D18E60D3A9
1252639781.477052,1252639789.904235,76DFA03826
1252639896.384762,1252639903.812011,D09CC7CB7E
1252640002.541504,1252640010.04248,E64C7A85A1
1252633627.97266,1252633637.774414,DE0FC8F700
1252648756.554687,1252648764.130615,78906E3DF6
1252657616.077146,1252657624.194336,D8905184A9
1252657663.3261688,1252657671.314941,FDCFCF67AB
1252657697.001956,1252657707.541992,3D53B5B0F3
1252657834.4418929,1252657842.304809,B232343AB4
1252663776.0439448,1252663786.591797,1FD2481ECE
1252629813.082035,1252629822.374023,592049B51C
1252633392.519535,1252633403.801757,B308760C92
1252661078.7468278,1252661087.133789,9D25CE57A0
1252647628.6835968,1252647635.731445,BCEA3C1CDD
1252618651.590823,1252618660.234375,9994CABA04
1252679634.912112,1252679644.134765,A1BF30CA9C
1252679685.407228,1252679693.169922,F025B281F1
1252696345.627933,1252696354.121093,131A0AB3F9
1252696424.916012,1252696431.941345,B9A550EB30
1252676657.062503,1252676668.367187,AC1B16882F
1252676759.050785,1252676769.682617,EC31640382
1252626796.812503,1252626804.350586,07510146CF
1252627050.641607,1252627059.753906,6EB8DF6FEE
1252627177.4999971,1252627188.70166,426688C82B
1252617259.139406,1252617266.65039,30F648B264
1252621020.379396,1252621028.430664,D810D4C501
1252621030.166507,1252621038.275634,2456522CB2
1252638798.6578338,1252638806.13269,DAFBBFF831
1252638851.1874971,1252638859.271484,7C04058A56
1252638875.980596,1252638884.455566,118F6F2630
1252638895.145025,1252638904.812988,F3BC37CB07
1252609604.1782238,1252609613.570312,593EB46D2E
1252609808.270025,1252609815.963867,9B186470B3
1252613805.291263,1252613812.779297,D814BD4D2E
1252698377.633786,1252698385.708984,B7D373F27B
1252698460.322996,1252698468.154785,4DC4AC130E
1252698475.6831071,1252698484.592773,06CB6E702B
1252620525.875977,1252620534.438964,660F7997F8
1252620802.9599638,1252620811.082031,C3E0EA7835
1252693858.8437471,1252693867.323974,E8C738A3CA
1252601144.294923,1252601153.43457,1B52F88011
1252687569.502926,1252687576.628906,1554078C07
1252685977.568362,1252685985.875,F57C9124EC
1252628809.5341828,1252628817.644531,817D8A78DF
1252629161.329839,1252629168.973632,F152B21635
1252692503.944097,1252692512.414917,011B661F99
1252692739.550294,1252692747.037109,26E5FAB09A
1252619286.3627958,1252619295.423828,0A60331749
1252619309.09375,1252619317.652343,13168C0EF2
1252619431.974126,1252619439.049072,A966352B26
1252619528.72461,1252619537.628906,FDDD1C3CC4
1252612775.012692,1252612785.246093,02E5FD69EF
1252687150.6057708,1252687158.84375,9F7C4577B9
1252691926.006834,1252691933.195312,3C53B4B17D
1252620358.169922,1252620366.835937,61523D985F
1252620381.546878,1252620389.172851,38EB7CE44A
1252620419.61133,1252620427.373047,C4F28880BE
1252631860.230472,1252631867.752929,9CC662661B
1252675422.464844,1252675431.741211,8F874322B8
1252750299.674315,1252750308.454101,3BA657974B
1252742488.791993,1252742497.274902,5580DF7BA4
1252742628.105107,1252742636.756836,70FE254D4A
1252742767.532227,1252742775.452148,3E9BD923E0
1252742855.171879,1252742863.149414,DFFB39BA15
1252761645.852048,1252761657.402343,9B780CF3A6
1252761793.12549,1252761800.126953,0FB160EFB4
1252761840.982423,1252761849.703613,C20BEFDF5F
1252761857.579526,1252761864.942627,1DA70996AF
1252731896.526364,1252731904.641601,523B768C24
1252710919.153319,1252710932.189453,3EDBDD1575
1252734551.226567,1252734558.644531,9A4DC37D84
1252734646.879886,1252734654.328125,E974A749DE
1252734673.630856,1252734680.774414,96D9C97EDC
1252726750.390625,1252726759.007812,ECBA391E89
1252740978.1523468,1252740986.93164,DFE62D8285
1252741258.249995,1252741265.428711,84B60032D4
1252741284.448239,1252741293.03125,69DB9B7A19
1252755786.226563,1252755793.683593,51BE2310AF
1252755957.043946,1252755965.395996,ED100AAC12
1252751490.1132782,1252751498.125488,237732127B
1252751527.061527,1252751535.628906,4173AC2CE9
1252737684.057614,1252737691.821289,E5DBA991CF
1252728529.0341809,1252728536.78125,DD9F81DEDC
1252728563.044925,1252728573.328125,2C8C27502D
1252740169.850586,1252740178.148437,9EA66AC0CD
1252746504.472653,1252746512.34375,F9C167301A
1252733051.893804,1252733059.399902,43CED7E403
1252714111.901854,1252714119.002563,C3E39524B0
1252741407.700689,1252741416.308593,EE2AA020D3
1252741581.003904,1252741588.636474,8B20C9EA72
1252741672.656251,1252741682.375976,18C46FF24E
1252739806.003419,1252739814.439453,7625EA9B4E
1252740039.1562529,1252740046.444824,67B22377A6
1252706992.688474,1252706999.759765,BDE281EF5C
1252707178.715823,1252707186.453125,543E3CEB02
1252755341.671876,1252755349.853393,AAD9F0992E
1252755653.082035,1252755660.959961,C236CA1500
1252729983.7070282,1252729991.851562,A69C9A29E4
1252730103.321417,1252730111.892578,56DE36D601
1252703333.222658,1252703340.280517,841DE72EC7
1252703492.552734,1252703500.346191,F3354F1995
1252715452.852536,1252715463.572509,F712074888
1252711935.5085402,1252711943.169922,1EB5A05CFB
1252739622.535406,1252739630.921875,673AF74CD2
1252722634.762692,1252722642.005371,A654AC0635
1252749938.7805772,1252749950.909179,97DA3D88C2
1252750034.7929718,1252750042.536621,EE2B052B7E
1252750058.884762,1252750067.618164,A4B0E67D54
1252722243.132809,1252722250.656982,A21AE04E7E
1252745347.343755,1252745355.5625,4E564D3428
1252702879.892339,1252702888.847656,76C9EB0854
1252703219.166992,1252703226.26123,F085ED9A96
1252752408.655272,1252752415.805908,339F36C62E
1252752688.637333,1252752696.457519,40B94F44D1
1252701222.400389,1252701229.797851,9CB529D610
1252701342.984376,1252701352.974609,FD886865A7
1252724641.278196,1252724649.198242,1610BBB44C
1252745009.595706,1252745017.886718,6E7EB21C08
1252745167.815191,1252745174.96643,6E496E3E61
1252745174.96655,1252745182.367859,9CFF08B3EA
1252745182.62891,1252745191.85559,01A980A099
1252745243.9821732,1252745252.832763,E907A5F1C6
1252721993.47168,1252722001.002929,1EBF151133
1252736918.531252,1252736928.348632,30917D8088
1252737021.744624,1252737029.057617,61012DC3DD
1252748048.561527,1252748056.509277,B08E68ADFA
1252748159.450192,1252748169.437133,CE9DAD023C
1252748333.851559,1252748342.738281,AA110D8256
1252733399.3974571,1252733407.783203,01D3E77CD7
1252747499.346068,1252747508.85913,89CAF2F82A
1252741772.48462,1252741785.590332,D193125014
1252741785.590572,1252741794.773437,D656216847
1252734435.481937,1252734442.48291,E67070CEC7
1252721227.962894,1252721237.117187,0DB74FFA84
1252714281.866212,1252714291.079345,B8B80FB768
1252714418.804684,1252714426.566406,72E5B7C2F0
1252714088.781741,1252714095.99414,34403B8E53
1252744215.422971,1252744225.039062,81F01B98DB
1252744346.474612,1252744358.322265,2AAA5DB283
1252744390.066402,1252744397.211914,953F91912F
1252718914.967777,1252718922.094177,7D9C9C4371
1252719000.503423,1252719008.424804,AEB90846C1
1252719139.645511,1252719148.471191,93FA45F324
1252756335.517574,1252756343.0,CBBADBB082
1252750465.195802,1252750474.173828,1E31999D5B
1252732329.558108,1252732338.516601,D17CC0ED33
1252732345.6817598,1252732356.108398,F239F6ACB7
1252729529.087399,1252729540.685547,089D548F9B
1252729808.960695,1252729818.417114,72813E1D6C
1252729919.339847,1252729927.03125,1A5873E0FD
1252737858.121095,1252737866.203125,ED2791E47E
1252747193.725347,1252747201.246093,722713DB0A
1252738450.46094,1252738459.5,B52ADBADB2
1252738659.2343712,1252738666.320312,72E86BBA3C
1252738738.630862,1252738745.726562,BBF8C1F0F4
1252745444.756837,1252745452.065429,8A0C87A565
1252745553.8662071,1252745561.341797,73119134A0
1252745806.400394,1252745814.277343,89A507F87D
1252745872.001464,1252745880.136718,4CF3D4A426
1252745942.446783,1252745950.695312,02E18D4CD9
1252745974.179684,1252745981.228515,FBAB6BB58A
1252758897.2851522,1252758904.609619,0162D52A73
1252758984.120116,1252758992.312622,A3D83E3D29
1252758994.40381,1252759001.453979,FFC2D253D2
1252714712.599609,1252714720.140625,D179BD330B
1252714733.9609358,1252714742.936035,0334C5C337
1252750978.8037138,1252750986.421875,B5B166C096
1252751051.7421908,1252751060.21643,2B49E348C8
1252751176.0039089,1252751183.008789,D9AC1D42E7
1252734818.567386,1252734825.582763,7B4152D7A1
1252734858.2998052,1252734866.161132,A002F63424
1252735150.809083,1252735158.520996,2BD57886DE
1252735262.981448,1252735270.115234,FC94B2A464
1252735319.701902,1252735326.976562,3DDA270E4B
1252719928.551275,1252719935.892578,E2F77CD993
1252720138.234375,1252720146.706054,F8C986866B
1252720163.208011,1252720170.273803,C4FADBE2B6
1252723816.744144,1252723823.930664,D83A38DB71
1252724185.275394,1252724195.213867,2874E71459
1252712310.5788622,1252712320.717529,D1B45638FB
1252712499.827024,1252712508.574218,0003083517
1252712690.947269,1252712697.994629,1DBB143351
1252720589.5,1252720598.943359,81829FEA6B
1252755170.2048929,1252755177.297363,481CA12C83
1252755222.601564,1252755230.886718,7EF006BE69
1252717217.13281,1252717224.360351,AA0C45B0E0
1252744121.340822,1252744132.192505,3D1226B788
1252748718.026121,1252748725.135009,BE0552816F
1252748761.342287,1252748770.907714,7AF0CEC9F6
1252748781.668208,1252748791.095703,8D4B1B78D9
1252748962.2338848,1252748972.173828,3D6ABA2384
1252749019.0517569,1252749026.371093,F3112DF6DD
1252749142.676031,1252749150.095703,D351BD378F
1252749163.829102,1252749170.958007,A28AFD18EA
1252716657.1664991,1252716664.627929,50EACE4F94
1252716911.134524,1252716918.828125,5A4554E270
1252717009.3300738,1252717016.791504,B95E4627FA
1252717046.9152849,1252717055.896484,358FCD11CD
1252788023.610841,1252788032.342285,A549CA9133
1252788226.440191,1252788234.092285,BAD46CE404
1252788626.0246582,1252788635.824218,7C62797D14
1252789134.912106,1252789142.039062,82CECEC0D6
1252789633.4140658,1252789640.909179,335BCB466F
1252789641.668942,1252789649.883361,76723EB71F
1252789792.080442,1252789800.889648,7DED638CEC
1252789860.137327,1252789867.299804,18DBDDACA6
1252790069.52734,1252790078.736328,ECA7B42E75
1252790629.220706,1252790637.667724,39570C739B
1252790762.130374,1252790771.116211,2740A19740
1252791240.3544948,1252791250.479126,39E506502F
1252791285.480465,1252791294.28125,FF7E944234
1252791473.083125,1252791482.490234,1FB111AC9D
1252792023.850586,1252792032.28125,6931229CB4
1252792220.25,1252792227.444336,A99B26E51D
1252792516.87634,1252792524.277832,722F0B349C
1252792718.321292,1252792726.717651,6542198990
1252793058.813966,1252793066.585937,16855DD350
1252793405.162112,1252793412.328125,9D2EBE16A3
1252793767.518551,1252793774.566406,8583AFC27D
1252793814.208984,1252793822.764038,AD0760CC75
1252793984.648434,1252793992.438476,4A0BC23C90
1252794085.597286,1252794094.531005,7AA108F61C
1252794694.661135,1252794703.091064,EC1ECA932A
1252795012.845216,1252795020.265625,65011DB2BB
1252795308.136722,1252795315.864868,63BE776055
1252795484.53223,1252795492.71875,765F812A8F
1252796295.013675,1252796303.095703,5919726951
1252796840.93359,1252796848.217285,0FE7CD4959
1252796925.59375,1252796933.18164,E23B0E3020
1252797326.6842642,1252797334.798095,018B4FF224
1252797358.205564,1252797367.499511,659A8586A7
1252797384.05274,1252797392.297851,4AF3ADC968
1252798273.732422,1252798282.547851,10BDF584E5
1252798450.2773428,1252798459.886718,CCD465C0FB
1252798998.014645,1252799007.749389,84D3403D23
1252799350.725582,1252799358.773437,BEF86202B6
1252799504.357915,1252799511.359375,290261251A
1252799565.793702,1252799573.174072,E843111118
1252800160.06836,1252800168.106445,1FA9D97AE3
1252759625.525392,1252759633.242187,9852A7C34E
1252747128.449215,1252747136.070312,E8643082E3
1252731082.551761,1252731092.981445,2CBE732E47
1252731505.295902,1252731513.792968,BF57E6BF91
1252731740.108398,1252731747.71582,8422E36FA3
1252704868.439939,1252704875.875,06F1965C80
1252700346.477535,1252700354.744384,4D55B9202B
1252746067.4374971,1252746074.675781,FFAB0790B3
1252746302.960942,1252746310.763672,804903013A
1252746316.9755888,1252746327.183593,6A1D10A32C
1252727990.238278,1252727997.377929,07E346F5DA
1252728416.680665,1252728424.880371,BF2B731619
1252728477.166994,1252728485.048828,F4868FCB18
1252717467.826172,1252717474.895507,1D48601499
1252763039.2543929,1252763048.766601,1B2FF85E21
1252763054.211545,1252763061.35498,5E9DCA1FB5
1252705632.673825,1252705640.000976,F80DED6D17
1252721598.021488,1252721607.601562,1BDBD82FC0
1252723711.826662,1252723720.594116,40C618D67B
1252708063.8588822,1252708071.268798,8ABAB0F2B8
1252708100.187502,1252708108.219726,E9710992CA
1252738026.697262,1252738035.595703,A5200E246C
1252738091.9169948,1252738099.8125,9FE39A353F
1252718569.12647,1252718577.76416,090345D0C8
1252718595.76562,1252718602.890625,24C40B857A
1252718610.6132782,1252718618.632812,289DA621D1
1252752792.878911,1252752801.536132,A7D0123E91
1252752872.761722,1252752881.054687,FBC9D86018
1252752994.28125,1252753002.761718,362D7D16D7
1252718282.888185,1252718291.422607,A4416C86C0
1252733648.7968771,1252733656.313476,DD629CB5B1
1252733852.244146,1252733865.300537,1A55289E53
1252733869.110357,1252733876.256836,DB6E4B052F
1252734112.106447,1252734121.521484,6CFD35289C
1252708813.7250988,1252708821.269531,99492B2C87
1252708914.7594578,1252708923.051757,4C97C5019B
1252762106.471433,1252762116.376953,5CDC0A1258
1252762147.41797,1252762154.642578,AFB8C55BA2
1252719363.2458482,1252719370.448242,EE11C41F14
1252719389.497562,1252719397.232422,0491FC75F4
1252740832.25,1252740839.288086,6252663F0F
1252703867.291994,1252703875.702636,799E751144
1252710760.9990191,1252710771.618164,7C1536DFEF
1252704502.5937471,1252704510.75,E6EB421242
1252752257.2353508,1252752265.065429,EBF2ECA892
1252749265.8564448,1252749273.623169,04416FFB2A
1252730576.706054,1252730583.814697,D79F46D981
1252730588.239742,1252730595.365112,160C59DCE3
1252730694.9873078,1252730704.78247,30510EAEB0
1252730798.28125,1252730806.783203,A816F8ED46
1252730810.815427,1252730818.824218,8F6A9688A4
1252710371.665159,1252710380.096679,7C3DAF81E0
1252710430.073732,1252710437.965088,933B809E07
1252743445.311037,1252743454.577636,9E6455AD96
1252753797.080081,1252753806.042968,D57864A890
1252753958.620114,1252753966.716919,B805F0319B
1252723121.988284,1252723133.731445,1BB021C1BD
1252723189.125,1252723197.509765,397463AA90
1252723314.008794,1252723325.514648,F28A326B06
1252723325.515628,1252723334.135742,E07553CD22
1252743632.982423,1252743643.487304,A1A0B210EE
1252743710.746578,1252743719.089843,F175A5AD62
1252743788.594235,1252743797.800781,35685FD57A
1252709113.730472,1252709124.24707,FF021AE984
1252709390.203619,1252709398.140991,941CE856C9
1252709426.224973,1252709435.103027,76B2AA300B
1252709466.099612,1252709473.474121,90FE0D9803
1252705947.958253,1252705955.228027,84700F080D
1252706528.4448278,1252706537.926757,84EC9165C8
1252705089.835695,1252705097.855468,8424F2FE2C
1252740713.6328158,1252740723.876709,5025F8B257
1252728772.9599571,1252728780.165527,C713CAAAB0
1252750699.545412,1252750711.137695,5DAD72FED2
1252710250.987302,1252710258.488769,FB925413F3
1252710293.105474,1252710301.259277,B1FF58B1E0
1252710315.0161731,1252710325.15625,1F01CB5D28
1252758125.8930688,1252758135.970459,10CDC5BB60
1252758137.0056129,1252758145.32666,28D38793A1
1252758273.641598,1252758282.324707,8C38D78EB3
1252701990.639652,1252701998.24414,ABED01DA76
1252712979.233395,1252712986.679687,8ABCF1376F
1252753517.047856,1252753526.79541,6E49856500
1252742000.807125,1252742008.369629,DB319070B2
1252758528.568363,1252758535.964355,5A1A35A1C0
1252758554.562502,1252758564.351562,99DF5ECD91
1252761078.820315,1252761086.020507,B48B793200
1252761114.75781,1252761122.503418,3A60B0006D
1252759833.797365,1252759843.334472,303EBD9FDF
1252760431.1914089,1252760438.620239,B5C0DF57ED
1252760476.3974578,1252760483.689453,2C754E6BD3
1252725159.66016,1252725167.810547,E63083C506
1252756821.6926222,1252756831.514648,9CDB424A6D
1252756845.958987,1252756853.574218,835683D0B9
1252757071.8125,1252757078.96875,3EEB2466DA
1252757139.723758,1252757148.199218,C250F192DE
1252757284.113285,1252757293.782226,DA51F0684E
1252725792.335942,1252725800.084472,B1020C5A06
1252725905.964847,1252725914.840332,FFF60CA8E7
1252725934.471677,1252725944.015625,6049CD5B72
1252726059.3002949,1252726066.679687,A3A845CF4A
1252754232.393312,1252754244.681152,EEBB0083D5
1252754344.550293,1252754353.366211,40A66043DD
1252754382.583868,1252754390.311035,EA0E8C0A2F
1252754414.958497,1252754422.262695,1C281F4B3A
1252754462.638671,1252754470.599609,E6338CA616
1252757765.581542,1252757773.706054,4C4216E468
1252716295.365964,1252716303.21582,7B8A263222
1252716315.871336,1252716323.498047,63E9637D1A
1252732504.3457,1252732512.786132,7180B88A17
1252732531.279293,1252732540.226562,3C7BE253F7
1252732591.34412,1252732600.117187,F3E109B1CD
1252732659.547855,1252732667.380859,A1FCD66A17
1252732919.351076,1252732926.507324,C73B7EF9EB
1252756540.0673811,1252756547.22998,7184B7B562
1252756644.7045891,1252756652.35913,97CCC6497E
1252754705.119137,1252754712.811523,385F74E16B
1252754777.167482,1252754784.284179,2EB1028CAB
1252727433.270381,1252727441.056152,862805FB30
1252727760.460935,1252727768.822265,7395EFA552
1252726854.0849562,1252726864.089843,582229FC01
1252726906.082035,1252726914.499023,D89C20606A
1252707627.25,1252707636.135742,DBFC292F03
1252707684.622068,1252707692.199218,68548497A6
1252783003.082519,1252783010.916015,D81E21DF80
1252783424.125,1252783432.4375,2B80854263
1252783708.035649,1252783718.625,7CEBCEBB02
1252785219.961917,1252785227.718261,0158AF934F
1252759269.190426,1252759276.771484,E1022F5B43
1252739148.724606,1252739158.039062,B902676762
1252739304.65674,1252739314.527343,ED9590DB27
1252739330.035161,1252739337.854004,55A4CAF38A
1252739438.634762,1252739446.368652,9B7A25A63B
1252721529.826168,1252721538.411621,78F9E5BFF5
1252713261.188477,1252713270.246093,BE1681F8B8
1252713589.813478,1252713597.368164,A8E02B3753
1252713760.048341,1252713767.448242,3029CE13FD
1252729332.296873,1252729340.585937,9D05E6E51F
1252729385.785153,1252729393.253906,EBEDF2A6D4
1252892691.133306,1252892699.101562,79844E63E5
1252892705.872072,1252892714.355468,AD68C1F151
1252892762.384764,1252892769.647705,4C93931D2F
1252892773.048342,1252892780.618164,03D5EA8A06
1252892785.40918,1252892794.260437,CF25FC0EF0
1252892838.775387,1252892848.621582,6E05706B76
1252892908.200804,1252892920.424804,98AD50B5BC
1252853868.882816,1252853876.75,20F6047EC8
1252853879.25,1252853890.416015,C351A559F0
1252854019.09082,1252854026.142578,14B330B720
1252823638.671388,1252823646.9375,6E6AFAC6A6
1252868594.081055,1252868603.410644,EE6B5A2016
1252897595.72656,1252897604.4375,575B8E981E
1252854146.4375,1252854156.502441,EDC34C8221
1252898336.216794,1252898343.875,2BB9955F9F
1252824532.3505812,1252824543.46167,E4BD3C2A48
1252897965.801271,1252897975.358398,B2089C2C53
1252898200.676152,1252898208.21875,47D64384A3
1252863050.925778,1252863059.066406,1BEBD6C504
1252870750.0,1252870757.967529,6BDAFC1E88
1252891145.961431,1252891159.18103,620DEAFA4C
1252891204.472661,1252891211.582031,A6D6A95644
1252891352.59131,1252891362.470214,2AF4FDA8A7
1252868952.4769242,1252868960.790039,437A41FF0E
1252866405.125,1252866413.048828,74C0240612
1252802697.851436,1252802705.003906,DA94CD32D7
1252803357.353514,1252803364.409179,9A5B20B9AF
1252803684.803709,1252803693.083496,A85329A56B
1252891551.4999971,1252891559.467041,946E6CCB37
1252891686.723636,1252891694.928894,72FD016E97
1252891700.0976532,1252891711.926757,CA631468A6
1252891718.850469,1252891726.739257,D1F371BDAE
1252891801.574219,1252891810.229492,21DDD337C3
1252891839.371463,1252891846.841797,DEC5B8C6C0
1252891874.9837,1252891883.24707,B977EF19EA
1252838855.473636,1252838862.558471,FCF3BD5A1E
1252838895.466796,1252838903.517578,A525C814B3
1252852819.4326198,1252852828.230468,830C7FD695
1252852917.442388,1252852925.333984,3F6E06CAA4
1252852929.65698,1252852937.235351,34A74F1423
1252853080.665035,1252853087.737793,0A6BFDC215
1252849797.235355,1252849805.201172,F7C9187BF4
1252849844.928951,1252849854.811035,BB05E9EFEA
1252849984.240231,1252849991.485595,E14B1F34F9
1252859224.840823,1252859232.632812,E13E3C2F1A
1252859469.035153,1252859477.224609,B96DA26616
1252867388.93652,1252867396.219726,BCEAAC2A3F
1252871918.308594,1252871928.230468,1222DFAB6B
1252856627.436526,1252856636.812011,B55AAF99AD
1252856644.541507,1252856653.813476,1FD46D44BC
1252893793.5937471,1252893801.941406,97375B72CC
1252894025.9707,1252894033.314453,EAF18F04A9
1252855419.5263698,1252855427.433105,959383B1D0
1252855439.2502449,1252855447.197998,C6640595A7
1252860858.629884,1252860866.859375,BB3319EE87
1252863650.34375,1252863657.480468,70A12DBFC8
1252900122.636232,1252900130.395507,BBAE3611D6
1252900394.27441,1252900404.327392,86CF68F42E
1252859608.509769,1252859616.53125,184EA5D9BD
1252833383.327148,1252833391.371093,8E425B5DAA
1252896300.9985402,1252896308.534179,139F20C5F0
1252844482.611325,1252844490.335937,F1AA756344
1252890038.668454,1252890047.53125,1214951C7F
1252890202.199949,1252890209.314453,66CE56293A
1252857124.9248078,1252857131.96875,EE7BA32938
1252857269.404293,1252857276.832519,677D60A375
1252857531.195317,1252857538.498047,1A432F2281
1252823999.732418,1252824007.861328,59760BBF49
1252851870.353029,1252851877.772461,7C28AFAEF7
1252852164.122067,1252852171.561767,ACB7C6334D
1252852314.627926,1252852321.665771,CFE5F84337
1252852388.1328158,1252852395.640625,F4288F744F
1252843018.537839,1252843025.721679,6CA3B86A53
1252843037.460934,1252843044.88916,527BDE4D59
1252843200.449712,1252843208.836914,77E154B9AA
1252899006.885738,1252899015.270019,EAF7620138
1252899170.4355469,1252899177.540039,8E460399D0
1252870090.125546,1252870097.666015,E8D6AC4FB2
1252860158.173829,1252860165.552734,C3F0229AFD
1252860194.7812529,1252860202.695312,E0D3C9AFE4
1252816060.752926,1252816068.402343,87FB15B033
1252816963.7705078,1252816972.313476,F058C70A24
1252818764.820309,1252818772.848632,9D67BE9811
1252820337.892582,1252820345.810547,3F5586A204
1252820383.159429,1252820390.424804,29A730E840
1252821126.817386,1252821137.524414,2F890454CD
1252821643.1227982,1252821650.529297,EBC6D07834
1252821826.270513,1252821834.899414,82EFFA1529
1252855751.1123078,1252855760.550781,5DF7115556
1252835826.9772918,1252835834.822754,F374EEBEA2
1252899333.851567,1252899342.24707,21F1F4D1C3
1252899420.990964,1252899428.174316,972AE78F36
1252851289.5273468,1252851296.703125,9D9CBCC73D
1252851331.720211,1252851339.006347,380E2889C5
1252851385.836427,1252851395.391601,B7A6288D4E
1252895318.5810578,1252895325.662719,291157B6BD
1252896182.652345,1252896192.013672,B91225BC96
1252833647.2294948,1252833654.644531,921F87E784
1252833937.295408,1252833945.084961,18807FA135
1252896864.4514132,1252896871.567871,C7CCA23D6A
1252897002.874027,1252897009.956054,7275B5DFE5
1252897184.921872,1252897192.405273,F149C051C2
1252894303.230464,1252894310.924804,664988B726
1252894340.656253,1252894349.059814,6AD048A0B8
1252894384.525395,1252894393.955078,DCEAD984D3
1252894576.8647418,1252894586.046875,5EAB340A3F
1252854717.026371,1252854724.60205,67B115E852
1252861760.078122,1252861767.968261,E1A54B0576
1252856020.751956,1252856028.791504,4C320BFB1C
1252893299.083986,1252893306.128906,A2748F1CF7
1252893449.504888,1252893461.963867,BA41020AC4
1252893526.917482,1252893533.937255,34797748F4
1252854393.715826,1252854404.577148,F257531893
1252854445.765628,1252854456.100586,140EFEFD3A
1252854466.2250931,1252854474.191406,620DA1EFCA
1252836611.579593,1252836619.96875,520516D2A2
1252895517.088624,1252895525.3479,424A1E8127
1252853420.2841828,1252853427.312378,99D6CD509F
1252853456.5488229,1252853464.003906,458E5E701B
1252853553.6298862,1252853561.791015,F935748352
1252892587.332521,1252892595.178222,D552EE36FF
1252858781.781253,1252858789.159668,C066A243EB
1252869783.4150388,1252869791.020019,C9968A9165
1252869102.51807,1252869109.637695,2607E180F7
1252805713.233395,1252805720.508789,043184A277
1252806324.019534,1252806332.953125,32309B0C97
1252806482.9999971,1252806492.525024,36F741BF6F
1252806588.02771,1252806596.262207,5BC2B59D8E
1252806845.933594,1252806854.505859,0BC58EDF92
1252806900.572271,1252806909.03125,761CDC1AA9
1252806982.295412,1252806989.381836,2AAFD73564
1252807181.453122,1252807188.777832,F0795172E7
1252807436.5163531,1252807445.078125,653ABF3C4A
1252808609.238285,1252808616.921386,E4FEE081D8
1252808735.1992218,1252808746.092773,CAB6B13569
1252809041.3007782,1252809049.1875,ED5D5A39FF
1252809191.829839,1252809198.847656,501D1943EB
1252809841.186529,1252809848.557617,C9C3BD984B
1252810018.756832,1252810026.219726,166CF30038
1252810740.805173,1252810749.634277,D05B5BB49A
1252811050.7099638,1252811058.243164,891D4BFEEB
1252811904.4375029,1252811911.695312,060CD89628
1252811973.7602549,1252811980.921875,A314A670C8
1252813005.000973,1252813012.224609,F3FA879EE8
1252813053.2099638,1252813060.583007,904F475F9C
1252813395.724606,1252813403.517089,0C15E7ABA5
1252813563.917974,1252813572.780517,73F42A6B81
1252813594.192379,1252813602.055664,66C60772F2
1252814648.634769,1252814656.341797,298A845151
1252843831.800778,1252843838.834961,A7EA573945
1252822085.449708,1252822092.766601,585866BE47
1252822626.447881,1252822634.430053,F2DC8C0FAD
1252890576.614258,1252890584.797851,1668F7FB0A
1252890916.812501,1252890925.28125,E44DB38E48
1252890984.277471,1252890991.46875,7C6BCA71BF
1252860272.968752,1252860280.37207,7B56BD189F
1252989283.418942,1252989293.101562,0062AC93EB
1252944325.48438,1252944333.27478,7F359FF00F
1252942281.643003,1252942294.094238,1AA7FCB12A
1252948192.4242,1252948203.958984,F2228A0A39
1252948306.349609,1252948314.231933,1BF24B3963
1252906316.346195,1252906328.15747,0DCA7EFA96
1252925309.018551,1252925320.279297,6928D108EB
1252903637.492184,1252903646.121093,4E3F4D7CF7
1252903756.57031,1252903765.792968,C25573657D
1252957153.212894,1252957162.625,1527F9B18E
1252943107.000977,1252943116.339843,D86613FCFF
1252940550.541014,1252940559.052978,C5273AEA85
1252940681.484376,1252940689.282226,273A424639
1252940703.477542,1252940713.475341,C4B474FA2F
1252940780.318362,1252940787.373047,54C19CC54A
1252940886.7168,1252940897.098632,46C2E3BF03
1252997777.890628,1252997785.453125,096FFE73DF
1252997797.998043,1252997806.996948,289A68D602
1252998009.93945,1252998018.007812,76EA7A4A7B
1252919872.917484,1252919881.582031,29B469B0CC
1252919956.793942,1252919964.191406,D755C5EEC2
1252938190.2812471,1252938198.121826,E4E67EEA4B
1252938225.6992211,1252938234.046875,223A5CCF9E
1252938429.500003,1252938440.605468,D1EB978B5A
1252938443.178712,1252938451.428222,15D885B110
1252938455.894291,1252938466.351074,A6D3BC706D
1252938726.965819,1252938734.137695,06C593A859
1252980641.017092,1252980648.773925,B821BC9AA5
1252980861.723629,1252980869.379882,04B73CF49E
1252977928.4711928,1252977935.678588,B92A8B13F1
1252978194.475587,1252978204.536865,841C79205F
1252942494.500001,1252942502.250976,4AF1E11656
1252942609.676268,1252942617.378906,3E75D07042
1252942620.361325,1252942630.890625,B80ED5B0F9
1252942955.083987,1252942964.273437,5E2D3E9C8C
1252985554.982418,1252985563.475097,223E159D26
1252999892.59375,1252999899.614746,DFB5B49DCF
1252999899.615726,1252999907.613281,DBF6A7C826
1252999998.507816,1253000006.291015,B6DF772316
1252975589.936037,1252975597.289062,028A861FA6
1252975624.5498078,1252975632.924804,7B357EF39E
1252975702.771483,1252975710.374755,4BA142F9B4
1252985752.673826,1252985762.154297,79E72A51D1
1252985875.7070272,1252985886.252929,5753C0C31D
1252986021.366391,1252986031.756347,D1F08A6F26
1252934739.431642,1252934750.484863,334C996CD9
1252981126.206051,1252981135.728027,067A50CFCC
1252981151.118165,1252981158.199218,A898606DFE
1252909073.567386,1252909081.457031,0D513EBE66
1252909134.784666,1252909142.103515,E732A23D76
1252909142.1044948,1252909151.818359,7177DDF23A
1252957579.2412062,1252957594.105468,1A293AB089
1252916296.102056,1252916303.612304,D200E63BF5
1252916574.18848,1252916581.781738,31638A306F
1252969429.788824,1252969440.487304,37A2D147C1
1252916688.884762,1252916703.463867,048AA91FEE
1252916709.44531,1252916716.564453,72DACC88AF
1252916744.718753,1252916751.810547,27975D8EC2
1252932256.114259,1252932266.5,D80AEFD4BF
1252932311.068356,1252932318.630859,E311B94ED6
1252903382.791012,1252903393.096923,DAE8444C9A
1252993068.771481,1252993076.334961,4B06C169B4
1252950147.329106,1252950154.5625,97D7CCFC82
1252923211.4326198,1252923219.28955,010ADA39F5
1252923222.234376,1252923229.588928,2388112EDF
1252972680.544919,1252972691.134765,5313B906F9
1252972708.048825,1252972715.838867,9EEC3C6E19
1252927837.933835,1252927845.757324,A9F7D8D27B
1252927970.029293,1252927979.866211,E406F26872
1252955712.7685578,1252955725.999511,66731043F1
1252955804.271488,1252955816.015625,33EC9DEE7F
1252988033.523439,1252988041.856445,3B933E8D25
1252918125.439697,1252918143.644531,30D91B0BB2
1252993686.9392068,1252993694.710937,B7F09D697D
1252959474.840823,1252959482.183593,6B0CFB9F2C
1252959542.527344,1252959550.519531,9CFCE713D4
1252976916.835934,1252976927.061523,CF72C379E7
1252976978.214849,1252976987.178711,05B5374211
1252928865.124513,1252928875.168945,2732681C42
1252986593.68066,1252986600.765625,FCFD3C1CE6
1252947454.445066,1252947463.457519,95A7CF683C
1252975145.195317,1252975152.605468,F89EBD2AA7
1252975216.823484,1252975224.305664,6EC63293D3
1252971997.90527,1252972005.707031,89589086DE
1252972122.420896,1252972133.3125,82E2873C00
1252972318.193362,1252972326.954101,26D40A6128
1252900737.4066138,1252900744.737793,2655BB0232
1252926875.3955078,1252926884.257812,C1067BE00B
1252941928.4755888,1252941936.46875,62E783B7A4
1252960011.363285,1252960018.443359,ECC852C81A
1252937336.52734,1252937345.764648,37C3A14BF8
1252944938.609373,1252944946.453369,71F6022A15
1252998131.712894,1252998139.026367,A469D9129E
1252939480.8457038,1252939488.110351,D72BE1E7F6
1252939568.10937,1252939577.943969,2A181824C3
1252939591.208982,1252939598.536193,4CE390D213
1252939598.774417,1252939608.130859,FD63401D19
1252982028.1357448,1252982036.545044,6D65E39A85
1252982156.2187471,1252982167.289917,B7FA74E7AA
1252919313.320308,1252919320.40039,84F35DC9B2
1252986209.0,1252986217.25,5FCC4A5DCB
1252986239.86426,1252986248.352539,E1605ED749
1252986443.988278,1252986453.166992,861FDED9BB
1252936988.076175,1252936997.971679,B81C169AB9
1252937179.686527,1252937187.016601,D04EAD18B1
1252937241.62305,1252937253.645996,BDE7EF58F6
1252960449.819825,1252960458.125,B09EA324DA
1252964486.180665,1252964493.189453,B248A53526
1252963607.828122,1252963618.118164,2A1BA76060
1252963658.228512,1252963665.323181,E42833437A
1252963888.980467,1252963897.001953,E76B6D69CC
1252937565.612792,1252937575.245117,FCF1400379
1252940255.18652,1252940262.296875,3DA5458AB1
1252991746.552488,1252991754.10083,46C47532D1
1252991762.548345,1252991769.566406,75823B7CD6
1252918321.5664089,1252918328.625244,CE410A8C1B
1252918411.419679,1252918418.956543,212B235C20
1252918638.6914089,1252918646.307617,0EFD933471
1252918776.639165,1252918786.267578,92F3E7D5A3
1252918985.865237,1252918994.702148,098A5D3476
1252929259.757816,1252929268.446045,75CBC5686A
1252908258.170895,1252908265.503906,781DB723CC
1252988157.423824,1252988168.329101,18AA4F716F
1252988221.496095,1252988229.495117,CB04CD386C
1252988426.585934,1252988435.952148,48B92AFB0C
1252988516.626096,1252988526.943359,576F9DDF86
1252904424.1484408,1252904431.326172,A13E357307
1252904497.046873,1252904506.76416,1CBDB90B70
1252903045.683599,1252903053.760254,5D7C4FB303
1252903174.626954,1252903184.270507,39BC3B3D1A
1252903267.997075,1252903275.036621,200BD2628B
1252927236.050782,1252927245.78247,050F6668E9
1252927322.556152,1252927330.881836,1800DD4B60
1252968541.535157,1252968553.271484,F1A6DBF3F2
1252968599.69141,1252968606.787109,D4EFEBD0CE
1252968690.508786,1252968697.814453,760666559D
1252968817.2993188,1252968824.305664,06D1DC239C
1252968903.205075,1252968911.906494,322E103A2B
1252968984.402828,1252968992.221679,26C2DA1AB4
1252969110.559567,1252969117.625,703D02B491
1252969322.077638,1252969330.142578,65DC8E4409
1252931784.851566,1252931793.43164,8E343E1381
1252931924.3877,1252931932.935547,BAA020C05A
1252932193.06445,1252932200.319458,A88EAB8C7D
1252920212.982424,1252920221.71997,939690D4A9
1252920230.001096,1252920238.27832,18EB613B5C
1252920290.09424,1252920297.491211,B715CD7F78
1252920342.0488229,1252920349.187011,495B163B93
1252949403.025882,1252949411.992187,BBFA05B4EE
1252932855.98437,1252932863.909668,BBCDB14DC6
1252932983.386472,1252932990.397705,AF99A1C5A6
1252933055.63672,1252933062.64563,1187D99B19
1252931145.608395,1252931154.030273,7279912A19
1252931226.321286,1252931233.792968,757C156DC8
1252931465.5625029,1252931473.871093,0EC7AC7618
1252995906.1113272,1252995913.332031,FE1C69C682
1252996045.430667,1252996054.933105,88E613BE65
1252996058.07129,1252996067.03125,C6F76F2BC7
1252939030.363286,1252939038.259765,D3287990AB
1252939109.942873,1252939120.483398,9AB6EC1EBA
1252965787.769289,1252965794.964843,6A84D11F84
1252910021.076173,1252910028.941894,E71AC318A3
1252936080.24219,1252936087.418945,4919B787A0
1252936164.617185,1252936171.753906,FCAD82B132
1252936183.7089891,1252936190.972656,57ABA4E622
1252929920.458005,1252929928.103881,551B691AC9
1252929980.162106,1252929987.2406,D6984D85A9
1252930182.95313,1252930191.310547,EE05062447
1252979387.931154,1252979395.589843,17C732EE8B
1252979469.8457,1252979478.652343,B49E578137
1252979625.847653,1252979634.078125,1219911E63
1252979742.181644,1252979750.821289,75F80C0CF8
1252979856.760739,1252979865.78125,8DA62372A5
1252979980.534179,1252979988.124023,77A39ED469
1252980002.033206,1252980009.255859,2587836895
1252922461.994138,1252922470.242187,F309CB8BC5
1252922561.968753,1252922569.078125,DEB4072883
1252922572.870115,1252922580.898925,92E358AD99
1252922610.998541,1252922618.085449,E0FA16E0B6
1252922778.8076138,1252922785.850586,9A32E83913
1252966296.7851589,1252966304.017578,094A389B75
1252966530.614263,1252966538.260742,A1DFA08060
1252914320.357422,1252914328.039062,2923FC14B9
1252914564.8554718,1252914574.290039,9F84D926DA
1252914684.6701632,1252914692.215088,4C657F910B
1252907453.308597,1252907460.381836,F7DA13CE1F
1252904656.458013,1252904663.979004,0D1C4B03FC
1252938113.041019,1252938120.944824,16797368ED
1252950482.523441,1252950490.400879,61546D7AAC
1252902591.855466,1252902600.530273,C8BD2C2983
1252902789.958981,1252902799.846191,3762E91429
1252902941.62402,1252902951.694458,09744C0728
1252962292.398437,1252962302.632812,8DC7C4D5E9
1252962325.568362,1252962333.784607,AC98DB7A68
1252953743.373537,1252953750.409179,15282A184C
1252953778.344723,1252953785.357422,F01CD9FDF0
1252953856.048827,1252953864.013672,F9C006B818
1252977426.412112,1252977433.888672,54C93F508B
1252906974.03516,1252906982.226562,C89D4BAB9C
1252941279.625,1252941287.984375,574EF1EF54
1252936336.815426,1252936344.945068,0C45E5EA65
1252936541.568362,1252936550.875,A058DD4BA1
1252936623.474606,1252936633.067871,B07DD30777
1252936656.0,1252936663.648925,60A8EB714A
1252990804.398442,1252990811.967773,860158974B
1252990884.855466,1252990892.393554,3DA63EC00C
1252990928.217288,1252990939.77539,E5042DB247
1252964109.923831,1252964117.646484,D344C7F021
1252964161.088619,1252964174.913208,39E7E04E4B
1252901813.4830298,1252901821.565429,EDB8A52A93
1252982942.3125,1252982950.893554,D428039CF2
1252982998.233402,1252983008.203125,7BAC814165
1252963459.685543,1252963466.891601,658F0F3FE0
1252963466.892581,1252963476.008911,BC29425E68
1252911293.416995,1252911302.241211,EF3F2681CF
1252911495.010742,1252911507.804687,B868548A6D
1252978773.7941868,1252978782.249023,07D9DFF23F
1252982584.450198,1252982593.053711,F3B2898223
1252982655.926763,1252982663.3125,E3664DF640
1252921282.164792,1252921289.924804,53D4DE047E
1252921461.337706,1252921468.610351,EF2F611A8F
1252935155.0664032,1252935162.292968,7682AD418E
1252935375.40759,1252935383.269531,8B7534603B
1252935393.5312529,1252935402.318359,4AAAD38285
1252973744.824708,1252973754.717773,222DA815B9
1252973890.028814,1252973897.36914,027748F429
1252974059.476566,1252974068.201172,2F9235469D
1252919677.44336,1252919684.821777,B07EA3441E
1252999793.115238,1252999801.256836,BF4B28EF5F
1252901124.763675,1252901133.214843,0DB742A9B0
1252986821.0312529,1252986829.029785,6C36120452
1252986861.099612,1252986868.243164,2EC7B42C6D
1252987206.66107,1252987213.885742,7076050650
1252913116.516603,1252913124.189453,60B7949E64
1252993841.2460911,1252993854.948242,0D26EB21D6
1252993987.999999,1252993995.163086,F55DFAB77B
1252994022.568729,1252994029.83789,233F1E68FB
1252994047.936525,1252994056.757446,7146BF243D
1252994470.734868,1252994477.765625,D41B743E6A
1252912800.39649,1252912807.545898,3E71C5E322
1252912834.5195282,1252912842.143066,7175CB3485
1252912868.3133502,1252912880.000976,CDEF3C005A
1252946476.858518,1252946484.249511,8B08CFD3FE
1252946530.25,1252946537.640625,B68B5925E1
1252957468.911252,1252957476.022949,447CCD3DBF
1252946797.931154,1252946806.001464,0111F8E71E
1252946897.824216,1252946907.666504,8F2184BA5C
1252954194.34375,1252954202.449707,627F366A2A
1252954203.679688,1252954210.873535,CBB2D312EC
1252954359.228391,1252954367.886718,D8FB166A2E
1252925430.739261,1252925438.445312,D2E0125305
1252925903.7724562,1252925911.722656,6093668F8A
1252926125.771968,1252926133.728149,F6A13B3672
1252973650.8818388,1252973659.873047,D55DC102E3
1252999091.636716,1252999099.398437,5A6DE41B9C
1252945972.0107448,1252945980.593872,33BE20FFE0
1252979219.982786,1252979228.610351,28D18FE3E5
1252930466.639645,1252930473.684814,D8E1DF1C02
1252930476.225582,1252930483.382812,C2DC0ED83A
1252933977.653324,1252933987.279297,C51F303E5A
1252987515.88281,1252987525.331054,3C1F9C437E
1252987731.914065,1252987739.517578,157290160E
1252995085.416021,1252995093.010254,2241E66CD5
1252995324.304692,1252995331.756836,05DDB67B07
1252924574.0078158,1252924584.591797,43E2D1A1CD
1252924586.056644,1252924593.639648,035AD1A4EC
1252924635.919922,1252924643.873047,E9BD6F16A2
1252924714.289554,1252924724.013672,CE8CB01CA7
1252913680.331542,1252913692.676757,CAC880D06D
1252946064.03906,1252946072.759033,BE5FD7F270
1252913486.504884,1252913494.589355,B5FF1A0946
1252913506.65381,1252913513.849609,02A6AECA8E
1252976336.099615,1252976343.362304,D06096EB0F
1252930758.9812,1252930767.427734,62B83AB6AF
1252923481.915042,1252923489.273437,E118C2CF6D
1252923576.69141,1252923584.518066,62EB0A104A
1252941614.742189,1252941626.963134,10495E3C36
1252941658.893316,1252941667.026367,BEAB326B42
1252992618.769291,1252992626.744384,115E553FF3
1252956269.728512,1252956277.859375,FC63B99DBE
1252956662.5703158,1252956670.326172,BC1E672B55
1252910408.274534,1252910416.449218,9D26BD75B9
1252910518.413572,1252910529.644531,414A78D4DD
1252910706.813482,1252910714.591552,4DDEA207D2
1252928242.944826,1252928250.762695,AFDB254E52
1252928327.950193,1252928334.972656,B24B3BBD0C
1252974428.374998,1252974436.283813,A903EE3F19
1252934090.229496,1252934097.375,41C8A68D37
1252958260.10816,1252958268.855468,1469F4693E
1252912018.602539,1252912027.164062,278395223B
1252921851.58691,1252921859.664062,877CE805C0
1252922094.5703158,1252922101.929199,3AD2210CE7
1252922152.918946,1252922160.197265,DC3265EA53
1252922226.369137,1252922235.499023,EACD1C1019
1252990115.2548852,1252990125.826172,6E36F51864
1252924806.851566,1252924814.383789,F40ECB7901
1252924840.0493188,1252924847.251709,00CF3E7C2D
1252901574.6640658,1252901582.409179,8392C36FAB
1252966759.942386,1252966766.972656,77286C2615
1252978443.4062471,1252978453.304199,33589CBCA2
1252978568.180181,1252978576.15039,D6CB3F424A
1252978661.857418,1252978669.172363,B7A7C09F0C
1252924170.637699,1252924178.447265,E4D5E0ACD4
1252996268.754886,1252996275.830078,6C840D8832
1252996317.424807,1252996326.371093,4F08B17B89
1252996405.202328,1252996415.984375,D3FCC22DA9
1252996545.183597,1252996552.922363,A7685EFDCF
1252961314.015626,1252961322.703125,55AE07040F
1252909821.4531202,1252909832.083007,902B15BE35
1252909909.1301222,1252909918.420898,E019052DF0
1252961634.692624,1252961644.105468,DABC9F8BC8
1252967998.707036,1252968006.149414,25D5619A8D
1252968021.1689448,1252968029.67749,2EEE334ECF
1252968163.101561,1252968170.118164,FBB96A1D51
1252968391.107424,1252968398.334472,29D1F2B476
1252988798.450685,1252988805.527343,D2E25A2078
1252905529.752691,1252905537.397461,BD1BE73BFE
1252996872.422368,1252996879.985351,D67521C81E
1252997129.58984,1252997137.226074,9EBC5552C7
1252997182.620117,1252997190.249755,4E12FEE728
1252977543.855465,1252977551.59375,481FB923E1
1252977586.271488,1252977593.277099,7024374481
1252977597.206544,1252977604.333068,68AA0D1AE6
1252980199.707028,1252980207.568603,14753C79F6
1252972842.0039089,1252972849.365234,5B6DF55CF4
1252972955.495118,1252972965.395385,374CA038A1
1252909190.197271,1252909200.340576,D2C4CE8060
1252909492.544923,1252909502.936035,08CFF2BFF7
1252914923.585941,1252914933.314453,EE0CC27A43
1252915157.52734,1252915165.233398,2098228A89
1252915259.091793,1252915266.198242,2DF89F772D
1252965359.800785,1252965369.371582,0E39D18EB2
1252990541.7187471,1252990549.826172,D02B515813
1252946182.386719,1252946191.932312,3DC19F58F0
1252901951.889652,1252901964.641357,FE0B5DD339
1252902230.936038,1252902238.616211,3B7CC88CB9
1252935775.453128,1252935783.378051,47DA3E56DA
1252963209.531251,1252963218.606445,0E3B3A82A1
1252963240.6430688,1252963250.27832,C3A367053E
1252966989.7128952,1252966998.092285,AC7603D3B1
1252983038.290042,1252983046.755859,4026AE9886
1252983164.632812,1252983172.271484,8B26389D50
1252983244.1865208,1252983253.246093,FDEC9629C9
1252983356.798341,1252983366.939453,B2E119439A
1252983706.106451,1252983716.746093,75C89115F6
1252983890.458987,1252983899.15625,A127F9DF8E
1252983986.360353,1252983994.046875,5B7E03A896
1252981773.844732,1252981781.815185,A56176C8FA
1252998470.828733,1252998486.750488,801CE53BE5
1252998574.1953158,1252998584.393554,7BA8513BAC
1252998588.4794948,1252998596.012695,6345653A56
1252998647.453122,1252998654.943359,6BD5E64B8B
1252943610.132817,1252943617.536865,53F7797FA2
1252943795.220701,1252943803.499023,411B10D408
1252944010.087892,1252944018.416015,D807B9F24F
1252910848.55371,1252910857.443115,3CF47B164C
1252910938.330075,1252910950.001953,993D2F951E
1252994610.6904328,1252994619.794922,38FD0189DB
1252994777.114259,1252994784.748047,A60730C9EC
1252902533.631832,1252902540.840088,5529BF3B59
1252954962.4028358,1252954970.810547,1D6E19D66E
1252954979.75,1252954990.933593,CEC44AAF51
1252955160.644044,1252955167.6875,D7DCEB11EF
1252991017.610353,1252991025.060791,089B722ED1
1252991359.213741,1252991368.763183,6F7003259E
1252988874.640625,1252988882.106445,E7A0DBAC50
1252989134.353757,1252989143.46875,2A545ADB24
1252948993.107418,1252949000.52594,D540C6A28F
1252949093.916992,1252949104.023437,E9BFF024AE
1252976295.000978,1252976302.225097,51D0FACD16
1252984522.922848,1252984530.90625,33970208C2
1252984598.578122,1252984607.171875,B7820FAA15
1252984681.928408,1252984689.574218,47AC887D5A
1252953368.0048878,1252953380.147461,1C5CFFC523
1252953497.163091,1252953504.505249,84B669352A
1252907718.014894,1252907725.206054,133D6364AB
1252908099.6367218,1252908106.722168,BF230EDB23
1252926671.4924371,1252926678.833252,CE3AE981DD
1252961063.593749,1252961070.724609,3177D27DB0
1252920682.1064448,1252920690.84082,E22F90085E
1252920714.854982,1252920722.265136,E7C9438D15
1252920781.084348,1252920789.364746,B3DFBD7208
1252984857.586425,1252984866.869995,31C8C6636E
1252984943.9125988,1252984951.36914,6CB505D4B1
1252947680.705564,1252947688.231689,9807B9937C
1252905784.538576,1252905796.090576,E29B21818C
1252905949.514648,1252905957.224609,01389BB6EB
1252906031.456052,1252906039.983398,E1978D6780
1252906102.036134,1252906109.801269,9079B245BE
1252967700.161134,1252967707.367187,2B1AD9BA05
1252967732.167974,1252967741.253906,386A05819D
1252967767.2446258,1252967774.411743,9B7651A0F7
1252967865.3012712,1252967872.404663,0E71F750A3
1252930706.9668,1252930714.680664,43BC703BBE
1252917535.6801789,1252917542.6875,AAEB33D4C8
1252917639.7099562,1252917647.733398,26CB15B3E1
1252917721.8019972,1252917729.69812,B472B29755
1252917926.369626,1252917935.662109,DCAF412247
1252917993.8210418,1252918001.103027,5C343B0FFC
1252921145.6977549,1252921154.412048,F34B41EEDC
1252997407.990231,1252997415.625,D5843D3703
1252997515.171872,1252997522.592773,42F99260C9
1252997534.205081,1252997541.847656,37392AD9A9
1252945269.78027,1252945277.621582,6F7C2B40F1
1252945351.7275388,1252945362.002685,4136F5E7DF
1253079220.036865,1253079232.886718,7A076B45F9
1253003929.401119,1253003938.173828,5D87ACB990
1253004919.7812471,1253004927.246093,33760A9DB8
1253005270.0371091,1253005277.120117,2F6C904D56
1253058441.574215,1253058449.425781,324AC33A26
1253058608.8813488,1253058616.142089,040B53EF3A
1253062992.586919,1253063000.511718,3A02DA5FDB
1253070795.359377,1253070805.692382,4DE2ABAEBB
1253009561.775148,1253009573.34082,B7E6F8A345
1253042016.471679,1253042023.835937,CEA3C8FC3F
1253006085.0402808,1253006093.661132,4643CA33A3
1253011772.73242,1253011780.5,0C1D6557B9
1253067364.367187,1253067376.375,3C7601DB06
1253092707.621095,1253092716.624511,2BCFADAD3C
1253092834.183594,1253092842.588134,94F004152F
1253092867.250731,1253092875.892578,18DCBD4AE3
1253080500.65625,1253080514.668945,B2746FDA44
1253080874.87891,1253080883.297851,181EB19E52
1253018779.53125,1253018789.527465,49E568757E
1253018815.083982,1253018822.984375,7F782A5011
1253018842.703367,1253018849.842773,B890617B45
1253050374.400394,1253050381.473632,EA9BC43790
1253028269.281245,1253028277.501953,0B8CFB3ACC
1253066668.998785,1253066676.627685,DFC0C24C9B
1253008314.5688431,1253008325.773681,E83942394B
1253008329.2451198,1253008336.325683,D59A3CF93E
1253008431.393375,1253008441.286132,61863BC715
1253008498.965823,1253008506.125122,F9AB5FE18A
1253008567.238278,1253008578.390136,907D361579
1253008905.299076,1253008912.835327,9C219A5074
1253073828.2753909,1253073837.029297,CA10A53558
1253094905.992192,1253094913.638916,0CADB85A9D
1253054555.821779,1253054563.323974,0C41878AB6
1253094294.76562,1253094303.443359,D948A3F28A
1253094647.733398,1253094654.762695,20BDE9FCDC
1253050757.84375,1253050766.1875,FC18A61765
1253051044.9873078,1253051054.203369,E091A9EF21
1253048597.262697,1253048604.465576,8A62DBE17D
1253009963.5644572,1253009971.629394,7808C7CF6F
1253010027.4772918,1253010038.75,C20BA95CB1
1253051427.6665,1253051437.146789,5145EEA50F
1253085410.2587922,1253085418.082031,2787A1B7F9
1253061958.815432,1253061967.239502,6F8BC6C44D
1253062084.6213331,1253062091.8833,96B4E3AC09
1253074633.5849571,1253074640.996093,251A4296E7
1253072948.5537071,1253072955.613281,C588C9DE06
1253073003.072265,1253073013.40625,4C67ECF23F
1253007923.750001,1253007935.372314,3CC7EACB82
1253008045.4599571,1253008053.332031,D27ABC0074
1253031253.417969,1253031260.550781,B4223C49BE
1253002028.0377169,1253002036.147461,0E31687954
1253002054.075198,1253002061.164062,DF1AE3A2BF
1253002110.778624,1253002119.746093,10793EE493
1253002235.16797,1253002242.847168,BFAB37F12E
1253076753.742184,1253076762.603637,F660837E17
1253076851.045902,1253076858.560547,E67046B8C7
1253077108.050293,1253077122.134765,BB998FDC40
1253077266.849242,1253077273.950195,CFFADD3072
1253077273.952145,1253077281.75,A4C73A0170
1253010785.703122,1253010794.248535,36FFA2B453
1253010826.74512,1253010833.887695,BFBCB71E10
1253070554.2802749,1253070561.297851,7C21A803AF
1253082673.226564,1253082680.828125,3CBA65EC60
1253082975.841793,1253082986.68396,35ED4D25C8
1253069626.85156,1253069635.863281,5292FE2570
1253086839.59375,1253086847.139404,65EDFDC58D
1253016675.4062471,1253016683.666015,6F695F8970
1253016713.386723,1253016720.749023,99989C63AC
1253016787.202638,1253016794.57019,E349795EB6
1253016811.009769,1253016818.17749,D95DFD767C
1253016838.8015149,1253016845.908569,9A11D79E49
1253016550.833497,1253016557.921875,DD8A9B4ADD
1253083858.6450229,1253083870.226562,0B04364380
1253019654.805661,1253019666.192382,479B49C177
1253019728.123785,1253019735.125,09AD71FA26
1253019920.108402,1253019929.868652,8439F4AFD9
1253000959.29785,1253000966.707031,BF62738A1D
1253000969.642272,1253000977.905273,6DEF43C2A4
1253091894.835938,1253091904.436523,8BE8BF67FD
1253091913.758304,1253091921.722656,DAAEBA9916
1253092043.112305,1253092051.393554,00EC7ED50F
1253092109.5649428,1253092116.879882,899FBC8E22
1253049008.1718762,1253049015.33789,4C31975D58
1253075207.81738,1253075216.809082,6684BC6541
1253052292.4589849,1253052299.599609,066C56FFA8
1253052488.492681,1253052495.884765,E5DAD831FA
1253052664.245365,1253052671.761718,B5BE270A57
1253053209.3725548,1253053217.5625,AD2C2181BF
1253090819.416989,1253090827.391967,A2A6FE268D
1253090941.750001,1253090949.077636,9E40AB58ED
1253088710.113033,1253088717.178711,F2A0408710
1253088804.062991,1253088813.27539,3E105FA649
1253064319.788577,1253064329.889648,36FD34D786
1253064427.567872,1253064434.580566,E21921DF4D
1253064580.5537138,1253064588.586547,C5DF77BEE5
1253064723.201176,1253064730.921875,F0755B6020
1253054079.067379,1253054087.463867,80B4B1B2F9
1253054265.585935,1253054274.709961,1C878E0938
1253002324.25,1253002332.963562,80C2C95F96
1253002337.840823,1253002345.957031,A98A39E119
1253002387.127691,1253002394.236084,5A11D885D8
1253002420.947269,1253002428.832031,3627D5B032
1253002475.5859408,1253002485.072509,8B23550909
1253047146.638181,1253047154.166992,855E737A81
1253003018.58984,1253003026.129638,C1B852C17C
1253003101.508786,1253003109.09375,102B808EB1
1253013751.7741652,1253013760.305664,A3B31A32DE
1253096958.066158,1253096969.468261,C5B240C052
1253087454.706544,1253087461.87207,5C69442876
1253087655.4951138,1253087666.4458,D8DFE82635
1253007530.772951,1253007540.240234,5D7D1DF4EA
1253007583.222656,1253007591.895996,D567D55E35
1253007735.490231,1253007743.143554,283B993348
1253097274.110348,1253097281.722168,B893E67DEB
1253097561.261715,1253097570.681396,5B61095470
1253097684.3388698,1253097693.36914,2B1AAED79F
1253056365.771481,1253056373.827148,F33508D719
1253072326.666017,1253072334.717163,CFEDF94C98
1253072383.2421908,1253072390.3125,E64E56675E
1253072562.211423,1253072574.863281,556DD56A56
1253006200.066898,1253006207.233398,3D45220991
1253006228.268551,1253006235.570312,248E614454
1253006235.571292,1253006245.206054,BB163A2637
1253006355.535284,1253006364.037109,16561A85E5
1253006559.248043,1253006569.49707,902AC605C7
1253048522.931637,1253048534.954101,1753122B0F
1253022112.607418,1253022120.915527,F2FD580BA0
1253011111.201664,1253011121.957031,9385049F28
1253000202.015138,1253000209.821289,FA375108A5
1253000286.0078158,1253000293.983398,F2AFD430F6
1253011423.505862,1253011431.93457,581FB41752
1253011459.25,1253011467.787109,C4B16B349E
1253011491.5605469,1253011499.769531,CF2A75CB24
1253064923.640622,1253064931.074096,38FB4B410D
1253064999.465823,1253065006.944336,54649C5D1A
1253013316.095706,1253013324.810058,1A4D2F9C39
1253013476.457032,1253013483.80664,C6E71BD11A
1253066453.914063,1253066461.225097,BBF67CD387
1253013978.7304718,1253013985.733398,504694863C
1253014324.1249971,1253014331.837402,96D1E865DF
1253071877.345706,1253071885.167968,D829D19CA3
1253053873.338374,1253053880.566406,055B34DE81
1253054030.497555,1253054041.107422,1BC9A9AF29
1253016259.833011,1253016266.894043,2F078C0F34
1253016302.56848,1253016309.627929,EDB5BAB907
1253097978.215826,1253097986.953857,D38C271925
1253098045.79907,1253098054.210937,106AB740C5
1253079636.039304,1253079644.885742,63F5ECB414
1253079759.691282,1253079768.148437,C099D23DBE
1253008970.078128,1253008978.696777,7EF38F97B8
1253009160.343755,1253009168.346191,E439B92BE5
1253095903.6782272,1253095911.058105,BE3498AB13
1253095951.2490249,1253095961.107422,6062EDDE9E
1253070253.768556,1253070260.866211,65B0ADA6A5
1253021112.743651,1253021121.992187,EEF70ED96D
1253021250.0952132,1253021259.927002,62261AECCB
1253021544.774169,1253021553.322265,2730326FD7
1253021597.218745,1253021604.466308,FF2F25C3A0
1253096349.91467,1253096357.880859,E21F0B9353
1253056640.19141,1253056647.905273,62F97E2CC1
1253056863.4707,1253056871.764648,2C2995D15C
1253058798.545902,1253058805.938476,B97CB7DE51
1253090641.5888698,1253090649.757568,9FE0FEBBA6
1253003644.0444932,1253003652.929687,D2E8D23EB2
1253003680.761722,1253003689.490234,E34E6FFEDE
1253049837.3796358,1253049845.625,D4C32CA2A6
1253087182.9917018,1253087190.43457,958F9C20AB
1253087338.071286,1253087345.258789,2533FC7716
1253085712.2832,1253085725.204101,92774ACC22
1253085893.2197251,1253085903.630859,F998D27428
1253091047.123043,1253091057.208984,36BC30A5B0
1253091433.880124,1253091442.622802,F3810BCD9C
1253083367.061527,1253083374.211914,544C206479
1253065709.535153,1253065727.333007,4283563C96
1253065771.483888,1253065778.672851,2227297FF2
1253067275.65088,1253067283.144531,F160B3D130
1253049173.20312,1253049182.030517,C8209BF261
1253055452.937505,1253055460.183593,3D9CFA3B5D
1253076305.793455,1253076320.591797,EC8EC549AE
1253076520.953126,1253076530.472656,3570CE53D9
1253015955.083987,1253015965.352783,505C160ABC
1253029205.3769538,1253029212.582031,28DE8550EC
1253029679.152347,1253029692.117187,04F0E0946D
1253017868.109983,1253017876.85083,A82BC6FF5C
1253061329.505856,1253061336.546875,5D73451824
1253061389.8447282,1253061400.170898,A129B93C71
1253093464.430661,1253093474.438476,2E5FEEED76
1253063132.6523468,1253063141.729004,3D99BA17CE
1253082203.646483,1253082212.186523,0EB9CFC98E
1253068389.5429718,1253068398.267578,2E66C6DF2F
1253068656.585942,1253068665.037109,1708B4E7E9
1253068672.138668,1253068680.063476,7D9F37DB84
1253021072.621097,1253021080.817382,2FE4749EEC
1253093749.475101,1253093757.088867,2BB787E820
1253093777.3862338,1253093787.068359,60016111AD
1253093924.1953158,1253093935.984375,2C5B3FB261
1253021724.1552749,1253021732.821045,5689C78564
1253001399.528323,1253001407.957031,7350EA7F9C
1253001477.574461,1253001485.565429,2C239792D0
1253001604.9326198,1253001613.364257,0EBC4AE899
1253001630.217285,1253001639.125,72A863CBDE
1253001779.6494138,1253001787.354492,0BEF5D7AF9
1253012000.1562529,1253012009.09082,2826DA047C
1253012151.472661,1253012158.654052,39915F0DE0
1253052807.244137,1253052814.804687,20EFBDC151
1253053080.995117,1253053088.331543,DC084C6AE1
1253075668.3024862,1253075676.048584,B9E0D080EC
1253075871.2187471,1253075880.892578,C6D244C118
1253075948.69922,1253075962.859375,12F6A9E317
1253098441.06323,1253098448.773437,98EA97189A
1253098583.925783,1253098591.070312,0DF84ADBD6
1253098661.955075,1253098669.054687,1746ACB831
1253089828.737063,1253089835.820312,64176E1883
1253090062.230959,1253090070.888672,10BCD8828A
1253055946.804685,1253055955.083496,4533B9B2EF
1253059850.574222,1253059858.224609,DFF5DFB79B
1253059933.680661,1253059940.71289,F2EDC67CED
1253086559.843753,1253086567.708007,5071EBACDE
1253086750.583011,1253086759.09082,9DAAE8AA8B
1253042663.996097,1253042671.321777,604A0F5EF3
1253084884.929684,1253084892.852539,24993EF657
1253084927.669918,1253084935.166992,7E0D5A8B37
1253090340.210938,1253090347.316406,F9B3EF1A19
1253098889.960941,1253098904.746093,5FE0752D4E
1253099109.978512,1253099117.033203,5A02EEA78A
1253078921.0205128,1253078928.793945,7C67A863E3
1253078972.968931,1253078980.146484,3A73154219
1253034673.218752,1253034680.669922,2802F2E4B3
1253004530.294925,1253004537.530273,394E06C737
1253089678.9843729,1253089688.829101,8DE2A6CAA8
1253007383.371097,1253007391.217163,C626EFF24D
1253018962.132329,1253018969.539062,C5DAEC3DB3
1253018969.828122,1253018976.908691,E344180E1C
1253018992.6914022,1253019001.158691,E98AD2C395
1253094124.276368,1253094132.812255,666946C29E
1253094234.979366,1253094242.048828,EBF762E3A8
1253033149.992677,1253033160.096679,94F51A66C7
1253005586.6274438,1253005595.710449,E5F1D68151
1253005741.094723,1253005748.224609,B2518C30E8
1253024268.770812,1253024275.956054,49DBF2F26E
1253050066.68897,1253050076.412292,093F5A6316
1253050129.81323,1253050138.289062,D193F55A16
1253047852.4951189,1253047859.703613,38D66D9760
1253085331.7812471,1253085340.332031,78597EB45E
1253064013.619144,1253064021.305664,40ECBB3FDD
1253064035.874027,1253064048.253906,98D4DFEEAB
1253060094.4755828,1253060105.066406,E96821A119
1253060135.493161,1253060143.376953,F03414BF42
1253060295.4189448,1253060302.850586,B757B8DB86
1253060400.726566,1253060408.419922,71964DE062
1253060583.083981,1253060590.893554,7B885B9848
1253045793.259279,1253045801.928711,6D8A627D3B
1253014676.518552,1253014683.59497,1A4BF7901C
1253014818.098629,1253014828.228515,9D8B431384
1253078645.8852549,1253078654.345703,3A18E7C806
1253003430.769528,1253003441.893554,24D611E979
1253060973.8149428,1253060981.498047,1BBCBA4CBF
1253079845.014652,1253079856.154297,8F5E1DEA34
1253005479.294918,1253005489.075195,134130981C
1253060613.145509,1253060620.915039,31C80D597F
1253060726.109372,1253060733.865234,AFC4F13BBD
1253060751.31445,1253060758.643554,24A0027933
1253060805.242191,1253060813.1875,E2283C868C
1253059594.667973,1253059605.724121,A7E38FC1AC
1253055702.985843,1253055714.053711,89A1CD436F
1253055848.193356,1253055856.879882,B152E12CDE
1253067646.849606,1253067653.884033,A31F6FEC06
1253067673.618658,1253067680.833984,13B6FA69F8
1253067806.505862,1253067817.759765,3B6D01432E
1253049650.3076148,1253049659.284423,4A60208798
1253068840.9794948,1253068852.323608,DD86DCA775
1253069250.294438,1253069258.282226,82B5031D71
1253029842.693361,1253029852.870117,D52059DDF6
1253030248.78906,1253030256.866211,CF4098F384
1253030298.8544948,1253030306.958007,06D919A851
1253078113.020021,1253078126.310547,353CE29E95
1253078214.1582022,1253078221.3208,4397BC1EBD
1253073291.392583,1253073300.065429,A02D6EA4B2
1253073337.43506,1253073345.506713,476AED9F44
1253073390.25,1253073397.324707,8AD9C833E5
1253028500.564456,1253028509.037109,E0FD5B4822
1253071262.841312,1253071270.328125,21FC89F4F1
1253071517.820806,1253071526.323242,88F44E8D3E
1253071575.438478,1253071586.764648,0809214BDF
1253019512.6113322,1253019521.057617,FBD7C26F71
1253057091.912847,1253057099.21875,A8016909EC
1253018173.64062,1253018181.09375,BD21D86693
1253086394.755862,1253086401.979492,E8B61FCD07
1253058030.64056,1253058037.868652,2F23C66C1D
1253057505.494632,1253057519.761963,66631F28D6
1253057521.070316,1253057531.779297,62C87CC7EE
1253057699.771481,1253057709.068359,858DDAFA57
1253057861.988033,1253057871.642822,9A1E744FC7
1253089072.715817,1253089082.818359,38F9E7C3EF
1253004027.539059,1253004037.464355,81651A71FC
1253004284.986325,1253004292.015625,FE84B2ED84
1253004461.999996,1253004470.55664,D309653992
1253026308.69922,1253026316.976562,D3E3FE4A58
1253026625.570318,1253026632.974609,069F86D4A1
1253026689.212401,1253026699.233398,E3C24626E0
1253028666.101568,1253028674.543213,AF5B58543A
1253161554.585935,1253161562.527343,854410E3B7
1253199922.0898468,1253199929.600586,6CB6F51D72
1253199933.407231,1253199942.540039,C19CC7B1C5
1253199268.2138672,1253199279.724121,E32F3A1D12
1253188084.7587922,1253188092.5,59EB9F1676
1253186443.581304,1253186452.166992,6F7C3B3C04
1253161763.679686,1253161771.75708,EA4B021793
1253197636.2226522,1253197644.668029,6C549B17FA
1253197668.550778,1253197676.760742,80DC3EA942
1253104446.5664032,1253104455.537109,E6C7FE94A7
1253104483.152036,1253104493.180053,19996C7F00
1253104569.676759,1253104578.011718,B2506D7A14
1253193456.942135,1253193465.383789,FC54D12FD9
1253179195.544435,1253179202.563476,212BE7E25C
1253179371.585934,1253179380.762451,06C052AA70
1253175964.607423,1253175972.785156,3B3B02DC93
1253176038.735348,1253176046.897461,06CB62D7BA
1253175031.3679209,1253175038.573242,8560AF8655
1253175155.403323,1253175163.8125,215709AD78
1253177273.3124971,1253177284.383789,3788681FB6
1253177352.937503,1253177360.073486,6720782720
1253100718.060545,1253100725.52124,B0548CFAEF
1253158046.954835,1253158054.015625,9601E1CF86
1253189357.566403,1253189365.270507,05D2C26B10
1253189482.56348,1253189490.597961,AB2CA5B2E4
1253158809.367187,1253158817.290039,A4EE650F2A
1253159093.565489,1253159101.135742,840169BE26
1253159197.999995,1253159206.290527,3C7C6F44FD
1253102411.6464808,1253102419.226562,6F62F511A9
1253102541.004886,1253102550.204101,F1861C8ECF
1253102786.082521,1253102796.957763,32D58EEF00
1253192285.9934058,1253192293.069336,5C25BB9E97
1253194643.427737,1253194650.517334,BA608CC755
1253196798.013668,1253196805.34375,EAF0C3997C
1253196994.205324,1253197002.96875,59F0EE4875
1253197016.741209,1253197028.576172,D02801B55F
1253197227.256466,1253197236.345703,00E7773C1D
1253100240.429685,1253100252.439453,9C7B1B7D6E
1253100253.22168,1253100260.226562,2D0F54982A
1253187066.298345,1253187074.832031,B4A3EA3BA4
1253187188.641598,1253187197.013183,4DE5D801D0
1253171601.255856,1253171608.359375,58BD0FE8D2
1253171764.632809,1253171771.636718,81CC54825F
1253101609.568356,1253101617.348144,C09A46CCC6
1253101687.5273468,1253101696.21875,4B73743218
1253103936.930177,1253103944.527832,9892AA6158
1253104066.826168,1253104074.866211,2BCD8D1976
1253188561.228512,1253188570.341797,9B3ECEBF75
1253196643.532716,1253196652.285278,5138C20B58
1253196668.712888,1253196676.398925,7771D50FC6
1253196717.813478,1253196729.111328,5FA0FB070D
1253181685.513668,1253181692.602539,44E6FB3E65
1253181761.73535,1253181769.331054,D48177732F
1253181769.589844,1253181776.625,CDF4C6512B
1253181859.954349,1253181867.024902,3F842FA8F1
1253192580.0493212,1253192589.741211,2624816164
1253192632.537106,1253192641.412109,9CB417BD0C
1253186623.161622,1253186630.844726,2A189E22E5
1253183165.804684,1253183173.228515,4965FCBAD6
1253183046.1943328,1253183054.301269,622D24AFA5
1253105509.414063,1253105517.841797,88911C18C2
1253174142.375,1253174150.288086,5E80D083A8
1253174178.634769,1253174185.90332,79AB376897
1253174257.416012,1253174264.675781,4DFCB5DDE2
1253160296.302251,1253160303.669922,0A78911B85
1253198087.6640608,1253198094.702148,4924675220
1253198256.261476,1253198264.50415,736FC22AE2
1253166068.3251948,1253166075.448242,6F07F044A2
1253166121.0893538,1253166129.193847,BC3F697616
1253190984.292476,1253190998.846801,039D46A7EB
1253163961.457031,1253163968.569336,87E556302C
1253190524.054201,1253190531.922851,E67EE22587
1253164464.4873078,1253164471.975586,D5AE32DD09
1253164658.432617,1253164665.990234,D16749027A
1253176816.086911,1253176825.289795,471BFFDA1B
1253196301.587887,1253196308.841308,5C068C9302
1253162004.512693,1253162011.76123,3378C42628
1253179773.703128,1253179781.603515,3EEC91EFFD
1253104264.595705,1253104271.867187,6E20942E14
1253104369.25,1253104377.780273,915B34EF10
1253104877.538086,1253104884.908447,30A41E79D8
1253104957.253903,1253104964.49414,B51514D130
1253105048.0307648,1253105056.09375,ED0B300247
1253184712.223384,1253184720.238281,C7FA87F3ED
1253184735.176761,1253184743.668945,32790AB727
1253184804.599613,1253184814.310302,DF8037F3A6
1253100567.313482,1253100574.51416,D01C4F3460
1253194089.2080112,1253194097.269531,6D0E8B686C
1253107531.0361369,1253107540.735351,3AD148BA42
1253107674.1699271,1253107685.013672,77EBDA6891
1253195232.455081,1253195240.660156,58BFC16F6B
1253195351.350828,1253195360.483886,B97890E411
1253195481.444826,1253195489.226806,8BC916A813
1253198666.291989,1253198673.332031,A8DAF6AFBF
1253105785.18213,1253105794.480468,0AA959B55D
1253178543.654293,1253178551.59375,27CE74A730
1253178575.7368178,1253178584.916504,D6D1861A7D
1253178603.735355,1253178611.599609,0A363EF049
1253178800.010745,1253178807.044922,A713FF88CD
1253194164.900882,1253194172.273437,36F920520E
1253175270.813479,1253175281.074218,5F50DCD5B0
1253165031.500977,1253165038.71875,167FE30FC3
1253161202.4042969,1253161212.476562,556C605385
1253167264.666016,1253167274.482422,A648B9C581
1253101834.433597,1253101844.916259,8A32440B44
1253101987.7526848,1253101995.20166,9CC338C7D6
1253102047.5898411,1253102054.907714,DCA9A6530A
1253102206.528317,1253102224.40625,2092F4DB0C
1253185850.241214,1253185857.425781,4AC5CA455E
1253184996.2861328,1253185004.063964,1A0729E3C9
1253185090.653323,1253185098.123047,60C57949C1
1253185108.170409,1253185115.28125,CFC1AFFEE1
1253103166.004886,1253103173.392212,F20C0E71C7
1253103327.765628,1253103335.089355,3B7DC0CDD5
1253103413.7832,1253103421.366821,B24A0A46AF
1253169621.070309,1253169629.034179,FAED5A715E
1253169765.003175,1253169772.421386,0F3FDAC27C
1253106710.862306,1253106718.940429,FC1128A63E
1253107017.51172,1253107024.695312,6D68C9A62B
1253180742.3974571,1253180750.257812,10C0BE29A8
1253195623.90625,1253195631.463867,EA6DDE6326
1253195689.333985,1253195696.485351,30ED5BCB2F
1253200133.396848,1253200140.60791,344343150C
1253167928.717777,1253167937.25,B55BAC0709
1253187403.460939,1253187410.75,3D6F8C5BB7
1253187410.932369,1253187418.283691,997334E2F5
1253103499.6523468,1253103506.714599,AE1FB39B37
1253163234.4131448,1253163241.804199,6B00AE343C
1253166542.0156212,1253166549.489502,93B3090F41
1253189937.62598,1253189948.883789,B001D7D37E
1253173354.09766,1253173361.482422,E5B24BE356
1253159515.81006,1253159524.220214,10E82EFF45
1253159570.829106,1253159578.791015,1AC1849AA5
1253198288.7928438,1253198297.048339,E27917DBDF
1253198359.506836,1253198371.564941,F72E02FFE0
1253198441.379882,1253198448.515197,76E3DB44CD
1253198538.1318328,1253198545.40332,6AA8FD8047
1253172925.8670628,1253172937.180664,69E8141ED7
1253185549.3007822,1253185557.137207,817CD0A560
1253183708.478337,1253183718.878906,AD711F61DA
1253189770.164796,1253189778.323974,497DCA28B8
1253180448.00098,1253180458.666992,40D71D1A55
1253170501.5537071,1253170509.188476,EB40783DD7
1253198880.07471,1253198887.470703,0DA435458F
1253199153.391112,1253199162.013183,880887EE86
1253199178.359617,1253199186.265625,3267E0772E
1253168731.217287,1253168741.287109,93E4A1001D
1253174337.732424,1253174346.256836,7CABF3C67D
1253234099.879396,1253234110.242187,E89E8A572D
1253234134.4724138,1253234144.663574,B0B7D0A694
1253254227.386715,1253254234.513672,9900DEDEB0
1253225627.271486,1253225634.728759,E87C2053ED
1253225709.3457022,1253225718.46875,1096A62119
1253279828.561034,1253279837.015625,3FDA5309A3
1253202285.804684,1253202294.019043,B339323735
1253202434.781255,1253202441.832031,56B8742D02
1253235920.6982388,1253235928.546386,303C0F7AE9
1253262038.148434,1253262046.03125,503400ED2A
1253262236.40625,1253262245.51831,E26DD146A8
1253235045.369144,1253235052.519531,61F2D4F30C
1253235203.648442,1253235210.886718,E84CD9A5BD
1253235279.609861,1253235286.848877,A096557893
1253235496.233888,1253235503.320312,F35F323863
1253288708.929689,1253288718.28125,7373F3F3D5
1253288857.599606,1253288864.654785,5473144B8F
1253288914.251462,1253288923.455078,763CD9CB81
1253289028.253908,1253289036.130859,6DE65CF856
1253236914.6552749,1253236922.618164,CDEB2572CA
1253237216.955075,1253237225.396972,99A8D7510E
1253245789.4560578,1253245797.768554,7D0473B7C2
1253245837.943359,1253245847.875244,F27816E542
1253245209.464849,1253245216.5,DCE479206A
1253245226.098082,1253245233.366211,88B1F1D3C8
1253297671.39062,1253297679.076172,BCFF26B372
1253297833.568364,1253297840.988281,17F7E65722
1253283004.117189,1253283011.527343,17A625AA58
1253283059.5625,1253283066.916015,A856C9D469
1253283312.9825432,1253283320.813232,23E00E584B
1253246418.5976589,1253246425.847412,41A4F19AC9
1253246598.46875,1253246606.542968,84E6F0C4B2
1253246623.210942,1253246633.179687,E4F470A34A
1253246749.3056672,1253246756.46875,D662E0665A
1253246868.692873,1253246875.716552,6BCE3DF808
1253277529.568609,1253277539.148437,FCC32139CB
1253277596.0625,1253277604.24414,96B71522AD
1253265663.742187,1253265670.895507,B82BBE3459
1253265712.69434,1253265719.854492,EAE53BB43F
1253265726.438108,1253265734.485351,05CFF05A13
1253265829.173343,1253265841.260742,569DB8B8F9
1253244149.1132782,1253244156.217529,7BAC2D4138
1253276555.4609408,1253276562.527343,972D78DA64
1253284177.251218,1253284184.726562,D45BB57BCE
1253284203.243655,1253284210.902343,2AD9332B5F
1253272537.724609,1253272547.164062,9AA6EF21CE
1253290119.182614,1253290127.757812,EBA68EF5D4
1253290407.584962,1253290417.078125,173BD503BD
1253290518.579103,1253290526.02539,C6AAA6C95C
1253290588.27441,1253290598.349243,C63255230F
1253290599.333011,1253290610.896728,EE3B086AE3
1253234384.101563,1253234392.139648,1DF0F0CC91
1253234531.609372,1253234539.090942,89FF030741
1253294624.298338,1253294632.430175,C510AD8D73
1253294662.12598,1253294672.720825,2FA31C15E8
1253237811.477054,1253237818.480468,33D0A824FF
1253245660.154297,1253245668.355835,A1E33ECF56
1253289560.957028,1253289570.804687,6B5A78D71A
1253289577.708981,1253289586.140625,B73BBA9555
1253295865.890625,1253295875.061523,69B824D6B6
1253295968.6289089,1253295976.125,2F0B587B51
1253216363.227721,1253216370.359008,564C512CE9
1253277379.668027,1253277390.824218,98671E3628
1253210882.532227,1253210891.926391,EEBAA4F654
1253241335.416012,1253241342.852539,DCD65B3AB9
1253283601.515386,1253283610.208984,C1D50072C6
1253283761.361323,1253283769.879882,F639BD6F74
1253265035.4869342,1253265047.513672,8826C083B4
1253265109.5419948,1253265119.818359,CAB75A7EAE
1253253558.296878,1253253567.069336,4DAA7684C9
1253253710.184568,1253253720.371521,2A28FFC864
1253253721.414058,1253253730.530517,14927BF589
1253253854.879392,1253253867.588867,DBCCCEB37E
1253253937.5085402,1253253944.660156,C9A22A285B
1253242272.52783,1253242280.253418,24EDDB938D
1253242432.543948,1253242440.4104,70D9742AED
1253242449.212888,1253242457.85852,207D60859C
1253242593.263668,1253242600.288086,BC1F3557D2
1253240701.48682,1253240709.55664,A3CC3294D3
1253240735.796872,1253240743.984375,57C613C9B2
1253240823.16992,1253240831.299804,8E06A8B7D2
1253209543.979489,1253209556.5708,CD2653703A
1253209680.8112772,1253209690.073242,750D7B5FB6
1253209715.488775,1253209725.526367,52AE0D33C3
1253208264.302734,1253208273.407714,B8DD91331E
1253227757.8457031,1253227765.111328,86CEF00F52
1253227929.6469698,1253227937.154297,5B42AB3036
1253224207.05859,1253224214.446777,9B4EDD55CB
1253220070.403317,1253220078.10498,B5C34FB296
1253260425.2434042,1253260432.481445,72F2A491A1
1253260497.304685,1253260505.095703,5EE00BB0E0
1253260595.071046,1253260603.069336,DB94455C44
1253260738.00025,1253260746.484375,2DCD6E8275
1253260923.505856,1253260932.333007,E06F092507
1253233451.867186,1253233459.059082,D29EA15143
1253255910.829099,1253255920.652343,4CE22497A6
1253256031.77734,1253256040.937011,01C8780CEC
1253238093.250979,1253238109.694336,060E65209F
1253238175.3767068,1253238186.49176,1AE6D42BB1
1253238261.319211,1253238269.649414,5A4FED197E
1253238272.712894,1253238280.023437,5E18E8FD4F
1253238350.9506822,1253238358.880859,660B4FA39D
1253238393.6757782,1253238402.230468,8C063AF819
1253269316.763188,1253269324.477539,F3FA896B5D
1253205421.338864,1253205430.051269,E5B43BC0D2
1253289245.9868171,1253289253.970703,09F1A0F256
1253231368.268553,1253231375.847656,DE6B18EA46
1253231752.935062,1253231762.27832,A1EED87449
1253203043.9912071,1253203051.301513,B60A429E68
1253255077.629881,1253255085.874023,18E58CECB5
1253255105.65527,1253255113.790039,7E30FCED3F
1253255131.547848,1253255138.984863,2C87A77C14
1253255146.969723,1253255155.881347,18248E6802
1253230203.7519498,1253230211.506836,DC4EB8917B
1253293548.023435,1253293555.416992,F5645614C8
1253293703.3164022,1253293712.5625,94B52A8A2F
1253283813.654545,1253283823.569336,7A0B499B6B
1253233191.544918,1253233199.059326,13BEAC1BA9
1253238564.478516,1253238571.519287,26FC0514A5
1253221258.791989,1253221265.877441,FD8D68C896
1253221476.503908,1253221483.775879,3FDF89453B
1253261565.059452,1253261573.808593,89F0E89BCF
1253261687.944093,1253261695.039978,409635CEA0
1253261761.375977,1253261771.112793,C231BDB831
1253241955.910406,1253241964.584472,01AF5C80E7
1253242110.91016,1253242119.104004,22FF043A78
1253242143.809573,1253242153.739502,2ECEA79D30
1253250812.343753,1253250820.080078,D3BE053158
1253250820.082028,1253250827.193359,8F2D6BA97D
1253250997.44922,1253251004.890625,6E7AD11832
1253248849.91504,1253248858.227539,7A262755B0
1253248929.46875,1253248937.655029,DD607FA3CD
1253248951.761722,1253248959.40625,C24340B4D7
1253269082.7294972,1253269090.687255,9965941F39
1253266044.980474,1253266052.733398,47B5F06255
1253226937.0185509,1253226945.71875,F650C7C44F
1253251715.8437471,1253251727.179687,83EA992843
1253251777.648438,1253251786.322876,4120008AFE
1253251792.687505,1253251800.076172,EC1F5F7F6B
1253251875.525396,1253251883.591064,CE90219B8B
1253251942.880864,1253251952.745117,2487047A0B
1253211409.6191409,1253211417.326172,86AC2CC4A0
1253276925.322262,1253276933.049926,51D2F54303
1253277020.452394,1253277027.894531,55692F9B9C
1253277044.675784,1253277052.8125,33EAD49815
1253251487.910156,1253251495.320312,5DD2B4CC8E
1253251656.197811,1253251664.581787,004F09A075
1253220715.7392578,1253220722.983886,D5D159E068
1253215379.4326148,1253215387.301757,F7F31390E5
1253215466.113278,1253215474.87207,A9A4133D4C
1253263248.9655778,1253263261.286132,8EE7B417A9
1253263312.1445272,1253263320.493164,3750AE79B6
1253263455.60864,1253263465.533691,D98E602F72
1253265528.598636,1253265536.15625,46A059311E
1253230810.424805,1253230817.770019,2BE251EE47
1253266464.9487262,1253266472.791992,5C444CBF03
1253266472.7929718,1253266480.844726,7CD982F1A3
1253266503.66058,1253266513.026367,7DC99C1678
1253223626.8046908,1253223635.69873,CE656F4516
1253223879.555176,1253223887.790344,034DBBCAEA
1253219857.568359,1253219866.391479,AF0F5D463F
1253223171.753904,1253223180.777343,A548F21BB3
1253270079.013553,1253270086.246093,5441610C44
1253270097.59277,1253270105.201172,F62CE1E838
1253270147.45312,1253270157.871093,70FA16461A
1253270220.368778,1253270228.060302,FD22D6A289
1253276168.699215,1253276178.126953,77C893A7E1
1253276178.9218729,1253276187.434082,914DDF17AF
1253295020.126466,1253295027.204345,B0836ACCEB
1253272847.3994138,1253272855.915405,9048B195A1
1253230477.892581,1253230486.484375,99ADB1E98F
1253296244.353026,1253296255.594726,B210C12140
1253259519.5957,1253259527.086914,8BBEA9B6B2
1253259565.431638,1253259572.620727,F1CD3AE7EA
1253259641.23438,1253259651.014648,47644ED7B8
1253205708.927733,1253205716.1875,39795CD4F6
1253205814.207521,1253205821.964843,F05F53270B
1253244406.172857,1253244413.324707,FD97EED7D1
1253244632.436281,1253244640.18164,CF359D6B6D
1253263840.856448,1253263852.149414,F9C3BC2E75
1253264080.052734,1253264088.047119,EA17A24312
1253264237.420895,1253264246.118652,DC9716052D
1253264344.093748,1253264354.536377,4F6370C358
1253264383.671878,1253264393.166992,4ABA5D91D5
1253266939.926027,1253266947.666992,06FD67D55A
1253298872.192386,1253298881.200866,15A04B9237
1253218284.7734408,1253218291.929687,1E3FDBD1DF
1253263589.0793428,1253263596.981445,BA9BB49189
1253284501.087894,1253284509.273437,F50AC0EEF9
1253252106.046878,1253252113.472778,7F149A4CAE
1253252325.543698,1253252333.226562,06D6AA0241
1253206644.660642,1253206651.688354,F17B0B19C9
1253206852.84766,1253206862.603515,7BA0206A96
1253256295.7168,1253256306.207031,4293ECEE9A
1253256356.925778,1253256365.121582,4E22E27B46
1253231983.174805,1253231990.607422,A4CB68DB8E
1253232023.81445,1253232032.468261,EAA17B4E42
1253232114.5068378,1253232121.511596,B8D5F2D60B
1253232241.1925,1253232248.245117,8B8BE4612B
1253228811.5,1253228819.196289,C134A43E3C
1253229053.202146,1253229061.52832,B22F0ADEFC
1253226344.745114,1253226352.723632,F98E38CFE2
1253226405.6201198,1253226412.868042,79F17E3284
1253236619.80859,1253236627.375,503C33D9BE
1253236701.6540482,1253236709.001953,47715962D7
1253293983.7001948,1253293991.516723,AF9E234D38
1253294069.980465,1253294077.425537,6996F31FCA
1253294279.427249,1253294286.58789,7A3A1AF056
1253294293.918948,1253294304.916015,931989D0A5
1253262625.862305,1253262632.904297,CB8CFC18C1
1253281434.0419972,1253281442.355468,0B9C75A1DC
1253281611.7719772,1253281619.777343,3824AED87E
1253265395.884279,1253265407.21875,3EB61E3309
1253203325.984378,1253203333.755859,3C896BC560
1253203692.48853,1253203701.4375,0CBADE0793
1253208121.74719,1253208129.348632,5676422118
1253296475.458492,1253296482.543457,299CB4F071
1253296517.307369,1253296524.724121,57AA12483F
1253296789.1230462,1253296796.727539,DEECB786E5
1253296798.333981,1253296807.290039,5B7B64DAC1
1253229548.8476572,1253229557.257568,AF3E50C0DF
1253286406.006593,1253286414.731445,34473B653F
1253229288.3681662,1253229295.375976,D4D0AEAC13
1253229449.294071,1253229458.026611,60DB239810
1253286838.864261,1253286847.146484,1ECF4C15BF
1253260380.285276,1253260388.284423,B783275CF0
1253249449.377194,1253249465.986328,97A31CAA10
1253249465.9873078,1253249473.018554,FC308CFCE4
1253249607.154787,1253249617.723632,12E673DD72
1253249788.5993612,1253249796.289795,F7138A8EF6
1253221717.272462,1253221728.28125,276E5BB9B9
1253285847.364258,1253285855.7854,438A45F54B
1253286071.375005,1253286079.580078,56DBA598DF
1253286092.815191,1253286101.617187,E96F0DC496
1253212363.664066,1253212371.803711,0ADACE7C00
1253270718.71875,1253270727.17041,2F3A3152D1
1253270814.497067,1253270833.552734,A450F00934
1253270877.3457072,1253270886.532226,2A780E5FAB
1253270967.716793,1253270975.179687,FC7F83C990
1253256818.072757,1253256826.292968,9D40EA6942
1253256867.509769,1253256877.963867,0F5ECBB35D
1253256904.38086,1253256913.8125,5E585A638B
1253280174.461917,1253280182.767334,A69C3FE754
1253280368.361325,1253280377.121093,3B64CA89E8
1253280380.6892068,1253280391.372558,FB99B9C21A
1253280429.94898,1253280440.939453,D48BFDD789
1253243338.7265658,1253243354.844238,2AF488B48C
1253250183.431644,1253250193.243652,102F893344
1253250378.77857,1253250386.728515,7C9EED3557
1253250414.734861,1253250422.120117,C3B66C1371
1253250422.2951622,1253250432.565429,A7756294FC
1253250466.92187,1253250474.366211,9B611EF949
1253219738.807132,1253219745.891601,E7EA67B182
1253293350.493168,1253293357.65332,C8DABF0A9C
1253299094.818356,1253299102.070068,3D09C57D0B
1253248450.5018272,1253248459.668701,68811C6E5D
1253248541.8305678,1253248550.171875,D0F128A8B2
1253257696.676754,1253257704.326416,B9BE4D97EC
1253271381.4995072,1253271388.773559,449EF2F172
1253271592.438478,1253271600.458984,C1E4500B86
1253271679.96484,1253271694.813964,A13D668759
1253271726.37036,1253271733.637695,A3EAD89050
1253247489.102542,1253247497.128906,2C0C7E20D4
1253247609.114262,1253247616.228759,3DFD921074
1253267444.684087,1253267452.99707,FCE20BA3FA
1253267484.404788,1253267497.459961,78D7BD01CB
1253267698.990727,1253267711.776367,4E43A6B745
1253268177.9755888,1253268186.182129,F3BCA06DE3
1253214911.5727549,1253214919.804687,62D8B0B737
1253232618.2910202,1253232625.920227,2BC1FC9D06
1253254609.958981,1253254617.03186,8129DB6FF9
1253230527.681637,1253230535.211425,48ABD0BC6B
1253276323.165042,1253276330.381836,31B9273A65
1253276358.367189,1253276367.224121,3927779CB6
1253276439.375005,1253276451.536132,60F534AD2C
1253276508.540037,1253276520.996093,4050FF90B4
1253276522.2568388,1253276529.774414,61EB764718
1253208760.890626,1253208768.723877,AE37049142
1253224937.339846,1253224945.84375,3773D2BAD0
1253225044.296876,1253225054.605468,1369D257F1
1253233255.330081,1253233266.761718,4CCD4CAC19
1253217136.296873,1253217144.353515,1CEA918180
1253217461.337892,1253217469.172363,F5B22641E9
1253256575.335943,1253256585.582031,8438EAD324
1253256619.884769,1253256628.143554,772C011186
1253269437.999027,1253269445.325195,77774EC5C4
1253269451.7026322,1253269459.610351,0623912EA8
1253269601.080812,1253269615.683593,3FE408A72C
1253269690.0151398,1253269698.270507,FB040D86FC
1253269876.81055,1253269886.560547,795553C8EA
1253269927.8974571,1253269935.634765,A92F58A409
1253258508.875003,1253258519.664062,8557779F36
1253258627.2168,1253258637.336914,29A81D971D
1253258718.747073,1253258727.582031,2E7F64B5FA
1253258797.137698,1253258805.307129,C4F0501E29
1253239288.912115,1253239296.097656,5B503D2728
1253239398.1948211,1253239405.505859,3A22870AE9
1253239407.087887,1253239419.577636,5A52EE0314
1253219055.269536,1253219067.051757,B8F651AE41
1253222693.547849,1253222700.762695,48EF3C895C
1253222850.117189,1253222858.695312,82B5D4D41D
1253298495.551754,1253298502.760742,3867CB5CC3
1253280854.1875029,1253280863.625,092C1D3D4E
1253234756.963871,1253234766.929687,744476769D
1253295325.294918,1253295336.252929,88FB23502D
1253295444.161617,1253295465.132812,5E3332A91C
1253295528.10938,1253295535.80664,11E0A5B4C2
1253295639.438474,1253295650.453125,50C49CD4D7
1253295712.478519,1253295720.484741,6DA6557B4D
1253272132.62891,1253272143.808593,2AC6D5A9D7
1253272309.418949,1253272317.082763,736F0B4078
1253287134.348384,1253287141.542968,E4780C59C6
1253278207.523434,1253278215.873047,3A73EB48EF
1253278287.348629,1253278295.171386,12AAB9090C
1253278351.6418428,1253278362.147461,5168E1A1E0
1253278383.7168,1253278390.796875,5090F87406
1253259013.766846,1253259024.383789,4C286D03A9
1253259057.140625,1253259065.584716,1641A36386
1253259207.2685578,1253259219.809448,5EDEA59233
1253259391.9960968,1253259401.384399,0C35867B88
1253259402.5961928,1253259419.280273,CFEEE4570F
1253268602.7819831,1253268610.581543,12EB6F79B4
1253239573.061649,1253239582.078125,EEE5C7A865
1253282878.78516,1253282887.644531,316BB950C0
1253261011.5332,1253261019.03125,31F27F9280
1253261067.423339,1253261075.75,F79BB8280C
1253208791.212894,1253208798.52417,ED40F23478
1253209285.5,1253209297.4375,D26BFB1B04
1253232917.257567,1253232925.650879,E6E35FA7F7
1253282020.257809,1253282028.306152,21D7B2EDCF
1253282063.006109,1253282071.262939,1567CF5834
1253282367.805665,1253282375.232422,B460FC2CC4
1253317604.71973,1253317612.305664,92837F7D5F
1253317684.704471,1253317691.727539,84B8377FB2
1253317759.21875,1253317766.726562,0319E1CF9F
1253317834.968745,1253317842.189209,D79F397BCE
1253317916.9438522,1253317925.734863,127B9EAA77
1253345816.853765,1253345824.512695,CCE2ADE1BA
1253345946.550778,1253345955.064453,888A569DCD
1253346041.0,1253346048.810547,66E8EF205E
1253346071.7663531,1253346079.511718,5ED60CF76B
1253346115.225582,1253346122.467773,59178E148A
1253362493.4707,1253362500.713256,7FC48D47B1
1253362774.234372,1253362781.68164,E6BE946B77
1253311711.2811248,1253311718.988281,3CC3FC9F7F
1253311824.657228,1253311832.353027,F16F23BEB4
1253311876.9145498,1253311885.1875,F18C6D69F9
1253345579.872196,1253345589.976806,F995EDD668
1253345603.320312,1253345610.90979,7EB7C45311
1253311296.166019,1253311304.624023,03EA7BFF04
1253311333.883548,1253311340.933593,64EC2F2210
1253311446.315191,1253311454.118164,B6E969D2F3
1253311587.728512,1253311598.263672,DDE7E3F367
1253326232.829105,1253326240.35498,F9EA566C50
1253326377.405277,1253326387.482177,17F5BB253E
1253330749.376828,1253330759.022705,5940C8F3AE
1253327111.6601589,1253327120.266845,5D8D9357E2
1253363739.638668,1253363747.030273,5765631CB6
1253321656.353519,1253321663.553711,131FA807FA
1253324851.586917,1253324858.890625,261C1FCE5F
1253348697.0805712,1253348707.621093,3F0801527E
1253358232.398925,1253358239.915283,8FDF262800
1253358620.5937471,1253358627.855468,85CEF95027
1253358700.3662071,1253358712.825195,612AFB6D81
1253356836.65625,1253356848.499755,68260FC1C5
1253357041.219602,1253357049.46936,14616E931E
1253357086.46875,1253357094.74707,A62E51B426
1253357155.478514,1253357165.277343,16D73831CF
1253319084.411129,1253319092.975586,897210B081
1253326908.673831,1253326915.995849,9AF13594C2
1253326660.517575,1253326669.019531,A5B1399660
1253326696.373044,1253326707.211425,E474B03932
1253348302.994624,1253348313.155273,B9506E4590
1253348323.516598,1253348331.481323,1B581632F8
1253348444.2182622,1253348451.90039,EF590B264B
1253348451.90234,1253348459.096679,1ADA862E95
1253314992.46973,1253315000.890625,0D94575AC7
1253348070.839844,1253348079.097168,187ED134FD
1253348157.353765,1253348167.636718,96EABF7787
1253348176.031253,1253348185.386718,DCCDA8B3FF
1253348254.5224638,1253348261.625,0DDB353822
1253318558.688481,1253318566.616211,D29D8CCB11
1253364064.300784,1253364073.86914,69893FAE64
1253364103.732422,1253364112.017578,C9BB297815
1253364428.3177469,1253364437.648803,2E2E12781E
1253325090.1835968,1253325097.362304,35C9A8B75D
1253325762.2539072,1253325769.300781,08D92FE0D7
1253323506.767575,1253323515.831054,E3D53CEA4A
1253352788.070317,1253352795.871093,B2B079DAFF
1253352876.62695,1253352885.683593,5E745022D8
1253352945.0654309,1253352955.776367,9DA99E2C74
1253353044.018551,1253353051.296875,497661A131
1253316559.6982472,1253316568.11914,D12724F527
1253351251.1767578,1253351259.607422,331AFBEA07
1253363152.8085918,1253363159.865722,1911A1FB52
1253303425.4130888,1253303433.287597,9689DFCAFC
1253352273.1591802,1253352282.396484,54E423EA18
1253354454.711911,1253354463.175781,02F831EC14
1253354603.065435,1253354612.09082,139AD0A589
1253354833.421872,1253354840.696655,149BA97268
1253354921.13989,1253354929.939453,DE0A591F01
1253353298.4865708,1253353305.583007,363AF115D7
1253353579.7431638,1253353588.162109,FC5C81863B
1253353594.743654,1253353606.958984,A2A2AB2A11
1253356376.254886,1253356383.589843,B57095A04A
1253356423.659665,1253356431.868652,F950B5235E
1253349222.0039089,1253349229.027343,35C566CEAA
1253349281.770509,1253349291.372802,0143B0DBF7
1253349460.469724,1253349468.116211,0EBBA50276
1253351009.595699,1253351019.110351,57909B0BFB
1253365854.162108,1253365862.337158,3A9611BF3A
1253366241.979985,1253366250.888672,D8F590DFEC
1253330942.425783,1253330951.125,BA47926351
1253349689.7773452,1253349697.527343,756B9745B3
1253349714.113285,1253349721.980468,F368800D70
1253349818.023437,1253349827.605468,2C07CAF933
1253358925.438475,1253358933.357177,8095788E0D
1253359189.165036,1253359198.64917,B2D6B66DF9
1253359210.539067,1253359218.969726,A64288521F
1253359254.086917,1253359262.456543,0CDF3F9D27
1253349532.605472,1253349545.234375,8E22D536D3
1253349612.84277,1253349620.422851,E31BFAD612
1253329694.569337,1253329702.028442,3BC99B7C51
1253361111.554691,1253361118.761718,4FA8AD9538
1253361127.595949,1253361134.988281,59FAC4C775
1253353704.65625,1253353713.557617,4B08AA730C
1253366357.96875,1253366368.300781,EBD4E89AA0
1253366423.9082038,1253366433.82666,C849247837
1253366472.112674,1253366479.310547,3693868FDF
1253304359.5537078,1253304368.548584,A17293621D
1253309003.769535,1253309012.015625,AB314BA124
1253309213.919925,1253309221.107422,49516E5080
1253359549.7187529,1253359560.046386,A622092BE8
1253359609.36865,1253359616.764648,81F22FE5AC
1253319354.672848,1253319361.74707,C0B7A2057C
1253319410.829103,1253319418.110351,D55922A38A
1253348857.527347,1253348868.193847,6F57CE0AC3
1253348966.81397,1253348974.383789,4213ACD838
1253349022.65991,1253349030.724609,1990E06A14
1253349039.43555,1253349048.487304,9F141B86A4
1253349107.976564,1253349116.088867,BD116735FE
1253328872.154791,1253328879.488281,4764D297D2
1253329018.044431,1253329025.072509,7544677BBF
1253329343.233394,1253329356.808471,695DCE6C62
1253312658.379148,1253312666.253906,D845551A76
1253312848.670292,1253312857.574707,ABBFEB01DF
1253312857.664797,1253312865.238281,CB517A856B
1253345098.1071749,1253345106.628906,661CCB067C
1253345213.950198,1253345226.021484,B6EFD93A16
1253345273.445317,1253345282.237793,7F126340F2
1253345324.9707,1253345332.433105,45EEB13447
1253394325.853516,1253394333.241699,D71B018AB0
1253394757.930177,1253394765.591797,D6A2A932D4
1253394949.445317,1253394958.466552,901A3E115A
1253395241.487301,1253395251.409179,F5133C18BE
1253395609.4326222,1253395618.047851,C11EC2D253
1253395694.703609,1253395702.632812,3CC70F255C
1253395720.048832,1253395727.402343,F8174BB078
1253396392.787845,1253396400.885986,4338FA6722
1253396480.666992,1253396489.55957,1BFFA0748A
1253396969.18848,1253396977.774414,EC671F84D0
1253397100.756593,1253397108.626953,A9EB9C445D
1253397120.364262,1253397128.183593,73319FFAF4
1253397256.536862,1253397265.548339,ACA6F97852
1253397941.7451138,1253397950.517089,015DBD6E42
1253398128.322266,1253398136.436035,58EA33FA50
1253398722.29004,1253398731.178466,9527D73B31
1253399853.199219,1253399860.535156,1F77765FCF
1253399950.57812,1253399963.250976,D2FCE81F39
1253400739.156741,1253400748.577636,A44E7553FE
1253401318.3601031,1253401326.325439,64FC09D707
1253402276.6875,1253402289.229492,A2B294A116
1253402535.885739,1253402543.720703,5FA22ECE30
1253402713.5541952,1253402720.841797,3A6E0C21A1
1253402743.416012,1253402750.782226,41AAB8B590
1253403571.06006,1253403578.476562,17B269FE50
1253403578.477542,1253403585.708007,16CE6F3977
1253403725.0029328,1253403732.242309,125344F09C
1253403792.5410202,1253403799.852539,271D3B3134
1253403947.2602549,1253403954.354492,A7F87E2A7A
1253405197.850584,1253405205.568847,2A7183D032
1253405205.569337,1253405215.65625,FFBE6B0227
1253406871.55127,1253406879.580322,6CBFF68522
1253407534.449215,1253407544.780395,0B5ECCD7DB
1253407802.243168,1253407811.160156,9E364DE475
1253408137.326417,1253408145.024902,30918B93F6
1253408336.953125,1253408346.036132,584958AC79
1253408568.2890658,1253408576.77539,A8A8A0A08C
1253409825.534176,1253409833.101562,589A9EA252
1253409984.962887,1253409992.402588,D4FEACD25E
1253410115.14984,1253410122.726562,B393E8BBC8
1253410151.980955,1253410159.956543,20CFEFED82
1253410297.677731,1253410308.374023,99BBE7DA19
1253411451.966793,1253411459.175781,291C4D54B4
1253411629.1162138,1253411636.926757,69B3D23571
1253411922.616208,1253411931.519043,BAF30EFC6A
1253412389.806645,1253412397.836914,3B682836DA
1253412434.7499971,1253412444.000488,E35DEA8EF0
1253412460.217773,1253412467.433593,E3DA78E5BE
1253413960.623047,1253413967.807617,C10DD774D5
1253414434.3730478,1253414443.15332,9CE8DE6250
1253414890.630864,1253414898.329834,7A41495A76
1253415097.170902,1253415107.519531,2515754BE3
1253415208.444332,1253415215.628906,AC790468A3
1253415339.817386,1253415349.625,0BCF227160
1253415376.2377958,1253415384.932617,6E913ECE14
1253415508.19043,1253415515.542968,901CEB617D
1253415682.7390149,1253415691.616699,42D53ABAEF
1253415837.992313,1253415847.279297,D5337D594D
1253415977.287106,1253415988.831054,206EFB5662
1253416450.5,1253416457.61914,19CA955917
1253416757.095706,1253416764.25,AB2BE02BA2
1253417188.776857,1253417197.961425,EE68890B6E
1253418021.630619,1253418029.610839,625EDC4F88
1253418687.457028,1253418694.542968,53D720AD79
1253418698.816407,1253418706.328125,9E50C05D3F
1253418964.023436,1253418972.319091,79802145A2
1253420540.783696,1253420548.175781,5FDA84FD66
1253420635.8974628,1253420643.810547,EA7F6D8710
1253420886.347654,1253420900.496093,F704E36D89
1253420973.524417,1253420981.082031,24686C4C96
1253421457.073244,1253421464.25,8AA720033A
1253421827.789067,1253421836.322265,1B93E3DC7D
1253422616.260739,1253422624.206054,68BB325A4D
1253422753.691406,1253422762.469482,17BB0551F6
1253424339.099611,1253424347.277343,10F7680760
1253424499.977299,1253424509.476562,6321ABFC02
1253424956.1523468,1253424966.980468,23D8E013BC
1253425152.709476,1253425162.04663,35B92E4425
1253426544.00781,1253426551.461181,A024009310
1253426786.856448,1253426795.524658,26149CE37C
1253427041.366211,1253427049.072998,18BF1F6385
1253427281.9804718,1253427289.795898,B464029ACE
1253427792.995607,1253427803.71289,21CE939363
1253427949.367184,1253427957.735839,D11F0C623E
1253428060.043942,1253428067.330078,91824538A6
1253428248.920894,1253428258.111328,3EF90DF06D
1253428279.341794,1253428288.15625,0AACEF1E18
1253428291.451662,1253428301.333984,45B5CD189D
1253428394.294918,1253428401.982422,A2A34B68E8
1253428439.2429788,1253428450.548339,39AA6AEF23
1253428593.9335968,1253428603.38446,87AA80A6EA
1253428675.485348,1253428687.407226,760BAE6A83
1253429386.011722,1253429394.693359,C969F90264
1253429404.0,1253429413.342895,A2CCC9FE42
1253429488.724612,1253429496.302002,8D42F67B1B
1253429767.017578,1253429778.677734,FFB5D2C6B5
1253430029.0385768,1253430036.202636,96CEEE9703
1253430713.50781,1253430722.519531,68A94D9CC5
1253430765.335933,1253430776.053222,604007D406
1253431165.520505,1253431173.234008,FFF7139AB9
1253431788.5168412,1253431796.366211,C86876BF29
1253431942.863283,1253431951.553711,3516D42C77
1253432307.821534,1253432317.537109,BE85929397
1253432360.26562,1253432367.461425,E420140717
1253432411.541016,1253432420.171386,D06F669E02
1253432655.6787062,1253432662.949218,72560A1FC3
1253432989.08008,1253432996.183593,57C0E729BE
1253433094.500001,1253433103.629882,7695B41077
1253433132.0898468,1253433140.474609,03BCD847E7
1253433232.385252,1253433241.975586,E6C5F7D629
1253433312.726566,1253433320.479492,E398461584
1253433569.289059,1253433580.600586,D6626435B5
1253434032.555663,1253434042.335937,F608D4C0C5
1253434046.0,1253434053.078613,1BB2957EC7
1253434232.1210918,1253434240.395874,EF45885213
1253434291.132809,1253434300.195068,6EBA2CBD75
1253435294.766605,1253435303.098632,5F652E8D15
1253436173.093748,1253436180.586914,1B5C4E0A78
1253436452.294918,1253436460.254394,EFB3E8CBC5
1253436873.461917,1253436882.408203,C73449DD70
1253437025.5585968,1253437033.46875,27D428DD21
1253437361.89453,1253437370.24707,05467FA6B3
1253437664.580078,1253437673.721679,B0B0ECDFD8
1253437941.273434,1253437949.892089,1244802FEA
1253438210.418943,1253438217.770507,89812C922B
1253438300.160153,1253438307.432617,31512E3300
1253438339.227535,1253438346.84375,898CAC1057
1253438693.5,1253438704.264282,C06188F6A3
1253438788.552731,1253438799.266601,D7F9F8DCD7
1253439113.7148468,1253439125.932739,DBD3A994C9
1253439230.222653,1253439237.479736,EA08067E32
1253439344.0368612,1253439351.515625,CC844C9589
1253439369.734372,1253439377.423828,CFDBD0BBA0
1253439503.76465,1253439510.850586,B0808AF3BC
1253439685.611578,1253439693.079834,6842352B4C
1253439802.453128,1253439813.973632,FA4499145E
1253439819.1163309,1253439827.951416,EDD8FE31C7
1253440108.4169948,1253440116.745117,D64448748B
1253440536.241212,1253440543.297851,A363CB98A2
1253440692.916929,1253440700.428711,2AFF3CE38F
1253440871.3232448,1253440879.301757,292A193135
1253440982.5888698,1253440991.538086,DE5A876D1A
1253441060.739259,1253441068.524414,0AA690ED5B
1253441073.5476031,1253441081.548828,E9918E09E1
1253441145.87598,1253441155.448242,1DB62850DF
1253441563.993654,1253441576.469726,53B99A0C44
1253441691.616701,1253441700.931152,03A3243340
1253441962.1787138,1253441969.490234,BB2F9D1AAB
1253442180.9687471,1253442189.429687,ACCFEEA63C
1253442364.98096,1253442373.558105,4B8A0A6638
1253442778.1440458,1253442790.252319,6D4B27BFC5
1253442994.578126,1253443003.433593,FAB1C9740D
1253443545.585935,1253443552.912109,3D26780F6C
1253443609.7109408,1253443616.972656,0570A3EBA6
1253443735.813478,1253443743.509765,A9D406A709
1253444101.308597,1253444108.634765,4B554E51BA
1253444518.452152,1253444526.229004,3ABD807C2F
1253444791.412111,1253444800.213867,D26D96D9FF
1253444814.309087,1253444824.805664,11F57A3E7A
1253444858.750001,1253444869.006836,7776377479
1253444979.9135718,1253444987.207031,EA12A64056
1253445047.159179,1253445054.348144,D48F24B61C
1253445108.045894,1253445115.249023,980D8A1F37
1253445164.9146712,1253445172.068359,8BC3A8F5A2
1253445225.386719,1253445233.015625,5DCFE59FA6
1253445715.2138648,1253445723.565429,2693880142
1253446196.625,1253446208.216797,2B7A6F3890
1253446312.242795,1253446320.164062,83BA81335E
1253446395.9255378,1253446404.421875,5732CD080F
1253446538.710451,1253446546.518554,51CA72C10D
1253446792.204347,1253446799.249023,562E057BF2
1253446852.867917,1253446861.313476,1E9D585BB8
1253446980.8837888,1253446992.882812,249653F05B
1253447241.814456,1253447250.349609,6D0D239F5D
1253447464.861328,1253447472.509277,BBA8861832
1253447598.828122,1253447612.577392,84EB9DE2D7
1253447655.919435,1253447665.250976,839648BED2
1253447826.035156,1253447833.810547,99DEE05188
1253448153.4082072,1253448160.482422,85C9449DDC
1253448427.188478,1253448434.39038,7484B7D34B
1253448600.28125,1253448608.29248,F5081D06FB
1253448899.783687,1253448908.100586,1F716FF18C
1253448991.802734,1253449000.126953,DC37FD9A2A
1253449184.790036,1253449192.836914,85D4315712
1253449357.333984,1253449365.169433,55F88B1217
1253449520.545895,1253449528.332031,56A0A7646B
1253449635.934575,1253449647.875,69593A65BB
1253450273.831051,1253450283.5625,79A79E8EC0
1253450324.57812,1253450331.770996,59F7CA8AC2
1253450405.25,1253450413.061523,AF9A4DC447
1253450462.113284,1253450469.467041,31077AACD2
1253344586.688478,1253344596.913086,1C8D77558C
1253344677.951782,1253344686.8125,28BD6471D3
1253344698.480472,1253344710.082031,B74075D620
1253357531.281741,1253357541.324707,16CEEBF753
1253357805.839844,1253357813.870361,9EE6C7FEFD
1253357912.160646,1253357923.566406,F6F72A349C
1253312273.619143,1253312281.392578,93EA815B9D
1253303632.8564448,1253303639.971435,4BA76970C9
1253303855.28223,1253303862.918945,5BA9930212
1253303885.1201198,1253303894.219726,D39D6BAEAD
1253313907.379396,1253313915.595092,DA170F7658
1253314024.730954,1253314034.261718,D034E132C2
1253356196.28223,1253356204.105468,F916559A0A
1253356325.884769,1253356335.436523,A1802437F8
1253305210.318481,1253305217.635742,CE672DCBF3
1253305534.673345,1253305542.198242,4194C50B63
1253303938.089598,1253303945.202636,E7E0C4140B
1253366835.457033,1253366845.345703,729C653291
1253364587.269532,1253364595.21875,99ED130B85
1253364661.867185,1253364669.488281,3B55C88543
1253364797.949219,1253364805.028808,EB7AC09986
1253320078.548824,1253320088.822265,E3CE9C2157
1253320321.3037071,1253320329.109863,6110D1AFB7
1253320390.085941,1253320397.990234,4D471959BA
1253320592.834348,1253320600.892578,7255BAD865
1253312981.628903,1253312991.098632,7AB721129E
1253311947.359618,1253311954.360351,F9BA37E761
1253312164.328125,1253312174.926025,1731E7AEBC
1253312214.71973,1253312222.091797,07E3CA3DE7
1253302768.84766,1253302777.866943,9B093AF96F
1253302825.365237,1253302835.34851,DF60039953
1253308121.8466828,1253308131.029174,B0F7D995A5
1253309742.9847388,1253309750.636718,8A1F99A73E
1253324105.4643588,1253324114.47229,F432386684
1253367710.333011,1253367719.976562,65BF4B93BB
1253309926.8395982,1253309934.640625,50878E7B5E
1253307647.664068,1253307654.679687,4B2B3A21C5
1253308032.48535,1253308040.96289,12125D7C67
1253322177.459348,1253322185.287109,3693DBC904
1253322204.036138,1253322216.457031,C11D09B446
1253322294.173825,1253322303.746582,AF0BB20BC0
1253322303.747072,1253322312.586914,870DA2AD8A
1253322344.3388631,1253322353.240234,A78E9AA756
1253322477.895997,1253322486.568359,48EA418D1E
1253351569.856442,1253351578.364257,AC9836673B
1253351828.134769,1253351836.83789,04C9FC2DEA
1253351844.25098,1253351855.422119,A9BBF4EC8C
1253321308.373537,1253321316.446289,D5C9C3CE95
1253321323.0937471,1253321331.687072,DC0B3F70D7
1253330094.94922,1253330102.373047,5E3853ECC4
1253330245.268552,1253330252.297851,DA72951BE7
1253360142.1542928,1253360149.676513,65BCDACD9B
1253360413.419923,1253360421.601562,380E22B751
1253360454.663206,1253360464.263183,36C2317E45
1253347458.878908,1253347471.597656,6DF441EE64
1253305748.5532238,1253305758.234375,921522A83F
1253355249.760739,1253355256.983154,16C13CC1B9
1253315971.0644538,1253315979.607422,09092226CA
1253319909.219235,1253319919.635742,EF26CB58B6
1253346596.121094,1253346603.607422,C70110D96B
1253346603.6113322,1253346615.657959,6DFF160CD6
1253346616.856444,1253346624.976562,066D07912B
1253346624.977052,1253346632.126953,0B706E06D3
1253346670.6874971,1253346678.445312,A0C81DF698
1253346834.960934,1253346842.320312,8808C6FBBE
1253346961.759159,1253346971.791992,E55DB15D8A
1253347027.96875,1253347035.380859,F822B37AD6
1253347213.60938,1253347221.34198,D86FA31861
1253308508.418948,1253308515.597656,5304F02E5F
1253308526.240484,1253308533.666992,352FC61293
1253310265.038082,1253310272.433593,762C915E2F
1253310471.699948,1253310479.234375,164AA26243
1253310523.5039022,1253310531.234375,34FBCAFC66
1253304541.641606,1253304552.32666,7D51857490
1253350315.528927,1253350324.286132,1B2AE26DB0
1253350351.596437,1253350360.910156,AB972B13B3
1253350432.7946732,1253350442.765625,1725ADE04F
1253350631.660153,1253350639.206543,2E265FD3E2
1253350651.23535,1253350659.333252,E6FAB077D8
1253350664.3437471,1253350676.811523,95B4873050
1253350804.0751948,1253350811.191162,315E6BCF26
1253328713.35303,1253328721.936523,F2DDFD0EEF
1253355499.695309,1253355508.529297,67C30140B0
1253355642.3940408,1253355653.28125,13DF525A3B
1253351946.140628,1253351955.039062,575F89E9DE
1253351969.5858128,1253351978.348632,701DED61E6
1253351979.727544,1253351990.416259,32D55B8E17
1253352128.403323,1253352136.035766,E4EC0D043C
1253352170.195562,1253352178.481445,F1ECE49A28
1253306639.474734,1253306648.144043,980F0DB219
1253301543.4335968,1253301550.860351,BDD89A4C28
1253352341.153812,1253352352.784179,3BA0983D1D
1253352365.261719,1253352373.536132,B54592ECE7
1253302086.189699,1253302097.763672,53937F996D
1253327723.797855,1253327730.816406,4C50F06924
1253327896.568356,1253327903.676269,7F79364E91
1253349940.088867,1253349950.603027,ADE6B2F0F8
1253349989.0688498,1253349997.641601,624B4CE5E8
1253310684.5605462,1253310691.728637,4E12967C47
1253310830.841802,1253310839.035644,E42703B814
1253360614.502934,1253360623.74414,BCAEC15242
1253360624.1938431,1253360633.265625,923FA99234
1253324489.794925,1253324496.813476,8D601497B2
1253324559.248044,1253324567.311889,D451DF0500
1253324684.740231,1253324693.711914,AB93171885
1253315573.064452,1253315581.012695,471649E158
1253346401.324216,1253346412.645507,2560655BC7
1253346461.917969,1253346470.234375,7B9F037941
1253346506.182863,1253346515.576172,383EAB2AF2
1253363396.75,1253363404.782226,607ADA6A90
1253347800.9313922,1253347808.466797,EEED89D0C2
1253347950.0332038,1253347957.265625,B3C740E334
1253306844.29273,1253306852.152343,14FCDE70E3
1253306911.719728,1253306920.427734,EAF81B55C2
1253307059.5,1253307067.535156,E2957F82DB
1253356561.60156,1253356569.719726,A704B205BC
1253356679.712522,1253356687.89978,525D00D55B
1253313699.238768,1253313706.417968,AFE3D4FEE3
1253313760.320316,1253313767.50122,230BC9D433
1253319191.195312,1253319198.461914,38853EEA93
1253319273.336914,1253319284.916504,BD0611EBC1
1253354021.01172,1253354029.375,A8D0AC71FB
1253354065.169679,1253354075.464843,7A8EFFF141
1253320914.0351548,1253320922.429687,B04CA42166
1253316303.1513722,1253316311.006836,9DBAB82725
1253316395.978513,1253316405.478271,EF673D51D4
1253316442.25,1253316450.659546,CE63B848B9
1253355095.513668,1253355105.367187,17C2C5E22D
1253357363.7465851,1253357372.61438,36F0CB3618
1253470023.690426,1253470030.702148,0703DF5698
1253470110.5742218,1253470117.703125,8D833AB9E4
1253476613.4633758,1253476620.672851,2BB3E15E40
1253476622.610348,1253476629.725586,8CC356CDD1
1253476632.455562,1253476639.784668,1F72A5C955
1253476641.686528,1253476649.143066,3293F25A24
1253476699.6875012,1253476707.09375,4B1296F54E
1253468917.3466828,1253468925.582031,0D998AEBDC
1253473715.820311,1253473723.451172,971E386CC5
1253475181.78516,1253475189.560547,068923F1D1
1253475256.124995,1253475266.840088,02D17FB609
1253474306.82812,1253474314.492675,8F59612CFF
1253476138.011719,1253476145.295898,60BCD7C13E
1253463093.338864,1253463101.989257,389855816D
1253464066.3437471,1253464076.668945,8BBA85E126
1253464176.855958,1253464184.531616,B745223282
1253464854.457034,1253464862.450195,DB832CBECD
1253465006.099427,1253465015.839355,160C294363
1253465416.0,1253465423.859375,A94D6DEA80
1253465471.034669,1253465478.53479,30C5E3B818
1253465509.71777,1253465517.277343,0B19686F1C
1253465603.584962,1253465610.949218,420E8ADBDD
1253465620.972782,1253465628.09375,C1B219DE82
1253465667.4890091,1253465676.058105,C3A698D260
1253465885.098636,1253465895.857422,AC4BDE2731
1253470581.264648,1253470590.666992,E0DB0088FF
1253451465.169918,1253451472.927734,1619892B69
1253452255.799801,1253452265.285644,5A32DED056
1253452476.918946,1253452484.138183,91879B7BB2
1253453170.8657272,1253453180.351745,E1A4E5A742
1253453714.351567,1253453722.75122,8D54905A7F
1253453805.645505,1253453812.801757,8559D57451
1253453950.971921,1253453958.130066,7368F6D470
1253454922.864261,1253454931.057373,ED9C11978B
1253455088.046872,1253455095.515625,08BF36EB93
1253455247.7460918,1253455255.726562,A97D2C6A93
1253455377.840822,1253455385.492187,8AF0C6C7EC
1253455485.039066,1253455492.555175,F2087A0576
1253455853.523439,1253455861.084961,F4AD829752
1253455972.726564,1253455980.672851,6023598670
1253456107.564817,1253456117.708252,CD3DAD1D4A
1253456613.341556,1253456620.416015,ED4FCD0428
1253456696.1053438,1253456703.954162,9DA8AF899A
1253457025.464848,1253457033.726562,8C3FE3467F
1253457415.383786,1253457422.535156,0C71D4FC62
1253457949.87988,1253457956.980224,5FE94C1D60
1253458193.832151,1253458201.295898,C9E1C1F970
1253458412.528806,1253458420.092041,C2A99558FE
1253458971.5581088,1253458978.696411,926C68092D
1253459098.517581,1253459107.371582,21F1F8FF82
1253459141.1491652,1253459150.066406,A706F83378
1253459542.9912138,1253459556.382812,C6715FC251
1253459748.237794,1253459755.619629,36C8C40231
1253460052.5859408,1253460061.095703,6114BFC13E
1253460128.734375,1253460137.695312,53D5E9B365
1253460281.88367,1253460292.989502,0E57715C9C
1253460488.0002449,1253460495.772461,8317F0E61A
1253460523.748043,1253460531.597656,3000CEC13A
1253460562.853517,1253460573.210937,5FB4151F60
1253461778.831544,1253461790.772461,DFBB593A4C
1253462285.1796858,1253462293.605468,4C8CB7F45E
1253462354.3779309,1253462361.581054,F03DA86AB0
1253462417.6875029,1253462428.341797,05815BD67E
1253462903.793948,1253462911.912109,BAEDC052AC
1253469693.368658,1253469702.116455,5756980E74
1253467863.0346632,1253467874.225586,41F1BA5678
1253467879.309567,1253467887.650879,35556D7AA6
1253467891.2182648,1253467899.296386,90FF864D0A
1253467681.490235,1253467689.19458,F913595553
1253467755.0328338,1253467762.6875,E3D9DCE21E
1253467785.266598,1253467792.803711,B15AEE8666
1253470155.0,1253470167.117187,A45795F9F5
1253470230.663082,1253470240.200195,E64190418F
1253470240.229495,1253470248.480468,2B3A839B07
1253470391.3310518,1253470399.267578,F39D69A754
1253470430.418462,1253470441.141601,201074B891
1253470486.880862,1253470494.011352,7304C40601
1253468175.571286,1253468183.882812,55E1BA15CE
1253468409.5820282,1253468420.460205,3DD97778F7
1253468545.866212,1253468553.24707,7914EE5DC8
1253466916.780763,1253466924.167968,0C250C1A20
1253467063.93311,1253467074.170898,17C41B5EB7
1253467219.252926,1253467227.951172,66A8BDF2E3
1253471178.1274438,1253471187.887207,63BB200A54
1253474938.223629,1253474945.481445,CCF3963491
1253466010.0625,1253466017.147949,BE8208CE65
1253466207.584958,1253466216.013672,716CB5F686
1253466690.4326189,1253466697.755859,0F5AA36E6F
1253475889.195313,1253475896.291992,BA66958B06
1253587180.197271,1253587188.640625,BF1EDBE4EE
1253511933.350582,1253511942.260742,0C8F8D24C5
1253511966.295413,1253511974.112304,3F5031F731
1253512061.3081088,1253512069.375,178C520926
1253567826.57324,1253567834.190673,33E3D95FD1
1253567853.798342,1253567861.276367,99E0D58629
1253596532.923831,1253596540.965332,29F88256BF
1253562854.09424,1253562863.820312,F9AB0BBA98
1253583624.962042,1253583632.220214,1CD4D0A60F
1253583705.227542,1253583713.986328,E64278D846
1253507808.88281,1253507820.505615,2CC0406D10
1253591696.552731,1253591704.515625,D54A4A9E09
1253591757.074222,1253591765.219726,82AAAEE6EE
1253591783.857912,1253591796.171875,1BC3C2A69C
1253522214.425778,1253522230.378906,9C46876757
1253522236.416989,1253522243.618652,FA5FFBABD2
1253522333.3071258,1253522348.100586,584F416BBE
1253554084.341798,1253554093.723632,E6051F65E3
1253554328.455081,1253554338.152343,74419623E5
1253554366.930667,1253554375.11914,15750291E5
1253595109.93848,1253595118.350097,10A897EC14
1253547587.615718,1253547598.469238,71B6BF4AE1
1253584421.438108,1253584428.764648,F4D7BE087C
1253584535.248537,1253584543.265625,04AD99F374
1253584608.988284,1253584616.007324,B358F68F74
1253584676.084722,1253584684.18164,A020A5DEE5
1253584815.5650609,1253584822.71289,20530FDE89
1253584868.536136,1253584875.976562,C15454EF4F
1253584906.039552,1253584918.412109,589B9ECEEB
1253553350.3320282,1253553357.647216,FC60C3B937
1253553707.914059,1253553715.428222,225B210C90
1253580239.0,1253580249.081054,46B5790FF4
1253582287.519528,1253582297.834961,D77A385FD4
1253582310.852292,1253582318.252441,26E66F653F
1253582381.411622,1253582388.841797,3D64FFD033
1253582388.8457072,1253582398.154297,F928BBD7F8
1253572016.444708,1253572023.710937,184C2BE714
1253572063.201168,1253572070.815429,C38108D011
1253572229.851565,1253572239.603515,F4BAD809D2
1253564152.258792,1253564160.24707,B253D58E2F
1253536138.238285,1253536146.164062,09B9E5E223
1253520547.456296,1253520554.5,58D8AD088D
1253520711.6835968,1253520721.158691,83BFD73BF4
1253520729.657224,1253520738.520507,D2012F36C4
1253566630.206054,1253566640.046386,0BC236DB68
1253548150.2812471,1253548157.513672,1A83D47EA5
1253514909.0,1253514917.162597,47064F6E6C
1253515102.9265149,1253515110.246093,FA81F30844
1253515302.157469,1253515311.849121,BBA4CF2AAC
1253525757.164182,1253525766.301269,60FD651651
1253525975.355953,1253525985.843261,D54B072836
1253526045.093753,1253526058.172363,439346F3D3
1253526096.8461928,1253526106.895507,AF77F72325
1253562279.587887,1253562287.201172,8E5D2AF2B6
1253562324.879395,1253562332.921875,BBE14CBF53
1253535830.046876,1253535840.630371,0BDE670DC3
1253535916.347658,1253535925.356933,0689774799
1253572426.81836,1253572434.54663,62B02A2EE2
1253536255.322266,1253536262.333007,EC7A322DAA
1253536617.904417,1253536626.285644,F29320E252
1253502740.802737,1253502747.912109,416AE494A3
1253502879.937926,1253502887.976562,7112AE4570
1253502928.3636432,1253502935.445312,5DE925ECD4
1253503060.750001,1253503067.819336,318B76A1F6
1253516069.113283,1253516079.242187,9B81AEDECE
1253516245.9814491,1253516253.069824,013001E4F0
1253516327.199222,1253516335.371093,DBE2AF68E2
1253516335.542965,1253516343.672851,327A30C774
1253516353.163326,1253516360.61145,AC03524A0F
1253517942.02734,1253517951.106933,9DCB197054
1253517992.628903,1253517999.636718,28917DA3D1
1253551945.09375,1253551952.390869,7FA7AA6BFC
1253552212.138675,1253552221.1875,2277EE50E0
1253507506.517091,1253507516.114746,1415FE42E7
1253569810.12891,1253569817.193359,3CAE608C91
1253569869.363278,1253569878.125,B3296EE9AE
1253570127.238278,1253570134.688598,036233627C
1253570231.520508,1253570241.957031,ECDA4F6ACC
1253517405.680667,1253517415.853515,78C755F337
1253544596.039066,1253544603.5,13F20E72E8
1253583092.8991709,1253583101.349609,A8642BD44C
1253583230.636716,1253583239.597656,68F3C9097C
1253554881.292112,1253554890.38916,39FCF6CF8F
1253554892.6562471,1253554900.397461,27D90F02BE
1253542534.899904,1253542542.833984,E637294A83
1253542626.947757,1253542634.046875,D62C4860CC
1253511450.547849,1253511458.494629,086FE3F334
1253511577.627934,1253511587.922363,2B4011BA51
1253511591.653136,1253511598.871093,66507497FC
1253511638.5024428,1253511647.739257,0E9CBBB97E
1253585665.295894,1253585673.520507,1E423A0078
1253585710.080075,1253585717.945312,329974BE24
1253544296.3271492,1253544303.958496,4B561777C5
1253581855.507574,1253581863.855468,DBE9204A45
1253581917.038821,1253581924.246582,4744DEA1B0
1253524801.840823,1253524809.333984,45265F453C
1253524900.8789089,1253524910.432617,634B2680E5
1253524931.778325,1253524945.149902,9847569018
1253525213.691163,1253525224.854492,AE72B501D5
1253525274.040282,1253525282.3125,A33F8F6403
1253520877.4951198,1253520885.864257,F25A8D697D
1253520977.010616,1253520984.312011,A9D5F400DA
1253521118.718263,1253521126.140625,C87BFC4743
1253521160.829595,1253521168.091797,19D0567121
1253592895.472169,1253592903.940918,B437FC851A
1253592982.703372,1253592989.832031,E2F6A677EC
1253593214.7568388,1253593224.223144,1AA30FBD78
1253593386.865234,1253593395.738281,87CAEC7BD1
1253506793.681644,1253506801.815429,05BD039DEA
1253507154.90625,1253507165.186523,3EE462BAD2
1253507202.381837,1253507209.424804,B8E5D31A32
1253507225.0285618,1253507232.765625,93D4561CE3
1253507270.4765658,1253507279.412109,B9D5D8D4CF
1253591978.31934,1253591986.000976,5B48388C0F
1253592099.696774,1253592109.15039,3897925E9A
1253592198.661134,1253592206.810547,0F0F3A7444
1253592288.10864,1253592297.980957,6F74C4F8CC
1253513115.780277,1253513125.1875,9A6E16896E
1253513180.1977549,1253513187.466308,4DDA471CAE
1253513248.907352,1253513256.683593,B0BD36D216
1253524738.65918,1253524747.054687,D29511B6F7
1253531415.818359,1253531422.909179,99EA2A1992
1253531551.319211,1253531559.549377,9EE39D3AAC
1253531722.829105,1253531730.248535,31B626BBCB
1253531870.617192,1253531880.623657,839703730B
1253514189.273434,1253514199.798339,832EF831D8
1253514214.005497,1253514221.648071,90F703A725
1253514234.262698,1253514241.505859,B210EB58C7
1253535236.201666,1253535247.397216,3867EDB8F1
1253540729.162112,1253540737.174804,5B93B02CA9
1253540791.71875,1253540800.658203,5B18EF9609
1253582748.625,1253582759.506347,790972A445
1253582975.1543,1253582982.450195,20C6EADC4B
1253550324.5166,1253550333.083984,AB9153EB2F
1253564885.672855,1253564892.96875,05F4EB4E66
1253595444.984375,1253595457.736206,C10EFD4BAB
1253577553.234378,1253577567.017578,A25FF25220
1253577890.375608,1253577897.861084,1E3E3E4043
1253577990.757812,1253577999.956787,5AD7E73D16
1253578033.269778,1253578042.290039,EBA0584E5D
1253578087.0029309,1253578094.228271,045C7FE680
1253519348.167242,1253519356.862182,EAA763EEA8
1253519369.462404,1253519376.860351,4A0F968B8F
1253519392.191163,1253519399.515625,C57303217E
1253519436.5195322,1253519443.686035,EAF3F253EC
1253519455.611325,1253519463.067871,3A3AB41624
1253519751.485843,1253519758.642089,AD55A8EDF5
1253519783.934567,1253519791.417968,B24BBBD818
1253519803.252691,1253519812.05664,153D1460F6
1253519848.2875931,1253519855.546875,080D33449B
1253587784.641598,1253587794.129882,1787AA45EF
1253587834.009762,1253587841.640625,E1438575CD
1253588020.118161,1253588029.581054,5581ECE68A
1253588298.9882782,1253588306.897827,368FEB92A0
1253588497.754514,1253588506.374023,27D4EA9F7A
1253588546.3520532,1253588554.059082,26E9DB75FB
1253589339.355474,1253589347.485351,DDDEAF05D1
1253589504.788082,1253589512.441162,2E2C882A06
1253589659.548831,1253589668.480468,66AD17D26A
1253589670.324708,1253589678.071289,3C3CC087E3
1253589726.0175788,1253589738.227539,EE253E3A7F
1253549293.4648468,1253549300.956054,332AF4E7C0
1253529807.929688,1253529816.569336,BFE3B2C1AE
1253583873.210204,1253583880.96875,E4B268E093
1253583922.538456,1253583929.839843,C259EC50FD
1253583958.92187,1253583966.219726,EF8AF47247
1253546649.958988,1253546659.084472,0CC4841255
1253546827.1875,1253546837.439941,E6A47F007B
1253599864.8740249,1253599872.794922,780AFCA99A
1253593632.567869,1253593641.757812,A469F4908F
1253593660.5,1253593669.061035,81E9E7DA96
1253541220.310543,1253541227.441406,223B9D7379
1253508026.507809,1253508035.217773,420E098F5C
1253508064.4647188,1253508073.021972,D61E5693AA
1253508149.676761,1253508157.725586,FBF6DC4821
1253597813.361087,1253597820.710937,6E1C9EE55C
1253524208.810794,1253524215.851562,592790C6F2
1253524328.7741709,1253524337.762207,5A805465E2
1253580599.8188488,1253580607.359375,188174149E
1253580632.5151322,1253580640.070312,A760386D40
1253580728.023441,1253580735.030273,50AF113015
1253580781.48437,1253580788.568359,21152D186A
1253545809.4755888,1253545816.734375,AA5B3892F9
1253503712.225223,1253503720.069946,D4947AE8A1
1253503722.263668,1253503730.447265,9D576B1ECE
1253503780.930667,1253503787.968261,4D685A0158
1253503857.661129,1253503866.603942,DD901BD3E7
1253598170.4921908,1253598180.483398,674835EDA9
1253598283.228025,1253598291.243164,E74A28EDA8
1253598314.015622,1253598324.49414,EE9284120A
1253598324.49609,1253598332.877929,AC2422D6CF
1253598357.707521,1253598366.307617,40F73780FD
1253598454.7890658,1253598462.919922,B47777A002
1253593433.819331,1253593441.632812,D14FB87AC0
1253565103.936527,1253565113.031005,C00A906D53
1253539396.234378,1253539405.511718,EFD3963591
1253539690.83392,1253539697.960937,E3584F956D
1253528146.345702,1253528153.543457,013675E788
1253528199.4414089,1253528207.041504,26F42E7432
1253528287.278814,1253528294.883789,E7934490D7
1253532661.0676222,1253532668.772461,F45D263876
1253532698.458981,1253532709.001953,B1D977CF66
1253533016.686161,1253533025.296875,4908684B1C
1253562128.374999,1253562139.214843,4F95A66195
1253587583.7812471,1253587592.90625,C956166523
1253528920.523434,1253528932.182617,B16039B116
1253528966.093745,1253528974.691406,97D3910CF4
1253529222.167973,1253529229.802734,4C6ED88864
1253529318.918942,1253529326.351806,4D7B29AED5
1253578895.1249971,1253578905.915527,BBD86D758B
1253578944.375001,1253578953.540039,DEB2AE6223
1253579021.766606,1253579029.196289,A839108E7B
1253579148.43652,1253579160.087707,518A0CE18B
1253523077.900391,1253523085.944824,E0FB3A8DD5
1253523138.716798,1253523148.999023,81BB1A93AE
1253523402.007812,1253523409.40039,2E7D7023C2
1253523427.99316,1253523436.536132,CBD198C258
1253523489.8823228,1253523498.459228,FDC8C132D1
1253523513.4477549,1253523522.070556,4C3E4A3AF4
1253523527.5657911,1253523535.848632,C60FC9A4CA
1253586569.8735402,1253586577.081543,69187F1FEA
1253586702.5263631,1253586710.519531,F7D24B2DB9
1253504899.70605,1253504906.872558,D6791761C4
1253504938.335941,1253504945.902343,83E2FC7CDF
1253518171.857422,1253518179.462646,DA13E91429
1253518280.604494,1253518287.791015,9FD861A177
1253518335.167965,1253518344.114257,882FE0D310
1253518421.4799762,1253518428.828613,EAFF3F789B
1253518490.647461,1253518501.895507,FB1F576FAD
1253518636.1249971,1253518643.432739,8DEA79B993
1253536838.4867,1253536846.747314,AABC3DE867
1253536955.960935,1253536963.25,4D116EC3A1
1253537127.775387,1253537135.194336,2758B6A120
1253537173.468752,1253537182.116699,36927AAFB9
1253542106.925294,1253542114.485351,5E26501192
1253542201.191406,1253542208.970947,85CA4F39BD
1253542305.356442,1253542312.934326,43A3AC2A8D
1253538323.9711928,1253538345.359375,7B8BE771BA
1253538360.353512,1253538367.779297,8DC8A2C661
1253579622.464109,1253579630.561523,8E51631EDE
1253519253.886777,1253519261.729492,EC44FAEF71
1253512213.267093,1253512220.44873,F3CE4A1207
1253538916.519044,1253538925.05664,BC162E36C9
1253561646.507816,1253561653.579101,88243483DA
1253590985.333984,1253590996.889648,3E15694849
1253591056.029906,1253591063.257751,8439C6EDDB
1253539207.863285,1253539218.614502,5197C799FB
1253594788.11719,1253594795.761718,E1B74B83A4
1253576382.325198,1253576389.574218,1A545EBB0B
1253576632.797857,1253576640.46875,7E1BEA5BF6
1253576813.862432,1253576821.861328,482AF2CB0C
1253576855.76562,1253576863.630615,2D6D91E26E
1253512531.609379,1253512538.951172,83C5E9ACC0
1253512578.65625,1253512586.592773,265B771A95
1253512670.129392,1253512677.375,172FF63424
1253512923.99463,1253512931.345703,E96AD5250B
1253512974.193361,1253512982.627929,1F10E261C0
1253596144.376216,1253596151.677246,73AAF645B1
1253596151.677736,1253596160.38269,AA0F23D0FE
1253596161.21289,1253596169.517089,7F5743ED30
1253592601.11963,1253592610.394653,160A559A6F
1253506079.379886,1253506087.595703,03EB53A8A0
1253506088.8076198,1253506096.125,DA61BEB603
1253506104.7607448,1253506116.176757,2F0298CC2E
1253506149.195309,1253506159.177734,8ACAE6133F
1253506179.693362,1253506188.6604,139EA93099
1253513659.10352,1253513667.0354,1522F9E05B
1253513830.4082072,1253513839.195312,6081CA99C8
1253514011.74609,1253514019.996093,C464E62087
1253514021.379886,1253514033.943359,233032FB0E
1253514101.114255,1253514111.543945,3567CE8492
1253514162.183107,1253514170.351562,DE765C0B48
1253577030.523441,1253577037.899414,B8BC1E5548
1253577060.169918,1253577068.118347,ADF7935B83
1253577256.089845,1253577263.728759,8BE9FF294B
1253577383.0976532,1253577390.123047,647DF2044D
1253577423.364254,1253577440.210937,F96C2C0A2E
1253577473.707028,1253577482.648437,0D7677FF87
1253569421.570066,1253569428.957519,EA2126C20B
1253506459.961361,1253506468.77539,9F3658BF92
1253506490.144528,1253506498.434082,5A66C51325
1253506669.9687471,1253506680.298217,AB60044A56
1253575519.187495,1253575526.325683,988B6DC56B
1253551224.548826,1253551231.633789,632A9906B4
1253551270.45313,1253551280.478515,AB8C069C81
1253551465.047855,1253551474.354004,5CC2277BEB
1253569331.7595172,1253569340.5,FC741D8D67
1253598669.820313,1253598679.132324,97184DB527
1253599026.832027,1253599033.842285,A948B716F2
1253596711.245122,1253596720.380859,B9B9FAD56C
1253596773.397458,1253596780.876953,25FB56517C
1253596966.5742152,1253596976.099609,40AFD2C56C
1253597078.075686,1253597085.657226,37A692A87A
1253597141.426027,1253597152.347656,27BF8C8C1A
1253521245.2272902,1253521254.5,47B3074CB0
1253521290.4296908,1253521302.685547,85E19683E8
1253521304.34375,1253521311.749267,8F529E264F
1253521467.411136,1253521474.470947,2094CB4D2E
1253521474.471677,1253521485.574218,8041469697
1253521544.827152,1253521554.367187,58664732B2
1253521587.369137,1253521595.445312,23339F68ED
1253569038.437495,1253569045.476562,8DC23D0E70
1253565715.0,1253565725.621582,7A9AC93CEF
1253565906.542973,1253565913.84082,4707AF5736
1253566038.548831,1253566046.269531,42554A58FC
1253525310.5,1253525320.412109,37D6B4E1C2
1253525328.307124,1253525335.713867,C86ED4A64C
1253570658.5,1253570666.356445,58253594CC
1253570819.447269,1253570826.660156,F7D73629D2
1253570912.951175,1253570925.411865,C7CFA3D8BA
1253570976.607419,1253570985.793945,D3A7020678
1253533360.408206,1253533368.954834,5EFE085B59
1253533620.81421,1253533628.99414,FCE122EFB7
1253524385.992677,1253524393.251464,8B25590D77
1253524504.081051,1253524515.269531,5A58D3536B
1253524528.792965,1253524540.519531,E9599BAC7C
1253585045.1474638,1253585057.385742,E4AAA96D51
1253585057.561522,1253585065.247192,99F160F4A8
1253585272.298276,1253585282.480468,1D73DC73F0
1253585445.642459,1253585454.420898,4780A7E9EE
1253585521.999027,1253585531.759033,A7BA843545
1253575686.271487,1253575694.964843,8936C4B8ED
1253575940.880376,1253575947.981445,ED1A4421D9
1253528001.298824,1253528020.802734,7343F00224
1253508410.412723,1253508421.524414,0BD51AF96A
1253508535.751956,1253508543.238525,F12AD5BE6E
1253508614.792965,1253508622.315429,A2E4CD21FD
1253578162.7651398,1253578172.71875,A22EF83206
1253578201.047852,1253578213.389404,52EB3CAD43
1253510132.838621,1253510141.008789,F092D95A37
1253510218.41016,1253510226.872558,0B01B7C3FA
1253515448.53027,1253515457.7406,F7DD512DC1
1253593993.087278,1253594002.228515,BB8DC40FCE
1253519018.036134,1253519030.15039,AD480CC622
1253509708.663082,1253509716.203613,B373652E0E
1253509727.74835,1253509739.513672,2DC9C1AF1A
1253509800.543951,1253509811.381836,DD705CC712
1253509990.374027,1253509997.688476,F70EABEF7F
1253510003.0302691,1253510010.866211,0E5950E77C
1253567194.8298929,1253567202.298828,6A17B21AFD
1253526311.328122,1253526319.420898,C762158242
1253504323.354244,1253504332.519043,81AE9E9E25
1253504460.0,1253504467.526367,B4A7424922
1253504504.357418,1253504512.68164,42976476BB
1253504536.755864,1253504544.480468,2AC1253EA1
1253530473.757081,1253530481.265625,739A623264
1253530481.266605,1253530491.276367,1F1BD74851
1253530507.535157,1253530515.417968,B650134BBD
1253530583.130862,1253530590.553711,76E9526736
1253530862.522951,1253530872.063232,45B649AF80
1253576035.516603,1253576042.540527,5CF5F7A270
1253531217.472169,1253531225.332031,9A46802932
1253543487.078122,1253543494.304687,B0F899FCD5
1253572692.832034,1253572701.452514,1E90BAFE52
1253572718.121583,1253572731.727539,734E8D1D43
1253527710.056644,1253527718.360351,5A8C8CA7F6
1253588842.802733,1253588852.166015,0C09098FC1
1253588900.37891,1253588908.298828,14D0F6F698
1253588962.216797,1253588969.370605,B8B8200595
1253589146.196285,1253589155.225586,8653A04971
1253543756.1874971,1253543763.52539,B78FE35F18
1253543948.828125,1253543957.429199,F0914FE75C
1253560581.416989,1253560591.128906,0B63ABBA93
1253534472.592044,1253534480.146484,F2DEF4698B
1253581400.416019,1253581408.146484,A0A44504B1
1253581507.39062,1253581517.938964,B2C8225E54
1253581577.7297962,1253581585.703979,EAC4A45556
1253503309.9345698,1253503317.460937,8E09C30319
1253503372.595459,1253503380.380859,3734B9CB0D
1253503467.316411,1253503475.058105,376D12AE64
1253503649.2959,1253503656.680542,640AA79C5C
1253510504.634771,1253510515.257812,58F85BB427
1253510519.972408,1253510528.374023,2E45BFC0E8
1253510554.653326,1253510564.710937,0D899FDB03
1253510583.956051,1253510591.518554,FA4108194C
1253510604.246456,1253510613.679687,5887CA4A1E
1253553018.710142,1253553026.820068,BAE905B38A
1253516481.224607,1253516488.736816,A13E8F6774
1253516525.8679152,1253516534.292968,C0F14AAAC7
1253516702.771481,1253516710.423828,2F4DFC429A
1253521742.019528,1253521753.020996,8F46E062A3
1253521758.397947,1253521766.726562,0A0CAEB315
1253544992.889645,1253545004.940429,C0C8D67B74
1253505015.528323,1253505024.459961,F52FBCA932
1253505071.5249,1253505078.939453,2AFF336B2A
1253505117.243654,1253505125.971191,C15FABF4D9
1253505135.775392,1253505149.772461,E23C85560E
1253505266.869386,1253505274.372558,662A67A270
1253505393.425778,1253505403.220703,EEE62FC66A
1253505438.6284208,1253505446.518554,7E37B0DC79
1253539928.880862,1253539936.191406,C3678C8480
1253526655.3515658,1253526665.46289,82A9151929
1253526752.6105912,1253526760.438476,E392AE51A8
1253526860.715823,1253526873.820312,65E06B120C
1253526944.387698,1253526953.124755,213095B6E5
1253525497.073486,1253525504.630859,0F4BFE712C
1253508845.911863,1253508855.125976,F02FCE522E
1253508908.414059,1253508921.869629,6A81DFF8AA
1253508980.225523,1253508991.942871,F8444B3133
1253509037.295409,1253509049.84375,2C80D13D24
1253514376.333983,1253514386.613281,00B2818DB6
1253511139.704102,1253511149.285278,7E0328E6A6
1253503160.9013689,1253503168.325195,2330C17BED
1253585773.411622,1253585781.144531,5C8188B513
1253585818.579591,1253585825.802734,62EFAFF62C
1253586001.964847,1253586012.958007,99F0D6373C
1253590545.170902,1253590552.200561,C84FE6AD0B
1253531966.003903,1253531973.569275,3AB35A2CAB
1253532048.370114,1253532055.483398,6BC3196EE7
1253532080.0216022,1253532090.105957,B1D0D445AC
1253529704.090826,1253529718.349609,C6F8635F23
1253529775.439937,1253529784.697265,FEDEBD0416
1253599260.0,1253599269.570922,839ACB1A3D
1253599339.191652,1253599347.316406,FE80E8991F
1253599408.0576189,1253599417.141601,37516D254E
1253515547.109376,1253515555.375,DF183AFA04
1253515712.658933,1253515719.777343,AE4772DAE7
1253515740.5068388,1253515747.613769,114747AEC3
1253515793.49609,1253515800.739257,79A127B82B
1253522648.287106,1253522657.3125,BF7B297ABB
1253522702.916012,1253522711.924316,A99BDC8114
1253522716.307617,1253522728.958984,DAE6C4186D
1253521812.505859,1253521819.547851,26F5E680FE
1253522051.8144538,1253522059.769043,510D203E98
1253571236.666012,1253571243.893554,B8FCBFBDCD
1253571258.040036,1253571265.84375,D029156C28
1253517049.686527,1253517056.795898,037D2CD62C
1253527202.347782,1253527210.37207,30A213BC6C
1253527245.88428,1253527254.914062,7F97BAE0D4
1253527311.300784,1253527320.132812,2E6DEF7DEF
1253564390.177738,1253564399.528564,878418EE1F
1253576135.1284132,1253576143.144531,60C159299D
1253532378.539064,1253532387.661132,78E6772624
1253532455.287112,1253532464.345703,91C8D51046
1253505850.3823202,1253505861.069336,7B64B38DB8
1253505861.071286,1253505869.649414,262C1AC5A9
1253505895.7797902,1253505903.4375,153844B041
1253540560.920902,1253540569.439453,640CA529BC
1253520052.19922,1253520059.753906,F7C4DC54B2
1253520186.774416,1253520195.90686,3587D5A378
1253520284.68652,1253520293.214355,0E17F8C85E
1253567598.0394258,1253567606.139648,7D849451D9
1253590046.793948,1253590057.700927,DDAA4E30E3
1253590113.8418,1253590120.980468,57EAD977D2
1253590163.3876948,1253590172.739257,871A05991F
1253590311.864259,1253590318.966797,328D13E988
1253590349.6562471,1253590357.246826,0B135338E7
1253568111.837894,1253568118.904297,C5C65177D4
1253568121.014647,1253568130.312988,DF55622CFB
1253547233.267575,1253547240.863281,739D95EF40
1253548316.197268,1253548327.276367,B6A80A0875
1253548678.582281,1253548686.451904,DD8D353BF1
1253516822.712887,1253516832.236328,73B83EF27C
1253522424.792479,1253522432.917968,39FD989E70
1253522465.3032238,1253522474.822265,64867A4DFD
1253522488.494144,1253522498.798828,67E3C97777
1253537555.5556688,1253537562.674682,6E612AFCF3
1253537985.6875,1253537992.75,940C8657CD
1253591515.583988,1253591523.725586,42492A9633
1253547454.257816,1253547462.114257,7F3903D262
1253590493.87109,1253590501.414062,6D9B193CB4
1253590502.5918,1253590510.15747,F5AE47CEA7
1253513273.511592,1253513280.531738,E47521BD31
1253513449.450198,1253513458.633789,DF1F20C923
1253513462.696783,1253513475.328125,6A37D02DEE
1253513485.338865,1253513499.303955,80DE7B8B86
1253580901.035155,1253580909.530273,A6690C72C8
1253580939.699708,1253580949.792114,3AC63D7628
1253581022.145511,1253581029.24707,3FA949C35C
1253581301.9404328,1253581311.178711,946EC6BF7F
1253578243.125,1253578250.856689,4FC4B27617
1253578292.121213,1253578301.363769,E6595D4D78
1253578314.548824,1253578324.965698,FFE015ACBB
1253578512.2824662,1253578520.131836,8E42FC1328
1253578585.575198,1253578593.411132,87C9BD91CA
1253578652.4999971,1253578660.84375,18564F69FC
1253594517.457035,1253594525.327636,5AA10D61EB
1253535561.483402,1253535571.21582,1D6025732E
1253584141.544923,1253584150.370117,C8C155658F
1253509126.3532689,1253509139.053711,96179F2CF8
1253509150.7890658,1253509158.237304,3E94A8E4C6
1253595706.038331,1253595713.853515,7ACFB75C13
1253595929.540042,1253595938.86914,39236FA296
1253596036.844728,1253596046.932617,A558CD7324
1253545634.554687,1253545643.03125,D070693866
1253518815.429684,1253518824.006713,CE956AF474
1253523810.87109,1253523823.505371,B5970D1B5E
1253568277.177737,1253568285.188964,3879585440
1253568420.897947,1253568429.21875,E41907DC77
1253568488.195317,1253568495.964843,0A8A610798
1253506271.8131092,1253506282.046203,3AE72D9826
1253506316.575197,1253506332.130371,7F0C0A15FE
1253506411.2890658,1253506418.999023,49054CC51B
1253528379.4062529,1253528386.754882,C6A6A99508
1253528527.529417,1253528537.189453,07AC3595BE
1253517706.513675,1253517714.8208,0AD22FAE27
1253624092.677734,1253624103.027343,6C6223D63C
1253670247.1494138,1253670254.821289,8175550E09
1253606558.22046,1253606566.015625,137CBD6742
1253606578.547121,1253606587.152343,C423072D08
1253622321.3181112,1253622330.632324,E7D11E9350
1253690857.6445289,1253690864.855957,9D0D4B2DE7
1253691031.5117218,1253691039.577148,F5812D3D31
1253697557.1982448,1253697565.766601,12B925CE88
1253697748.856444,1253697756.179687,711D179607
1253697768.33984,1253697777.152343,08669BDEA2
1253697849.621097,1253697857.835937,63F0E9D052
1253697905.872068,1253697913.331298,3B70EF4557
1253697948.9062529,1253697958.51123,4324486CB5
1253698003.463136,1253698017.828125,21FCDCD2EA
1253607312.57275,1253607320.574096,100B1500C6
1253607349.9863288,1253607359.233642,AACA05D59C
1253607429.425778,1253607436.631836,DA6DC03567
1253607622.216795,1253607635.625976,5A795302FD
1253605373.0607882,1253605381.105896,F57C30E74C
1253605406.953128,1253605413.967773,E48EEA7BCD
1253625251.218755,1253625261.082031,3F1FFEAFD1
1253625400.923831,1253625409.88562,A7D2F550AE
1253650311.0317411,1253650318.535156,29E733D338
1253650459.679692,1253650468.849609,206207C4A9
1253650470.623043,1253650478.703125,1D066D94CE
1253650485.472409,1253650493.121093,26D3E945F3
1253600430.87402,1253600442.253906,7103C43049
1253637315.1816428,1253637323.598632,FB0C10DADA
1253637709.67334,1253637718.423828,9F2339837A
1253691486.12695,1253691493.729004,35EFF007FF
1253691580.465333,1253691588.263183,675C309AA5
1253691717.460934,1253691726.986328,FC0175D455
1253691810.2207072,1253691818.152099,E51EA5DF6E
1253629880.501951,1253629888.289306,DBD9DB698B
1253630075.687502,1253630083.072387,03C970DDDD
1253630108.295412,1253630116.4375,40CEA066A8
1253615296.539059,1253615303.771728,EC45F5D527
1253685309.694581,1253685322.423828,A1EAF0F7F6
1253618972.258304,1253618982.342773,2AFF2F46B4
1253693771.451666,1253693781.442382,7D62C458D7
1253666026.291012,1253666033.97998,4FBDD32E92
1253666043.9738789,1253666052.99707,5468AA75FC
1253666141.432132,1253666149.349609,887E11BC5D
1253666180.040892,1253666187.272949,914A32E391
1253689927.975829,1253689935.061523,F03277CC03
1253696914.410153,1253696921.713867,91FB2C5E59
1253697091.832035,1253697100.791015,37ABD2CC95
1253697288.530519,1253697295.61914,FA832530D3
1253697390.048831,1253697397.433593,072BEEF305
1253697504.572262,1253697517.115234,061BC6E411
1253676948.3662138,1253676956.053711,B7521C2C85
1253677129.82129,1253677136.911865,6FA428EEED
1253677315.224614,1253677325.161132,B840B17A95
1253601352.4834,1253601362.125,A4529A5C5F
1253601746.2634249,1253601760.490478,5B24A77AC4
1253613963.91895,1253613972.423828,23F42D6488
1253614077.403322,1253614086.397705,4E800F6B9E
1253614387.7675729,1253614395.138672,5B0D4AE30D
1253634373.593755,1253634381.279297,4E30753912
1253610687.23584,1253610697.905273,0D5DF0CA00
1253610713.103516,1253610721.842773,8C5252DAD2
1253610912.616702,1253610924.980957,C9E2B6F011
1253610958.307614,1253610966.773925,F9F27EDB0D
1253611014.859376,1253611022.394531,B6C80A7939
1253645827.880128,1253645837.398437,9CB49721F5
1253678411.927488,1253678423.060852,763D759AEC
1253678444.062503,1253678452.010742,CF140174D0
1253678470.2001948,1253678478.615234,2EA4BEA108
1253678486.124027,1253678495.332031,39F510A7B1
1253678589.3837888,1253678597.75,ED679638E5
1253677499.1445282,1253677506.174316,2A00B64375
1253677573.4794948,1253677580.558593,3CC8819978
1253683256.054685,1253683265.296386,4899758B69
1253683319.732418,1253683327.478515,7BB6A793E4
1253683404.429688,1253683414.637085,0A2CC4C437
1253683492.6992218,1253683503.046875,A9F31AACBB
1253683689.687501,1253683697.930175,314205E8A8
1253686239.373052,1253686248.65625,9C0AC7DDF3
1253673328.234378,1253673339.417968,01C3BB4133
1253673550.485357,1253673557.832031,10D4295F5C
1253684328.650393,1253684338.1875,A8A58606A6
1253684361.86462,1253684371.46875,7F25C9446B
1253684464.77588,1253684471.820312,5D046FD7A5
1253684491.583372,1253684500.036132,DC2845A47E
1253684544.453128,1253684553.657226,99B395675A
1253684571.644777,1253684580.852661,C8E0AEB244
1253649303.0,1253649310.587646,23BF246BB9
1253649346.1090071,1253649353.208007,46CBF9E254
1253684613.03418,1253684621.52832,3CB80A402B
1253692846.927737,1253692859.121093,60A5DB32B1
1253693058.8266652,1253693068.268554,5537B8824A
1253626425.4648468,1253626433.362304,8BFDA433BA
1253683131.5039089,1253683141.0,9BDDE071F4
1253659751.426756,1253659758.501464,9024874061
1253659798.0273411,1253659806.464843,1B72DE67F9
1253659813.199222,1253659821.255859,3472E459DD
1253659878.072271,1253659885.096923,006F22018B
1253660050.805667,1253660060.271972,E897D325D7
1253660137.7099638,1253660145.13208,CFDEF9C7C8
1253660302.730466,1253660314.241211,112EC515AF
1253660506.648192,1253660514.557373,7F8FBC4050
1253641309.818356,1253641319.598632,1D1A4E1382
1253631002.2617218,1253631012.168945,8018E1EB2F
1253631023.507076,1253631032.045288,50D0FD75A8
1253631147.883792,1253631156.453125,28F8018D1C
1253633917.045897,1253633924.123047,BC0F3AD31E
1253634105.791016,1253634113.535156,0D5587B5A6
1253672281.0214891,1253672293.995605,21CB549735
1253623246.444829,1253623253.516357,669146528C
1253623283.505856,1253623292.932617,87776A2BD2
1253623300.210201,1253623307.410156,C6871F6A83
1253693209.800657,1253693217.599609,03A04AD47B
1253693222.6664991,1253693230.591797,3C034F747F
1253693253.342777,1253693260.826294,E446AB893B
1253687510.128903,1253687517.947265,77118FA1EA
1253638546.28418,1253638554.432617,AB833446CB
1253638558.705816,1253638567.185547,0B3F8ADB45
1253655108.866703,1253655117.206787,1243ED6195
1253655123.5102491,1253655130.709472,ECD8274CB8
1253655227.888917,1253655236.570312,D9D8318BA0
1253655286.6874971,1253655296.09082,58B3959FA2
1253655376.931149,1253655385.240722,A8F21C0A3E
1253655385.240972,1253655392.5,834F34BBEC
1253602163.072266,1253602170.560547,5C0B643972
1253602170.5624971,1253602178.011963,3FCE504D1E
1253602366.8418,1253602381.431884,2CE05F0ED9
1253654797.264645,1253654806.735351,0746D35E91
1253633354.510744,1253633363.4375,96B0A6B640
1253633398.78125,1253633407.829101,4631FC0240
1253608333.5,1253608342.044922,48B0957829
1253662545.4492218,1253662552.974121,9A1F4C0B2A
1253662710.478519,1253662722.46875,8DE59F0C21
1253662784.84473,1253662792.591797,301DA7DBF8
1253662797.3636448,1253662807.844726,F2D846349F
1253662902.104982,1253662909.470703,4052DAECD6
1253662942.288082,1253662952.998535,054247EA8B
1253692551.294925,1253692559.582031,25562DD245
1253676681.621578,1253676689.361328,1B46C595D1
1253619798.7763698,1253619806.195312,F7293D2EA3
1253619926.7187529,1253619936.546875,387D98691D
1253619941.201175,1253619950.057617,4C01A79AE0
1253620028.84375,1253620035.970703,2E62B7B83B
1253661388.175778,1253661395.188476,696D13004D
1253661432.741213,1253661440.958984,6A937ACD08
1253661455.477296,1253661463.591797,2AC550EF82
1253661485.4687471,1253661492.854248,D7DDD9154E
1253661713.1418428,1253661721.774902,204BCD598F
1253623190.91016,1253623198.09851,2DD9EFE92A
1253699653.90674,1253699660.915527,C8CF4B4422
1253699666.9169888,1253699674.921875,F7D00FF769
1253699813.0163531,1253699821.213867,6CC15F73FC
1253700087.338619,1253700095.517089,F88B77E198
1253666321.705074,1253666330.180175,24A174161C
1253666389.353521,1253666396.511718,FC9DAEF55A
1253666562.241215,1253666569.75,182954F8B7
1253666588.5195282,1253666595.916015,1CD4B7FFEE
1253672892.4243178,1253672899.642028,AD0FC249BF
1253682641.9990249,1253682651.32373,A265A49811
1253682807.022951,1253682814.522949,245CE3A99F
1253682910.999995,1253682918.460937,11CB13A383
1253609578.765628,1253609587.454467,A8BED76D3F
1253609630.3837888,1253609637.664062,25097A9AA4
1253609810.550784,1253609820.647461,96CE4C9729
1253609900.644533,1253609913.594726,D1E5C0AD45
1253624944.052731,1253624954.424804,388FA420F2
1253676184.6181638,1253676192.25,04AA3DC28E
1253676217.349119,1253676226.333496,693299E086
1253676251.898438,1253676259.916015,DA2C23CEBE
1253680897.984376,1253680905.753418,F20911C955
1253659417.1982448,1253659424.407226,79FEDDEBE1
1253659427.619137,1253659435.348632,D1121EE142
1253659500.7890658,1253659508.043945,374F83C473
1253656457.736324,1253656468.046386,98AF3C3903
1253656779.208494,1253656787.109375,438A2B7CCA
1253664310.562503,1253664318.501464,E29BE78C1C
1253622479.421875,1253622487.370117,FA439002A9
1253622585.283203,1253622598.079101,0BCC9CAA69
1253680434.327152,1253680443.640625,F6B66EBDC0
1253680534.678709,1253680543.412109,FBF0BEE9BB
1253680635.880736,1253680643.222656,CABDBFE505
1253680644.389645,1253680651.757812,0B34613BE4
1253619233.1491709,1253619241.846679,D801B37494
1253600546.2168,1253600556.532226,5D4A988F1D
1253600556.5324662,1253600564.284057,C2F653060C
1253600660.4587362,1253600671.02832,03AF377A8D
1253675437.127623,1253675444.553711,70C9B919A2
1253663658.59375,1253663666.77539,A4AEFB9074
1253663720.676757,1253663729.881836,1B29BEB28B
1253687054.1357448,1253687063.60205,27BCA281EB
1253695701.405035,1253695708.855468,7D11B7A745
1253695731.844726,1253695742.229004,B21A74EC00
1253695858.8251948,1253695866.83789,65F6018D24
1253652517.36963,1253652525.495117,C7EC66B86C
1253652680.214848,1253652689.819702,84ACA1168B
1253652782.145506,1253652790.839599,33DD161322
1253670591.549314,1253670599.513672,2603B55942
1253670626.671875,1253670635.46875,44FA0C6731
1253645166.511112,1253645173.772216,E75E4718A8
1253645479.704097,1253645488.25,2DECA11E9A
1253620155.0688488,1253620162.818359,D3EF392D7A
1253629141.71777,1253629148.84082,00ACE00636
1253674692.708987,1253674701.751953,4822E8C865
1253674851.5537071,1253674858.887695,A0109E6631
1253601252.90674,1253601260.75,86236B2908
1253627629.102542,1253627636.216797,F10AF6F6C9
1253627805.3769572,1253627816.585937,D6A9039216
1253634915.7089891,1253634923.709961,DAA8CA983A
1253635019.7073948,1253635027.671875,11E56E86DE
1253635243.605953,1253635251.677734,7AF65D5328
1253635344.919918,1253635353.955078,B16B31F4D5
1253604817.9337752,1253604830.579101,4BF7053E7A
1253604918.595698,1253604926.984375,3BF5266464
1253604965.59473,1253604973.736328,894DC95DDC
1253605084.626948,1253605094.048584,17E5E82E8A
1253654217.177737,1253654225.882812,8C4820606B
1253654378.095705,1253654385.77478,52A47258B2
1253678111.8662138,1253678122.93164,288F49C1C8
1253678324.471676,1253678331.70935,842BB38A55
1253679906.611325,1253679918.565429,8F0C4DA37E
1253679971.623043,1253679988.287109,AC20E30E4A
1253661882.488774,1253661890.572509,B902205637
1253661893.7841828,1253661901.579589,831A47630C
1253661937.660646,1253661946.065429,B548333696
1253662275.4091828,1253662284.681152,8B48817B5B
1253662377.934078,1253662385.41455,C64A3AA996
1253652226.898931,1253652235.817382,86F7DC5C47
1253652237.4843738,1253652245.054687,7ADB18DEB3
1253652317.340572,1253652330.972534,DBF776BBCB
1253652334.109378,1253652341.351806,40DBECD311
1253630444.929201,1253630452.774414,7C3FCC7845
1253630455.712407,1253630463.095214,1949F8FBA1
1253609029.694829,1253609036.805664,39F6748ABA
1253609084.420903,1253609095.676757,F3E2BE3DFD
1253609169.499631,1253609177.0,0675B4647F
1253609180.9296908,1253609187.993774,AE3639C8B3
1253604337.119142,1253604348.632324,58726CFB92
1253604362.480465,1253604370.334961,60DB02693F
1253604460.429689,1253604467.631836,12AEE97F16
1253609292.027345,1253609299.376953,EC17474164
1253609323.37598,1253609332.162109,5D0FF06077
1253609359.8818388,1253609368.391113,987ACBE85D
1253618025.125,1253618035.273437,BF6438A62D
1253689284.054691,1253689291.679931,CDBD5F203D
1253613263.7211938,1253613274.890625,ED226D8EBC
1253613439.089845,1253613451.052246,D5DE41EA95
1253613461.798831,1253613469.300781,73AC80E1A0
1253613516.0312471,1253613523.460937,616A98B206
1253613691.0664072,1253613698.460449,B402F09B3B
1253612490.560794,1253612499.924804,93EB3487BE
1253612508.9013698,1253612516.040527,5B806FF043
1253612560.1474638,1253612567.411132,542F3276EE
1253679574.904787,1253679582.140625,88BE79D59C
1253679605.788816,1253679613.449707,F3F0750B8B
1253679643.383909,1253679651.738281,2F266E7754
1253679712.349612,1253679721.75,21EE2A1718
1253679737.399905,1253679747.385009,E8D733F83B
1253668490.859379,1253668498.041015,E1A11F037D
1253621414.835569,1253621421.96875,B6D9062281
1253621445.009762,1253621460.457519,3741F12A40
1253682377.818362,1253682385.464843,8F4B7A63CE
1253682434.398434,1253682443.917968,1C03C50272
1253682499.7880888,1253682507.186889,C1E1EE1CD6
1253665798.418942,1253665805.736328,A62B7B9206
1253665886.81055,1253665893.996093,4DAB653E58
1253665894.000003,1253665901.197387,7521ED9001
1253696384.3054152,1253696395.553222,9326DC0E20
1253696634.289061,1253696642.570068,36C5F9F198
1253615685.795412,1253615693.178222,C7FCB6E0BB
1253615952.719727,1253615960.317382,1FA25ADA26
1253616064.53906,1253616072.324707,6AAEAB8986
1253616072.324887,1253616079.515136,18F9904F10
1253616173.690426,1253616180.984375,77475E50A2
1253668162.8935578,1253668171.080566,AD8BDAB97E
1253620224.458004,1253620235.829101,75F647A087
1253620284.874023,1253620292.011718,44F19D0187
1253620379.285648,1253620387.59082,15A618F5DC
1253620500.121097,1253620508.060302,2F7552099D
1253620635.0966828,1253620642.640625,B5D13BFC84
1253618346.410161,1253618355.580078,428F0577AF
1253618557.638183,1253618567.069824,8DEF3EB74D
1253610113.1904252,1253610120.711181,EB5C8AB179
1253610185.140628,1253610192.20166,9B2373ABFD
1253610216.9395711,1253610239.271484,4781429935
1253610443.62695,1253610450.812133,0CD9113F1A
1253610458.932126,1253610466.636718,46DE63D7FA
1253688957.14087,1253688965.185547,7EC955A7A6
1253688965.1874971,1253688972.435547,FE3C28F446
1253689200.197266,1253689213.496093,1B99BC9363
1253660610.8602269,1253660618.148437,E04AC2EB64
1253660761.225343,1253660773.818359,07850D9369
1253660802.2230198,1253660814.886718,1EBCC649F6
1253661030.9682572,1253661040.356201,36DDFF9361
1253653733.813966,1253653744.001953,EEABF20FC6
1253653753.610841,1253653761.231323,6227792003
1253653804.3938,1253653811.836181,1A8E7A8D4B
1253653950.77564,1253653959.465637,9C1BD1D342
1253653963.114742,1253653972.141601,01F957A1E9
1253679114.941403,1253679124.48291,62C6115454
1253679430.131836,1253679437.195312,6C72B02789
1253622959.005367,1253622972.728027,1D741C3ED8
1253611887.235355,1253611894.405761,D74C1BF955
1253612016.615238,1253612027.373047,AA1A779414
1253612111.6201198,1253612121.035156,AACD0CEBAB
1253612202.55859,1253612211.375366,C68EC7D6AC
1253695560.983395,1253695569.8833,F75299C061
1253611418.4414089,1253611425.505615,5DDA012415
1253611579.03125,1253611588.064392,41C174328C
1253664696.5,1253664703.891601,CE1DFE79DB
1253664787.9355469,1253664795.267334,73BE6EF41D
1253675716.67505,1253675726.643554,4FA97B0A09
1253675758.99609,1253675770.990234,2EBF8B3619
1253671927.742184,1253671935.261718,88C9073477
1253663171.430172,1253663184.28125,CCE59932A0
1253630801.730465,1253630809.886718,2B7057C0CB
1253640530.726559,1253640539.354492,F32F0EA6F1
1253608059.703122,1253608067.940918,4BCC96F696
1253681368.83838,1253681377.530761,4A11C139D8
1253681418.839357,1253681430.246093,AB7A95697C
1253681440.652346,1253681450.901977,4FF88D8AA7
1253681518.4331028,1253681526.448242,2F7ACBF842
1253681550.371095,1253681558.357422,33D2F3A9EE
1253681901.971187,1253681911.332031,98D89FA7EB
1253653002.0244172,1253653010.535644,0E2DC5F9E9
1253653104.133786,1253653111.155395,81129F3A3D
1253684174.119142,1253684183.505859,F1A6F6E475
1253639975.984375,1253639986.082031,16E0F67B88
1253640141.532228,1253640148.558593,A949283C5F
1253640390.437504,1253640398.881347,5C1406FDAA
1253606705.8955102,1253606719.05542,C223192282
1253606946.856935,1253606954.84082,F23C3BFF2D
1253607086.9169948,1253607096.435547,52E840D644
1253628181.690919,1253628192.389648,118A530171
1253626003.4335968,1253626013.567871,84A3018CCB
1253626135.0844738,1253626142.797607,BE765D2B9D
1253694567.8095698,1253694580.046386,215CDF5F04
1253694750.154293,1253694757.299804,C64FDCBCC6
1253661169.927735,1253661178.224365,F1FFCCAE36
1253620731.453122,1253620739.281738,32E6EB380A
1253620953.016607,1253620962.125976,ED38AA29AC
1253621005.125,1253621012.903808,C710F0D37F
1253621052.6804152,1253621061.0083,E2B04E6D1F
1253621155.456058,1253621162.848632,697311D5DC
1253621236.522461,1253621243.90039,E36DDD6F03
1253602507.058107,1253602514.978515,122311C7CF
1253602701.859372,1253602709.916504,F4DA9F73B8
1253602757.390622,1253602773.332031,6EA1DD6AA6
1253602876.016598,1253602884.315429,D6643870A6
1253602937.81055,1253602945.111084,41F4AAC56C
1253602968.53625,1253602976.124511,2D3F289575
1253698360.920897,1253698369.345214,B39E5EBB2E
1253698436.578122,1253698445.456054,6951076D3E
1253698586.60742,1253698594.5,439438E47F
1253674087.7951632,1253674095.877929,020B0DCEB0
1253674129.193364,1253674136.883056,68381BCF68
1253608671.693363,1253608678.802002,CF8DB4689A
1253608817.749027,1253608825.126953,CED9D9F55B
1253608843.941532,1253608851.40625,1EE8876A1B
1253608885.599612,1253608892.859375,039A07EE29
1253655872.508792,1253655880.011718,79BD32A7F8
1253655958.2268062,1253655970.745117,FC86D3D490
1253655999.743654,1253656008.262817,63FADA99B1
1253656055.400387,1253656065.5,4C71FFB83C
1253656255.161129,1253656263.301757,6729199CEF
1253656353.997804,1253656361.230468,C3B3A22741
1253636293.192379,1253636303.760254,449C72BE33
1253671439.993165,1253671448.180664,10F5085C2A
1253671484.474606,1253671492.640625,27BF513AC2
1253671543.369137,1253671552.565429,D0D27595FC
1253616369.958986,1253616380.429687,4BCEC5C8CE
1253616454.443723,1253616462.213867,E1B85F5644
1253616801.457034,1253616809.827514,C39DB7B02C
1253633144.746579,1253633152.46875,2D354A3DFF
1253641203.639162,1253641213.261718,71043905B7
1253641217.865236,1253641224.951416,7BC13E723E
1253637786.4453158,1253637793.943359,1DA9944198
1253637805.16016,1253637813.208496,970194691A
1253604552.898439,1253604560.765625,CC20121844
1253635804.950192,1253635812.212768,B1BA446F73
1253680148.253903,1253680156.03125,1609C26DC1
1253669165.5891151,1253669174.464599,2889191A9C
1253614547.5869122,1253614555.481445,D23C4734AF
1253614645.160158,1253614652.836914,3BD48B6DB4
1253614732.600587,1253614747.061523,8F7283AF29
1253614831.7807598,1253614840.522094,6E7378D3A0
1253661774.648927,1253661784.791748,40843BB3E8
1253661820.798831,1253661828.776611,94AE17FBD9
1253611267.368168,1253611274.439453,01AC0F467E
1253611289.735357,1253611300.197265,85516855A2
1253600716.676267,1253600727.402343,571BC657F4
1253601064.619137,1253601084.21289,1B2ADA8C0F
1253636604.20996,1253636611.387695,BE2B9BF9A5
1253636654.231443,1253636664.039062,7CC6054F1C
1253677779.989749,1253677787.689453,F559E248E1
1253628657.796878,1253628664.962402,73CAFAB7C1
1253666733.570309,1253666740.642883,D2D138A7D1
1253666740.6429431,1253666750.211914,46329AF5BD
1253605551.0493212,1253605558.730957,F3DF9CB8A2
1253605562.2011771,1253605573.915527,46B84A8179
1253605648.658689,1253605656.350708,C6CB73C020
1253617546.222653,1253617553.804809,E26010DD5E
1253617845.873043,1253617854.638305,DFCBB1C6BE
1253617887.927736,1253617898.533081,2F7FC51D47
1253617947.2412138,1253617956.182617,10A716CAA9
1253688355.925784,1253688362.9375,463C1E3F4E
1253688556.574708,1253688563.752197,F4A991153F
1253688575.580081,1253688584.085937,2652D8D3AE
1253688606.525387,1253688614.717773,4169F97DA1
1253688719.46484,1253688728.578125,4A16130E99
1253688728.579105,1253688735.796875,E775523F77
1253650945.978517,1253650953.361328,6652859144
1253616275.957036,1253616285.425781,E4742295DF
1253669709.2304718,1253669716.916992,1A4DF437C7
1253669972.545902,1253669980.743164,B37FB07603
1253670087.813475,1253670096.34082,D22C927D7D
1253619487.480465,1253619497.201538,9EB77F5EFD
1253688172.0624971,1253688183.605468,7F0A0E5674
1253681148.13281,1253681155.686523,DDA712E314
1253670960.889585,1253670968.359375,06C3FB260C
1253671098.71924,1253671106.448242,ED4620634B
1253671263.610353,1253671271.18457,165007F32B
1253693939.115726,1253693947.613769,E10E3E8ABB
1253693977.8525388,1253693986.284546,0C2E1B3068
1253643854.855472,1253643863.904297,F93A768745
1253698908.872678,1253698920.293945,7AB354AC15
1253698956.757813,1253698963.828857,FE24F87A99
1253698968.233888,1253698976.679687,B747BA2042
1253699000.960939,1253699008.039306,BD4437EF4D
1253699038.527344,1253699047.080078,2C93EBC171
1253699129.07812,1253699136.915527,D0D7703583
1253699160.6270711,1253699169.15625,EED3CD1609
1253699202.153814,1253699209.655273,E52FDE8BE3
1253604046.333981,1253604056.808593,252AEE82ED
1253604072.835941,1253604082.230713,D1C8347F16
1253678774.5454152,1253678783.719726,DB8EEC444E
1253678839.7988272,1253678848.338379,624B3748BA
1253603263.28711,1253603272.018554,00D8611017
1253603280.094732,1253603289.0,5E3F0E055C
1253603390.280031,1253603397.95935,98A371BCD2
1253690669.162601,1253690676.458984,31790025A0
1253659581.11816,1253659589.30664,142010BEB0
1253659602.3359408,1253659609.960937,0D08E4232E
1253659609.966797,1253659621.550781,53A4626132
1253659623.574222,1253659632.250366,D14002E92B
1253691270.7590308,1253691278.192382,94138D7171
1253691361.54712,1253691373.714843,4C231A245B
1253691392.32178,1253691401.241699,D8DE120FCD
1253690123.599124,1253690131.307373,347B8E3C6A
1253690267.250493,1253690281.922851,36E255D08D
1253690494.204103,1253690501.643554,9F198182AC
1253613010.471676,1253613018.808593,31AEDDECF0
1253613099.396,1253613107.880859,1150510893
1253613139.704098,1253613147.683593,F3F2407B1F
1253698691.03906,1253698700.507812,F5C7F8BAEB
1253698755.116456,1253698762.187255,74F0C5D2EC
1253698764.90625,1253698772.854492,1B7BAA42C7
1253698777.912112,1253698786.304687,E573141DF3
1253691935.497562,1253691947.373535,D197D19D07
1253692167.5263631,1253692178.729004,0BDB2F2883
1253692381.4834008,1253692389.598632,4AD4254489
1253686933.969723,1253686943.586547,068E6AA723
1253625797.323365,1253625809.0,FDA11C4826
1253686619.162112,1253686629.081543,1589595FB4
1253617033.3222709,1253617040.764648,3E9320F1B1
1253617254.226076,1253617265.154174,4C25873534
1253617354.338865,1253617361.354492,047A109138
1253617381.3925822,1253617388.936035,B0543176EB
1253621609.7294948,1253621617.235839,15B3E4C387
1253667138.9013698,1253667155.659179,1085B7402F
1253667215.6484342,1253667223.815429,923443EFBE
1253667261.600587,1253667269.5,6AA23D27EA
1253667372.306637,1253667379.549804,8CDCF8D2AB
1253631904.8125,1253631918.59375,5589725806
1253632083.546875,1253632093.138183,8C341A1BBF
1253632235.962404,1253632244.029297,42B7B0C10D
1253632245.316403,1253632252.414062,1B675A06CC
1253650595.443363,1253650602.476562,139EF199FD
1253672485.140622,1253672492.538574,3E91A31E19
1253672493.350586,1253672500.496093,A2D77BD1AF
1253663371.099609,1253663379.118164,9C42ED14D1
1253663414.042972,1253663424.272461,47EE25CA2D
1253663450.640625,1253663458.360839,54C7A20A4F
1253663543.03906,1253663551.066406,1047388CCA
1253663551.067386,1253663562.1875,1959CCFEC7
1253667669.686101,1253667677.191406,97237D524D
1253667822.582031,1253667831.405029,1C288C7D59
1253694974.17188,1253694982.633789,8A567CE093
1253695047.4951131,1253695055.733398,59F6B66DE1
1253695120.9262738,1253695130.492187,79500EC61A
1253695220.808597,1253695230.378906,869E43BD1E
1253696206.3105512,1253696214.841308,9E7A679062
1253696216.50391,1253696227.269531,D03144CBD3
1253696324.923828,1253696333.754882,73BBFC903C
1253696334.917968,1253696346.90039,2497CECABB
1253621768.513668,1253621776.132812,0A91833A77
1253621816.049801,1253621823.175781,A9A9DDA41C
1253622114.75,1253622122.208007,6DFA958893
1253622175.138672,1253622182.213623,5E4D548219
1253605885.432618,1253605895.0625,A1E34ED8D6
1253606039.734375,1253606047.457031,DFA1280460
1253606115.832028,1253606122.855468,4408C4ED51
1253606311.2812471,1253606319.186523,BE0E6F9DA3
1253644372.97852,1253644380.125488,D3654BD39A
1253644396.352541,1253644403.852539,F692D4791E
1253653683.927244,1253653691.183593,25AEABFC5F
1253749005.7197242,1253749014.091797,14BFB4A497
1253724086.2793,1253724094.082031,B75645FE5E
1253724130.7216828,1253724139.561523,170125B7D0
1253742478.089847,1253742485.354492,191F67F3DE
1253753956.711179,1253753964.121093,A97C888AE6
1253754037.9531288,1253754045.082519,695612953C
1253754112.6340349,1253754123.326172,6A172A6BC9
1253754347.205568,1253754356.341797,4AB97EB206
1253729347.0576198,1253729357.238281,D5601F0D22
1253729380.042972,1253729387.662109,F336E96903
1253729466.7841828,1253729474.652343,E41251812A
1253729571.760739,1253729578.824218,552298FC51
1253738009.3454568,1253738017.035644,2504D643D3
1253738079.639652,1253738089.36438,F06BD3C88E
1253721257.0,1253721264.044433,F6D3D85D55
1253721397.6484408,1253721408.040893,1E05F42508
1253721500.70899,1253721509.841797,3BA8A06DAF
1253780925.59277,1253780935.145507,B03E21A288
1253780941.601565,1253780950.583007,EA8A040DA9
1253795984.0859408,1253795994.84375,1BAEAFD2DF
1253709510.131837,1253709521.925781,B39ED4779D
1253709699.208497,1253709706.537109,C4C1C739EB
1253739077.217288,1253739087.610595,6DD4119930
1253739145.265626,1253739152.903564,0A2791A7C7
1253739766.551754,1253739773.78125,C8BC63730D
1253774980.3139,1253774998.224609,C2D08652FB
1253720736.642582,1253720747.375,1E288198C4
1253720823.748048,1253720832.038086,BC56FA4B18
1253720862.34424,1253720870.042846,E67BDB72A1
1253721009.875,1253721018.527343,47E5A6F9CD
1253721071.523442,1253721089.058105,0C91B067D8
1253741331.108639,1253741338.884765,FAB77FDA1A
1253741360.591793,1253741368.921875,E49A29DDD1
1253741511.5263698,1253741520.517578,26D65E3FFA
1253741625.500001,1253741632.890625,95EAB5D7CA
1253741823.388187,1253741838.464843,7E95721CF6
1253717318.9599638,1253717329.051757,4DF810A93C
1253732570.695316,1253732578.83667,71C0C2151D
1253732840.076297,1253732847.875976,4F0D2A4A2A
1253714043.773318,1253714053.537109,9A29A732AA
1253714186.9794922,1253714196.246093,424282A91C
1253716262.314451,1253716270.5,64FCD45012
1253716381.976682,1253716389.378906,00BBE13E9D
1253754636.3504,1253754645.771484,8BFA6AA929
1253754693.832034,1253754700.845703,6081993721
1253754733.695317,1253754745.390625,38B2DCFC58
1253767574.2490249,1253767581.421386,FB835C10B7
1253767840.670412,1253767852.90625,3C3B3DCBF7
1253768649.5,1253768659.201172,05080C3BE6
1253768702.929684,1253768710.808593,17602CCCC9
1253768710.809573,1253768720.280273,0614396C28
1253768817.61865,1253768824.766235,D3E5792A2C
1253769024.3749988,1253769034.527343,33F4C7052B
1253791559.109372,1253791567.653564,B96C847715
1253791624.15723,1253791632.353515,B2DAECC30F
1253791751.700201,1253791759.906982,7547BA2EF5
1253786882.470706,1253786889.500488,A679EDDCA2
1253793531.019534,1253793542.6333,C3C4765F01
1253793685.717287,1253793693.898925,625FB2A733
1253793783.056637,1253793791.363281,0C350E7891
1253793809.308595,1253793818.708984,FD17757236
1253785237.146971,1253785245.655761,0E21DEA08C
1253785277.500982,1253785284.813476,78EC25C54D
1253719035.01367,1253719043.734375,6FB89116E5
1253719112.859378,1253719120.174804,76B68AF1F4
1253799654.68652,1253799664.023437,D1351667F5
1253715020.8466828,1253715028.536132,C31094406E
1253715098.342283,1253715110.941406,47C6BA1BF8
1253715146.654301,1253715155.266601,179B21EA95
1253715155.394041,1253715164.162109,AC5157AFDD
1253715433.8310502,1253715442.542968,C7A8378221
1253715478.053221,1253715485.857422,C63CE91A5A
1253727560.967287,1253727569.6875,AE27749069
1253710994.472288,1253711002.234375,8EB6DC2B02
1253711212.160153,1253711219.268554,62185824F5
1253779348.8925822,1253779356.892578,D885760374
1253785911.2529328,1253785920.286132,F2C5DBDC77
1253786029.204592,1253786036.676757,21BA63774E
1253786088.4599638,1253786096.502929,2EC0EF0F51
1253786113.3193388,1253786122.71582,63592FE250
1253786439.351562,1253786447.179687,6BC48D0896
1253794887.641604,1253794897.878906,E3A23323F6
1253795041.882018,1253795049.308593,2ED0714AA3
1253795494.298341,1253795501.568359,ED55AC90D2
1253795575.6201198,1253795583.290039,CA2F965512
1253795682.72656,1253795690.232422,4525560ADE
1253795703.9198031,1253795714.106445,6832A41C4C
1253720425.330075,1253720438.248291,6F45FA358E
1253720468.247067,1253720475.367187,457E29E163
1253798701.943362,1253798712.624023,DFEF8B73D3
1253798748.718999,1253798756.413696,A555AADFB6
1253798891.005858,1253798902.298828,A08A253A89
1253799080.637698,1253799088.198242,4E1F3FFBF8
1253737854.625,1253737862.716797,299C0146A4
1253752028.254879,1253752035.794922,2B06959EC6
1253752308.671878,1253752320.354004,DF0472CA72
1253771417.5039072,1253771424.774414,A76A4AE494
1253771493.056637,1253771505.385498,8DCB5FE8A4
1253771633.215825,1253771642.733642,EE808E69D2
1253771884.47479,1253771891.866699,A994EF540D
1253771891.8676789,1253771899.033203,536BC0879F
1253771971.994142,1253771987.325195,F16CB3F940
1253772039.300413,1253772047.5,4BF8C2FE0B
1253778559.656252,1253778568.448242,3AFB1E0D6F
1253778571.939457,1253778579.634765,93D0CA9BFB
1253778736.307617,1253778743.785156,3DBA0FD185
1253750788.2138689,1253750797.389648,EB53D886CB
1253751207.002926,1253751214.570312,679A3CA261
1253733055.3049371,1253733062.333984,206EA7B573
1253723297.817876,1253723307.706054,08BBC3FA11
1253723462.822269,1253723474.218261,2D31B8E77D
1253706904.700198,1253706917.034668,56220FEF27
1253706941.9890091,1253706949.979492,1814A1459D
1253707027.78125,1253707035.5625,FE23FCC12B
1253707044.6123078,1253707051.828125,9AE64BE713
1253707246.428712,1253707255.144531,C9525D9C7A
1253707292.769774,1253707300.1875,011848639C
1253707335.382078,1253707342.768066,485511E92F
1253731164.129879,1253731171.75,589D1E8D6D
1253731246.478029,1253731254.597656,963D8BB0B1
1253731254.849614,1253731262.256347,EBC4147AE3
1253700294.9248068,1253700302.557617,9E49D668BF
1253743972.499023,1253743981.695312,D666ABFFF5
1253705875.556644,1253705883.538574,3BEB3953F5
1253706037.205075,1253706044.284668,D5B35472C8
1253774702.474612,1253774709.505371,5CC54D803B
1253770128.5402849,1253770135.565429,00D839F442
1253770155.106448,1253770164.989257,8E8DB6C403
1253770643.286622,1253770650.315796,69BF34442C
1253743774.3706012,1253743784.040039,6FA239D4CD
1253773973.664552,1253773983.833984,FAE34FE36F
1253793933.195315,1253793942.660156,677AB5C3A7
1253794283.701055,1253794290.903808,35B7D1E73A
1253773483.900394,1253773492.697265,EB001790E1
1253773641.6562529,1253773652.75,8FE45BA09A
1253700576.779298,1253700593.373779,84A0AE199E
1253700650.092777,1253700662.40625,59A42BF4AE
1253780103.2128952,1253780113.395019,30F32F0EE4
1253701372.4375,1253701381.1333,DD44BA932C
1253701420.371097,1253701428.230468,13F6C0105B
1253701566.364747,1253701574.31372,AE4D169104
1253748000.058596,1253748007.769287,A1017625D4
1253721653.229489,1253721661.964843,EE30CA6CD2
1253721725.213864,1253721734.445312,E52D766A56
1253721791.952144,1253721799.034179,29D5388C77
1253721810.641598,1253721819.155761,4D3196B091
1253721845.5919151,1253721853.486328,2D82FEB52E
1253737608.3437471,1253737616.677612,599A9453ED
1253766792.109136,1253766800.987304,DE9676B27E
1253766864.68945,1253766871.841308,BF3472FD8B
1253784537.381832,1253784544.910156,822DC3C526
1253707432.651364,1253707440.535644,FDA8362A41
1253707490.9299371,1253707498.850586,2F82199E6C
1253795302.952398,1253795310.094726,0ADB5E94D5
1253717556.6591828,1253717564.825195,31C4471201
1253717676.8374,1253717684.100586,FC39F8940D
1253717785.483402,1253717799.012695,C408F29A24
1253717815.6105912,1253717824.375,C0E89B1852
1253744433.494141,1253744441.101562,7232C6CB6C
1253758118.494146,1253758127.843261,F0A31393C7
1253758186.575201,1253758195.220703,31DB3A72C2
1253713238.218015,1253713245.464843,E85AD8A134
1253713328.15918,1253713338.130127,46C0F02AD4
1253713353.5336938,1253713363.924316,D8623C8C93
1253713424.0654328,1253713432.027343,DA695D6687
1253710129.074216,1253710136.233154,3813A3C103
1253790486.158453,1253790494.65625,85F62B947B
1253790537.73535,1253790546.19873,3FCCD61CDB
1253781821.068364,1253781832.237304,722F45E001
1253755439.778317,1253755450.520141,192F7FD564
1253709257.6787138,1253709267.485351,AB9EDFA065
1253709323.2602549,1253709330.84375,980CF6F62F
1253709343.704595,1253709351.515625,22F339DF9A
1253781643.117184,1253781650.638672,97F3129F7E
1253788993.692384,1253789000.774414,5243695D0A
1253789148.298824,1253789158.728515,22CA38CABD
1253789275.200192,1253789283.326172,C04C19B4A6
1253731873.794918,1253731880.801635,EF472A1C57
1253732106.306644,1253732113.486328,EE27A303A8
1253732114.414061,1253732121.754882,F752B88DB0
1253712863.621089,1253712871.428711,567D55C550
1253794682.93359,1253794697.111816,4F52A95DED
1253794813.978519,1253794825.65332,CCCBB980CA
1253749414.887691,1253749422.015136,84E56BB0C5
1253787747.962408,1253787759.779174,D9674FED97
1253787879.126468,1253787887.261718,6DEE9C176E
1253788073.632818,1253788091.431884,2D87A2B947
1253704588.707033,1253704596.19458,206FA4B981
1253702652.6582,1253702660.348632,6AAFA008BB
1253702672.036132,1253702681.345703,E0B5EF166B
1253704142.193356,1253704150.515625,942A2ADC0D
1253704166.3300822,1253704174.388672,3E2C819914
1253704211.036134,1253704220.851562,0E98030420
1253704367.50049,1253704374.636718,2ECBA94D31
1253776589.32715,1253776599.871643,69CFBCDBE9
1253776896.169925,1253776903.632812,D38B086589
1253777612.352542,1253777619.478759,FF808546F0
1253777678.4877958,1253777687.124023,EAD38E0DB8
1253777862.75842,1253777870.346679,7E307249E6
1253755817.990234,1253755825.065673,315C3B7142
1253756177.077149,1253756184.347656,12029C8417
1253756223.888675,1253756231.533203,D5EFC9B3F8
1253773256.792965,1253773264.504882,C9FDED6E83
1253779003.424801,1253779010.940185,2E8A99D58A
1253779012.563482,1253779023.257324,F939CBF5B9
1253779078.939449,1253779087.970703,1B5AD921F7
1253779138.709714,1253779146.913574,A5049316F9
1253783233.98047,1253783243.972656,F4A38DD683
1253783495.568362,1253783503.671875,21A23B5B29
1253783601.441405,1253783611.181884,0085F37F5E
1253711654.1425788,1253711661.699218,DD73ACDB99
1253711667.0991251,1253711674.193847,E3E9B3D353
1253711674.91016,1253711682.601562,89A96AF9F0
1253711744.411869,1253711752.689453,032CCC5EF6
1253799857.2099638,1253799864.578125,2D9E176D76
1253728491.912112,1253728500.410156,5535EDFE0F
1253728560.124753,1253728568.148437,EA4E2C21B7
1253728590.828128,1253728601.41455,3C774CD85C
1253777139.44141,1253777149.687622,2B9C4477FC
1253777186.625978,1253777194.227478,48E67F8A07
1253709032.5185578,1253709043.413208,A74B69D663
1253709148.254396,1253709157.5625,796FC7398C
1253709190.5920389,1253709197.850586,74B1523891
1253726765.119142,1253726772.876953,10CB44E6ED
1253787170.4436078,1253787178.060547,62EB04638E
1253787265.7841828,1253787273.689453,DEEE0228DA
1253787504.401611,1253787516.57666,1530A78DAC
1253797381.347656,1253797389.638672,F2FADA193C
1253797561.045895,1253797570.348632,B44E6AE3F9
1253792684.1088898,1253792692.789062,6C4CCC9989
1253792973.717535,1253792989.217468,560CCAF5EA
1253776030.911129,1253776039.11206,EEFD894603
1253776250.568362,1253776257.936523,47327A1C56
1253776336.9125972,1253776345.613891,655B9728E6
1253750159.805784,1253750168.342773,E291392B5C
1253750497.5537138,1253750505.875976,ED517F57FB
1253718115.887696,1253718124.565918,F868453F47
1253718322.945309,1253718330.818603,6C4642FCAD
1253718343.37695,1253718352.665039,5A7FE93F7C
1253718475.990236,1253718487.841797,87CB642945
1253712105.539068,1253712117.539062,73839BD910
1253712213.375,1253712220.792968,94408032ED
1253712399.320309,1253712408.805664,D7B578FABA
1253791921.9687471,1253791933.12207,8461552600
1253791952.653322,1253791960.99707,8AB0D75202
1253742750.179687,1253742758.077148,A1344C5582
1253743343.292973,1253743351.379882,C52B0EC116
1253767238.2695282,1253767245.618164,7411BDA5F1
1253767311.366207,1253767319.478515,838659DB0E
1253746169.0996149,1253746184.781128,218408A2EE
1253746273.745601,1253746285.873047,2BB374B99D
1253700844.9313922,1253700853.64038,D6980148F2
1253718612.43506,1253718622.398437,ABE01EB2CB
1253718762.153809,1253718769.15625,517FE90CC2
1253718777.257818,1253718784.937011,6BE66E8C0B
1253718813.50147,1253718820.654297,32BEAA5B31
1253722862.918947,1253722871.068847,577E6F174A
1253785671.310552,1253785678.892578,956425A1FD
1253777466.374271,1253777474.564941,F076533423
1253777541.1977491,1253777548.660644,8324C31C6F
1253777573.899902,1253777581.71875,C03A6997F8
1253719456.7832072,1253719464.939453,7BA0486EDF
1253719466.887692,1253719479.585937,9EAEE1E707
1253719516.442869,1253719523.926269,3F1653EFCD
1253719718.944332,1253719727.191894,3E9C3BF752
1253719848.600463,1253719856.74707,6F507EB770
1253769532.935552,1253769539.943359,752484615D
1253730021.048589,1253730028.25,99D7A234FA
1253730113.1523468,1253730121.360351,ED30E10BA8
1253745715.355039,1253745723.293945,9A8A9C6DA5
1253745918.148435,1253745926.46875,90A16BB0BD
1253746064.031245,1253746072.140503,5102E75974
1253703265.606448,1253703276.076416,79720FCE92
1253703346.7724638,1253703357.195312,388E208A32
1253703495.268804,1253703511.464843,D3A8877FCB
1253703529.32812,1253703536.47229,977D221D95
1253703599.514163,1253703607.477539,851D11B8C0
1253703610.824216,1253703619.898437,CF3813BF86
1253703745.480465,1253703755.003357,3AF1167676
1253717062.3181112,1253717073.355957,A29F4FAFDD
1253717187.584959,1253717195.244629,1B2BA8CE8E
1253725307.638672,1253725315.972717,3194B4F712
1253725365.9833992,1253725373.453125,52A90AE967
1253725498.489377,1253725505.9375,F9FAC19145
1253725600.151737,1253725607.524414,7921FA344C
1253725770.913082,1253725779.781128,0C39EB314A
1253725854.9941409,1253725868.618164,EEDCE6E8C5
1253725914.7412698,1253725922.640625,BA4186383B
1253725975.671876,1253725983.762695,2B855D0036
1253726092.6875,1253726103.515625,DAADDC830C
1253730726.917965,1253730734.191162,F7483F3F2E
1253731063.3940408,1253731070.990722,288709BE95
1253708123.054197,1253708132.743164,F22F5A5343
1253708174.5495589,1253708182.835937,6CF78D13DC
1253708257.023435,1253708264.876342,B8E62E98AF
1253708271.6113288,1253708280.825683,DB0DF4F2DC
1253708324.578122,1253708331.694336,0031B8D4D8
1253708545.390628,1253708552.433593,D93B7D720A
1253702905.3535128,1253702913.335937,986D257305
1253702921.875,1253702930.479492,0997957882
1253703041.833011,1253703050.029297,06B73197E2
1253769684.585942,1253769693.039795,1427A2E83D
1253769714.449224,1253769722.235473,D0D8225F5C
1253769888.865231,1253769895.873047,F46507AD30
1253769898.948239,1253769906.936035,2F6B6C7A94
1253770064.742192,1253770074.904663,CAC7FAFFE1
1253758470.41016,1253758483.065429,62A4F6304B
1253758650.52484,1253758658.837158,BF0587A2F2
1253758686.779791,1253758693.83789,2195A40112
1253758699.81641,1253758709.457275,D7FFCA0E6D
1253758749.703122,1253758762.116272,BA90ED57E5
1253780355.0703142,1253780363.068847,F58479FA6C
1253780551.159671,1253780559.452148,57C2C3E0AD
1253790110.180661,1253790118.920898,48E49D093D
1253790171.792484,1253790180.760986,45BFD4ED1F
1253790323.229489,1253790330.651611,36DB36BA3A
1253724413.249995,1253724421.380615,B2F600B8DE
1253707687.757809,1253707695.843505,B5B3F41966
1253707702.2851522,1253707712.148437,976E03908D
1253707805.121097,1253707814.133789,7A2E4B159A
1253704885.3344738,1253704892.874755,ACF17EB83B
1253705113.646968,1253705123.148681,AD13B7179E
1253705253.234378,1253705262.458984,2443BC1920
1253748073.152346,1253748080.637695,838DC81369
1253748137.663458,1253748145.367187,1B6E6626FC
1253735165.192387,1253735175.791504,97EFC8DCAE
1253735199.703127,1253735210.259399,4588C844E0
1253792089.624995,1253792100.25,77E933E0F2
1253792138.6491652,1253792146.346679,7F1427E915
1253722142.6249971,1253722151.420898,E5B651E537
1253722271.36816,1253722279.157226,11F62D7517
1253771019.026371,1253771026.404297,AD24C22FB0
1253771226.468753,1253771235.823242,355895CF77
1253748655.212894,1253748663.277343,1B0F596484
1253737018.755862,1253737028.176269,12C0D5D4E3
1253737110.7290008,1253737118.164062,407D2A8B5B
1253702196.984375,1253702204.754455,3E5CD73711
1253702497.957517,1253702506.917968,045C52D33F
1253702538.508302,1253702545.533203,E9C7D4425C
1253739795.619142,1253739803.90039,B1CD140335
1253740068.9287128,1253740078.1875,397EF0F294
1253720078.290036,1253720085.597656,4A685E0C70
1253745535.113771,1253745542.490722,0E800C80D6
1253745173.800296,1253745181.800171,3EF4F026F5
1253745191.8671908,1253745199.054687,3DB6B9C334
1253745287.654787,1253745298.792968,8AD2EB3F2E
1253745452.8794,1253745464.416992,14F014CBDD
1253791389.110355,1253791396.116211,D744B0F5A8
1253738850.779787,1253738858.162109,0AC8983D65
1253711360.072262,1253711367.20581,F8BA4020AB
1253711371.110899,1253711378.25,02FC084FA2
1253790908.59509,1253790917.41748,15032DCBEC
1253756413.1904328,1253756420.457031,9811EA8EAB
1253710242.944337,1253710251.074218,5F7DCC28B0
1253710284.089844,1253710291.90625,F09CFA52BF
1253710515.489263,1253710530.867187,A0D4E3D3D9
1253768168.914554,1253768176.0,FFADD4AB00
1253768448.241945,1253768455.79248,C3EAFE0669
1253768455.79395,1253768464.131836,74AD80DF42
1253716797.976566,1253716806.71875,2887F2D7F7
1253716929.508298,1253716937.285156,FA44480F93
1253716952.85571,1253716961.648925,05E0B4AAEF
1253784091.074215,1253784102.166992,02624D0F00
1253796391.8266652,1253796399.916015,0151335C8A
1253782524.00781,1253782533.75,0A0AADDB56
1253782621.734376,1253782628.928711,EF81DE5F6E
1253782684.430661,1253782693.755005,92AB31B45B
1253782713.1044948,1253782720.382812,839931A931
1253782968.787113,1253782975.890625,2B725EAFE3
1253799247.495603,1253799254.978027,678AE310EB
1253799358.42407,1253799369.382812,57B9FB19E6
1253799457.609066,1253799468.40039,E9E326B99E
1253728263.1826189,1253728270.335937,612D4CF414
1253728313.3818388,1253728322.03833,890E67774F
1253728373.52734,1253728381.270507,93BF02530E
1253715589.069211,1253715596.75,F5DDE2D860
1253715606.2890632,1253715613.5,1420F47461
1253715614.0,1253715622.670898,39C193AD73
1253715724.774415,1253715732.952148,EE72C379A5
1253708695.051761,1253708708.55957,054BBC40D8
1253708770.202152,1253708778.021606,092B760A6D
1253752604.658934,1253752611.856445,20FC14FD3D
1253752621.854489,1253752633.522949,1F0709B221
1253788215.9374971,1253788226.081054,009B2FD72B
1253788260.068362,1253788272.935424,1B610357C7
1253788299.103519,1253788309.022461,E83E52136A
1253788550.270509,1253788561.9281,F1BFA34F91
1253703968.054684,1253703975.120361,0D808E28AE
1253704116.04004,1253704123.060547,E1B9A23CD8
1253701745.998043,1253701757.472656,8C4562581A
1253701832.298831,1253701841.316406,481667710F
1253701848.328128,1253701855.342773,1FB9043701
1253701867.640625,1253701877.272949,EF9C2161F7
1253753028.525388,1253753036.439941,23ECE37B1A
1253753097.9643512,1253753105.757812,05E2F729C4
1253753145.383481,1253753154.762207,B1F6692F9F
1253753161.507809,1253753168.521118,4F7E985308
1253747008.013668,1253747015.509765,0911196745
1253747160.460937,1253747168.078125,E013E1E87C
1253747298.500978,1253747307.519043,D3CD4DA717
1253796600.1796908,1253796607.619384,2966457258
1253796675.566648,1253796682.934326,2D152F5D85
1253796682.934576,1253796692.877929,955EAEC85E
1253796922.605466,1253796932.857422,89552F420E
1253796971.689453,1253796980.652343,2B5B040175
1253797042.537111,1253797051.800781,86A3FD3E3B
1253728011.6460562,1253728019.667602,AD90DC6F89
1253728026.17187,1253728039.154785,21290926CE
1253740741.011235,1253740749.311035,C5923CB582
1253789349.2958992,1253789358.238281,7BE57E488A
1253789436.640138,1253789444.783203,8196317EB1
1253789531.989263,1253789540.258789,25E817B450
1253751232.2959,1253751240.492187,0B380980E2
1253751541.257812,1253751548.496093,390F485545
1253751609.8067582,1253751617.592773,77CCBC8A36
1253751660.692379,1253751669.387695,A4201531D2
1253751683.327695,1253751690.680664,7CF926A2F2
1253774429.031735,1253774436.066894,2849D05BB1
1253781940.6250029,1253781947.805664,C6760280E9
1253782169.800786,1253782178.468261,FF7A94858F
1253782192.929688,1253782204.899414,84FD36EE47
1253707535.181637,1253707543.698242,30C8930D0D
1253707562.046875,1253707570.039795,3E011EA507
1253707586.482422,1253707593.606445,E94F1F1337
1253775109.808595,1253775117.643554,08994E799F
1253775217.679691,1253775226.189453,9B00E2CAE5
1253775516.12982,1253775524.570922,13868D3CC4
1253772384.8613322,1253772392.144531,70D168B096
1253772400.5603,1253772408.214599,6F2780E6C8
1253772541.869141,1253772549.081298,8BA29E205A
1253706331.7539089,1253706342.563232,D84B96159F
1253706349.578125,1253706356.83789,18B16535FE
1253735431.6000988,1253735439.092773,8A54F073CE
1253735957.905276,1253735966.179687,89B57BAA5D
1253736051.5587142,1253736059.633789,84F5BEDC9C
1253736067.576292,1253736075.4375,7959AE2967
1253797882.16797,1253797893.904785,F079245DAB
1253757672.660153,1253757679.953125,42EC694808
1253757738.717777,1253757746.135864,C34C412D61
1253757801.0908198,1253757809.937988,81D9799C2E
1253754954.015628,1253754961.245117,8131E808A9
1253755078.240237,1253755087.955078,A23EFD27C1
1253755277.2050788,1253755289.800781,8723089F7C
1253793100.41895,1253793107.763672,2F52052420
1253793169.148441,1253793176.882812,E85666D7A1
1253793207.112797,1253793214.940796,7260712272
1253793263.0448031,1253793271.678711,FAD60EA678
1253705320.99609,1253705331.642578,4D6380D18C
1253705332.360355,1253705339.658203,D77599C461
1253705498.041019,1253705507.786132,41324453D6
1253713581.593263,1253713591.10559,250DFF9742
1253713771.7216828,1253713783.699218,9F52334628
1253713928.0625,1253713936.926757,B67E00A4C8
1253713943.832525,1253713951.582275,71FF7B44C9
1253798272.7617218,1253798280.397705,34118F53C9
1253756315.583499,1253756323.540039,50534ED88D
1253726287.146486,1253726295.254394,6B525563A6
1253726436.869628,1253726448.772766,CD69CF7B9F
1253733396.43652,1253733403.767578,A6E72FCAF3
1253733463.902829,1253733473.285156,6C509E6B6C
1253733762.737432,1253733770.680664,1D2DEE4E0D
1253798542.092777,1253798549.163086,941C8BA211
1253788744.194091,1253788752.089843,0611C12B91
1253734562.172855,1253734571.058593,00450BBE32
1253742287.703128,1253742294.786132,90F3E2FE74
1253742328.382812,1253742335.757812,1F46D77828
1253789625.460935,1253789634.66455,5E356F83D3
1253789813.4650831,1253789824.316406,978107CE9F
1253724665.243161,1253724673.045898,69EDA22C24
1253725077.328125,1253725085.589355,EC3C052C54
1253726979.6010702,1253726987.580444,EC58E6AE7E
1253727040.149417,1253727048.076172,8A8610342D
1253727071.601559,1253727078.678711,A2493503AA
1253727119.738284,1253727127.173828,60E3AEA206
1253727168.537106,1253727176.785156,A19E631876
1253727182.8447251,1253727192.530273,ADD621E0C2
1253779622.013668,1253779629.926757,ACD9BE9952
1253779643.1562471,1253779654.28955,AE91E1DE6F
1253779696.2216809,1253779705.163086,38CD769447
1253736434.483398,1253736443.396789,420C105634
1253757356.642093,1253757364.296875,BF29EA51F7
1253715875.419923,1253715882.554199,E96C7FE881
1253716102.3232431,1253716111.093017,8FE393A811
1253723592.353031,1253723600.832031,F815E160EB
1253723616.874761,1253723624.03125,FA3DCF37DB
1253723710.412109,1253723717.912841,390848077D
1253723733.5976532,1253723744.974609,C4BC246604
1253723885.899417,1253723893.65625,5F718C6098
1253743515.8116431,1253743522.964843,5889465844
1253743524.979249,1253743532.18457,FBE5147445
1253841599.913574,1253841609.09082,B2A8109B79
1253841929.271486,1253841937.802734,F816A95F2E
1253884469.453122,1253884477.651367,8B78730252
1253884925.172848,1253884937.625,EAA0989122
1253868810.462894,1253868817.504882,17E49847C4
1253868902.296872,1253868910.84497,8C2AD0E7A7
1253869072.69544,1253869080.420898,30117227CC
1253896115.884762,1253896122.912109,B4C2F5A749
1253827470.386717,1253827479.74414,904974CAF7
1253827676.650874,1253827684.019531,F4408F6064
1253805716.4668,1253805723.789062,9DC3C46A8C
1253805833.140622,1253805840.166748,621158CE2E
1253872305.3369138,1253872315.902343,E6DE0D70C3
1253872440.032232,1253872448.477661,85D8A81110
1253872695.900393,1253872705.712402,CD8759AB24
1253872944.574219,1253872954.21875,5A053552E3
1253873005.919923,1253873015.5,89C84688B3
1253889577.830816,1253889587.378906,14F1B1F554
1253889851.382812,1253889860.179687,ADBC20C327
1253889967.629879,1253889978.699218,6B1DCA03B4
1253803095.743167,1253803102.895019,EF0527D386
1253822634.373167,1253822641.705566,088D66AD7A
1253822872.585935,1253822880.068359,43189A33A3
1253823071.273435,1253823081.074707,E98140860D
1253823179.078128,1253823188.375366,C204872433
1253824604.6535602,1253824613.415039,5FDA66966D
1253824696.186527,1253824704.65039,F33F38C9E7
1253824815.208127,1253824822.308593,73E8242150
1253848134.912111,1253848144.597656,E4B404AE02
1253848210.761722,1253848221.27539,BD88023FCC
1253848387.773441,1253848394.928466,84541533A4
1253848428.5732398,1253848438.040039,A2C0B8AD2F
1253849998.757809,1253850006.128906,80D55D8D14
1253850064.8437471,1253850073.383789,46AD67FB1B
1253850318.293948,1253850326.041504,25EBF7673B
1253850434.4287071,1253850441.631836,3AC3F61C57
1253801082.872562,1253801090.970703,A6F783B5BA
1253801106.6987262,1253801115.346679,A2459FBD14
1253879422.8867218,1253879431.59082,AE439EEA76
1253879441.547853,1253879448.91748,34A34527C5
1253879742.6171908,1253879749.891601,39A4FF77AB
1253879999.9687471,1253880009.677734,8F6B0DA324
1253880164.5625029,1253880171.589843,F32496FBEB
1253805098.4653971,1253805105.480468,C77FA50621
1253805262.65283,1253805272.030273,BA37C32F6D
1253805476.037111,1253805487.942138,3813F40394
1253850900.104494,1253850907.141357,0DF731884E
1253851066.8750029,1253851074.001953,22C4126EB9
1253851303.630374,1253851311.865722,FCC56D0554
1253876685.988284,1253876696.705566,0B63AAD79A
1253806265.039062,1253806273.012695,850356B720
1253888538.724122,1253888548.072265,AD21D49DF6
1253888551.968753,1253888559.293945,68D38541DE
1253826784.105465,1253826792.988281,81336AD3D7
1253826929.35547,1253826939.367675,1CFFC5E44A
1253879236.704103,1253879245.099609,AC222A7E1F
1253886365.908203,1253886374.15625,1BD3039CFD
1253886417.353761,1253886424.677734,0981C124F9
1253822271.908449,1253822279.614257,A6EF870530
1253822519.1718762,1253822526.771484,727E367B29
1253842838.124995,1253842845.982422,E39436BA51
1253843057.575198,1253843066.508789,328128B280
1253843068.3134751,1253843076.868164,FCAE180B08
1253843303.027344,1253843315.890625,040B9F3597
1253804887.082028,1253804895.888672,2D47534EB4
1253800879.742191,1253800889.982422,6D55D922F1
1253800983.7607448,1253800992.418457,11DB4A8A1D
1253882613.676515,1253882628.46875,AF3019DB69
1253885410.460201,1253885418.755859,A68F4D4D7E
1253885457.78418,1253885466.003906,8F62E5F82D
1253842384.500005,1253842392.186401,6702DCE5D6
1253842641.454839,1253842649.464355,6BDAFF72D4
1253880221.25781,1253880230.30957,1252CE7231
1253852822.368658,1253852832.888672,24E58BA8D0
1253852835.78125,1253852843.349121,B02D36C181
1253853164.9140658,1253853176.969848,D19886A4BD
1253871508.400387,1253871516.226928,F74789FA4A
1253883893.066407,1253883900.171875,E7D9193D1F
1253884117.675785,1253884125.560547,37CE309C40
1253884177.868167,1253884186.86914,1439C46B0E
1253868313.748043,1253868324.230224,60C8C36EBB
1253807617.585941,1253807625.570312,609732A826
1253807708.917965,1253807717.560058,1D00AEE44F
1253807746.87695,1253807754.9375,B55AE16621
1253807756.222653,1253807766.179687,BC81D4DFFE
1253807808.916501,1253807816.518554,CE1C43CF2F
1253807959.730468,1253807968.745117,F0BB876021
1253808128.447023,1253808137.474609,3D2CABCF79
1253808150.343753,1253808157.757812,8F6396E9D7
1253854481.6904309,1253854490.061096,98E615D47F
1253854611.1279252,1253854620.254638,631B410734
1253877899.43115,1253877908.039184,69A3316101
1253878278.781253,1253878289.416015,48B87EFABD
1253878330.348629,1253878338.860351,FF65EFEDBB
1253821547.470097,1253821556.422851,8559043299
1253821955.860845,1253821963.508789,AD408567EE
1253845919.647336,1253845932.665039,E293EE8E20
1253845933.919437,1253845942.671875,F545EB7FBB
1253846166.578122,1253846174.613281,9AF642825E
1253869502.8566852,1253869510.46289,F838BA0C10
1253869575.348629,1253869582.50708,9002BD8367
1253877256.011412,1253877263.632934,BA1F63B3C9
1253877279.455321,1253877286.714843,34986B9440
1253877348.478516,1253877355.740112,760192D139
1253877643.812505,1253877651.189453,07A9C9BC1A
1253861841.931638,1253861849.259765,3A24F18143
1253853647.3188488,1253853656.845703,5BA62072D1
1253853711.835941,1253853727.921386,70206EBBBF
1253873175.904298,1253873186.90625,2627329BE0
1253873203.460938,1253873211.577636,82C8155088
1253873231.4526322,1253873239.777343,AC435CB119
1253852609.987307,1253852617.141601,81C3022481
1253892571.786622,1253892579.230468,DE14B0A3E5
1253892777.6249971,1253892785.006836,7AE4680302
1253830440.560548,1253830448.690918,346116DABB
1253830625.782716,1253830633.004394,300AF8B941
1253860474.747073,1253860483.082519,4F57E72BC0
1253860589.479495,1253860597.484375,30ACE48556
1253860613.951175,1253860622.607422,AF459C15C9
1253860730.859372,1253860739.609985,E085B426E5
1253860808.4653351,1253860817.329834,115E11EB3E
1253899660.62061,1253899668.02539,A7F3A3CC1B
1253899700.393804,1253899708.796142,9E2A009731
1253899782.296872,1253899790.096679,B8CF227F9E
1253899943.3823211,1253899952.467773,321CA7BB83
1253895937.1088822,1253895944.328369,BDE634FBF6
1253844567.8398468,1253844576.308105,3542B7CF25
1253844702.0446732,1253844709.70581,77C7D62B05
1253871927.019528,1253871934.715576,8D2F89B16B
1253848705.00391,1253848715.714843,C98869F93C
1253848752.921878,1253848760.96875,EA44573945
1253899310.869632,1253899323.019043,4563520D91
1253899442.820309,1253899449.983398,7691B3B3CB
1253870880.046874,1253870888.308593,5594AC1D4C
1253801931.906253,1253801939.731445,A3ED2DD1D4
1253801985.21777,1253801993.371093,8AA35347D6
1253881262.9483,1253881270.180542,16820FE044
1253881552.594478,1253881559.858886,A839037C0F
1253846918.6289072,1253846926.969238,2E5652A3A6
1253846981.085454,1253846989.182617,74A18E95A4
1253847085.821286,1253847096.253906,95BAB43ED2
1253847252.433599,1253847260.961914,7F4C96BE33
1253847356.703122,1253847365.075195,372F19C7BD
1253859223.387696,1253859230.567627,E6FE565DCA
1253859311.073242,1253859325.019531,610B25D187
1253856854.908206,1253856863.203125,E48D6ABDC1
1253856876.459598,1253856884.854004,874D738B58
1253856973.507808,1253856982.474121,7519A09E9F
1253887574.7832,1253887583.351562,B0CDA10ECD
1253887685.613284,1253887694.227539,031345D8DA
1253857095.430667,1253857102.851562,886264A80D
1253857152.199216,1253857162.732422,F01F53470E
1253857355.097653,1253857365.797851,6360E215D0
1253857367.605958,1253857374.933593,A041152E54
1253897337.517581,1253897345.867187,30B674344E
1253829375.0918,1253829383.375,E15C7D8C41
1253829400.202152,1253829408.221191,0057D6551C
1253829469.053711,1253829477.752929,CB06F04596
1253829658.705816,1253829667.321289,6D0E743D69
1253829713.0966809,1253829722.697265,50030565B3
1253806481.122804,1253806492.904785,0A2F097603
1253806631.470216,1253806644.413696,0D68FAABC9
1253826422.280271,1253826432.317871,50B5B8452D
1253853790.12109,1253853798.938476,6D7B2219D8
1253853861.471685,1253853869.760742,329BAD8857
1253853883.182614,1253853893.675781,80BB864338
1253853991.931154,1253854001.642944,00EC4D2C1E
1253854209.1210952,1253854219.619629,2ACF5E98F1
1253844105.036622,1253844113.191406,79B737424F
1253844113.829098,1253844120.946777,01FA461FAE
1253844212.239141,1253844220.509765,587907C828
1253863835.16699,1253863843.828125,9FEDB4E990
1253808441.016603,1253808451.683349,94EF4D253C
1253806937.574947,1253806944.614746,6C22E1B06A
1253873869.338378,1253873878.271484,F1176C17CC
1253867785.781245,1253867793.585937,D9C4A8C531
1253868038.9150388,1253868047.96875,EF6C032D57
1253825058.4628909,1253825065.699218,48B563E00D
1253886553.716554,1253886560.9458,43DA8C9C6F
1253862826.0706758,1253862834.585937,FECC1A320A
1253862926.6440382,1253862934.013672,33D2E840BC
1253863084.499023,1253863092.133789,129026B81D
1253849095.130856,1253849108.820312,DDBDC22894
1253849143.580075,1253849150.839843,463C6E9C9C
1253868431.068359,1253868440.255859,E9140DCBEF
1253868665.803714,1253868673.472168,67ABEC12CB
1253804533.665036,1253804542.224121,26BD03CC23
1253804691.8450289,1253804699.940429,95FC311064
1253804701.6904309,1253804709.487548,B39CBAFE87
1253801516.992187,1253801524.007812,C3B39F6AFB
1253801768.942872,1253801778.246215,69B73DBF1C
1253801786.5625,1253801793.834961,03ED225A9E
1253851911.425778,1253851919.855468,07D9A0163B
1253852005.011719,1253852013.099609,99F73F8CC7
1253854759.825198,1253854769.737793,5BB4B59295
1253854958.375977,1253854966.464111,CF5AD2881E
1253855025.666744,1253855034.440429,EC216AEFD0
1253874571.672848,1253874580.304199,65EB318D6E
1253874721.976566,1253874729.460937,7961C69C61
1253857807.100589,1253857816.246093,FC7C217950
1253873992.152345,1253874000.455566,5A9F618959
1253874346.207028,1253874355.373535,2B08C2F00F
1253882206.422848,1253882216.53125,E4DEE28287
1253882534.170896,1253882545.031982,5E9EAF8D27
1253875061.020994,1253875068.097168,538A70FA5E
1253804189.3418,1253804197.070312,998E763B21
1253804245.576175,1253804256.886718,8B71E27EEA
1253804327.119139,1253804334.560058,A57654A75F
1253844861.5532238,1253844872.045898,1DB0528679
1253844968.031252,1253844977.589111,F357583834
1253845012.075197,1253845020.501953,D46EA7CCAB
1253856558.376948,1253856565.946289,837305FF43
1253856566.069826,1253856575.193359,753B7E9DF6
1253856641.62976,1253856650.271484,2D1A31C289
1253856753.700195,1253856761.198242,2BBB3EA7BC
1253855123.434568,1253855131.649414,1BEA59CB36
1253855192.8002958,1253855203.736572,C6BDA95D3D
1253889004.1982448,1253889011.507812,BB6B1A4315
1253823515.1489289,1253823523.250488,79DC0B4DE9
1253823656.6640658,1253823668.427002,5C032CBD35
1253856196.926268,1253856207.710205,E2A7696CD3
1253892811.25,1253892819.181152,5ECEE3C524
1253892904.240237,1253892914.988281,A4FDDF2F11
1253892987.048831,1253892994.439453,57033BBC89
1253871098.460935,1253871106.863281,B6F9301EE8
1253871171.231448,1253871182.59375,6DB3B4ED9D
1253871277.113283,1253871284.260498,C4E5F05869
1253871467.546878,1253871474.935058,2CA955C996
1253870327.298825,1253870336.846679,D077BBC299
1253870524.561527,1253870532.949707,27F3B8A83A
1253870564.5136771,1253870572.296386,686991C86D
1253864876.873052,1253864883.90332,3FD3325FBD
1253864970.678218,1253864978.397949,2C640B5027
1253865042.5986328,1253865050.386718,21AD00DB2F
1253865060.2470691,1253865070.96289,FF94902A6D
1253887395.1757782,1253887402.311523,73787BFC03
1253865295.7460968,1253865303.214843,60E9B6416D
1253865360.302732,1253865367.378418,B58FEBB301
1253865379.270508,1253865388.085937,E96B58AA84
1253865418.345216,1253865431.302246,1E681C8CC2
1253865512.56348,1253865522.333007,B042EF4751
1253881848.74756,1253881856.530273,D5C419FD74
1253845197.115231,1253845208.152343,00512506E8
1253845265.767091,1253845273.789795,5B6B7EC861
1253845285.7112992,1253845293.761718,E8252FCE4A
1253845403.918948,1253845418.221191,BF8BBE1CD3
1253845488.795413,1253845502.816406,C2AC570122
1253845568.6965308,1253845576.307617,74D9F3C716
1253845624.9438488,1253845636.160156,35BC9A1530
1253845650.822269,1253845658.607544,437C1291B3
1253861501.138675,1253861509.401367,AA78829024
1253858147.6669948,1253858155.311279,39ACD833BE
1253858188.984375,1253858197.260742,97D24538AC
1253858245.406245,1253858253.995117,BA70F3D377
1253858271.388669,1253858278.451172,0D91C75B8A
1253858385.808597,1253858393.850097,1196354B9E
1253873426.039062,1253873435.303711,49FD8C6E74
1253877030.1367218,1253877038.973144,3BBDAE59F6
1253877137.82031,1253877157.112793,B5A131EC57
1253875285.9570332,1253875293.207031,C115609AE8
1253875386.5419948,1253875394.007812,FA5E82BC3A
1253875592.897461,1253875601.672119,F00FEE5832
1253875659.3574262,1253875673.66748,3E21C2902E
1253828528.974241,1253828536.90625,EF0F713F91
1253828647.124021,1253828654.609863,59A9810034
1253828737.10547,1253828750.127929,683959FDCC
1253828891.569089,1253828899.3125,29BE0A611E
1253878641.0,1253878650.167846,2EBB4C3AA7
1253878687.966066,1253878695.647949,077FD4CE75
1253856066.8798828,1253856079.423339,10EF2CF3D8
1253856080.992677,1253856088.380859,796572E23A
1253856123.621583,1253856136.121215,877C6E7F88
1253823255.936281,1253823264.410156,138935ADA9
1253858558.953618,1253858567.641601,9851A58EE5
1253858601.352056,1253858610.0,8BA5C4AE33
1253858645.46875,1253858653.017578,BC4360D3B0
1253869718.28223,1253869725.433593,0A6A01A2CA
1253869796.4834032,1253869805.672363,AE7EB28B1C
1253869956.153317,1253869963.492309,EB18760B45
1253850590.674806,1253850598.516601,0E4F7D35BE
1253850766.670902,1253850775.180664,DF4DB7B3B3
1253878919.056637,1253878928.085937,0A17BF8551
1253859591.227054,1253859598.530273,B3F4AF716F
1253859912.9248002,1253859924.699218,EE4C8B450E
1253859931.7001948,1253859940.65625,4C50026D40
1253860001.9296908,1253860017.600586,148CFAA039
1253860065.060542,1253860073.32666,3144605BAE
1253887103.7294948,1253887111.211914,DBEF32D2BC
1253885815.084229,1253885824.011718,5BAABC5A96
1253885872.566403,1253885880.362304,84512A4B2F
1253855410.5524862,1253855419.368164,BC69D1D822
1253855441.492192,1253855449.945312,090E63B60B
1253855494.63672,1253855503.261718,574BA0C626
1253855708.541019,1253855716.144531,9FCA649062
1253855856.9082,1253855864.897461,A287B21727
1253860900.414552,1253860909.714843,182CF6426A
1253860953.403684,1253860960.586914,F83CF5CCA0
1253861064.406245,1253861072.361328,B8C48CFAEB
1253829847.098629,1253829859.101562,2336212D35
1253830233.7705112,1253830242.014648,D5B5BE98EF
1253843615.2021458,1253843624.855468,E011CC9579
1253853237.510988,1253853246.669922,A0B983CE2F
1253853284.833987,1253853292.434326,74C07630EA
1253824210.3525422,1253824223.39624,061F7BB3BD
1253824228.64746,1253824238.507812,86433D0AA0
1253896714.9062471,1253896722.100097,DF5AEFDF9B
1253896825.034184,1253896833.652343,4AEF0180A2
1253896880.482418,1253896890.420898,1A267C0458
1253860114.750973,1253860121.991699,A861134674
1253807168.2832,1253807177.046875,D326930E22
1253807464.628907,1253807472.20581,95E25BD8C3
1253807491.304691,1253807499.504882,95B66DB784
1253807507.656253,1253807519.015625,1D068BDC27
1253888028.173828,1253888035.603515,3A7F3159BF
1253888222.8071258,1253888231.253906,6D74FEB660
1253823982.636716,1253823989.901367,5FE660365C
1253849620.1044948,1253849628.2854,6312632636
1253849661.113522,1253849668.863281,B46FF6E2F8
1253874757.3418,1253874764.706298,FE36C616B5
1253825756.359378,1253825765.319336,6AF5615EFB
1253825831.303464,1253825840.479492,83E5AF5D1C
1253826123.940433,1253826131.750244,A8595AAF4C
1253898213.228519,1253898220.952148,6358C902E5
1253880868.2861328,1253880875.787109,65810A91CC
1253802631.716065,1253802639.036132,67DCA4FCA1
1253802678.433106,1253802687.464843,245628F20B
1253802771.958011,1253802781.3125,77A0098B55
1253802957.125,1253802967.640625,CE5765643C
1253880469.81934,1253880480.544922,14BC99BDB0
1253880515.601565,1253880524.020507,DA194F9BA6
1253880546.892578,1253880556.136718,9F8CDB5F37
1253880660.5024428,1253880671.080078,FFC09D0311
1253847869.927492,1253847877.953369,2ACB2077A8
1253848061.42187,1253848071.072754,60C3B35338
1253848096.3046908,1253848103.535156,BF84D5E9A6
1253848908.486328,1253848915.828125,BA63346AEF
1253848940.1015658,1253848948.375,386389AE5C
1253863428.055177,1253863435.408203,05D3E80660
1253863624.810548,1253863633.389648,D521D059CE
1253882766.4768078,1253882775.352539,6F3C4ADB12
1253882921.994144,1253882929.472656,1898F66DFD
1253852173.479492,1253852180.911132,E5541E62EB
1253852287.007817,1253852295.752929,9E40963944
1253852451.560062,1253852460.957031,8A8B784273
1253852490.7373078,1253852503.034179,7CD4D153DC
1253824394.606448,1253824401.99292,A80C623982
1253894828.179685,1253894835.520507,01A74E6A2C
1253894900.484375,1253894908.162109,6CD5BEE441
1253803770.981447,1253803779.203125,87BB59C7D2
1253803880.460938,1253803887.991211,EB660103EF
1253803894.719728,1253803903.685058,0D463ADD4A
1253803938.274411,1253803949.402221,4DA294BFC7
1253803469.099609,1253803478.078125,A8089A39FF
1253803619.126957,1253803628.073242,7FD9F1F004
1253862186.009762,1253862193.925293,1C9A383DE0
1253862269.429683,1253862277.697265,889CD63F6A
1253800251.862301,1253800259.255859,1338E79E15
1253800427.2998078,1253800436.821777,5547D6A193
1253898702.0,1253898712.879882,36B3C2FF8B
1253879309.172853,1253879316.562988,B2223C63EE
1253883340.783453,1253883347.967773,A341C8DB95
1253883403.992185,1253883413.218017,389E997371
1253883586.4726589,1253883594.073547,FB3D39DA47
1253897657.155035,1253897664.422973,5461BA764A
1253897835.1953158,1253897842.585937,42812611FB
1253897847.724493,1253897856.569336,A4F61FFB44
1253897992.334476,1253898004.378906,CA1E075705
1253898106.475103,1253898113.634765,33C2252ED4
1253802085.396487,1253802092.458007,C660CCD3D0
1253802270.055177,1253802277.170044,9D40872EBA
1253802284.701173,1253802292.732422,512DC2F18F
1253864001.052731,1253864009.6875,8A7C45DB82
1253864026.101562,1253864033.700195,26159F3313
1253864080.7900422,1253864089.266845,8E24431A92
1253864143.167965,1253864150.913086,87109D843B
1253864260.037115,1253864271.356689,C81CC488B2
1253896277.851559,1253896286.1875,7C80B61A57
1253851417.3779309,1253851426.949218,BF721744E0
1253851467.3471632,1253851476.178711,3543EAE836
1253851665.569578,1253851672.667968,417728E6B0
1253885955.80078,1253885963.03125,43C0CD4268
1253899041.990231,1253899049.371093,E96E2AE56E
1253862540.60938,1253862548.298828,C13D57DE5D
1253862757.131832,1253862766.899414,49E6DB59DD
1253870604.288088,1253870613.094726,4FB30F649D
1253870685.849606,1253870699.949218,B70E587A5B
1253876035.601567,1253876042.957031,7E5E009487
1253876044.820312,1253876052.891601,7B44C8B4CE
1253876274.002203,1253876281.382812,D040FA65A6
1253876300.927731,1253876312.551757,28E2C7BCC7
1253846340.380862,1253846348.186523,B376A30405
1253846566.6484349,1253846574.40625,DBF0CBDAA4
1253846842.8925788,1253846852.168457,402DB1B2BD
1253846889.880491,1253846899.262695,20454241A3
1253870024.171878,1253870032.585937,52E89F7BA2
1253860408.877926,1253860415.953125,2EF91CDC2C
1253860416.324222,1253860426.529297,6188C3EADE
1253880896.10333,1253880903.42163,B7C23504E3
1253881169.3710968,1253881177.886718,B4ED492EE0
1253881215.9877882,1253881223.654297,4D8D34F2DD
1253928862.1249971,1253928871.824218,AD3640D30D
1253928925.400387,1253928933.091797,A31C8BD3A4
1253929386.0932572,1253929393.706054,4108FDC054
1253934689.8349638,1253934698.922851,67E2F3E164
1253934918.875,1253934927.25,BECF251938
1253935009.855228,1253935018.893066,3605413E28
1253925892.657232,1253925901.152343,B8787410B7
1253932677.543948,1253932685.458984,11857AA677
1253953358.093752,1253953369.101562,3D8FB5270C
1253953438.297854,1253953445.390625,AF5FE072F0
1253953455.5751982,1253953463.779297,A168809F75
1253953487.566403,1253953497.616943,715F6AE155
1253900463.530279,1253900473.873047,7FC6198BF7
1253900742.710939,1253900750.374023,84325AA83A
1253954764.264524,1253954773.77539,C09ABC88E7
1253963536.343023,1253963544.043457,AFF3D76CE1
1253963682.5849638,1253963693.009765,D318190043
1253963719.3857448,1253963726.645263,8484E0D339
1253963740.423341,1253963749.455078,5FE6592706
1253946434.312495,1253946444.22583,1A1A7B5528
1253913590.53027,1253913597.958007,E97205D9EE
1253937544.3349571,1253937553.362304,CEE97E4936
1253937647.514652,1253937655.1875,A768D9D521
1253964833.7277849,1253964842.641601,F463242B3A
1253965023.587406,1253965031.568359,646CC998D1
1253965059.747072,1253965067.789062,D7920E3327
1253955766.404298,1253955774.640625,9CD3CED877
1253918839.206051,1253918847.591797,6339B69B3A
1253919047.951055,1253919056.139648,9E4F73B8F9
1253919095.757809,1253919103.809082,EA9F200A42
1253968754.974612,1253968763.237182,B35C54395C
1253965655.228999,1253965664.330078,BD38D18C94
1253912358.0,1253912366.35791,F1A499C825
1253920087.9287138,1253920095.654297,047EC11AFB
1253914614.351558,1253914622.553711,8FDCB7A1A5
1253956852.183595,1253956860.706054,C1769CACDA
1253957029.861328,1253957037.515625,E75D5A4BA5
1253920194.693362,1253920205.164062,B5CF1BD503
1253920334.37305,1253920344.041015,E674E4E821
1253920406.4414089,1253920413.902343,F8D43F68DD
1253918463.473636,1253918470.537109,BD5643311F
1253918649.7539089,1253918657.993164,BC9414D50A
1253926150.06445,1253926157.384765,65C9767DF4
1253969855.35156,1253969864.075195,9663BBD081
1253969864.523441,1253969871.915039,031EA06784
1253969942.5888698,1253969950.349609,DD52FD8AF8
1253967567.860348,1253967575.669922,70A5886EE8
1253931368.612302,1253931377.612304,79A12669A3
1253949590.457525,1253949600.143066,3B108E0879
1253930836.049808,1253930844.171997,F2006DB570
1253913928.649901,1253913937.929199,3A2790BC2A
1253914174.323239,1253914183.334961,65732E64A5
1253957443.321287,1253957450.395507,1703F65906
1253937085.172848,1253937093.248047,941CE58C4F
1253937177.6982448,1253937187.686523,F6B282C5A9
1253970957.372067,1253970965.889892,D4E0D1F945
1253917394.334962,1253917404.010742,4CDFF0171F
1253935730.496335,1253935737.689453,F1406FA421
1253935765.254886,1253935774.025879,86790931AC
1253961316.2187529,1253961325.243164,D60F1B4324
1253949680.070804,1253949689.09375,3F467719E8
1253949776.523679,1253949784.567138,AABFD3CD37
1253949896.141602,1253949904.271301,7ADA9D56BB
1253949954.551762,1253949968.144043,2706629B82
1253949968.144103,1253949975.577148,33650D3B3C
1253950066.494137,1253950073.505859,062ED82E10
1253958296.832034,1253958307.510742,0515171A60
1253958498.47168,1253958505.58789,F67C3ED761
1253958534.205442,1253958542.746582,F9CB63B3F4
1253958611.8632782,1253958619.884765,BD9F2EA28D
1253958660.0756822,1253958667.197265,EB1EA194A9
1253929591.806641,1253929600.644043,3ED5F0BF72
1253929714.011724,1253929721.523437,7CE0F46883
1253902484.677731,1253902492.423828,B0D7EA2883
1253902612.606442,1253902621.166748,3132033987
1253902630.935543,1253902642.078125,994C33CB5E
1253902654.220945,1253902664.327636,39F4C85496
1253940319.477056,1253940327.240234,0F0A42552B
1253940547.7652571,1253940556.015625,B3E2D4341D
1253940569.938114,1253940578.21875,D1B169775F
1253930962.58984,1253930970.233398,BAFA544411
1253931093.0336292,1253931103.080078,DFC352A803
1253929446.017215,1253929453.491699,67E9C071C0
1253929500.577756,1253929509.054443,0155504684
1253967928.7087362,1253967935.798828,9EA2A7E287
1253968044.359375,1253968051.538818,BEA0995B35
1253954066.400387,1253954076.530273,81E6DC18E6
1253954112.625,1253954120.413574,16E4F14FC3
1253954147.426761,1253954157.083984,FF2B8E77C0
1253954373.462895,1253954380.734375,CA71E69F60
1253954469.101075,1253954476.627319,C8C85992C5
1253951051.631832,1253951062.40039,744420917F
1253952838.4775372,1253952847.567382,2F6851EAA6
1253952885.203122,1253952892.515625,DCA4D81C95
1253952912.639898,1253952920.680664,035A2E58D6
1253934023.293948,1253934030.432617,DC12C5BD13
1253934114.72461,1253934123.5083,9504DC3FE9
1253938979.652349,1253938987.052124,9A1C09763B
1253956264.293948,1253956272.034668,35C52E9084
1253934556.1328092,1253934563.702148,576CB3AB1D
1253928706.2011771,1253928715.24292,BEEED96BC3
1253928733.131039,1253928742.425781,81767EAC67
1253944402.568845,1253944411.517578,381159FA87
1253944495.762697,1253944505.129882,BA6C359022
1253938334.2094738,1253938341.24707,6418F4EBCC
1253938486.541019,1253938494.991943,E198442853
1253938630.972653,1253938638.241211,5B3CBC83BE
1253938660.91211,1253938668.453125,1864C54E6B
1253922211.512209,1253922218.645019,5E6399204F
1253922384.8706028,1253922392.300781,5C914B028D
1253958855.625978,1253958863.410156,0D67D5F6A5
1253958961.894535,1253958969.316894,23691C230A
1253958999.200192,1253959007.157714,2E5821EA1D
1253959036.1948268,1253959043.914062,6CF9249772
1253950795.258302,1253950802.345947,C50EF8DFCA
1253950942.9326198,1253950953.595703,5400BEC169
1253950620.9365249,1253950628.874023,356453DE20
1253916187.540036,1253916195.889892,2138F2AF57
1253917164.769535,1253917175.124023,89AD12928A
1253921513.91406,1253921522.993652,C77A727FCF
1253921645.6914089,1253921653.254394,2C221977E1
1253968120.488771,1253968129.056152,32BEBCEB95
1253968230.955075,1253968238.761718,659B4E822B
1253927822.502927,1253927830.352539,F87BE34162
1253927853.599609,1253927861.680175,BDAF21E581
1253927916.278324,1253927926.675903,9706B7414D
1253928063.292238,1253928071.595703,8F2FE52C31
1253928085.216793,1253928092.809326,597D7EFDA8
1253928108.196714,1253928117.557617,F17AEF6BA3
1253930482.0771449,1253930489.90625,A47D5250C8
1253970746.2441378,1253970754.075195,B1B7CBE53E
1253971651.652105,1253971661.203125,2BF726FD1B
1253901026.122314,1253901033.911132,EC347556AD
1253960490.908203,1253960498.544922,9CE6E1A411
1253960552.4014852,1253960560.814453,005A21FF7B
1253939043.5908172,1253939053.0625,02017942A9
1253939108.5293,1253939116.517089,E8C74504FE
1253925431.255856,1253925438.960937,E05F3CE5F5
1253925648.56445,1253925663.207092,01748F4BE9
1253943252.373043,1253943259.649414,6C30EF2406
1253957818.644046,1253957825.705566,58E7727E0A
1253957855.68945,1253957862.96875,66E34C9F36
1253901942.564453,1253901956.914062,AFFD518FF0
1253938055.03125,1253938062.355468,05108BF70E
1253923492.31348,1253923501.427246,FC536FF554
1253923566.074222,1253923574.474121,775CC7E446
1253964104.796872,1253964114.644531,19211C827F
1253964259.817384,1253964267.261718,37D14D3CCE
1253964354.5849571,1253964364.800781,AC4CA3E3F4
1253955321.579591,1253955331.438476,D370CBF704
1253955447.8125,1253955460.304199,4206B38907
1253955637.427242,1253955644.675781,A2BD3CEB2B
1253915298.357425,1253915306.241211,AB1D6666BE
1253915360.61524,1253915370.734375,A4EC6A17C4
1253935402.583983,1253935411.455078,82D211AA8A
1253935435.812495,1253935443.496093,81D6B389C1
1253961663.475826,1253961670.951172,AE7CBECB54
1253961819.458004,1253961827.460937,7C35483FB1
1253961878.352542,1253961886.708007,2BE89CF55B
1253953792.0185552,1253953802.798828,3ABDCEB133
1253971155.7833211,1253971166.829589,0410D328BA
1253971235.964963,1253971243.84375,3A87D5F817
1253909255.699219,1253909262.952148,2BC66D3E37
1253909284.642581,1253909295.113281,5ED8CED5D1
1253909441.977538,1253909449.679687,4789661B1E
1253952407.216796,1253952417.052246,5D78AF21CC
1253971816.421879,1253971825.28125,C52034DBF7
1253971838.261722,1253971849.078613,643BCAA20D
1253971996.3493612,1253972004.342773,542BBA1998
1253969172.294918,1253969185.680664,F6A5CBB9DB
1253969292.42188,1253969303.564087,4ED2A1D05B
1253951661.735845,1253951668.998535,9EECAFF7F7
1253952006.4726572,1253952014.541992,625A545D7B
1253953952.64062,1253953960.160156,61588DE5D0
1253911137.40625,1253911144.496582,7664F0FDAA
1253911215.150387,1253911223.378418,59160ECC2B
1253911407.949222,1253911417.717529,A4351E5716
1253968387.5263698,1253968395.182617,6969B1BC06
1253924618.298831,1253924625.346435,38AF4A5139
1253960105.4082072,1253960114.935547,8ABF639504
1253960178.1787138,1253960185.748047,2BD2B55BED
1253960231.0390658,1253960238.532226,1098AA2C38
1253959551.172856,1253959559.249023,1A79C8E9C0
1253959565.416017,1253959573.814209,AED88E012D
1253959599.394528,1253959609.544433,D55A3D8F69
1253926630.574222,1253926637.636718,BA922E751B
1253927007.6835968,1253927015.648193,2E61537D3F
1253966590.210325,1253966598.459961,55DA3CC888
1253966668.456053,1253966677.6875,96FEDDEF1F
1253966917.286138,1253966925.876953,A4D5D44736
1253967045.1806638,1253967055.34375,87D805EC09
1253967116.146487,1253967125.966797,3D70912811
1253910268.374021,1253910277.960937,7D0758E094
1253931956.483402,1253931966.080078,935AED18C1
1253933778.7070282,1253933785.99414,6801A406BB
1253943507.9243178,1253943515.625488,A22EF4AB03
1253943563.179684,1253943572.304199,50F60CFC01
1253943599.859375,1253943609.581543,D9165425F4
1253943659.944829,1253943668.75,229D611CFF
1253943739.539059,1253943748.116211,C38F761C48
1253942897.848637,1253942906.217285,DDF484F359
1253942947.618165,1253942956.949218,3D14AF29A2
1253972293.590823,1253972302.439453,95757606CD
1253916518.4755888,1253916528.629882,B86F73653B
1253972752.4440908,1253972760.260986,047671EBA8
1253972807.755861,1253972814.769043,4178EFF765
1253973049.5,1253973058.277832,4E5F0F2AA0
1253933130.920902,1253933138.193359,AE626AB6FC
1253950110.447262,1253950117.55957,20DE9D929A
1253950156.688475,1253950164.59375,0EC93D7151
1253951146.5176978,1253951154.230102,6A272DBA0E
1253962786.97803,1253962794.320312,6E27C40F7F
1253962795.287847,1253962802.415344,08ABFFF811
1253962955.282227,1253962962.969238,EC0D8C5D20
1253963038.861325,1253963047.357666,98884CA9B6
1253948671.873046,1253948678.970703,018B3F834A
1253948892.8313031,1253948900.820312,C3B5EB675C
1253932110.462887,1253932117.484375,3D3C0B8ED8
1253932255.38281,1253932262.688232,BD69D85224
1253932362.927731,1253932371.023925,8394E1DF91
1253971405.75,1253971413.85791,D130BA2527
1253932501.067628,1253932509.55957,269520F06E
1253912762.7959032,1253912773.574218,13D4B36229
1253912864.585942,1253912872.878051,9122DC9088
1253912955.870114,1253912964.355468,5006470656
1253937799.344723,1253937810.78125,075CF0E60E
1253914894.622196,1253914901.632812,4CC76EAD06
1253915101.133792,1253915111.1875,4AF5A8C179
1253957988.431644,1253957997.458007,00C48E11C7
1253958083.009769,1253958095.787109,D4B28F4E40
1253962426.7724571,1253962434.007812,83FE5852B2
1253962451.683591,1253962459.397705,CF7721BBF8
1253962660.594242,1253962668.917968,62600FAB69
1253916862.445316,1253916870.108154,8E7E613982
1253940967.210699,1253940974.234375,5FD2E0911B
1253940974.75012,1253940982.692382,F3C5EBA719
1253941121.0966809,1253941128.78125,406D82DDE9
1253941128.78906,1253941144.391601,5B560A77B3
1253935888.1523468,1253935895.845703,36DE9A1A44
1253961546.007816,1253961553.363281,90033BF9AB
1253911970.134769,1253911978.103515,7E5E73B86C
1253942693.7260768,1253942704.135742,97E043E74F
1253972675.140628,1253972686.91687,E144F54EEF
1253972697.00012,1253972705.344482,5153AA9208
1253973206.399417,1253973214.285156,264209D718
1253973299.6875,1253973307.385742,E27EA8F2FB
1253973542.4161348,1253973551.476318,4A29819B60
1253973629.84375,1253973638.43457,B7C2438C59
1253912680.16992,1253912688.697265,32537AACCB
1253929798.455075,1253929807.794922,844613A543
1253929888.056154,1253929895.255859,717CF33446
1253930061.804691,1253930071.16748,4761B1E935
1253919748.560548,1253919757.131836,680E40AC80
1253919767.945316,1253919774.983398,4BAE9000D5
1253962051.264645,1253962058.800781,901C2A7E69
1253964757.076173,1253964767.09082,A22319D20D
1253919380.0451622,1253919388.992187,94384E428F
1253919473.413082,1253919482.119384,847483FC56
1253919537.448243,1253919544.763672,4E2FB4F558
1253941682.0849638,1253941695.28125,2718804C4C
1253932957.578128,1253932965.245849,0FAACDDE76
1253944797.306637,1253944804.613769,8CEEFA6C3D
1253944823.7517118,1253944831.270996,96D3C4B3A3
1253944906.070315,1253944915.656494,A7755C874C
1253945007.624028,1253945021.768921,BFC7A209C0
1253945027.815185,1253945035.771484,45796DA7B0
1253945159.8623078,1253945167.735351,4D91655ECA
1253945203.9375029,1253945211.25,E428E608EA
1253927200.733888,1253927207.919922,D6939CB43B
1253927479.365235,1253927487.742187,74B43E49F0
1253927513.916015,1253927524.627929,B7417D45C0
1253927595.295531,1253927602.738952,A9D5B02B37
1253939154.364255,1253939163.916015,C78D206710
1253939357.5932648,1253939367.084961,D9B6816CA2
1253942290.398441,1253942298.524902,31A36B0D72
1253942514.710934,1253942522.8125,C9E4683F8B
1253954592.243166,1253954599.463867,0A03E3EEC9
1253954632.960934,1253954640.649658,9B68F33614
1253940036.710448,1253940044.022461,1946A47061
1253924978.541016,1253924985.987793,3D02DA70D9
1253936105.686037,1253936115.567016,72194BF58F
1253966331.6701622,1253966338.732422,45A048A5EA
1253966521.264648,1253966530.460937,0A107642EC
1253924173.020511,1253924180.998047,34CC1CAF74
1253901277.096437,1253901285.25,53B6A94984
1253901378.5956998,1253901386.875,79AEE03810
1253945506.652585,1253945514.752929,6DFCD406B7
1253945534.636232,1253945541.914062,DD04B96471
1253945684.769533,1253945694.120605,B2A4080D9F
1253945718.109865,1253945729.229492,D46D355B89
1253945736.849428,1253945744.709472,8BD3255A2F
1253965344.570309,1253965354.40747,9C0D07AA5A
1253942051.911138,1253942059.878906,337DCAAE85
1253949142.479489,1253949150.709961,F9B43C02D3
1253949357.6525831,1253949366.75,B2B8FB7D21
1253959448.124995,1253959458.487793,A1DA6A493E
1253959465.46631,1253959476.629272,778FA158B7
1253936501.135742,1253936509.453125,2A94180685
1253936670.224606,1253936677.396484,898DF94DFB
