start_time,end_time,id
1238176530.304203,1238176537.558593,37EC438C16
1238198056.747073,1238198066.205078,8B6E02ADE0
1238197723.625002,1238197731.616333,992F62D8EF
1238175968.176755,1238175975.895263,946ABDE665
1238199768.547848,1238199776.698242,C0B54809BE
1238177584.912113,1238177592.414062,CCCA3C0E9B
1238193036.988278,1238193044.05957,DAFB4116DA
1238177950.67188,1238177958.277343,165099886E
1238167625.856443,1238167633.394043,1B78D598BE
1238168892.61621,1238168899.804687,56B573856C
1238169124.890628,1238169133.148437,B5E8D58E85
1238241031.983402,1238241040.09375,E6469B94E9
1238245896.9531262,1238245905.055236,7C95E33C2F
1238224076.3085968,1238224083.508789,E03A826CCA
1238244859.349613,1238244867.842773,1DA29F3985
1238243215.126952,1238243223.957031,22A9805FF8
1238243384.140868,1238243391.737304,E7FF23F7F9
1238235377.189756,1238235384.621582,9F1CCF2153
1238212532.49805,1238212540.0,19F6F75000
1238234597.281011,1238234604.616699,9B8F91B686
1238235774.75,1238235782.183593,27DF3DD5B4
1238236367.333987,1238236375.351074,8C78F50CB2
1238241248.1484408,1238241256.063964,DE7682F48F
1238241470.384769,1238241477.71875,F3A52CFE21
1238245239.070804,1238245246.492187,3A6D0138A1
1238211785.922856,1238211794.428711,CCAD10A6DE
1238214704.219727,1238214712.0,B21DF0703A
1238206787.099241,1238206795.565429,A409F38F9D
1238226179.037114,1238226186.148437,6B2FAD01F4
1238246404.629634,1238246412.054687,F730776B16
1238205330.877927,1238205338.934814,C8A5D7182B
1238210045.599606,1238210052.894531,4524C626E9
1238214762.2539032,1238214769.949218,91CA6D527F
1238217049.084962,1238217056.926757,06F870AD0A
1238240084.943362,1238240092.472656,FE48A69860
1238236096.270504,1238236104.323486,08AC6E87C7
1238238181.026366,1238238189.0,590CB12AE6
1238207590.988281,1238207598.266601,C0A91175DB
1238228167.6735811,1238228174.892578,CAAB820190
1238338987.166996,1238338995.614257,E51C6CC4A6
1238335866.0,1238335873.081054,2D79BA2587
1238336064.541997,1238336073.215088,831A7DDF6D
1238334939.62549,1238334950.405273,0A87882122
1238306596.558592,1238306605.160156,5F8E142F69
1238388602.100582,1238388609.194336,DBB0A6AE1E
1238315949.008062,1238315956.80664,FB034BB966
1238316101.322267,1238316108.810547,F72BFF52FC
1238316208.050784,1238316215.321289,9536231406
1238308390.236578,1238308399.2229,F12B497FE2
1238334054.375,1238334065.042968,D63F80CB1E
1238395522.444338,1238395529.652343,22FCB9DA20
1238364019.177734,1238364026.615234,9CB062BEE7
1238364452.9478118,1238364460.976562,ED385D72DC
1238316323.703126,1238316330.942382,33C6739927
1238320701.6699238,1238320709.321289,3D6A32CDC9
1238320812.898563,1238320823.838623,B43048F7BA
1238321128.563473,1238321136.0,CD237009CE
1238344651.5,1238344659.126953,7ABB56D94C
1238322297.358521,1238322304.36914,821BA91CC8
1238322329.095699,1238322338.560547,9162BD8D0C
1238333460.49609,1238333468.162597,A3A798912A
1238393789.791019,1238393797.571777,80EF1B5475
1238325348.0,1238325358.623047,89D6F7A172
1238325366.2255871,1238325374.0,7EFC81FBA9
1238318611.210939,1238318620.264648,4C586704F2
1238379205.409182,1238379212.512451,753B3775F6
1238326155.365231,1238326163.277343,F147464841
1238358938.0480912,1238358946.224487,A0ED87EBBA
1238382504.40723,1238382512.52771,7D9B128F0A
1238366596.549192,1238366604.171081,C0A9DD9698
1238380337.5029328,1238380345.642822,152B22BF6C
1238358100.4326189,1238358109.074218,342489B258
1238323020.8984408,1238323028.0,C67B41480F
1238350226.606817,1238350235.943359,92EE5C6677
1238316989.212651,1238316996.616211,0CC8439008
1238317347.544918,1238317355.129882,FD7241B04B
1238310222.138672,1238310229.586914,525CB20F37
1238310396.011715,1238310404.513183,6C5080DB6D
1238310466.832031,1238310476.46875,56CA123A63
1238325827.532713,1238325841.123535,1A5CB7C0DD
1238321519.3584,1238321527.251098,2833B29466
1238328227.464849,1238328237.1333,77CAED6442
1238340554.9252882,1238340564.256347,A27540305B
1238336296.1601532,1238336303.30188,F8DE57B145
1238322717.383788,1238322725.03125,B55681FAB4
1238368028.429684,1238368035.43164,A189D3C495
1238310989.575195,1238310998.762695,58A4F791D6
1238367404.5878909,1238367411.675293,4DB8D68D85
1238367411.6762729,1238367418.849609,9CA687B488
1238396205.225582,1238396213.195312,E0E0BE6A04
1238331145.132815,1238331153.131836,F1BFE9A2FA
1238331361.291992,1238331370.598632,DF0B4FA100
1238326489.901371,1238326499.978515,8AE699B74F
1238319745.808596,1238319753.008789,909ED65A47
1238303844.0273478,1238303851.152343,81AA38A0C1
1238363410.0,1238363417.085937,6EC009E7B5
1238363684.740231,1238363694.621093,DCC105CA7D
1238364615.5336928,1238364623.040039,A897E19FC1
1238334724.59375,1238334732.230468,24054C7C20
1238392153.128904,1238392160.222656,C0CC0B1C1C
1238333650.543943,1238333659.478759,EAAB4554D5
1238305908.332032,1238305915.953125,999D40F6E7
1238304272.669923,1238304282.523437,68DFC5D4D3
1238366930.2890658,1238366938.104248,175D519BB0
1238320311.878903,1238320319.144531,E69D7F1EB0
1238320609.363278,1238320618.21875,6C8AE95811
1238321997.6474638,1238322004.945312,48C40ADC6E
1238332438.686522,1238332449.095703,8EC22C85A4
1238332563.864133,1238332572.140625,0730BBF083
1238309420.5185552,1238309429.179687,0E0A552F28
1238311199.6132772,1238311206.728759,887445E58A
1238336740.445316,1238336748.310547,DC79661669
1238327364.5,1238327372.715454,34C78E7966
1238378591.6171908,1238378599.41809,ED5452CDD4
1238378614.6220672,1238378622.007812,AF921215C9
1238309592.102054,1238309599.771606,C9837D0939
1238310055.011717,1238310062.367187,7F604D42D2
1238355993.905148,1238356001.78247,620D9F9B70
1238379026.0883758,1238379033.552734,B1AB97A77B
1238341133.115232,1238341142.320312,8D1051F80D
1238356436.052242,1238356443.661132,846D644541
1238397828.5319788,1238397835.731445,504BB93849
1238333211.869625,1238333222.484863,505699FF40
1238319314.6435502,1238319323.092773,DF06AF6809
1238370158.011716,1238370172.695556,42248AC974
1238383370.839847,1238383378.884765,B4B7CE8BF1
1238386610.5537071,1238386618.0,FD995C115E
1238324040.614263,1238324049.28125,7D3883D462
1238324068.885742,1238324076.511718,D62214EC7C
1238324128.56348,1238324137.490234,EFD39C5684
1238324236.71484,1238324245.571045,02599FFD41
1238307612.554684,1238307620.773437,2A57CCDBAD
1238302264.8940408,1238302273.536132,3BA4F06771
1238305478.111328,1238305487.078125,CB2BB10468
1238478718.852536,1238478727.0083,CACBBF1B6B
1238478909.718753,1238478922.433593,2565BF0386
1238479283.980464,1238479291.712402,4ED485EC2B
1238479315.121091,1238479323.064941,940087AAB6
1238462343.554685,1238462351.770752,363D4D3E5D
1238475757.681645,1238475765.762695,085E8DFF89
1238417301.208984,1238417308.48291,4B1931B55F
1238409278.0,1238409285.34375,E0606EF0D8
1238446063.450192,1238446070.791992,3BD7502380
1238446301.8935528,1238446309.467529,659C8D9A07
1238472594.180661,1238472601.31958,D01C6B7B6D
1238480788.119144,1238480795.875976,D882CA999B
1238480853.609378,1238480863.320312,358D25F9E5
1238474886.9938972,1238474894.546386,694F503A29
1238473480.012698,1238473488.182373,28D6C043EE
1238480339.499019,1238480348.0,9E3C249716
1238480441.724611,1238480449.355468,C0ABC35C64
1238423403.822262,1238423412.027343,B902DF5F36
1238458304.299924,1238458313.605468,ED6A3FB35E
1238490276.093745,1238490284.84375,94C2997961
1238413144.2900422,1238413151.845214,F203611D0E
1238480977.585699,1238480985.6875,B12962AB41
1238424453.141605,1238424463.852844,0093D8A0D4
1238407676.417485,1238407683.902343,6A1AA57050
1238485818.747067,1238485828.967773,BEF6876FCE
1238424146.087407,1238424155.03125,912990D577
1238492102.772459,1238492111.605468,D9D48AF516
1238462757.389166,1238462765.673828,1D088A1AD2
1238491781.8181112,1238491791.276367,A168CE4D45
1238474858.0,1238474865.892578,609328B291
1238457839.214841,1238457846.44873,6B07E83A9E
1238460191.896116,1238460205.423339,1775A02978
1238451070.46973,1238451077.746338,258A686405
1238462524.703128,1238462534.661132,C2F51B6CEC
1238464420.579098,1238464429.903076,9C2148CA5E
1238474234.552734,1238474242.095703,76917CB69A
1238474393.475582,1238474403.234375,DE96A1B7BF
1238484767.0273468,1238484774.148437,E6374DB614
1238475818.8874528,1238475826.845703,E17787FBB6
1238448494.4343278,1238448501.501953,F291F90155
1238452805.411134,1238452812.581054,AAF0634DC2
1238481966.951175,1238481974.307373,1F429BDB4B
1238481981.951175,1238481990.445312,B921FC02F1
1238446600.353512,1238446607.370605,D23CAFF598
1238444954.000005,1238444961.27539,52A0F5FA1E
1238413932.400396,1238413939.851562,69104225F1
1238461861.906245,1238461869.206298,493E1E23FE
1238462074.554691,1238462082.313476,465CBF08B4
1238454200.385739,1238454207.568359,84CC0309F1
1238416926.196286,1238416933.689453,A7CA178226
1238482576.463868,1238482584.221679,5ED28E0653
1238482627.7187471,1238482636.697265,43C1FBB5C8
1238453791.79883,1238453799.730468,7F85862A2C
1238484346.606939,1238484356.0,7540B300A9
1238471548.5039022,1238471557.080932,455ADB3401
1238471638.57813,1238471645.976562,BBC4413EAE
1238447668.088867,1238447677.192382,7AEA3152DE
1238418441.797854,1238418449.500976,03F33A6409
1238473187.384769,1238473199.30957,FEAA92BF65
1238476471.314456,1238476480.973632,B5747CC575
1238485639.742188,1238485648.77832,E3426B2E8E
1238489918.016598,1238489925.228515,5A8AC343E3
1238490959.200441,1238490969.256836,C3EF3A3FCD
1238425720.510499,1238425729.594238,502EC7FF86
1238461231.550783,1238461239.399414,69C00F5379
1238447071.7763689,1238447079.919922,AA550583BA
1238447111.695309,1238447119.849609,563127B7CA
1238506630.696415,1238506642.0,0B34B37F0E
1238501644.992672,1238501652.324218,5ACB129027
1238572119.342775,1238572126.386718,B06A19C56B
1238554764.703126,1238554771.897461,32D86EEE1F
1238544316.5036612,1238544323.644531,4D024ACB3F
1238513980.0,1238513988.143554,CA1584E2B0
1238514243.978519,1238514251.372314,6B96B6EF86
1238574506.376954,1238574513.660156,E742C24E75
1238556133.097902,1238556141.026367,9E7D74ECDD
1238591741.974609,1238591749.348632,8E22008B42
1238591778.368168,1238591785.597412,C8C6D329F2
1238591958.645511,1238591966.108398,26FB206B12
1238592032.3584,1238592042.0,EC6EF21730
1238592080.523435,1238592089.152832,14A3F64BBE
1238506121.187503,1238506129.740234,7E485183CD
1238557330.364261,1238557338.294922,D35B826C87
1238533843.114263,1238533851.360229,588CD3DD54
1238533892.8984342,1238533904.864746,8D572F45F7
1238533957.306155,1238533964.542968,F0FDFADFA4
1238562016.957035,1238562025.508789,F1ACBA0234
1238562210.467772,1238562218.675781,8AA887D5C7
1238555687.1341531,1238555696.0,C5ADC85EBA
1238583847.68848,1238583854.826172,2ADE7FAEB2
1238543856.57739,1238543864.655273,759028847A
1238583325.8505888,1238583334.66455,06EF217397
1238555027.62695,1238555036.185913,F94C875C65
1238508735.796878,1238508745.9375,0989E51E15
1238558770.2167969,1238558777.887207,BA613622ED
1238581447.534184,1238581456.726806,020B3F6F03
1238581633.38965,1238581641.721679,CC19A08736
1238503331.648437,1238503338.739746,D441A15F8A
1238586149.754884,1238586160.335937,2E3D018313
1238586209.9301789,1238586217.645996,4023464834
1238586394.0273468,1238586401.097656,7DCCA20F30
1238502152.1314652,1238502159.175781,D765671BF7
1238581907.142581,1238581915.097168,A5D57A1320
1238505278.0,1238505285.787109,3DD4F58885
1238505438.310786,1238505446.324218,0C78599FED
1238580620.139645,1238580627.609375,61E19F7D29
1238589057.441403,1238589067.423828,F8E61EB078
1238507648.8437471,1238507655.917968,FF9C51C176
1238504180.662599,1238504190.170898,9817919F13
1238508410.175784,1238508418.764648,AF35C4730C
1238574134.2500029,1238574142.443115,3881832B5A
1238585298.255857,1238585307.430664,52BEBB8EC0
1238547595.540529,1238547602.672363,01AED49E41
1238595758.197269,1238595765.351562,7904E9550A
1238502858.2334025,1238502866.761718,BE38F371D3
1238557808.8632772,1238557816.620117,DC5D39DBF7
1238558354.581544,1238558361.99707,66DDA47EB4
1238533721.288082,1238533730.0,8BA98AB7EA
1238514791.380862,1238514799.285644,BE54FB9D90
1238571895.095702,1238571905.176757,0718A567EF
1238563531.199218,1238563538.264648,49B4A4AAC4
1238563608.038083,1238563615.784179,CC54FAFDB9
1238549882.819829,1238549890.045898,E52A84249B
1238505696.8125,1238505704.0,CCA679982B
1238587210.0034132,1238587217.064453,2F420998BF
1238590150.856448,1238590159.031982,42DDC30F6B
1238647501.166012,1238647510.575195,5ADEAFE38A
1238685318.375978,1238685326.082397,9FF6DB504B
1238685412.0,1238685421.190307,1066CDF8C8
1238694834.260257,1238694841.5,5C635BAF33
1238694897.809085,1238694905.625,7DD7C1C89D
1238666226.545412,1238666234.255859,E285509AE3
1238659512.545898,1238659520.24707,038EC515D3
1238614226.950195,1238614234.34375,1C836822BE
1238614396.053712,1238614404.445312,9C3E109F65
1238614638.959964,1238614646.5,6B3B08A1FC
1238693512.711911,1238693520.292968,9C9424B016
1238683148.039063,1238683155.205566,5A37D01652
1238651559.451176,1238651567.020019,9DB7084827
1238692494.987798,1238692502.249023,877154C703
1238663364.460942,1238663371.504882,6E617CA59A
1238663445.1748078,1238663453.518066,5190FBF052
1238663673.312498,1238663680.867187,F4046316A5
1238663681.155757,1238663688.513672,2248A55AE8
1238667931.6540482,1238667939.675048,0CA7A70E64
1238649337.425784,1238649348.032714,51B105C35B
1238649396.0,1238649403.27539,42A79D27B8
1238654455.4052782,1238654466.608398,BEE96227BD
1238680012.757818,1238680019.914062,6DA2ABEAA9
1238671632.57178,1238671639.786377,94DBF2B6DD
1238669777.6249971,1238669788.046875,E9D81D9927
1238662946.151857,1238662955.291015,8D21F3BA3E
1238646768.0,1238646775.142822,BAC630E8E6
1238678262.341793,1238678269.772461,A8D93CADAF
1238646496.3388698,1238646504.958984,9A71E3345C
1238615647.9633758,1238615659.336914,444457869B
1238660418.6965292,1238660425.8125,36751AC38D
1238685122.0375988,1238685134.705078,75A7397F74
1238678598.0,1238678606.072265,E173E4FA16
1238696472.265625,1238696479.358276,8D4C2B3D94
1238613470.526857,1238613478.0,9D1D2F8C16
1238650607.77734,1238650616.820312,FB8DC0EAE8
1238666469.386724,1238666479.178711,2078FDF206
1238666534.5000038,1238666542.541992,82D8AAB405
1238680139.8837922,1238680147.638672,340786648B
1238681165.177732,1238681174.173828,E29F7EE3DB
1238619206.43945,1238619213.442382,FCEBD7F0AA
1238619317.1201198,1238619325.761718,986E16871A
1238683854.777345,1238683864.0,FB5E0FED15
1238686332.636716,1238686341.23291,1CF9F277FE
1238665509.638668,1238665517.461792,9D3890C842
1238698516.232425,1238698523.585693,FF2F4B28F7
1238698194.291744,1238698201.46289,1847E997BA
1238698212.666868,1238698220.0,97C7192E52
1238615368.322507,1238615375.730224,E217327878
1238615425.139891,1238615432.483398,D8A9B23EFB
1238615527.571779,1238615535.299804,16E2673FBE
1238615540.127927,1238615548.936035,5A5E706786
1238651606.058597,1238651615.740234,62D734DF27
1238679587.4462888,1238679594.988281,51CE4C219C
1238661072.998043,1238661082.018066,B4C7626A48
1238689108.96484,1238689116.62207,FFB217B978
1238689301.894534,1238689310.89331,A4F86DF95E
1238695489.6279328,1238695497.882812,889DA01294
1238682735.467777,1238682742.541992,49497718FD
1238686553.84375,1238686561.720703,B2DB6D2509
1238667410.030273,1238667418.3125,2D148F2903
1238667575.084961,1238667582.9375,78ADDAF296
1238667742.2548828,1238667754.007812,03BB3B5A3E
1238692128.700196,1238692139.006836,0D18F0EF92
1238654378.0,1238654385.226562,709BA87D4A
1238647195.6274428,1238647202.877929,703DC459FA
1238667068.0,1238667075.938476,AD250142CC
1238688823.81934,1238688831.780273,2C39E001BC
1238612761.2529328,1238612772.394531,5A02D316D7
1238612772.398441,1238612779.721191,629E6D69D4
1238612975.359865,1238612982.685547,E06DCEC7CF
1238687560.173831,1238687568.0,912FE64322
1238652492.501953,1238652500.488281,A47660B8A1
1238693784.194336,1238693792.05664,7B5938CD5A
1238649539.083497,1238649548.646484,385A7F4C35
1238656627.451175,1238656635.287109,3EB842B836
1238656679.3652349,1238656687.685791,8D83962D2C
1238656722.0224571,1238656729.764648,A201352FC3
1238614725.218991,1238614732.924804,2DE0BDCE71
1238647790.953122,1238647799.624267,30632B6EC1
1238690766.5922878,1238690775.186767,FC60540E85
1238690840.501468,1238690847.668945,8FC27DC8D2
1238741230.99939,1238741238.367187,55ECAD7049
1238778154.996093,1238778162.0625,BF88FC0C67
1238727045.396487,1238727053.708984,A8DA4A13B8
1238781910.035156,1238781917.157226,D7D20B2F62
1238794251.533207,1238794260.708007,DCEA57995D
1238767688.569097,1238767695.854492,5C526EC2F1
1238793459.258786,1238793468.09082,A50C41CBC4
1238776096.59326,1238776104.095092,1739A884B0
1238773951.195317,1238773958.859619,2819A3CE47
1238774133.956051,1238774141.448425,CE7B1F2961
1238797699.823246,1238797707.195922,1DC5706F0E
1238758212.763675,1238758220.055786,59871B2016
1238769756.72949,1238769763.873535,7028F15DE2
1238760898.155149,1238760906.103515,125C9B635A
1238750912.217777,1238750919.224609,60CEC74B69
1238725840.137692,1238725847.366211,D6584D9F7E
1238757938.315432,1238757948.192382,4CBF028AD3
1238727349.32227,1238727357.398925,043D9488B6
1238727477.5937471,1238727485.65625,5A7E00360A
1238738890.3339849,1238738897.614257,B0FAD6D69B
1238752090.167971,1238752099.084655,393A9084D3
1238781077.149655,1238781084.528686,DCD7346CBA
1238756722.8125,1238756730.228515,EFCAA07877
1238768699.630858,1238768707.228759,164320448A
1238768773.13501,1238768782.666015,965B3F55B1
1238755701.8056638,1238755709.603759,8A3025A2A9
1238758492.054683,1238758499.461914,678EDFDB9D
1238732534.630856,1238732542.0,57C775488B
1238748803.045894,1238748810.783203,5EAF865405
1238781344.0712929,1238781351.53125,560004076B
1238731853.3271532,1238731860.71582,45F3C9E22E
1238767041.373043,1238767049.398437,0945B8A85E
1238718217.624514,1238718227.276855,993F4A59B6
1238731364.09766,1238731371.861328,AE0BE37746
1238737844.221682,1238737851.734375,6DC0A7E2EE
1238746376.733645,1238746385.667968,6CBF744075
1238739484.494137,1238739491.705078,4EED11ADDC
1238794789.7314448,1238794797.863281,14E3E2C212
1238758664.453125,1238758672.112304,7951226790
1238747848.279172,1238747855.776367,BC6EB6E6B5
1238748113.4999988,1238748120.512695,F5526BC131
1238780614.3749971,1238780621.96289,191D890248
1238784772.271,1238784780.8125,DC00619B02
1238759813.291012,1238759821.800781,CEBE522D17
1238759835.90723,1238759843.693359,94686D55C1
1238786649.417965,1238786660.15332,B5666E50E7
1238716129.577145,1238716137.070312,8ABB5195A3
1238716864.276364,1238716872.316406,040BE5AB2F
1238761806.707521,1238761813.898071,6FAC073926
1238779734.609869,1238779741.735351,286ED39222
1238733007.56055,1238733016.52832,3AA3ACD93E
1238748366.82471,1238748374.770019,1732D82204
1238749933.12109,1238749941.594726,0626AD4FAB
1238763345.444339,1238763352.701172,9A2005C50C
1238899357.814945,1238899365.589843,789B2B19A6
1238898904.658199,1238898913.096679,448C29E223
1238898520.300779,1238898527.666015,A67C7680FC
1238837314.4179711,1238837321.42041,8E601F1BE3
1238853469.494141,1238853477.798339,796267E8E0
1238824590.89062,1238824598.448242,02BF9FDD70
1238825300.640624,1238825311.222168,7D71BC54EA
1238845765.572515,1238845772.709961,E66C909070
1238845404.1123002,1238845411.384765,00A672B53B
1238819503.473629,1238819510.855468,1D84CAE802
1238834791.543943,1238834799.014648,7E9677682F
1238833094.0195272,1238833101.266357,BD037ACAC2
1238807584.0,1238807591.508789,F1A62D0322
1238807623.730962,1238807631.478027,8D7898AC19
1238810172.672364,1238810180.621093,167A958EAF
1238829916.89258,1238829924.909179,B7E47F4B26
1238905592.0419888,1238905599.063903,8B44B4ED41
1238925000.41797,1238925008.641601,883770DD25
1238919481.078127,1238919488.579345,C077D8EF10
1238909284.455077,1238909291.827148,4904441B44
1238905968.200198,1238905978.696777,99CFEB844E
1238907235.2373078,1238907244.126953,4423B69D0F
1238999760.3893409,1238999767.589355,6838F42DFB
1238925216.371091,1238925224.284179,C14AFBE8A4
1238923975.951177,1238923983.575195,7558462BE8
1238998122.355474,1238998130.290039,D9864E9789
1238913034.473632,1238913042.717651,091EC78637
1238913407.600591,1238913416.49414,8437FAC201
1238909520.0,1238909527.506836,FE206CC4E5
1238999397.9250522,1238999406.208984,3FB20989E6
1238928919.663082,1238928926.731933,78EE56EE14
1238950317.89062,1238950324.954101,FAEBC29F10
1238919926.4999971,1238919935.425781,64BB932751
1238929823.9577649,1238929832.006347,4920EC6647
1238992456.449215,1238992464.018554,EF8AB4357F
1238945052.527345,1238945060.982422,CC9266D420
1238904326.888669,1238904337.263672,EC668D6987
1238990175.899417,1238990184.0,09B02C59AC
1238933131.103513,1238933138.534179,EF9CC4A679
1238926308.7191138,1238926316.0,D9C7DD6DC0
1238994258.8789089,1238994267.248047,5CA61EB3DE
1238920922.849606,1238920930.693359,03D661EC86
1238946910.572267,1238946918.401367,6269D75841
1238939684.249023,1238939691.469726,39790C645C
1238999110.269531,1238999117.464843,9D5B44D69A
1238997963.410161,1238997970.634765,69B6E59C67
1238903544.355958,1238903552.108154,FB8741CBE7
1238994843.214844,1238994851.546875,C8E017210F
1238994878.908203,1238994886.08435,AEB881D1DE
1238917221.7451198,1238917232.150879,082EE7F677
1238944147.90527,1238944155.640625,37BAD7A4DA
1238921391.948484,1238921400.251953,E0E4E4AAB7
1239039608.917974,1239039619.799316,5D57F3936D
1239063328.1201198,1239063335.467773,970291424E
1239070771.6294,1239070779.817382,3F0A69B3B3
1239039476.0,1239039484.008545,F55AA7A291
1239001031.794918,1239001039.02124,1FAFB9E131
1239001218.985348,1239001226.276611,14C0F5696D
1239023822.733395,1239023830.256836,E8B9579DA7
1239091523.467774,1239091532.818359,6EC189BF3E
1239002390.4726589,1239002399.141235,7C2384B3F2
1239002607.548825,1239002614.965332,A1CD0BA243
1239064568.0,1239064575.380981,215B64ECCF
1239098628.0,1239098636.535156,7BFF4847FA
1239071783.454103,1239071791.02832,D1F78548C7
1239025312.8593771,1239025320.0,56977CC526
1239025590.50586,1239025598.914062,72A45F045D
1239005059.45313,1239005068.016601,A83CB6E8C6
1239082665.3662078,1239082673.558593,F59A785346
1239024993.671383,1239025001.984985,41D99A9C90
1239006210.662355,1239006218.253906,0CD67A0834
1239096593.239262,1239096600.385742,6D5BF1FB7B
1239060879.964605,1239060889.935547,3A866ECFEC
1239061170.303226,1239061178.125,773C69A85E
1239004808.0,1239004816.844238,4B3986A67B
1239022160.215822,1239022168.300781,F54B66E49D
1239062748.633303,1239062755.648437,D32AC432F9
1239062985.076293,1239062992.212402,30917E490E
1239069055.028323,1239069067.118164,4B7614CCED
1239094643.311527,1239094651.17041,642D581916
1239060611.247562,1239060618.71875,C1E9047F8B
1239060823.583004,1239060832.0,5EF6FBC02F
1239060375.875,1239060384.576172,C54C460BD9
1239090449.2695322,1239090456.500488,80CE26A2EB
1239006914.364257,1239006921.482177,70ADCB99D6
1239041435.9648411,1239041443.15332,88D07CF04E
1239066343.6220698,1239066352.0,CE46B46478
1239071247.836915,1239071255.175781,02253225A1
1239071404.2031202,1239071411.996338,A26EA23AA5
1239097021.300781,1239097028.856689,825A08B529
1239061828.7861328,1239061836.639648,1AD099B906
1239075002.5341828,1239075009.990844,C2875FC2E3
1239064014.3468611,1239064023.058593,9D955DF864
1239001317.702152,1239001326.224609,AA680FDA90
1239043923.135747,1239043930.84375,3BEABAB94E
1239067348.5554209,1239067357.034301,C475F91903
1239080236.8749971,1239080244.238281,2D980D9FC1
1239086330.814456,1239086342.089843,2079692560
1239006075.380862,1239006083.297363,FC8A8CEE75
1239105379.1064448,1239105387.009765,DF78D0DE94
1239168853.545901,1239168860.905273,B26F5F3853
1239100469.9775388,1239100477.545654,2AC5462633
1239197178.1201189,1239197185.133789,8045C09FD2
1239157306.375001,1239157315.0,7D61478FEA
1239131318.327148,1239131325.647461,F4EFD1B735
1239187627.24902,1239187634.750366,DAEC6FBC45
1239101709.3828158,1239101717.700195,AE13EE360E
1239178947.703619,1239178955.539062,EE9984E3CB
1239141445.801755,1239141454.278808,0D6F62E1AA
1239170734.129888,1239170741.809082,41C8D4CE35
1239198610.8344698,1239198618.916992,324A349061
1239165165.378906,1239165175.360595,E2A482E6DC
1239147151.441402,1239147158.991211,5FCD2D2B8A
1239133456.9612992,1239133464.842163,74C10FA088
1239155154.121337,1239155161.207031,07019334AE
1239175473.232422,1239175481.179687,AAEA4095B1
1239143175.22656,1239143182.689941,FC42B778DA
1239138549.155272,1239138557.295898,BC743F8439
1239173458.23242,1239173466.15039,11DF62C851
1239157743.896486,1239157751.04602,F8AA5590C1
1239139959.7499971,1239139968.613281,40D3B93F7B
1239103013.862305,1239103021.268554,F025C2B32B
1239183984.585935,1239183992.982422,166654C535
1239150966.015628,1239150973.696777,16D871EC17
1239208068.103512,1239208075.211914,5036A59B14
1239204202.932371,1239204210.7583,FE0032CD7B
1239215573.0,1239215580.208984,E417EC0A29
1239214177.227536,1239214184.363403,8BCB1B0531
1239213848.759892,1239213857.910156,66AA970A7C
1239213196.58984,1239213204.534179,7BD684181A
1239398235.153074,1239398245.554687,28F573FD49
1239395638.703125,1239395651.995849,FFB47EDF07
1239393103.050905,1239393112.947265,593F917FE1
1239395134.0,1239395141.951172,EE7A03E5E0
1239423418.818609,1239423425.8833,F9901834E0
1239423620.199707,1239423627.252624,5B3144F076
1239421334.750978,1239421342.023437,1A8009C9F3
1239439081.881834,1239439090.25,739BF34EF9
1239422612.3681629,1239422621.125976,9E5C62BBEF
1239426601.312501,1239426609.975097,C1879287D2
1239496727.679689,1239496736.0,5E7D3D113D
1239423235.383303,1239423244.822754,DEBBE736E4
1239425180.2021449,1239425187.722656,9DA955EDB8
1239442794.048825,1239442801.355468,FDF2BA1D65
1239488221.977904,1239488231.356445,FBD02B7FB9
1239415327.7609851,1239415336.087768,12D8800359
1239415648.435057,1239415655.688476,08242B8870
1239443921.5,1239443928.624511,0130BB1C25
1239444021.091796,1239444028.883789,B3304AA8E0
1239450833.399411,1239450842.867187,52BAD5472B
1239450967.6977549,1239450974.79541,C7FB14EB75
1239451086.074219,1239451095.612793,8C8DE82E34
1239433220.931642,1239433231.201172,AC3E357396
1239446613.5068388,1239446622.0,30109B71F8
1239429742.898928,1239429751.721862,7FDBA8CABA
1239414559.796506,1239414567.206054,11B015A317
1239434576.269535,1239434587.796875,2A46DFC8AD
1239440180.05469,1239440188.735839,239175DD82
1239491957.607426,1239491965.03125,E4E5C4B265
1239496873.914311,1239496881.984375,F53E3DD119
1239449764.597657,1239449772.0,DAB4CE9660
1239444177.5825229,1239444184.686767,A450963009
1239420813.387202,1239420821.070312,8AAC35F2B3
1239449532.890628,1239449541.264648,2A541C68FD
1239414430.2812471,1239414438.323242,2ED97A011B
1239435456.693851,1239435464.018554,2901BF196E
1239494294.2812471,1239494302.999511,D339B27464
1239424058.684567,1239424068.0,6CF0DBEAB3
1239417094.0805678,1239417101.765625,AD147E2C07
1239447640.41016,1239447647.789062,ABEAECAF26
1239495839.15723,1239495846.224609,C598C44530
1239494928.3466809,1239494937.036132,F81405F8EF
1239427546.55078,1239427553.696289,47FCB88503
1239490864.781245,1239490872.068359,DCDC3F5D0B
1239499281.414059,1239499292.289062,1D9975C6BB
1239514744.653323,1239514754.36914,F82B5CDAA4
1239509443.420894,1239509453.330078,DA064FA15C
1239543436.169925,1239543443.738281,DB1BB53869
1239591512.0,1239591525.578125,6A31435417
1239591725.25,1239591732.625,1F2393D3C2
1239593937.2812471,1239593945.027343,E19791B457
1239516485.702154,1239516493.241699,37C021B2CD
1239516936.8300772,1239516944.019531,3CFFAC3CD5
1239599137.081052,1239599144.557617,65D6721D6B
1239538861.552983,1239538869.052734,FA974B2D69
1239593175.2646449,1239593182.485839,54C4C6A68D
1239593382.6772451,1239593390.0,6FB7ED3828
1239525433.869142,1239525440.901367,CA60448AF4
1239525584.52368,1239525591.972168,6C76985E8D
1239525254.0598168,1239525261.507812,BFBB57D576
1239549472.9999971,1239549480.512695,83D2F40679
1239598921.5849638,1239598929.362182,0A2A6DF196
1239504357.102542,1239504366.111084,30D0257F2D
1239532942.980773,1239532951.189453,70AD116F63
1239508151.426149,1239508158.499511,5F9C26F227
1239508262.847653,1239508270.312255,DD2A5211BF
1239526414.273925,1239526421.35913,008296296F
1239541503.2043412,1239541511.181152,5F3F630E88
1239547853.774416,1239547860.914062,DDFD91E992
1239501102.9316409,1239501110.513672,B2181D1CD4
1239589123.001956,1239589132.765625,EE05E33326
1239505312.077144,1239505319.460937,8301991ED1
1239589453.3007822,1239589461.401367,2FDE80D392
1239532254.642575,1239532261.953857,88FBAA6817
1239532470.676761,1239532478.528198,31D183D169
1239534470.201171,1239534479.157226,62A1EFC70B
1239598421.4570272,1239598430.417968,1C5A92DCD9
1239530688.5928972,1239530696.523437,929BA0392E
1239509925.018551,1239509932.453125,139B884C6E
1239510132.9375,1239510140.249023,23C58033E1
1239595222.874995,1239595229.902343,80690E6C33
1239595309.553711,1239595316.917968,F8CA907EA9
1239595694.0,1239595701.094238,CCE9848943
1239552218.3857448,1239552225.586547,8007A83BA9
1239528970.0156229,1239528977.179687,77283CDC91
1239500610.6503878,1239500618.96289,C1D534FF3E
1239501688.487307,1239501696.65625,6AEE9CCE31
1239501946.167357,1239501955.58789,615FFF60ED
1239594802.792972,1239594812.482422,BB271A37D4
1239507524.1708992,1239507532.208984,898CF534B2
1239515218.510985,1239515226.599609,4FD0AA581F
1239597587.291019,1239597595.210937,B46BF0007E
1239597698.6894572,1239597706.173584,DAB5783035
1239503943.122556,1239503950.515625,653DE7E5D6
1239541465.6791952,1239541473.467285,03F1FCA8B5
1239588054.789609,1239588062.574218,888F8F2966
1239679301.447262,1239679308.652099,BF80C00516
1239678798.732419,1239678806.955505,C34453919E
1239675420.975586,1239675428.335937,138CD4C31C
1239612097.625001,1239612105.410156,71CC4B1FAC
1239686643.75,1239686651.816894,901AF56CBC
1239686966.10693,1239686978.086914,B8746498DA
1239633102.718755,1239633111.745605,738F11853B
1239614338.465336,1239614345.864502,1A48384C14
1239678232.75,1239678240.977539,EAF862E398
1239683190.917965,1239683197.927734,5241A1EABD
1239625864.134279,1239625871.875,4F60AC4659
1239680293.355469,1239680300.797851,AEA0898D6F
1239613197.2832,1239613208.0,02338281DB
1239674066.5346708,1239674073.548584,5EDAB405E8
1239624288.9819329,1239624298.532714,9971B802D3
1239742503.908204,1239742511.859375,A94506018E
1239783872.499027,1239783879.621093,FA47AEC448
1239796886.920902,1239796895.703125,FEFE341594
1239755459.997072,1239755471.092773,506010A2DE
1239791104.32373,1239791114.1875,CE4FB79C76
1239752718.507816,1239752725.584961,93A8D3D0FE
1239769283.826168,1239769291.073242,F12E4BCE44
1239742040.228517,1239742048.063476,9C3B0DE434
1239753310.241947,1239753317.701172,A578D18205
1239753673.250003,1239753680.850586,13E5C2F8FA
1239751617.764647,1239751628.926513,3AA697F551
1239789766.278321,1239789773.317382,1C292EEAC9
1239756288.0,1239756295.826599,A1C7635835
1239758115.0703158,1239758123.0,E3BEB2E9C6
1239789043.011722,1239789051.05664,336C5D7CC5
1239731666.800782,1239731674.018066,5C71CFBA42
1239731838.434569,1239731847.421875,4786C4A295
1239750716.541262,1239750724.177002,DBF80FA5E6
1239734527.170899,1239734534.855468,E6B08954AF
1239786279.115233,1239786286.74707,B67B691FEC
1239795871.477048,1239795878.5,2047AB6DAF
1239757531.194335,1239757540.351562,1D8E6E07C1
1239757873.7187512,1239757882.644531,7B6D4B522A
1239778436.0,1239778443.723632,5CCADE10D2
1239771984.580078,1239771991.632324,0429DCDA8A
1239741426.111578,1239741433.338134,2B62A5B736
1239732878.233402,1239732885.242187,52E8112229
1239783587.0312529,1239783595.541992,C1D22AFF72
1239781907.627927,1239781916.005859,2F52FECD65
1239747692.3562028,1239747699.724609,3723135B62
1239845874.0,1239845881.26416,BDA7269E4C
1239829257.9726589,1239829266.118164,7504537294
1239861924.767575,1239861935.384765,AC519A477B
1239877410.21973,1239877418.375976,25BB73CBFD
1239844900.50757,1239844907.510742,9F0B812DCF
1239863056.4814491,1239863064.905273,2F744C5F6D
1239846418.510745,1239846427.022461,FFD198ED5C
1239874066.509769,1239874073.576172,454881C77D
1239847215.815426,1239847225.131347,BBCBBF92EC
1239882004.355469,1239882013.877685,D18E0BC16B
1239848557.383791,1239848564.902343,E6560F06FC
1239848659.988284,1239848667.402343,531B4EE522
1239853095.494144,1239853102.863281,13508810F3
1239871980.060548,1239871987.190429,FE9B627CB1
1239888586.4599571,1239888598.908203,A45DD911DA
1239854785.1113229,1239854792.622558,2B267FF76F
1239853142.799803,1239853149.890625,61C00FE6F6
1239835047.6323268,1239835055.25,77C0195F71
1239805707.7539022,1239805715.166015,74400A8120
1239860818.374021,1239860825.779297,462B5F652F
1239867338.771976,1239867345.82666,A9FE24374A
1239897285.4687529,1239897292.65625,67426DB8D7
1239897353.759282,1239897361.18164,9EC68C6112
1239897444.614262,1239897452.540039,981D51BA74
1239803971.7002,1239803981.537109,1F90411011
1239862513.757817,1239862521.673828,4F09B39E5E
1239802482.465825,1239802492.172851,A4B5603C37
1239870452.2587888,1239870460.986328,8E18BE505C
1239830923.081302,1239830930.160156,AFA1C557A1
1239841753.90918,1239841760.993164,9398F67935
1239886851.973636,1239886862.413086,94CA35A53C
1239869901.578126,1239869912.893554,F8518A3683
1239845049.5483382,1239845057.307617,3B10C1EFB7
1239850857.993161,1239850867.614257,643751DB21
1239866772.4306688,1239866779.654297,A6F727D857
1239884392.0884988,1239884400.615234,FABD0E7894
1239826877.6708992,1239826885.496093,BE2315267D
1239843385.73438,1239843393.649414,D8F73E3929
1239835835.654297,1239835842.809936,E28218D8C3
1239891570.373043,1239891577.933593,A8F2BA740A
1239851291.792965,1239851299.157226,DBF42A9214
1239801995.553711,1239802003.350586,B68DAEB004
1239856926.725586,1239856935.194336,3EBE094741
1239805620.967288,1239805629.590088,EF373DB6C8
1239864701.5,1239864709.704101,A0157668A9
1239833353.909182,1239833360.923339,DB43290C0B
1239851488.569097,1239851496.0,3F563A6D64
1239848057.5244188,1239848065.440429,81E123C0CB
1239829538.3437462,1239829545.83374,08D503CFB1
1239840932.745367,1239840940.0,27A71B1EE1
1239859699.574703,1239859706.634765,2AEE76C6A8
1239876770.673827,1239876778.218261,CDB0213B01
1239827724.624996,1239827732.59375,53BECCB2C4
1239879253.856446,1239879261.110839,07546C9CC8
1239887189.125003,1239887196.18164,9644B9308C
1239803625.140139,1239803632.173828,4D6EBD5816
1239826184.064453,1239826191.973632,637001E309
1239825816.041019,1239825823.575195,382247EFC5
1239880142.344976,1239880149.393066,76809BE21E
1239836675.8964891,1239836682.970703,4D00156C7F
1239839392.617185,1239839401.833496,9C85425222
1239839884.083987,1239839892.960937,8B7593308B
1239898012.54687,1239898020.442627,BD39450AC2
1239826437.951168,1239826446.167358,1BC48F1CE2
1239826512.7500029,1239826522.793945,DB679C1566
1239887649.345702,1239887656.916015,EADC0E365E
1239865408.0,1239865417.234436,3B06EE4B91
1239889917.316403,1239889924.643554,7E44C3E5C4
1239889948.634277,1239889956.0,240B410CA2
1239962441.656743,1239962450.324218,AC11DC51D2
1239920582.0459003,1239920589.657226,2426B0C1CB
1239953598.371585,1239953606.167968,F2DF95F663
1239960670.3215308,1239960678.0,E3C0448020
1239944069.605468,1239944077.789062,3FF71F04AB
1239963076.8437529,1239963085.635742,5CF9E13C28
1239963224.0,1239963231.45166,FE7A5F0FB7
1239955351.2587872,1239955360.5,C61341324C
1239974786.642578,1239974794.156738,1522E80E73
1239922466.847656,1239922474.96875,076B8AA379
1239922506.470211,1239922513.986328,C815DF3D8F
1239922706.957036,1239922716.206543,A45614D34C
1239994266.7187529,1239994274.203125,42FE615D5B
1239924036.361328,1239924043.926513,3A2092F734
1239970961.223146,1239970971.021484,AE60D4F274
1239971119.4375,1239971126.824218,BB432A31DB
1239990783.169925,1239990790.448486,94CF21C41A
1239990812.0,1239990820.339843,E96543925B
1239910815.162113,1239910822.210937,781BA481EE
1239947333.096676,1239947343.568359,57B739D0D9
1239903220.541257,1239903227.65625,D4479B9939
1239903252.5,1239903260.0,9AD1A0FFB0
1239903365.66504,1239903373.685547,D76DFFB714
1239903415.743167,1239903427.396484,964695E892
1239903451.849125,1239903459.384765,9D79222B40
1239910327.007818,1239910334.962768,27FD4F39BA
1239907080.583981,1239907087.703125,25E93B20D7
1239907091.87207,1239907100.175781,A8724ADCAA
1239907219.097657,1239907229.75,3C80289652
1239983499.453122,1239983507.054687,8CC1304AC5
1239936289.359375,1239936296.360473,AA02DA8F3D
1239901585.792965,1239901594.099609,7F8E2100B5
1239941255.576662,1239941262.964843,A946BDA5E2
1239918652.200689,1239918659.976562,1D4E4A7EAC
1239979834.234372,1239979841.436523,B565DA1896
1239999323.56567,1239999331.1958,82DD5524B5
1239933836.801759,1239933844.130859,65408454ED
1239909169.059573,1239909177.200195,C8622D02CC
1239909640.614259,1239909648.785644,D64C119D45
1239909901.9443312,1239909909.039306,3AFAFE2D12
1239984341.2783198,1239984348.984375,79822320F1
1239932732.864254,1239932740.540527,B9A2D24866
1239923461.362305,1239923469.189453,94F87C05A8
1239932868.572752,1239932877.652343,76939AFDD4
1239954325.863284,1239954333.135009,C3DFB3FA5C
1239936542.447266,1239936549.689697,D00F6F1F1C
1239933767.53711,1239933774.59082,F0993F79D6
1239933790.60937,1239933799.076172,188828C215
1239901048.565433,1239901055.627929,9B48865487
1239919637.785156,1239919646.285156,D5A810E3DB
1239954959.745607,1239954968.0,8F5348CEB2
1239954996.207034,1239955004.250976,883B7F6F9B
1239914980.484372,1239914989.179687,32C7B3E5D3
1239998505.4179718,1239998514.148437,8EAECA765B
1239973887.6301248,1239973895.671386,2142CE24A3
1239917930.603512,1239917937.976562,383DFF3F3D
1239978403.435552,1239978412.250488,11EF97B817
1239994213.397706,1239994226.733886,03748F3A9F
1239905529.742674,1239905537.733886,802C3B4F8D
1239937939.162111,1239937946.761718,AA2C414054
1239945373.836917,1239945382.161132,EBEA5AEF56
1239917066.992184,1239917075.322021,EF6065554D
1239917268.056639,1239917275.545654,2D5BEC4F5A
1239905941.870607,1239905949.693359,7CD7FFC2F1
1239947664.337894,1239947671.515136,D33F7B0E29
1239953213.6777391,1239953220.821289,C563E2C9E0
1239982974.28223,1239982983.959961,28BA86B468
1239983264.679688,1239983272.010742,25CBC56D1A
1239972052.4707,1239972064.421875,1B85C32EA5
1239934206.477542,1239934213.641601,6F502FCAE0
1239996994.0,1239997003.697998,3842BC72A9
1239997031.97852,1239997040.0,A7DBE028FC
1239973596.360356,1239973604.267578,943E2D034C
1239972918.75,1239972931.382812,52B773B976
1239973037.052249,1239973044.08374,FF71994C59
1239914248.463867,1239914256.027343,624C3CF6C0
1239934782.388189,1239934790.188964,09E87DD31A
1239961535.295898,1239961544.792968,A32E7B9778
1239924557.073736,1239924564.959716,3E0DDAAA4F
1239998031.4765658,1239998040.915039,843362ABB2
1239912152.852542,1239912160.949218,2DB63874CC
1239911547.006838,1239911554.399414,F8D7B54E8C
1239911750.167965,1239911757.276367,E0B64A9155
1239931878.699222,1239931886.0,5B802B1A8B
1239949395.589355,1239949402.995117,4413E1BF67
1239988497.0576172,1239988506.824218,7AB9D4198A
1239961760.1357431,1239961767.739257,5D3C933858
1239904382.02295,1239904389.451172,8293F188A0
1239938404.434087,1239938412.704101,0F45F6CCDB
1239949315.6484408,1239949324.044922,CDDFD863DD
1239973446.1665049,1239973454.88916,0E4E690106
1239907597.707028,1239907605.054687,F62A02091B
1239919186.338867,1239919195.632812,7795FAD043
1239919304.047853,1239919312.569336,617235C45E
1239956968.877926,1239956979.238769,89B49CD80C
1239987644.907223,1239987652.604004,64F27A4E0D
1240030224.25781,1240030232.328125,9959804F15
1240030256.152349,1240030266.285156,B6DFE45B15
1240048977.7377958,1240048985.949218,E791B50DEC
1240083207.164552,1240083214.4375,14CADCAE21
1240083313.007326,1240083320.865234,0103A5FC42
1240054575.369628,1240054584.097656,F82D3C24BA
1240021188.3796358,1240021196.334961,576233250B
1240033679.784542,1240033687.864257,630A244984
1240029147.614747,1240029156.0,FD962D387B
1240027907.5000029,1240027915.982422,716282EB20
1240048059.369144,1240048070.951172,BEFEBC5280
1240016098.833006,1240016107.147461,C5920308D6
1240016245.431646,1240016255.564026,991D4B13BD
1240058153.316897,1240058160.364746,132AB96129
1240042961.0,1240042971.076172,33F0769373
1240022896.0,1240022904.049072,D8DB8CC8FB
1240043729.25,1240043736.364257,34ADEFA194
1240043880.286252,1240043888.685547,599219752E
1240044120.444459,1240044131.570312,3DECD0F0FC
1240083928.702145,1240083936.110473,867F47A525
1240022056.775391,1240022064.332763,F5A1ADA52F
1240022091.8349571,1240022100.693359,82969A59EB
1240033234.1357448,1240033241.326172,1D4A6F10FC
1240050913.030763,1240050921.548584,CFA4B68666
1240057552.1757789,1240057560.464843,5F2E7D39C3
1240055701.021488,1240055709.283691,4A5604CC89
1240043270.038579,1240043278.397949,0A1227B5D8
1240019568.194214,1240019576.0,8DB1AF2695
1240014697.782716,1240014705.980468,40D102244B
1240036443.6919,1240036451.708984,45B4549246
1240036610.394535,1240036617.974609,88CD4EF2AA
1240036372.553711,1240036380.935547,86B4CBD4AD
1240052488.00391,1240052495.435547,23015584B4
1240017680.0,1240017688.433593,F5F751F8DC
1240015432.548828,1240015440.0,7564F83C3E
1240015533.922855,1240015541.584961,4878A60579
1240023488.761722,1240023496.176757,108E91FD9F
1240043329.59375,1240043339.913086,B2C64FEEEE
1240043505.519528,1240043513.694336,2E3DEE1C04
1240050574.0742218,1240050581.216797,5E3A3E5F75
1240029250.458004,1240029258.555664,B63CD0F393
1240046378.536129,1240046385.754516,E7A0F89D16
1240046526.2539089,1240046534.472656,B5373BE075
1240081525.593755,1240081533.173828,C801FA0FD6
1240085239.457035,1240085249.500976,07109B233C
1240085285.100587,1240085295.375,792AAA9A3E
1240044295.0830069,1240044302.373047,1E8D1474D6
1240047623.179685,1240047631.938476,B7BC375B8C
1240047698.6909208,1240047709.631652,06D7A4FD1F
1240082352.41797,1240082360.600097,0BD46547CA
1240015703.364261,1240015712.435058,5316EB3C0B
1240015768.8092642,1240015776.022949,2B42F115BF
1240015961.510741,1240015969.752563,A7C9C02C70
1240015978.0,1240015990.0,6D0EFC5234
1240056113.800778,1240056121.054687,C5B4A05159
1240058914.681151,1240058921.747802,92EF5CBC55
1240045686.0,1240045693.727539,0A0F63ED40
1240045719.568356,1240045726.845703,0A44272470
1240055157.684567,1240055165.200195,6D87535CF9
1240055053.910156,1240055061.866211,381BF20129
1240086867.723634,1240086874.746093,A633CF3DE8
1240086473.1601532,1240086480.52539,B3BB472C22
1240080710.16406,1240080717.727539,F8A43F7BB5
1240020167.8554728,1240020176.0,49BC42D9D6
1240163600.240231,1240163607.560547,6FDDC6FE9F
1240163678.783206,1240163686.447265,0C7BC2BBD0
1240130076.485841,1240130083.578125,CDEEEB61FC
1240141714.19531,1240141721.65625,1EA6B234F6
1240141734.0,1240141743.283935,2CAF2CDE99
1240141784.567867,1240141791.714843,852DA7B7C5
1240120480.0554209,1240120488.763672,53FFBCC9D2
1240124799.054692,1240124807.53125,731912F0DE
1240126168.902343,1240126176.720214,4815E9F6C9
1240126299.250002,1240126306.481445,4681A03979
1240192654.127927,1240192662.93164,7D9F2E241E
1240184740.0,1240184750.93457,BBD7F1EB52
1240111121.7187471,1240111132.608886,B69CC25F62
1240115744.645512,1240115755.517578,C1F85C2270
1240130554.974486,1240130563.050293,8E945C6769
1240158680.763675,1240158693.022461,659086366D
1240135728.567384,1240135736.807129,78DAA6CC5B
1240135848.117192,1240135855.196289,B2931826BB
1240114699.5937529,1240114706.78955,B58907909D
1240114765.091793,1240114772.874023,1857600FBD
1240110365.596925,1240110372.714843,4DA65C973F
1240110625.532227,1240110636.15332,79DC7972C2
1240159010.0,1240159017.703125,AD32A4880C
1240132427.169437,1240132435.608398,7A73B2AEB8
1240168035.07227,1240168042.097656,29C12BC320
1240138197.855472,1240138205.0,B1B4CF9C2A
1240159573.5275831,1240159587.848999,7659E51360
1240117134.791016,1240117142.109375,2155F767BE
1240134983.4780288,1240134992.272461,9ADC73836B
1240166427.980465,1240166435.314453,1F43275CED
1240185117.488529,1240185126.678222,57263FAC48
1240123553.350582,1240123561.933105,FE24A96A86
1240123070.00171,1240123079.506836,A37054E2A4
1240126473.634762,1240126481.984375,617B5F74DA
1240126604.0146532,1240126613.829589,1A2628317D
1240184395.696292,1240184403.25,1E480BA46D
1240143189.086915,1240143200.662109,39F84CDF16
1240119837.093753,1240119844.43164,E778653094
1240114304.833984,1240114312.757812,2085742F44
1240134315.212404,1240134322.318725,19B2B69C0A
1240114450.107426,1240114457.5625,8F6B2B1722
1240114650.017942,1240114658.0,B5080B8B3E
1240126974.781247,1240126983.415039,884C087A5B
1240199998.297853,1240200006.514526,A88A9E4605
1240140738.380856,1240140745.46289,B393287223
1240140754.6496542,1240140763.787475,9D9BEAFF27
1240154680.322262,1240154691.5,98596E5E14
1240157778.6582,1240157786.723388,B3F1E4BA47
1240125625.171874,1240125632.555664,A4031F43AB
1240139371.68555,1240139379.387695,D4680ADD33
1240139536.2812529,1240139544.116699,F23EBD2B0C
1240111562.8125,1240111570.25,1EDF7DB50E
1240190553.801271,1240190561.188964,7EFBCD37FE
1240190796.283941,1240190803.563964,5E75613F01
1240190877.332524,1240190884.625,6E0513DEF5
1240191092.025387,1240191100.426757,3CE1292351
1240161844.0,1240161852.742187,07AFB8D67C
1240188726.6669922,1240188736.338867,13C405388E
1240118424.245118,1240118432.339355,9FFDDC9658
1240118526.73389,1240118534.787597,FBAE6EF68F
1240190512.611815,1240190521.348632,DC608F70CD
1240162511.799807,1240162519.460937,FC5EBEC216
1240129335.0988748,1240129343.029297,456B50DBE8
1240129784.6769998,1240129793.159179,300E587290
1240131748.234375,1240131755.472656,8157D0D0A3
1240131825.869144,1240131833.238281,8C68414006
1240131845.18536,1240131852.858398,A8F58F0C3D
1240194682.06738,1240194690.0083,D581B84B43
1240109396.0,1240109403.154297,538AEF7412
1240109425.6474638,1240109434.250976,EEF82CB55F
1240109456.0,1240109463.692382,0FCBB1D727
1240109607.020504,1240109614.404297,029494AE7E
1240188028.255859,1240188036.830078,C9470F2A95
1240188230.7138698,1240188238.0,8FA0BF8DE8
1240188341.965826,1240188350.347656,6C32EFBB6F
1240117881.948242,1240117888.973632,EE5F6441F1
1240117957.426759,1240117965.363281,0EBAC211D7
1240197023.386473,1240197030.700683,364FDF11C4
1240197079.775394,1240197086.827636,B1B6BEC873
1240118966.8164089,1240118975.40625,71E6F2FAC9
1240119092.58399,1240119099.68103,A961E406F9
1240128327.341306,1240128336.493164,9EF0051AEE
1240128337.857665,1240128344.888672,3B6A1A4499
1240141153.190917,1240141160.500488,6EFBE97F1A
1240141280.474365,1240141287.503906,CDBD5477B6
1240139160.27344,1240139168.488281,5A91FD6FB0
1240167146.403317,1240167153.709961,E3A1C3E426
1240141513.7451198,1240141521.690673,C86321CC3A
1240136071.836917,1240136078.928711,EBD27B500A
1240136366.0,1240136373.675781,E24897059C
1240187809.279302,1240187817.015625,022C564FBE
1240187838.0117168,1240187845.15625,4BC1709C35
1240152068.1630888,1240152075.225586,419A611C4F
1240181507.687502,1240181514.722656,8DFBE93B52
1240130921.3095698,1240130930.0,D1348ACC73
1240130963.1002152,1240130970.576172,2B6FFE29E3
1240148268.648927,1240148276.907226,7F22B97E9C
1240127365.6787138,1240127373.453125,5F44C08DE2
1240194107.795897,1240194115.020996,994CEE43CF
1240188878.708011,1240188886.373047,7E75F1F05B
1240188895.319339,1240188902.818359,633CA98554
1240189129.349613,1240189136.855468,145602671F
1240109903.6992218,1240109913.390625,84B216F0C5
1240109996.493654,1240110004.832275,D34A723849
1240110156.988531,1240110164.0,3230CEAF67
1240130140.562495,1240130148.440918,43EE6CD604
1240177909.679689,1240177917.094726,530249590C
1240116141.553715,1240116148.742675,B884867C60
1240116439.1474571,1240116446.312255,C802A0F036
1240144704.1748078,1240144713.632324,AD348D25CE
1240142735.421872,1240142745.061279,AC96510FB6
1240181319.37427,1240181326.853271,5437703E47
1240145750.867185,1240145758.177124,CF2A3BDFD8
1240113998.374021,1240114006.98999,7DAF794916
1240127559.8749971,1240127569.637695,490C147EAD
1240127794.219731,1240127802.058105,DF458D0CED
1240191814.613284,1240191823.707031,F18D83C9D7
1240137032.946775,1240137040.656982,221D89F3EA
1240187176.810551,1240187184.091797,578969A643
1240163130.0,1240163137.167968,F384C19BE7
1240122319.056642,1240122326.502441,EF7FC49C7B
1240113240.281251,1240113248.002929,CD77E71E5B
1240198602.9851089,1240198611.737304,42D2243313
1240110808.25098,1240110816.222656,0B2B6BCF35
1240146862.3237329,1240146870.378906,7F94DE6DE7
1240157069.86914,1240157077.538086,9B3ACFDBDC
1240122839.637698,1240122846.676391,66E6756D10
1240273159.6826189,1240273166.783203,252BA6583D
1240298405.415039,1240298413.507812,FDD4D969CC
1240238786.00781,1240238793.55957,68C8FB6995
1240230289.81641,1240230297.0,A8248DB8F8
1240276809.733398,1240276817.123047,020B739524
1240282672.05664,1240282679.833496,09784F5A84
1240292570.186036,1240292577.364013,F875A90909
1240202532.416019,1240202539.779297,EBFD85DFE8
1240202646.988278,1240202655.524414,91F9A45E9D
1240262501.425784,1240262509.0,89C49F007F
1240262542.0,1240262549.256836,A7E9BDF7C4
1240231637.43213,1240231645.397827,1410ADB083
1240204605.949223,1240204613.030273,D32D8661C8
1240235260.782104,1240235268.707519,50E70BE4A8
1240287306.437501,1240287314.513672,CD81BC61E3
1240275317.1092498,1240275324.330566,E511CA6796
1240285901.688968,1240285908.799316,EEA734CD52
1240270895.190183,1240270903.071289,FDF3F93142
1240217878.894528,1240217887.57666,3FC1AF0883
1240288373.949222,1240288381.216797,57D51943EB
1240244526.226566,1240244533.373047,5798AB33BF
1240203313.6875029,1240203321.433593,5DFEDB0F22
1240287048.7846708,1240287056.149658,2D71863C50
1240218813.1826198,1240218820.519531,E0BE02DA27
1240296542.820309,1240296550.395507,E7248AB23E
1240207057.25,1240207068.144531,F4D20F260A
1240212624.5693388,1240212631.60791,8FC9E88B52
1240264322.3847628,1240264335.155273,0B65B85D9D
1240261530.6140149,1240261537.763183,7C0CBDA7E5
1240276589.771487,1240276596.940429,B7E95AA858
1240216583.430668,1240216590.805664,F1A5395F96
1240272054.572269,1240272061.810547,1D9FCCD95D
1240236440.291744,1240236452.289062,AEB1167433
1240204712.061527,1240204719.195312,60582C5324
1240201362.672852,1240201371.267578,382EB2E2D1
1240252087.8335571,1240252095.792968,B0A181A99B
1240251266.0,1240251273.099609,DC1459F580
1240277242.64746,1240277249.90039,FCA96800D1
1240219660.8310578,1240219668.922851,60FD5C60E6
1240227012.294678,1240227020.011718,CCAEF3F437
1240227123.827153,1240227130.93457,BC37BA0D11
1240219152.677731,1240219160.614868,B58FC2A3E0
1240274789.460449,1240274796.827392,2028537E25
1240205545.666012,1240205553.084961,E4A6131603
1240203863.241207,1240203872.345703,09C1255883
1240203962.0,1240203969.515625,63FBB51D67
1240204202.301759,1240204213.0,5B4E8FC50C
1240218362.250003,1240218369.910156,D582749959
1240215913.320315,1240215921.1875,8B4DE8C1BC
1240283858.2783198,1240283876.0,0CFF041E31
1240206230.243164,1240206238.007812,E558A82715
1240266320.868165,1240266329.464843,49E0588CC4
1240217060.9023468,1240217068.0,24BAD32B30
1240246780.339601,1240246787.677734,F9D56F3DF5
1240211349.61231,1240211357.033691,901C0D28B1
1240211428.3222678,1240211437.0,6CA89979B5
1240211601.100583,1240211608.836914,2F72959B9B
1240242706.7390091,1240242714.90039,3B32E44236
1240277494.0136771,1240277506.0,0A66C275B8
1240279444.829102,1240279452.049804,3144E950E4
1240279581.042966,1240279590.0,7D295B5BEC
1240228543.9130888,1240228552.240234,04A70F1EB9
1240228602.194339,1240228609.911132,9B5D29A468
1240280406.0,1240280413.565918,CB1D8E6238
1240240317.8437471,1240240325.396484,FC1E549F74
1240278668.004887,1240278678.197754,4851C77056
1240212345.978516,1240212355.28125,9759DE2237
1240250643.047362,1240250653.454589,9A99C922C5
1240228032.108397,1240228039.234375,6910AEBC42
1240259791.9501948,1240259800.0,EF6367A358
1240259874.870117,1240259885.471557,91BD3C4596
1240200729.9423828,1240200737.092773,88655BD8A5
1240290142.0,1240290149.133545,1A915EF247
1240397174.0,1240397181.572265,596BD597F0
1240397496.267091,1240397504.687011,26A3C770A4
1240307420.675786,1240307427.819824,BD77B08E5A
1240358030.286138,1240358038.328125,4A731A6BAE
1240352762.9326198,1240352770.416992,8E7B1452F8
1240352880.123537,1240352887.701172,DE517FC2B8
1240351199.003903,1240351206.236328,2785D67E30
1240385425.166012,1240385433.83081,8FD426B5D8
1240321033.7238748,1240321041.890625,DE3A407A23
1240396147.028812,1240396155.111328,7AA124A1F9
1240369139.640625,1240369150.745727,7BFD3F2ED5
1240325386.8613229,1240325393.915039,EAB5533DBD
1240341308.0,1240341315.109375,8739671046
1240395125.757809,1240395133.188232,37DB44CB61
1240365615.0000048,1240365622.167724,B6F97BA0A2
1240310352.736332,1240310360.430664,AFEF441759
1240351499.738284,1240351506.902343,C0D0890DB1
1240327217.67969,1240327225.75,378A32E9AA
1240314851.399415,1240314858.827148,8A268D0124
1240315332.284667,1240315339.716797,C025DD5787
1240304609.9667988,1240304617.483398,EF12C4A26F
1240306914.916019,1240306923.757324,36D129C490
1240314152.233886,1240314160.821289,845F7155C9
1240356265.080076,1240356272.884765,962BF0CF34
1240322152.112309,1240322161.16455,3BDC206A64
1240349570.5498009,1240349577.682129,74F25C4D06
1240308266.57813,1240308277.666992,1E2BD30D72
1240332362.2499962,1240332369.535156,68456E210A
1240320136.359378,1240320145.508789,C7C2D22CFC
1240390167.400632,1240390175.134765,D81E3B614C
1240336680.1005812,1240336687.439453,160B7B364C
1240358742.3212929,1240358750.024902,B2F8C9BF13
1240342587.509769,1240342596.378418,8EF610B0F0
1240331777.179445,1240331784.433105,669DF75E29
1240321496.503903,1240321503.761718,7CA0007B67
1240302158.935548,1240302166.432129,121D6734F2
1240374587.592772,1240374595.9729,D2B8B87F9A
1240361880.5476089,1240361887.821777,19AE23C45A
1240391447.4375,1240391456.745117,2895B9EB78
1240391482.52637,1240391489.539062,4A5384421C
1240313077.9531288,1240313088.273681,3CAC161E23
1240337045.572262,1240337053.125732,0740D42DA8
1240337234.2099571,1240337242.58789,0813183E2F
1240324281.297857,1240324288.421875,136CEAA7B6
1240354802.360592,1240354809.625244,4617398C1A
1240354911.316403,1240354919.053222,8A2F9A8804
1240371345.175784,1240371353.918457,336FE1D19E
1240371354.019527,1240371361.96875,C0E7CA79B2
1240377543.227544,1240377550.696899,9DD7105833
1240388254.983395,1240388262.337768,3BB70C75D6
1240375098.35742,1240375107.148437,739276ABD8
1240332504.982179,1240332512.272461,B9B61ADE20
1240392149.069332,1240392156.5,9F60B7E8EC
1240366050.51953,1240366058.25,23EE78DC64
1240355991.326168,1240355999.632812,D4B25F7BCE
1240381021.864261,1240381029.899414,E88E0AE7C5
1240315972.992184,1240315981.707031,B1EED8898E
1240317568.0,1240317575.509765,887179EB26
1240343418.677731,1240343427.152343,2EB6CF4E46
1240311998.400393,1240312005.762207,48AB27CF34
1240337692.449222,1240337699.880859,15649B1A1F
1240300309.763673,1240300317.0,4C132C1CBF
1240309645.072262,1240309654.235351,A0EE757771
1240309802.011715,1240309809.207031,A9B0CC1557
1240335099.854985,1240335106.935547,CF74087314
1240395518.35938,1240395526.942382,07887B5642
1240394644.359378,1240394651.638061,98F2B5324F
1240328005.332521,1240328013.904297,8D1B0E2D9A
1240360497.831051,1240360504.963867,2340E41FE5
1240375403.129888,1240375411.154907,D617E1C82E
1240349271.146974,1240349278.983398,7AEA8E40AA
1240389873.132816,1240389880.854492,9C1C34A1C2
1240305503.662106,1240305510.77832,80D87CC3BE
1240381465.464848,1240381473.628173,238ED04877
1240309135.279302,1240309143.193359,AF451FC269
1240309327.1015658,1240309334.432495,3652F8E11D
1240390954.499022,1240390961.8703,4DAE362608
1240399282.284182,1240399291.319336,BBF39A8ABA
1240379901.140628,1240379908.865234,86FC7FCD13
1240340728.079098,1240340735.746093,17ED6CCB21
1240340909.119144,1240340917.230468,CC4EAFFA17
1240428119.059567,1240428126.644531,D0AFD04BDC
1240496141.37402,1240496152.0,BF9E7A92EA
1240496227.394528,1240496234.694336,5350C0B70F
1240431794.817869,1240431803.496338,FAB940F038
1240453062.46973,1240453070.041015,6BDAB97DAD
1240451258.991215,1240451266.0,7C8BDEC5E5
1240431859.211674,1240431867.805175,5CD0104C9E
1240452320.682617,1240452328.667968,C5AAFC2EC2
1240404126.619144,1240404133.918945,8479F6D78F
1240494095.939453,1240494103.062011,C1D25F6AA3
1240482936.650393,1240482944.394531,E8A7F3FBE5
1240461313.530153,1240461320.752929,E1BD7E0DF8
1240420424.03125,1240420431.689819,2625E4D865
1240439558.7167969,1240439567.920898,D3F458EAC5
1240484357.3088422,1240484365.319336,3BE2D720EE
1240425888.603517,1240425897.645507,185AAFE3AA
1240472761.168945,1240472770.111328,6F1E2F9070
1240472779.621097,1240472787.220703,476CCAD00E
1240490567.209348,1240490574.625,D4835D8284
1240435998.701662,1240436005.782714,CC7D80E9EB
1240488513.7490191,1240488521.030273,4BB89B0320
1240421755.915647,1240421763.71289,186EE606EB
1240494150.514034,1240494157.649414,AEEE7357E4
1240494180.351567,1240494187.510742,EF1F62CBA9
1240401481.193363,1240401488.259521,C163A84634
1240452050.699215,1240452058.0,9352C4EA48
1240423724.4443312,1240423732.0,820AF6D7FF
1240434389.249511,1240434396.297119,5D6F9E6703
1240452689.088867,1240452698.395507,460172565E
1240452829.945309,1240452837.125,703E8F5A4E
1240485788.37817,1240485795.384277,C566674532
1240427107.1279328,1240427115.55542,3E94A5F9E1
1240427206.182798,1240427213.903808,E1DC52C618
1240412158.233395,1240412168.072509,A1A249B1F2
1240438257.546872,1240438267.210937,84C217DD70
1240436534.0,1240436541.740234,94B71CAFF0
1240456601.437499,1240456608.624511,7F4F89C89A
1240458945.9223628,1240458953.0,6A56065C17
1240495659.967777,1240495667.318359,9059C2044A
1240424026.644531,1240424033.907714,2842BF7852
1240466987.17187,1240466994.455078,A63949C428
1240424508.519535,1240424517.34375,CDA53E048A
1240441057.923831,1240441066.881347,77E102468A
1240405182.184078,1240405190.100586,7F8749E44A
1240438670.8100631,1240438678.518554,3AA025966E
1240465726.0,1240465733.697265,85136F759D
1240430001.40234,1240430010.013672,174C969084
1240479792.241521,1240479799.375,3C6D1E7CA6
1240449858.681643,1240449868.445312,1AB2072D34
1240471726.0,1240471733.950195,35C60E2157
1240417271.125,1240417279.0,0259905F92
1240437339.8261771,1240437347.371093,757022142F
1240437370.841802,1240437377.917724,A69F5E9098
1240437531.762212,1240437541.05664,3FE15559B9
1240469246.431637,1240469257.910156,154D1AF3E1
1240409377.389645,1240409384.66748,4CAF065C7F
1240482424.676761,1240482432.545898,4E29CE0B8E
1240482570.34375,1240482578.534912,2E744739D4
1240482629.6669948,1240482638.569336,D3AD8E5BDA
1240462766.781737,1240462773.943359,675464BC56
1240449424.696046,1240449431.798584,D152906B58
1240458298.004634,1240458306.36914,8B966B8D9F
1240402964.810544,1240402973.987304,1ABD8238A0
1240416844.842773,1240416853.842773,FFD0AEE897
1240499566.4375029,1240499573.769531,166AF1CA2B
1240483467.68775,1240483475.933593,31507F435A
1240447488.767333,1240447496.610839,C5973A212A
1240447503.04566,1240447511.20166,3359EA3AE0
1240498075.854488,1240498084.008789,A6D8AEE8A6
1240498136.099612,1240498143.922851,83704F1430
1240488223.6201131,1240488230.798828,A737D28B16
1240487023.853521,1240487032.382812,24E1EFCF4D
1240448062.9943829,1240448070.051513,91731E1AE1
1240448108.638669,1240448116.771484,82C913188F
1240479356.3745148,1240479363.787109,B2DA8247DC
1240479415.28418,1240479422.938964,0516249C1E
1240413993.802737,1240414003.004394,F3AA5808F1
1240466113.333988,1240466121.029297,2E192785A7
1240466352.041379,1240466359.425293,BFD5E07345
1240466508.8637729,1240466515.90332,7FCCFDA7FB
1240493232.178955,1240493239.327148,C3F22CC457
1240421353.706052,1240421363.852539,4794830D70
1240485893.903814,1240485901.500976,9C513F4F86
1240411155.16504,1240411162.36914,ECC7DF4056
1240441420.75,1240441427.908203,AED9FA226F
1240446142.7919948,1240446150.417968,8A7207C6B0
1240406224.9287078,1240406232.829101,CBCB4C8D0E
1240440283.652346,1240440291.128906,37299A14B8
1240470980.66699,1240470989.08789,8E3773F74C
1240471333.990232,1240471342.451172,9C80C2D983
1240442686.6162071,1240442693.691406,901D43A2DF
1240487502.833011,1240487510.215576,D8B0A63832
1240506864.546934,1240506871.599609,61EEB39B44
1240504983.591795,1240504992.269531,C9662AA708
1240524645.695313,1240524652.881836,88254D92DC
1240511111.531245,1240511119.051757,C7DADF4D70
1240598481.9951131,1240598492.151123,513A7C7120
1240579319.857662,1240579328.041992,6515708D59
1240565579.894532,1240565587.208984,E5382E827E
1240565591.9600809,1240565599.12622,93607F9984
1240500646.07031,1240500653.364135,DFE4567926
1240518860.007808,1240518867.737548,CC916EC505
1240523066.998047,1240523074.460449,D631CE8DC9
1240523287.2939448,1240523295.657226,D9A154C359
1240517458.097657,1240517465.417968,A829501FAF
1240562766.120114,1240562773.18164,F1B96FF12D
1240558625.734375,1240558632.954589,1045FE2230
1240514066.422849,1240514074.263672,6F1D154C0D
1240569917.048825,1240569925.03125,F8F32F9DC5
1240501683.4392078,1240501691.961059,6BC1AB9D3E
1240562981.079098,1240562990.696777,D6CB89E0B7
1240510610.065426,1240510618.154297,B018793F94
1240510861.981327,1240510869.155517,C137189F50
1240505366.900393,1240505374.992431,94E8B9FC42
1240505623.761722,1240505632.0,D21D01855A
1240528460.8310552,1240528468.054199,C3CD2E2F0B
1240594933.547847,1240594943.479492,9DE98FA3CC
1240575342.10474,1240575352.208984,7A80AD6551
1240571842.0,1240571850.710937,A15C47582D
1240571881.2900372,1240571890.445922,B10663EB4F
1240567203.05859,1240567211.561523,5278406F3D
1240567265.143551,1240567273.186035,047C479697
1240513056.2171671,1240513064.589111,65F9B0D904
1240513186.236328,1240513193.390625,12B7622282
1240513317.5332,1240513324.93164,41B2704B02
1240571042.2486532,1240571049.552002,970E2232B7
1240560081.4755888,1240560088.701172,609666612D
1240560099.841307,1240560108.058593,B248C7A927
1240520987.952144,1240520998.609375,2A03EF24D5
1240597466.583986,1240597474.409179,07532D07B7
1240597480.049801,1240597488.0,9D460C4829
1240562401.490231,1240562409.251953,FC8AB658CE
1240525754.128903,1240525761.130859,4996DCD96B
1240526839.786622,1240526847.488281,6D79FC6632
1240577696.667842,1240577703.743164,9C74D39701
1240509564.84375,1240509573.769531,FC3A623F52
1240557392.781255,1240557400.745117,06AC076583
1240542624.0751948,1240542631.560547,9841846B5A
1240542736.0,1240542743.265625,2158BC82C6
1240502596.0,1240502603.972412,0B889DEFC6
1240503533.316408,1240503543.960937,6FA4B2F853
1240564970.0,1240564978.691406,6BE9835817
1240533066.62598,1240533074.231933,B87BB96EFA
1240520103.672848,1240520110.885498,025CCD9670
1240500172.027345,1240500179.75,1DC95357E4
1240567750.835941,1240567757.964843,5CF22853A5
1240503842.5957038,1240503851.089843,A392A70779
1240518154.578125,1240518163.240234,08F9718820
1240528883.023442,1240528890.039062,A1CF870ECE
1240583155.945309,1240583164.959228,850FA6B0AB
1240567399.988278,1240567408.0625,749496EF0A
1240567489.1914089,1240567500.514648,CB6A69643B
1240574772.102416,1240574779.136718,36506F7172
1240508187.4404328,1240508194.755371,8CC102A05D
1240555516.665035,1240555523.830078,629419288B
1240501206.75,1240501215.366943,EA88ACC6E6
1240585512.115237,1240585523.773437,1230C55280
1240540895.6445272,1240540902.86914,72918F2190
1240573297.7929678,1240573305.500976,10BAA83568
1240573610.2304652,1240573618.408203,346A50DD81
1240556186.489747,1240556194.354004,6A13040B2A
1240527005.263668,1240527012.899414,29FD6FE1A5
1240554210.0,1240554217.135742,AF9F67B936
1240564403.662113,1240564410.842773,03D2D7EA9C
1240551283.0263689,1240551291.148437,9943C3E13A
1240543130.092291,1240543139.171875,78A75CF1A6
1240660298.7412138,1240660305.925293,DEFD6F5932
1240650004.348636,1240650011.702148,A46524AD7C
1240640518.718751,1240640526.26123,0E709C8AC0
1240640583.607419,1240640591.457763,FB05BE3A9B
1240664537.579098,1240664545.445312,3C24605665
1240664641.410156,1240664649.25,C27C9052C3
1240659290.1967802,1240659297.207031,756C9C1E57
1240661983.252926,1240661991.070312,D16DB682F9
1240661703.042969,1240661710.722656,C4257386F6
1240661764.18945,1240661771.331298,F37C639BAD
1240623984.129396,1240623994.290039,D13D2A584E
1240631455.6687012,1240631463.73291,7C59260B07
1240661197.125,1240661210.456054,CCA41354AD
1240632226.37305,1240632233.661132,89E6C40413
1240637151.083253,1240637158.177734,05C0672232
1240623432.53125,1240623440.224609,EF85EE25A2
1240622107.2929718,1240622118.061767,73780A5A58
1240622201.3666952,1240622209.357422,8700E126AB
1240639035.260744,1240639043.222656,9AC9D9DE17
1240639342.960935,1240639351.273437,CAB55C604B
1240641099.6525898,1240641107.72705,FBA75C6623
1240660082.625,1240660090.520507,8AC07E8C30
1240645620.719732,1240645627.973877,1BB7A4E0E2
1240648202.120116,1240648209.128418,221014E9E0
1240627676.0,1240627684.490234,33DC1B4F0D
1240606410.108404,1240606418.161132,2556ED2BEA
1240624115.5185502,1240624125.223144,A2DC0948C0
1240624220.351559,1240624228.313476,B627D9776F
1240624780.005735,1240624787.039062,0B22369375
1240630067.720699,1240630075.789917,AD71F6ED2B
1240622770.8124971,1240622778.625,69119C0BCC
1240622795.82947,1240622803.335937,85FBD67897
1240622968.8124971,1240622979.106445,04925B42E0
1240640054.78101,1240640062.541015,1EE55DE264
1240640164.0,1240640172.132812,AB7C7410A5
1240601759.961917,1240601767.456298,DCB71B4B2A
1240652657.439456,1240652665.927734,BF65222C8D
1240602953.398434,1240602960.523925,A4CFE993D7
1240639557.578128,1240639566.256836,03AF06EA00
1240628935.07691,1240628942.603515,A1F1C8B9D5
1240629104.540042,1240629113.535156,25C2475D9C
1240633480.113278,1240633489.28125,AF0721EA39
1240633540.8505888,1240633548.077636,0BEAB9C6A5
1240629841.8535202,1240629850.345459,E7F162FE17
1240629851.519532,1240629859.45581,491EB55321
1240642570.164312,1240642578.361328,BF74D280B3
1240654191.919919,1240654199.442382,05F0906D95
1240625712.175784,1240625720.161132,D02F0B7B20
1240625916.7143588,1240625924.831543,BB85DA11F6
1240653175.599615,1240653185.398437,7CB11EB7AF
1240653495.868161,1240653502.91748,490B5B2AF8
1240626968.828121,1240626975.935547,27C0DB70C6
1240635424.283696,1240635431.346679,3BFA193A2F
1240646362.7294972,1240646370.371582,2E5683E8CD
1240624894.512815,1240624902.078247,F7219E8B09
1240625128.215575,1240625136.563476,D6E3D57B48
1240625142.3730512,1240625149.405761,32C27A11D8
1240625247.127926,1240625254.132812,B7266F4B61
1240625260.5241652,1240625268.644531,E50B35AC08
1240666869.483396,1240666876.541015,539AB336A4
1240604616.544926,1240604626.8031,E6F58F8C86
1240621723.441896,1240621731.166504,1E6F303932
1240621963.872198,1240621971.228759,4EA78324F1
1240627822.07324,1240627829.860351,B7F704B723
1240628010.717287,1240628018.773437,88979D3EC2
1240743866.608402,1240743876.019531,59ADFA7C50
1240743876.035161,1240743885.295898,1C543C2B2E
1240744101.417722,1240744113.824218,6DB4F69BCD
1240706786.018551,1240706794.086425,A5DCCA1445
1240716314.8662138,1240716326.327148,2DCB71397F
1240716947.430661,1240716955.68457,2D6A4B6010
1240722958.679691,1240722965.850341,125E107FE6
1240786439.4482448,1240786447.264648,A5D7520855
1240786701.06543,1240786708.453857,28446978C1
1240752487.636716,1240752495.756836,5B6C6ED291
1240753465.509769,1240753472.859375,035F3882A7
1240756939.341802,1240756948.311523,15F7F6F2E5
1240703072.382566,1240703080.096191,9B166D3248
1240730635.045895,1240730642.605468,7F0D7C9069
1240723800.469723,1240723808.128906,69082AF85C
1240745352.617192,1240745360.824218,5AF2393C26
1240745682.248045,1240745689.691406,B39AD982D9
1240709253.955075,1240709260.992187,8337F48274
1240709312.611325,1240709320.515136,6A73513DA8
1240709359.2424371,1240709368.763672,E80D8E13FC
1240728991.720216,1240728999.068359,7538AFC3AC
1240747857.4570289,1240747865.738769,3F738603D0
1240722100.1874971,1240722107.851562,274E003299
1240791967.791746,1240791975.113281,B8E51B19A3
1240711451.14062,1240711458.268554,3A80A29E91
1240743412.341551,1240743419.96582,A4E0CD2EB6
1240743627.1162071,1240743636.375,ED3F4118E9
1240734419.057124,1240734426.897461,D18F4B212F
1240702808.372067,1240702817.296875,BEAF3CAC2C
1240722586.138183,1240722593.911132,A5C64A33F5
1240761711.4453158,1240761718.975586,90AF6538D6
1240701932.905276,1240701941.509765,3E328BF4FC
1240702350.2539089,1240702360.542968,E0D3D701E3
1240785788.760255,1240785798.05542,D8EF5B1E01
1240788780.898434,1240788790.328125,32CDEF8593
1240713572.5576198,1240713580.045898,55B7EE7D8F
1240732410.011476,1240732417.713012,6F9E116FDE
1240732531.367184,1240732538.474609,298A7097BD
1240716052.054688,1240716060.280273,6B4D354A09
1240773977.146488,1240773985.220214,E2EBEF9308
1240707050.630865,1240707058.088867,AEA52D9B13
1240713239.923825,1240713247.710937,77A6A645B8
1240719400.318356,1240719407.668945,F3E51011D6
1240722244.369137,1240722253.366699,374D28B380
1240744668.574222,1240744676.927734,BECA929E4C
1240744681.5761771,1240744688.860351,E26A9996AB
1240785451.0142782,1240785458.641601,FA1BAD5409
1240744918.40088,1240744927.694336,4864205194
1240704326.852541,1240704336.372802,DACD512E09
1240754229.720701,1240754238.841797,C9763261BF
1240772786.890621,1240772794.996582,0AEC8CF4E6
1240789165.914547,1240789172.940429,FC7A2493BC
1240709418.505863,1240709426.672363,6F722E33E7
1240709542.5581028,1240709551.518554,46F06C104D
1240709598.975101,1240709607.792968,4002866C57
1240718372.497922,1240718381.375488,620F3147E2
1240751552.309575,1240751559.322387,9388CAD02A
1240791586.620481,1240791596.157226,6B0DE6B080
1240701055.6328158,1240701063.707031,2F16B2D525
1240727371.332035,1240727378.720703,B668E182CF
1240714460.671872,1240714467.682129,9C4FF0588B
1240730197.0415049,1240730204.089355,745D535A37
1240714258.134518,1240714269.270263,DB88CBCF19
1240701384.056157,1240701393.167968,6D1983CBBB
1240701573.451414,1240701581.692505,6066F30924
1240701748.764652,1240701755.859375,4ECDB8AE8F
1240735004.82275,1240735014.124023,FFFAFA9174
1240752025.2763698,1240752033.5625,D1A4AC709C
1240710325.094723,1240710333.001464,F1F20C9D3C
1240705351.5380888,1240705361.827148,C79DDE0926
1240705465.018796,1240705472.305297,FA43CA6B28
1240705622.900394,1240705629.981445,6EBC710487
1240715097.848634,1240715106.541748,DE1DC76D80
1240875401.5576198,1240875409.15039,89C0DB2097
1240840998.0,1240841005.079101,86EEE79E9C
1240807169.875978,1240807181.472656,892C589DF1
1240873025.494141,1240873034.438476,5D8658ECD1
1240830605.210451,1240830612.687011,A46ACD13BA
1240883647.7324238,1240883656.049804,EC4E18B0C1
1240896552.7836928,1240896559.785888,26D069990C
1240821801.954101,1240821809.67102,8DFEEE16DA
1240821900.888668,1240821909.05957,EC56CFB6B9
1240878941.186651,1240878948.861816,67CF6721A2
1240879891.403323,1240879898.970703,897AAD98FF
1240828703.3979452,1240828711.443847,AA0ABD2BD4
1240828120.198245,1240828127.659179,D021F0766D
1240849873.5898418,1240849882.573852,9C6018D830
1240811672.896487,1240811682.395507,223C85A7FE
1240811827.225101,1240811836.235351,6A674EA705
1240881610.197511,1240881617.232422,3582AF0348
1240817833.70117,1240817841.852539,FAFA8B5833
1240874725.406251,1240874733.267578,D635AFB030
1240874852.627926,1240874861.664062,BA7495566A
1240874903.249022,1240874911.937378,7DD80D6B50
1240875154.249753,1240875163.498108,FC3D97D898
1240844340.7192411,1240844348.210937,4FF684CFBB
1240876286.325687,1240876294.736084,CC45CDD6A6
1240876460.1875,1240876469.041015,86C3EF9A0F
1240876628.261715,1240876635.374267,CC10C587EC
1240876990.51611,1240877000.05249,9CFE1F45E4
1240811073.771726,1240811084.728515,DA88CD9513
1240878209.140625,1240878216.367187,800C524C0F
1240880556.030273,1240880563.148437,9BC12E3DA5
1240880827.8662138,1240880837.75,CC786BB172
1240875558.163086,1240875566.875,7DF190E81A
1240801761.5683591,1240801769.039062,A6DF05906C
1240843121.0367491,1240843129.594726,74FE729B2E
1240811399.820312,1240811408.206054,B95F384C53
1240853876.723637,1240853885.000488,9090505513
1240874132.2763631,1240874140.374023,1561E476E6
1240875293.616206,1240875303.483398,D61A63E7E6
1240898584.468745,1240898594.526367,23E098DA0B
1240898767.4111362,1240898776.398437,8522C5CF24
1240841833.061529,1240841841.085449,999A8973D8
1240878367.358396,1240878375.815429,5EDB771272
1240878524.464599,1240878532.8125,DDFF1C7DC2
1240894160.519534,1240894168.424804,358B83CD63
1240895187.639645,1240895197.078125,6002EE5C73
1240842537.10352,1240842544.959961,EA41464103
1240817917.734378,1240817926.032226,FB3B0B4823
1240838465.859865,1240838473.451172,3720EA1621
1240899530.716795,1240899537.737304,D6F0B2D21D
1240899722.8261738,1240899731.491211,2BD04729AD
1240855008.75879,1240855016.612304,0FEB14D386
1240804658.443365,1240804665.971679,29EEF62316
1240898388.1835928,1240898395.566406,40C52D6A77
1240803072.5859408,1240803080.077148,2BFB29FD80
1240803423.118168,1240803431.457519,D597838224
1240840217.009762,1240840225.676757,B7CBDF3F8B
1240816226.899902,1240816234.693359,475F65B6A2
1240851631.881837,1240851639.719848,922D09D31E
1240852631.512698,1240852638.8125,A95B8C9F66
1240841959.048831,1240841969.066589,137B8BC0C8
1240823828.09424,1240823837.237304,9D396E89CB
1240806702.519528,1240806710.622802,3F15D5E1A0
1240827573.104982,1240827581.961914,B6772F19F2
1240873285.603519,1240873297.238281,D913C22511
1240825300.69824,1240825308.624511,1C5FD29523
1240805875.9340851,1240805884.394531,08966F5E46
1240873814.069944,1240873821.807373,41F7164251
1240838920.087887,1240838927.792968,53949BA4CE
1240851825.245607,1240851833.504882,A33E1C2BE3
1240806112.0976532,1240806119.97998,3CFC298F80
1240831172.216802,1240831179.71289,CDC4FCF8E9
1240972012.357425,1240972019.675781,B273D5DD76
1240964912.873052,1240964922.595703,16700E7607
1240964975.513668,1240964982.926513,50B5CF59C9
1240989667.66773,1240989676.252441,DA66D24D46
1240903601.14295,1240903608.402343,1E1D6C3338
1240903708.766605,1240903716.709961,90D65436F0
1240935157.193851,1240935166.568359,4C26B6769F
1240992099.736331,1240992106.915039,702B16F65A
1240926825.798831,1240926832.951416,DE12B44893
1240993167.688228,1240993174.711914,9EBEFCAE6B
1240993279.564703,1240993287.423828,2E8A8B3F18
1240977452.48486,1240977461.054199,7ABD541FB6
1240999376.377437,1240999384.480835,4C1AE05744
1240940468.2050788,1240940475.294922,A4244CCA37
1240940876.2177742,1240940883.541015,D4A010147F
1240929963.896001,1240929971.305664,7CB7DC1E6D
1240930267.735357,1240930275.851562,C29256F4DA
1240900977.582035,1240900985.429687,E08D7A62F7
1240925662.202147,1240925670.898437,A60DD332DD
1240925746.7880888,1240925754.118164,C12A09DAF0
1240945497.520504,1240945506.71582,1F94969598
1240967769.277345,1240967777.058593,FD07A7EE71
1240988320.3015091,1240988327.551269,E36BB5962C
1240955377.84668,1240955385.425781,D3F0D49AF9
1240950166.2875988,1240950173.868164,C5885ADA5A
1240974748.633792,1240974757.958007,F6B3B1131E
1240976706.7060502,1240976715.484375,CF8848C752
1240967630.1787071,1240967637.887695,1FDA09FCDD
1240915660.5625,1240915668.763672,17F7C10EDE
1240915831.048825,1240915842.571289,EB7D893A2B
1240948004.8945282,1240948012.918579,8BA12F95C4
1240917200.949224,1240917208.329345,73AA9193C7
1240997830.263672,1240997837.737793,B3E4CC6433
1240965873.3701189,1240965881.430664,96A92B6D68
1240966060.2145998,1240966067.60205,4C923A9731
1240994542.305662,1240994550.1875,521C1F421C
1240914371.919065,1240914380.164917,A38E5DBD6E
1240918043.190435,1240918052.381836,5B976E65A4
1240963621.87793,1240963628.879882,45FA715D4F
1240984977.526367,1240984990.425781,95459B04BB
1240968766.245358,1240968773.520507,D59BB90072
1240987819.410646,1240987827.427734,226F310DC3
1240987952.027711,1240987963.561035,1183496958
1240954924.451167,1240954932.139404,D3A63DE189
1240954964.577208,1240954972.142578,F1BDF690E2
1240936451.501956,1240936458.954101,EC7EB1A2A9
1240978979.21875,1240978986.616211,D7A4D6EDD6
1240979254.059567,1240979261.745117,E73C8AC53F
1240994067.724615,1240994078.210937,A5AA7606B0
1240964035.1965322,1240964043.232422,E8F79396B6
1240916280.354368,1240916287.827026,E9246594AE
1240985396.515386,1240985404.076172,913CAC9C8C
1240985809.213867,1240985816.816406,482273814D
1240961730.3906229,1240961739.353515,C518D75129
1240922165.701051,1240922174.590576,2BCC20062D
1240956849.9877958,1240956858.061523,E0CC35E575
1240914854.0351522,1240914861.472412,3C5344AEA8
1240915002.446782,1240915012.031738,40A9044AAF
1240915347.113285,1240915355.21875,924EA805C0
1240940143.389836,1240940150.567382,D7DF92594F
1240962654.368167,1240962661.392578,53637FE72A
1240938928.538089,1240938935.608398,4F9DC80024
1240932466.07324,1240932473.495117,5FADF72735
1240941192.7373002,1240941199.746582,639863EB12
1240986347.400387,1240986354.576172,37C8E98811
1240904988.894043,1240904996.664062,7B58270514
1240905130.465822,1240905139.416015,EEF481CF50
1240905752.9912062,1240905761.613769,F0CF734E60
1240975887.5703158,1240975894.803955,8B445B9156
1240904212.518557,1240904220.196289,AB47384A68
1240904483.084722,1240904490.82666,6E3716E57C
1240926468.572262,1240926476.16748,0242BF4F9E
1240997326.8124971,1240997334.749267,584A63690C
1240991203.710942,1240991211.213989,D6FA94CA83
1240943736.212894,1240943746.421875,A91C11495B
1240943772.402837,1240943779.597656,207D7916E1
1241027932.410156,1241027939.480468,477437C957
1241059255.699219,1241059263.234375,73E4E6D8B9
1241031382.312502,1241031390.002685,0951AE98E9
1241031471.144044,1241031480.670898,1AFEE6571D
1241078850.54297,1241078858.344726,B9612704F0
1241080217.938968,1241080226.579101,94FB7F54E6
1241000914.412477,1241000921.615722,E80E378704
1241022485.566161,1241022493.739257,A81720BF2D
1241092467.362794,1241092474.511718,C70901051C
1241025245.8691409,1241025255.040039,1D07CF90E5
1241071562.937505,1241071571.054443,8051018445
1241087595.7753952,1241087602.92749,751DEAB0FD
1241087267.6362338,1241087276.460937,3E525ABD53
1241015125.724612,1241015132.810058,7AFFDB849B
1241015144.160153,1241015151.417968,4C1E8A45C4
1241077115.583011,1241077123.674804,D7778FA942
1241063113.335446,1241063122.666015,5DCF02C89D
1241063271.161136,1241063278.958984,035E9E5C12
1241004352.824707,1241004360.856933,B0BF8894CD
1241052931.785153,1241052939.169677,67242D3445
1241055585.253906,1241055593.395507,528E4B6769
1241055688.42236,1241055695.773437,A7837DD447
1241096588.915042,1241096596.576904,8890A95BD4
1241080880.21338,1241080888.03125,6B4EC8E627
1241081234.304201,1241081243.118164,A11A1F060D
1241014784.456547,1241014792.137695,068504F2B5
1241014843.683596,1241014851.753662,5A056BA858
1241054810.6477048,1241054819.595703,40E8DA6E70
1241054904.272706,1241054911.818115,B3F9CC351F
1241077942.754399,1241077950.186767,0E1A9A112E
1241078192.892094,1241078201.362304,88F640300E
1241064229.77734,1241064236.970703,691671D861
1241029029.756835,1241029037.614257,31E9FC2D63
1241070132.487791,1241070139.49707,3831D5154A
1241099420.013675,1241099428.412109,15C504F5DF
1241079853.6713822,1241079862.038086,A5FC10C849
1241079951.111574,1241079959.012207,111F1775A2
1241090012.715822,1241090020.447021,7375F4FCBC
1241090090.527349,1241090098.744934,35D48511D4
1241083183.8237338,1241083191.187988,C57E9DD0E7
1241059992.3125,1241059999.54248,60E4E44FBB
1241060104.388668,1241060112.973144,217BBDA291
1241049170.776364,1241049179.101562,F4909A1FF6
1241049684.134762,1241049692.937011,11F99DD62C
1241064848.0373518,1241064856.803711,2AC7ED90FF
1241064927.498043,1241064937.466308,497D172224
1241022075.298216,1241022084.028564,25AC3FDEA3
1241046389.534176,1241046398.125,165C7E7891
1241055834.28223,1241055842.083007,45AC9FDD60
1241099290.420902,1241099298.40039,07743B6C85
1241002901.27808,1241002908.339843,7621A58B50
1241003194.54785,1241003204.363281,8DE47B0FA6
1241065698.04144,1241065705.068359,7C60DE81CA
1241088757.125,1241088765.112304,2706F2015E
1241021061.609376,1241021070.872802,E0DADC6EA6
1241021204.304688,1241021212.010254,A75ADBF943
1241063464.2793,1241063471.293945,A8F7E2C179
1241031109.632325,1241031118.142578,655CB99A47
1241049811.51855,1241049820.787109,28685002A6
1241004598.0395522,1241004606.46582,A4F1E16DB0
1241047802.2099571,1241047810.037841,E9892153A2
1241047925.486325,1241047932.562011,EBAC975EFD
1241045672.74792,1241045680.410522,D166273E5F
1241050379.5263648,1241050387.929687,16A557FD76
1241000523.134769,1241000531.328125,65D87BC120
1241076333.851559,1241076341.67041,CCD07A5E32
1241027276.785154,1241027284.042724,EA3E62AEBF
1241033183.28027,1241033190.968261,951EC7158D
1241033243.578125,1241033251.859375,EC31F4B13C
1241063326.045412,1241063334.109619,B7F5EFC165
1241023560.456051,1241023567.46875,805D450C5E
1241033682.516598,1241033690.551269,CB6C6810ED
1241047108.775636,1241047121.353515,48B02692F4
1241028886.856444,1241028894.425781,1F12FA8071
1241067383.171878,1241067392.155761,A20988C467
1241067720.3823268,1241067729.289062,FDA4766FC9
1241048423.403317,1241048430.554687,D8FE3C14B3
1241050617.150389,1241050625.512207,4097A4304E
1241046767.318357,1241046775.669311,20B4F96195
1241057452.7675738,1241057462.614013,8069266739
1241084093.892578,1241084102.090942,EACFCC0B7A
1241084130.761534,1241084138.222656,FC0DD98C90
1241084145.640625,1241084153.320312,2E3A0A716B
1241084308.597288,1241084316.37622,1B96B58BF3
1241058667.10938,1241058674.582031,B8D2E0D72C
1241085307.529294,1241085314.574218,E163FAF64C
1241085453.7221708,1241085461.952636,EEAFCD5164
1241016089.6879902,1241016096.689453,DDDAF6BD48
1241016157.191408,1241016165.577148,21BCB18AD1
1241032727.876466,1241032736.75,66439CB285
1241020496.217404,1241020503.357177,56D4B0D00B
1241067015.290892,1241067022.529297,0151B602A3
1241051989.81152,1241051997.659423,B94A753CD1
1241095855.245243,1241095863.266601,887BACA85D
1241096318.107422,1241096325.386718,1D58C6654E
1241096515.176761,1241096523.740722,D480C8FE1B
1241029342.162596,1241029351.11914,9534F13F69
1241102986.80713,1241102994.133789,8E16C407FC
1241111351.644534,1241111361.257812,F2D1A99261
1241111231.25098,1241111241.139404,D38C96FE5D
1241119399.612301,1241119406.80542,4F25419CF8
1241119429.519534,1241119438.476562,D201E1CDAE
1241154296.0068378,1241154304.501098,86EC697835
1241148023.80859,1241148032.615234,CB94BAD9E7
1241148370.985348,1241148378.052734,B49A2A1E00
1241172812.557615,1241172820.10498,4727861205
1241171249.412106,1241171256.794677,ABC1E37A72
1241171310.2392578,1241171317.360595,334F56FDDD
1241115074.269528,1241115083.302734,BCFACE3B67
1241145283.343753,1241145290.738159,2492019425
1241161471.883062,1241161479.111328,FECD8B647C
1241122813.624513,1241122820.8125,4C541B2C65
1241155014.37695,1241155021.543457,D79AFB5D08
1241170740.42188,1241170750.259765,024A5423EA
1241171918.875003,1241171926.863281,233D5201CE
1241172076.913082,1241172084.439453,4B7E3AD1CE
1241144648.563473,1241144655.746093,4E6724B0B3
1241109305.210699,1241109312.318359,E748FD59CD
1241164123.799805,1241164133.09375,BA30950204
1241110173.34375,1241110181.035156,99B5C6BD77
1241103248.32691,1241103257.378906,ED1DA57529
1241162345.3124971,1241162353.592773,8EA690895D
1241138927.842779,1241138936.384765,354DDC465B
1241157780.488278,1241157788.465149,E6D888B9B7
1241122525.401617,1241122533.875,9954D01A64
1241100452.014652,1241100459.631836,F13BE389F1
1241164214.4892578,1241164221.796875,7928E123AD
1241164472.180661,1241164479.551757,494EDC65C7
1241156748.054691,1241156756.95166,7480466836
1241157418.628903,1241157426.55664,F8B378F625
1241167806.6040032,1241167817.746582,3FC1609A03
1241121560.9492218,1241121569.031738,A1EB68AD77
1241121897.327639,1241121904.422851,D595315C8F
1241159061.009766,1241159068.902832,5F81487FCF
1241159268.000005,1241159275.9104,0AF2BF73B1
1241159371.31152,1241159380.4375,B2EC9CD1B7
1241159485.738285,1241159493.036132,2C383E4985
1241126367.7915049,1241126375.350586,0F0408C7AC
1241104345.9375,1241104354.312988,7C8D698E73
1241119992.93359,1241120002.448242,0A95C707EB
1241120025.3749971,1241120034.048828,39D32D56D8
1241100696.962407,1241100704.043945,DDCADBF542
1241161007.1970172,1241161015.536865,FDAC7142FD
1241161015.537115,1241161023.345703,ACE92388D2
1241161091.75098,1241161098.816162,E60430ACAF
1241161953.223146,1241161960.627441,7AABDAA40F
1241106773.630372,1241106784.690185,3A5F27541F
1241116580.966368,1241116588.097656,A415670FA2
1241172515.542969,1241172523.359619,8FCF0AE76D
1241101134.468753,1241101141.810669,D613C613F5
1241142644.910402,1241142654.177734,37A7F20FF0
1241127718.595702,1241127726.170898,8EE5BC0900
1241132328.591797,1241132335.727539,9245905DB1
1241107615.5644538,1241107622.873047,5ECC748DD3
1241135298.0029328,1241135306.601562,300271E58B
1241152801.875974,1241152810.291015,CB7ED25340
1241105214.908567,1241105223.009277,28361B3B31
1241110325.499144,1241110337.640625,70AAE084D0
1241110398.7216828,1241110406.496338,99F669DD94
1241110873.9477491,1241110881.615722,1888433088
1241136564.9687529,1241136572.492187,9A18AA58DC
1241160750.414066,1241160758.566406,813EC4B1F7
1241155344.328615,1241155352.270019,3E70991746
1241155444.481569,1241155452.164062,6A6483570C
1241155709.4082038,1241155718.651367,337E34984C
1241166311.3045611,1241166318.693359,CB6C095E5C
1241166562.543208,1241166571.676757,BEE4DFC29F
1241149313.874269,1241149323.299926,E1B2DE4B7C
1241149339.362305,1241149349.115234,41C6524042
1241150319.8818388,1241150331.985351,A0DD17CC94
1241150476.524419,1241150484.763183,B83EA1E9F0
1241118408.837893,1241118416.239502,28098F7DFF
1241138460.858395,1241138468.817505,AE1813D058
1241153091.6279328,1241153098.773437,E7D9BFA91C
1241153191.988774,1241153199.614257,659D64B1D1
1241137492.650874,1241137500.8125,32CADA4618
1241137530.51465,1241137537.905639,67B8191067
1241148732.4374971,1241148739.902343,80D4E8606A
1241149044.477047,1241149051.636718,86CC5C0B34
1241139360.6054718,1241139368.142089,37CF1C6A7E
1241141953.62891,1241141962.662841,C4E434FA2F
1241166991.703125,1241166998.71582,02C2943843
1241154063.16406,1241154072.007812,7377F7411A
1241128545.609864,1241128553.695312,03C824DBB7
1241105386.093753,1241105393.777343,31D37C2A2C
1241129841.2597709,1241129851.066162,7517757EFA
1241129352.625728,1241129362.47705,ADD168F1D5
1241125090.17188,1241125098.643554,A3AF266515
1241112970.275392,1241112978.887695,B598467177
1241140828.4482448,1241140836.663086,A08A7876EA
1241113436.6562529,1241113444.326904,B9EAFA607E
1241125681.846195,1241125689.09375,F12DAA5882
1241127968.802737,1241127976.269531,65DE92EBEE
1241108105.5688488,1241108113.256836,62EDEBD6CD
1241133836.5293,1241133843.608886,DDA8078A6E
1241133972.492185,1241133980.689209,8961FA9A7D
1241129012.9296908,1241129020.972412,1F1A0B746B
1241168599.021487,1241168607.46289,0480CE01E2
1241115944.371583,1241115953.755127,D71FD0DC5E
1241127384.382817,1241127391.721435,28E80723A5
1241240312.021484,1241240321.846679,DFCB821314
1241212927.746587,1241212934.894531,D14FA0267B
1241254551.880856,1241254561.192382,7D0EA0A1AA
1241297526.414059,1241297533.673828,0B119E1F97
1241298112.641605,1241298120.738769,7B4574A74D
1241227774.88721,1241227782.754882,A13F802D63
1241249549.280272,1241249556.695556,DF373FFC47
1241261644.195309,1241261651.37207,431647E15E
1241261716.511718,1241261723.912109,8F5B63624F
1241211027.647458,1241211036.26123,56299EB8DD
1241267262.0,1241267269.40332,D6E24D3382
1241267299.75,1241267308.353027,930351A5D7
1241267328.4179702,1241267336.342773,837900F4A3
1241209761.4335968,1241209769.432617,32CDDAE631
1241261006.301761,1241261013.790039,EC0E35273A
1241249983.06445,1241249990.620361,91AEE78ADD
1241230398.580081,1241230406.040283,753873FF8F
1241230508.130857,1241230519.644531,D021D1462B
1241298973.9013672,1241298981.328125,EEF6FF5CA6
1241231992.905276,1241232003.0,0FC3512847
1241240659.633792,1241240666.770507,4EBB0C1B08
1241240758.7343738,1241240766.15625,58EB3EB3BB
1241207499.162106,1241207507.892089,107F011350
1241207680.907718,1241207688.002441,F96CE28B93
1241207708.934567,1241207717.780273,6FFF93976B
1241210362.164059,1241210369.230468,CED594D636
1241210880.047848,1241210887.884643,C51B1A609E
1241226707.451168,1241226715.894531,DDA5371516
1241266785.623045,1241266793.708984,4C8D1F029E
1241266846.90015,1241266854.002929,89C2BCE16D
1241229968.5407689,1241229976.73706,0385F6EA97
1241230058.336545,1241230065.843505,65A8DF6481
1241299723.636714,1241299731.6875,8B3B807D72
1241232648.375002,1241232655.694336,A6E0290C73
1241208684.34131,1241208691.496093,A0A7D05795
1241263601.406738,1241263608.722656,73623CAE9D
1241254795.122067,1241254803.792968,BD888F9220
1241257416.825191,1241257427.016601,91C2439B78
1241267885.347169,1241267893.055664,254FA1F2C9
1241227600.811528,1241227608.913086,932A04EABE
1241259174.718266,1241259183.714843,106868172F
1241259460.592527,1241259467.957031,7CEC69515C
1241250363.43945,1241250371.472656,512CA3847C
1241250441.99048,1241250450.611084,7FBC93A95E
1241270505.6499,1241270512.66748,BEF95B9AE7
1241231048.9082038,1241231056.259765,25CA19EECC
1241231112.051999,1241231121.890136,5E656C6D9B
1241241383.126714,1241241390.603515,8BA2E56ACA
1241241544.0523689,1241241551.211425,D7A006A073
1241205693.691898,1241205701.595703,71C651C139
1241242943.837407,1241242950.99707,6F6FD55178
1241243001.3310502,1241243008.385986,4C54036811
1241255253.701417,1241255260.891113,D7E7061F99
1241238641.52051,1241238649.5,69ED8149C2
1241238750.87305,1241238761.621093,A9F8660383
1241239071.902349,1241239080.649414,BBD8C341E2
1241271445.706051,1241271452.923339,2B8945A859
1241263896.4013689,1241263904.082031,C8FF9DAD82
1241238168.072262,1241238175.257812,1AA324901A
1241297267.702638,1241297274.959961,56790A62D4
1241258416.949215,1241258425.140625,E6D7570F00
1241210302.678956,1241210311.75,F1AFFBFE45
1241206573.430668,1241206581.190429,B0AA38ECA4
1241206707.517578,1241206715.644531,BF3D8AEEB6
1241206899.7939491,1241206907.890625,62306938E1
1241209419.915403,1241209427.458984,723F75A64A
1241296754.8212888,1241296762.140625,C6F80E00DD
1241247027.523683,1241247036.154297,F725F0B634
1241247228.41797,1241247235.467773,48673E3282
1241247754.2578158,1241247762.346679,C44D873760
1241226979.2863722,1241226986.546142,ECE2A3AB7C
1241227077.252926,1241227088.571289,7081B94DF0
1241204840.087888,1241204847.209472,67DF1017DB
1241205213.110593,1241205221.24414,0B0546CD56
1241245675.139652,1241245682.292968,A1D00332DC
1241232356.5234408,1241232363.922851,4E1AEEFF6A
1241239812.0273468,1241239819.476562,D08E1B8D7A
1241239500.0937471,1241239507.530273,9D5B4021B9
1241269149.2631838,1241269156.967773,2338B9A0B9
1241269171.18103,1241269182.367187,8143F28522
1241243504.453122,1241243511.626953,F367B97225
1241243693.271,1241243700.453125,29ACE1B581
1241242794.457639,1241242801.739135,9012709A70
1241265690.2924838,1241265697.488281,684420CC7B
1241207144.640622,1241207153.533935,5D1608A670
1241213217.234372,1241213226.505859,0A7F4AA154
1241265094.265622,1241265102.066406,A1B868E561
1241265206.3107872,1241265213.624023,5A34AE94CA
1241265279.795899,1241265287.897949,CC68C926EE
1241228325.796382,1241228333.625122,E99DD79415
1241228664.204595,1241228673.467285,279247AE6F
1241228753.3862278,1241228761.392578,B1DB3647A1
1241229266.047857,1241229278.730957,973EE10A49
1241245169.2998002,1241245181.616699,75EB6D1F6C
1241238324.036138,1241238331.942871,E06BB0CD53
1241249367.801269,1241249375.226562,1D3602CF15
1241253213.555659,1241253220.591308,65B098A814
1241253485.0180688,1241253492.205444,D7B8CADF49
1241253577.8359349,1241253585.204101,D69BC11C81
1241253928.221437,1241253935.862793,05D2494AA6
1241296062.6102269,1241296070.25,26A08075A1
1241250639.132813,1241250646.600586,F309DFF28D
1241250688.677736,1241250696.179687,D0E837260C
1241226467.235355,1241226474.833252,9B8DDDEF42
1241312722.978512,1241312730.026367,86173B28FF
1241313079.672848,1241313087.823242,6E1E2C52E4
1241313173.34473,1241313180.458618,152C59A641
1241351753.584964,1241351761.777588,895C9CFEB3
1241351932.783206,1241351940.539062,1DCBC42B00
1241324932.708004,1241324939.761718,0CE25DDBD7
1241306880.239263,1241306887.53479,090F757EAE
1241347505.4277349,1241347513.407226,421A8B4D41
1241335091.091308,1241335099.373047,7EC629A0BA
1241328250.0761771,1241328259.078979,ECA73B5DAE
1241321128.111578,1241321136.12207,ABC66ECDBF
1241394532.417966,1241394540.630127,22686267E9
1241394593.2644029,1241394601.822265,070C859270
1241394717.554691,1241394725.988281,A1F75A558E
1241347867.630857,1241347875.365234,1BA3B22ADB
1241395833.508785,1241395842.256836,B6AF6E8648
1241396083.873537,1241396091.90625,48F2EA2D03
1241332250.185545,1241332259.674804,D9BAC3A98E
1241332375.727904,1241332383.656738,340A69BD34
1241323537.384649,1241323544.613281,52EE8286D6
1241323813.0986369,1241323822.001953,3FDCF4BDC0
1241301787.485355,1241301795.201904,E216E5AB55
1241301938.686524,1241301946.794433,CA4D535AEE
1241324021.720707,1241324029.100097,5E808F2C44
1241325275.602056,1241325283.379394,3666CC6F24
1241325413.655271,1241325421.254882,631D11B9ED
1241344900.568851,1241344907.967529,63A16EB4C9
1241316641.196292,1241316648.315307,64DC6D0650
1241316799.927859,1241316809.421386,516CB06BCE
1241314504.217777,1241314511.310547,A85DB8E8B9
1241314561.081539,1241314569.051757,6273ED6292
1241317979.208004,1241317986.307373,434639F52A
1241303087.458004,1241303095.75,5462800A59
1241397208.6948218,1241397216.76123,67B00CEC5F
1241397339.306394,1241397346.42041,B76B0D240C
1241397402.541017,1241397410.445556,EF2A3D84E3
1241397663.1162138,1241397671.097656,C6C5F7D2A9
1241345066.779297,1241345073.925781,A229FE50F9
1241400036.5202591,1241400043.796386,FC49BEEF5D
1241396199.623048,1241396207.562255,82F1224672
1241336489.583497,1241336497.351562,DF2765A323
1241336537.594731,1241336544.847656,84D4F4CD89
1241305222.791993,1241305229.924316,426AF4A6AD
1241398179.042603,1241398186.338867,0C9C42B3BF
1241304736.5172088,1241304744.120117,3E89B38634
1241304997.847661,1241305005.770507,E572E68284
1241337190.344728,1241337197.46875,0DFC956B2D
1241337419.468745,1241337429.590088,ADF153762B
1241309299.9013698,1241309307.290039,278730D227
1241331384.877439,1241331392.590088,A7481D2A62
1241331719.958006,1241331727.052002,672EC8AB31
1241331735.254636,1241331742.624511,656F72B8A2
1241307853.282964,1241307861.49414,F07D8F8926
1241348698.023435,1241348705.998047,0E5C13ABEA
1241311474.64941,1241311482.765136,4677536EAA
1241398449.241212,1241398457.966552,C3909DAADB
1241398653.9191852,1241398660.965332,D700899E47
1241305942.925783,1241305950.042968,E929EBF1A3
1241346709.310552,1241346718.195312,434A5D1352
1241349960.325192,1241349970.144531,5BE0045418
1241330681.4482448,1241330691.430175,1DC5C70EEA
1241330116.3037138,1241330123.546875,7B03E3CF12
1241359115.570309,1241359125.050293,F9D66D599E
1241359194.4238322,1241359202.171875,FC9D7975BE
1241359373.781004,1241359384.132812,CC5F993E48
1241313581.9226031,1241313591.252929,F61DE2A389
1241313780.801761,1241313788.068359,A4F0D9FEE4
1241396697.396483,1241396705.40332,A16799AEC4
1241332898.590823,1241332905.810302,5B8280419E
1241336981.0781212,1241336989.129638,B08291137B
1241338337.4374971,1241338344.800781,B2434A6551
1241349316.812503,1241349324.728271,A0F7E36862
1241349468.269535,1241349476.133789,9ABEA19A2E
1241358387.875,1241358396.733886,599519F79C
1241322284.608403,1241322294.750976,6551158D3A
1241326480.036129,1241326488.132812,9743A68FBA
1241326551.8774369,1241326563.080078,F781A305E2
1241326795.428472,1241326804.4375,9DB03A9CED
1241326837.44336,1241326845.270507,0E39FAE6B7
1241399473.8125,1241399481.623047,3D5FCF6253
1241399729.525877,1241399737.295898,DE770CC78F
1241393382.273683,1241393390.26416,B74CFCC48F
1241393524.693851,1241393531.866211,8FCE34D176
1241351163.390134,1241351170.694336,8695BC679A
1241320417.524418,1241320425.036132,480BC45265
1241307003.518554,1241307011.28479,B7B8E2E776
1241307129.428716,1241307137.175781,BA1BBFD7CB
1241307213.156738,1241307220.409179,FD78AEC5E1
1241309470.0273428,1241309477.038086,7C55744E5F
1241333796.529293,1241333807.03125,D319D6ECDF
1241333899.44141,1241333907.411132,EDD6EA50E1
1241333925.950688,1241333933.827148,33F0A03A43
1241345447.592777,1241345455.664062,58D0FC5E97
1241307746.726566,1241307754.699218,CB948ED12C
1241320978.4804711,1241320986.089843,06A3089D21
1241322126.62305,1241322135.17102,D955383BB5
1241313939.324338,1241313946.916198,8C1BBB7B9B
1241313989.8298311,1241313997.696289,38B3BA0712
1241341302.3076198,1241341309.606445,BA0052CB03
1241341345.525394,1241341354.766357,DF62E5E72F
1241341542.885744,1241341551.47998,5172257EEF
1241304124.003421,1241304131.728271,98671EEA84
1241317216.2417018,1241317227.467773,2FB00E1683
1241317283.352542,1241317291.820068,B8AA60EACA
1241303440.428464,1241303447.698242,F1772A51CC
1241303616.832028,1241303625.51123,729C8BC148
1241303784.1093729,1241303793.191406,6F9AE57777
1241335689.375003,1241335696.449707,CADCD5C811
1241393822.9287071,1241393829.958984,77AD1EE8B2
1241302677.5737338,1241302684.904297,01B2CE637C
1241302986.953609,1241302994.84375,CF90FA103D
1241344052.13916,1241344059.355468,52E3062B48
1241306630.735348,1241306638.995605,8B9B421274
1241306660.4335952,1241306669.315429,7B84D6B2F5
1241310930.680667,1241310938.138427,79206EAA72
1241302288.406252,1241302296.407226,79D3FD9FA3
1241302389.916989,1241302397.069824,D3A540CB36
1241312231.450689,1241312240.263672,CB67BC5554
1241312276.524417,1241312283.665039,74C6229C6E
1241318209.966672,1241318217.625,A4F648523E
1241318265.4296908,1241318272.503662,091E73911A
1241315913.256346,1241315921.413086,DC569CCD0A
1241316011.728512,1241316020.470703,12AF74273D
1241347202.294923,1241347209.521484,6E5BFCB3BC
1241340273.473629,1241340280.979736,4A030B537E
1241340431.1782222,1241340439.035888,2D2EE21A10
1241342133.614261,1241342141.546875,C6C37ED9C2
1241308310.2114289,1241308317.847656,4574ECDB55
1241308398.4617898,1241308407.34082,06B3E21086
1241308644.544918,1241308654.252929,3EDAC0598C
1241318622.065917,1241318629.243164,240117E551
1241318851.733402,1241318859.886718,3FC36103FD
1241395002.039059,1241395013.267578,6FFD2401AB
1241358144.250492,1241358153.421875,C768BE4E93
1241310382.28125,1241310390.437072,20BDC7F3B5
1241310461.650387,1241310469.4375,E11A1C28E1
1241422086.7685578,1241422094.81958,55F28832F2
1241499903.011718,1241499911.329101,9583FCD950
1241440277.404663,1241440284.517578,DCECA97E72
1241432256.915037,1241432264.359375,9BB076923D
1241438860.0673869,1241438869.227539,F853AEFA04
1241428425.7778358,1241428436.118164,9BE65125E7
1241492462.224122,1241492469.764648,9CF907D6E3
1241436056.26587,1241436063.461181,A73F3D6350
1241412656.642578,1241412665.345703,F7DF21A7BC
1241451810.514157,1241451818.054687,7369E52C71
1241443595.989257,1241443603.727539,044B5E3C79
1241401938.887212,1241401947.68457,BC7BB802E4
1241435278.178714,1241435285.33789,9021B1E4D8
1241427867.630858,1241427874.910156,FCAC7A8D00
1241450702.9599638,1241450710.214843,99C7D7835E
1241420809.085934,1241420816.096679,1CAA556D85
1241404226.015622,1241404233.479492,7051B1B990
1241465463.208983,1241465470.785156,847489259E
1241460691.004879,1241460698.638916,DDF588A455
1241461007.741206,1241461015.410522,08FBA52890
1241498977.492677,1241498984.842773,A24F7D1B39
1241499072.560061,1241499080.232422,B56EB87C4F
1241418887.016602,1241418894.109375,F6B2E68467
1241478588.464841,1241478597.107422,73E106F6F3
1241414181.658689,1241414188.804687,43B3451E84
1241442170.438477,1241442181.263549,C928D946FA
1241403623.337887,1241403630.452148,3178662C59
1241429130.004879,1241429137.896484,3F8544CAED
1241429286.923831,1241429294.140625,E42EE3C62F
1241410826.926756,1241410834.078125,4235BCB518
1241418708.4401872,1241418715.930664,6CDEAD79A8
1241470776.9443388,1241470784.065429,3EB7E472DE
1241442533.7099578,1241442543.460937,DB8CF9E47D
1241452505.859375,1241452513.697021,079143FE94
1241452663.888183,1241452672.300781,AEAF9A8C69
1241467915.448239,1241467922.677734,3ECCA6ED54
1241413692.367673,1241413700.652343,BF8085A348
1241465863.002927,1241465875.055664,A0E1127DF4
1241425289.694332,1241425299.811767,59E252E2A1
1241425632.996098,1241425640.432495,76E673FF1B
1241407579.068362,1241407586.673828,01542626C7
1241430619.724609,1241430626.943359,44C1DD7EC9
1241431180.050781,1241431187.6875,59E39B28E8
1241493271.744142,1241493279.949707,B218161B80
1241493360.280275,1241493368.5625,F3BB5103CB
1241441303.794187,1241441312.177734,DBBAA03A0A
1241441554.4677758,1241441563.863281,3EA4C3F730
1241447428.3037138,1241447436.252929,F7C649444F
1241408244.787111,1241408252.230957,A08AE915F9
1241423798.166988,1241423806.521972,230F997D14
1241418358.695316,1241418365.950683,76888DEE07
1241418601.8837888,1241418610.388427,B35D3422BC
1241410267.81152,1241410276.342773,81797BB6BE
1241461654.730465,1241461661.966797,FC026EAABF
1241429941.65527,1241429949.610351,E449424DA5
1241404522.77344,1241404532.730468,5177674756
1241404542.735353,1241404550.320312,98153B8367
1241589859.290036,1241589866.782226,55F1F69790
1241599433.328122,1241599444.091308,6F0E7F83B2
1241599644.281736,1241599651.40332,DCC1E61594
1241599983.483402,1241599994.16748,3AEC1D8E40
1241588106.662106,1241588115.680664,6ADA904053
1241558984.654297,1241558998.270507,4A5B660E93
1241519010.313482,1241519017.39624,C8FA8A13CB
1241580315.093997,1241580322.36914,1748BC4EF2
1241570331.276367,1241570338.939453,CFA8B57B53
1241547596.238281,1241547606.032104,B59CCC9809
1241547800.640622,1241547808.567382,5C9A004065
1241579514.279293,1241579522.179687,04ACD14334
1241553530.277342,1241553538.898437,A0556995B7
1241564004.208982,1241564013.875,C0F9AA90AD
1241523807.2373078,1241523814.289062,8762826D65
1241590062.615232,1241590070.104492,29BB0A6F8A
1241593478.605464,1241593485.771484,E033EE3A6A
1241509857.061038,1241509864.277343,2A02D85CE1
1241522781.667965,1241522790.245117,8C0688BCF7
1241577498.8632848,1241577507.275879,7FAA647669
1241578032.0541952,1241578040.0,6D8CA94259
1241549785.2988288,1241549792.761718,2647CB54C7
1241586192.180662,1241586200.034668,71165520ED
1241587170.383785,1241587180.674804,D8B815F6E1
1241523287.0142782,1241523295.948242,670D449C7B
1241574510.002199,1241574517.765625,70C30A2788
1241574830.703122,1241574838.540649,C5936ABB23
1241589423.8798828,1241589431.070312,C1C2D976BE
1241502796.708988,1241502803.743164,8E8A10E90D
1241502999.205562,1241503008.627685,5A6AD9319E
1241552516.035153,1241552524.3833,B88BFCFE7A
1241598868.5351572,1241598876.114013,1943CF278C
1241599259.6430671,1241599267.439941,6FE905CCF5
1241599285.828122,1241599295.166748,125EA014F5
1241584558.40723,1241584566.702148,E035B3755D
1241584697.84033,1241584709.975097,8DE9B4557A
1241585707.510739,1241585714.550781,61CC30E1DA
1241503290.999633,1241503298.540527,341703B43E
1241556223.2626982,1241556231.748047,94BB2CDB50
1241592760.593263,1241592768.144531,327D2BBF50
1241592780.432132,1241592789.439453,DBA9BE9DC0
1241582558.613278,1241582565.875,E6DC2C878A
1241582088.436528,1241582098.641967,377BE659AA
1241591452.811527,1241591460.035156,468E3D7EB3
1241591477.519781,1241591488.162109,B8CCC060FD
1241591488.164059,1241591495.59497,E82B9294C9
1241591726.20166,1241591733.381836,486002BB3E
1241557196.235841,1241557204.288086,31C6AB538F
1241587985.916989,1241587993.513672,96FDDFDCA1
1241600201.22314,1241600209.905517,4AE224C1E1
1241569943.508788,1241569950.549804,2F103DF002
1241559950.3419142,1241559957.450683,CEE9C4E249
1241548631.710937,1241548638.726074,A3B1F4D59B
1241509041.1230488,1241509048.956054,9768752D9B
1241500520.582273,1241500527.803711,E7A5FB1433
1241577319.870608,1241577326.9375,3C4F9F0A0E
1241570666.60559,1241570674.206054,6A3350CE24
1241509348.984374,1241509356.171875,4C3E1EC654
1241512698.043942,1241512706.11499,F19B07A6B3
1241500852.218868,1241500859.527832,3D6C94420A
1241622363.270751,1241622371.585937,EEC11746E6
1241669734.7534192,1241669741.791992,F3E72A1F2A
1241669745.794437,1241669753.335937,9F106D05BA
1241669780.5493188,1241669791.043945,25E605D6FF
1241619315.698612,1241619324.965332,622ABEB7FE
1241698554.598636,1241698562.200195,0DD30FFB17
1241691842.371099,1241691852.504882,1A65E13B9E
1241636125.589605,1241636136.261963,BEE5C5DCCB
1241631811.433599,1241631818.912109,6E9A3BD7AE
1241655431.3242218,1241655438.538086,1852F598C2
1241640080.624026,1241640090.638672,6537EEE55F
1241654401.179075,1241654411.051757,AAF1C1FE54
1241661349.567383,1241661357.315429,E76AFB652F
1241689836.4296908,1241689846.310424,F8C552CAE0
1241666631.168943,1241666638.234375,60038D8BD6
1241666772.8046849,1241666782.875,3174A2CAD1
1241664722.578122,1241664729.746093,219EFC988D
1241664887.37598,1241664896.551757,90B5F067F0
1241664941.167965,1241664949.724121,523F653AB5
1241665318.738531,1241665330.009765,C5078431FF
1241674191.804691,1241674200.40332,4CC9406299
1241638649.672366,1241638659.460937,AEBF6794BA
1241605539.195799,1241605546.284179,72E6E777C4
1241680824.632809,1241680835.199218,4C56468490
1241680928.831055,1241680936.148437,EB872373A8
1241687045.909916,1241687053.60205,406BFC97C8
1241625228.076903,1241625235.32373,DDF07FABB8
1241621867.850833,1241621878.010742,95250BFD70
1241622030.152348,1241622037.170288,18BAEA742A
1241604719.625,1241604727.734375,D04154C39F
1241687924.7929702,1241687935.697265,A601E9EB73
1241688085.842042,1241688092.935547,2D5C2871A4
1241688093.0419972,1241688100.83789,4C52A81CA1
1241688215.627926,1241688222.949218,E2128EE416
1241688395.123051,1241688402.309082,B5941C7B9A
1241694732.4726589,1241694739.76538,304EE2C554
1241638790.892941,1241638799.34375,E6180C3332
1241638858.522706,1241638865.930664,4C6A065B3B
1241684305.865233,1241684314.123047,C66CF2600F
1241629292.802242,1241629300.496948,6E2184CF5C
1241629583.881833,1241629591.487304,D19B77CE7D
1241629684.875,1241629692.01416,5CDFF05CC7
1241640772.302492,1241640780.156738,AC631D95C0
1241693993.542234,1241694001.717163,69C8F3DCF3
1241694056.2622058,1241694064.203857,EDFA6FB65F
1241696078.496583,1241696088.030273,C2593A523B
1241656382.691406,1241656392.758789,643DD02F16
1241654224.237119,1241654231.507812,72DFA0C19B
1241627878.9999988,1241627887.834961,FDE283D366
1241687743.108518,1241687750.607422,D676F2918D
1241699431.054692,1241699438.167968,233CEB483D
1241699749.883785,1241699757.371582,FABAAC1734
1241620671.649417,1241620679.499023,D87343D020
1241604019.595093,1241604026.644531,8C7689DE2F
1241614161.775394,1241614169.126709,B071848B80
1241672638.2539089,1241672646.5625,1B05B6EA56
1241690136.753903,1241690144.016357,7242153988
1241694422.7031229,1241694429.834961,E1CB364A21
1241682427.001218,1241682434.300293,8376E6069C
1241678569.999022,1241678577.253906,82ABC43A9F
1241602040.619142,1241602050.085144,4436A52B9C
1241676994.868167,1241677006.940307,FCD3677243
1241662504.307613,1241662511.901855,0AACF91E37
1241621441.842531,1241621452.6875,F6AC43E5BB
1241663101.440432,1241663111.060058,BEC51EABA7
1241634840.1582,1241634851.518554,903119EC63
1241680232.80664,1241680240.296875,82B8E9F05F
1241692511.73193,1241692519.226318,382CD2083C
1241668215.0898411,1241668223.061035,F6002D17A4
1241668458.347652,1241668466.11914,5BAFC7E21E
1241668534.846681,1241668544.936035,1118F5D56C
1241641476.044925,1241641483.453125,C46E48110E
1241641483.456055,1241641492.996582,F4EE4C3E58
1241641572.8125,1241641580.316406,72AC1D47C6
1241632687.451175,1241632694.909179,708F0A7AF5
1241632816.57153,1241632824.375976,FC588C27BA
1241613680.41553,1241613687.634765,C1E27F7F78
1241613963.195317,1241613971.315429,62390B6118
1241665590.065191,1241665597.518554,6B9F98A76D
1241684934.9043,1241684943.131347,6D19D04B80
1241693136.5585911,1241693146.989257,543790A246
1241686562.6118188,1241686570.85913,DD818AC792
1241672378.420902,1241672387.905273,4A9D2DEA9E
1241667388.791019,1241667397.652588,7D976A16B8
1241685452.4091828,1241685461.222656,75224EC93E
1241685472.9304168,1241685480.349243,1017652233
1241678722.894531,1241678731.992187,24AFA26A69
1241669025.9243188,1241669036.150512,9AA3E1CB65
1241625776.4345698,1241625783.567382,CD1D9570C8
1241636570.887698,1241636578.3208,925D35EC1B
1241673179.312497,1241673186.592773,6AE179A914
1241646439.2246149,1241646449.395019,5012A88BE7
1241639121.305661,1241639128.422851,AACB0A39CF
1241667716.9863322,1241667724.724609,0FE6144A78
1241667732.734378,1241667745.446289,48BEFE3878
1241675859.75,1241675868.470947,462B44AF8B
1241676104.337894,1241676111.417114,86479E320E
1241601281.75879,1241601290.024414,99F7E66B20
1241674809.168951,1241674816.310547,C46D443C57
1241674977.301761,1241674986.355713,00F27116C0
1241614635.5703158,1241614642.629882,00717947A6
1241659520.3488748,1241659528.0,13EC06978A
1241662121.174806,1241662128.826172,4AB9D22CCE
1241662229.079105,1241662239.441406,1D98593F06
1241679837.37305,1241679845.235962,724B1B7054
1241679868.4707038,1241679876.291015,67100A0267
1241644438.493165,1241644446.059082,1F9E886181
1241613383.393308,1241613392.417968,CC0B057B25
1241653333.0813022,1241653345.854492,4B5D7D887D
1241653345.866212,1241653357.262207,9836D12B7D
1241653373.483648,1241653380.759033,F06FF8DB6F
1241628309.358888,1241628317.078125,BA3B71B39B
1241683942.673339,1241683950.322265,E12A2202FE
1241759720.569339,1241759729.967773,D38CAB174E
1241752141.416019,1241752149.75,DEF77307AF
1241769641.7490191,1241769649.015625,F642A18DDB
1241769777.00098,1241769784.176757,CB26B4B808
1241734240.1162138,1241734247.166015,4803669AD8
1241734483.424801,1241734490.724609,C3DD7EE841
1241734605.68359,1241734613.225586,4F665AC0C3
1241778350.323239,1241778359.772461,A49A0DA557
1241746967.984372,1241746975.394531,A615640DAC
1241716370.627194,1241716377.796386,207011A510
1241705060.495236,1241705067.8125,9A6E12BD29
1241778676.210206,1241778683.549804,2F6DFD8CF8
1241763779.1367218,1241763787.526367,B24992D288
1241763811.081059,1241763819.909179,F4DF8F4070
1241738353.773437,1241738362.288574,A91858F402
1241738576.350587,1241738583.894043,AF4010C991
1241766748.156252,1241766755.818115,06BBDA625E
1241777072.814456,1241777081.43042,B4A1CCA702
1241773830.326168,1241773839.18457,092629C096
1241710463.517582,1241710470.868408,0050CD770B
1241750515.518558,1241750522.603515,DFE3DA0969
1241750837.672848,1241750847.106445,A8693CEABE
1241706651.078125,1241706659.471679,4D914CFDBE
1241788324.391602,1241788331.634765,A526E402CB
1241768482.631836,1241768491.814453,A5DD809D79
1241792281.3679152,1241792291.75,E4C9635B97
1241792345.5,1241792352.674804,3EBA71526C
1241770500.224612,1241770508.046753,393D759363
1241792639.5976532,1241792646.979492,68BD99659A
1241708738.208985,1241708745.75,6208EA4262
1241700270.188228,1241700277.371582,F9539E0B5C
1241710378.599606,1241710386.546875,5582054EFC
1241768095.85156,1241768103.828125,3061C5CC9B
1241708079.674312,1241708086.732422,77956F78F8
1241708473.1000988,1241708480.633789,AEBD0F6861
1241768940.465823,1241768948.038086,BA136B63BD
1241734001.0419948,1241734008.573486,01A29FC8A5
1241734027.0332031,1241734034.720703,F273149A0C
1241776693.100828,1241776700.859375,A72D067AB4
1241767052.5598178,1241767060.085937,5E863FFF15
1241767212.158206,1241767220.202148,4D9AB7A3F3
1241767324.802734,1241767332.125,CEB60F5C6E
1241724163.173341,1241724175.433593,DD13331446
1241724215.5312488,1241724223.397461,0C88CD77D1
1241713245.322268,1241713252.734375,95DE44523D
1241761972.851932,1241761980.55664,D0752A4586
1241715357.96484,1241715365.876953,ED1A4D39D0
1241715571.763668,1241715578.893554,FDB117CF7A
1241743929.279301,1241743937.101562,61AFD2FEBB
1241707449.436034,1241707460.889648,3D29F822D5
1241707491.502928,1241707498.518066,3DCE0B7409
1241777950.538089,1241777958.862304,169CBADF71
1241754418.335939,1241754429.751953,A29A230587
1241766500.160152,1241766507.23529,C45F2B7BC5
1241736560.856572,1241736567.920166,8C04F5997A
1241736686.139644,1241736693.161621,93D17AAA1D
1241775134.442384,1241775141.830566,2A7D58BE6F
1241742497.387578,1241742505.674072,33A2469070
1241762340.6562529,1241762350.132812,66ABEFE9FC
1241789817.651365,1241789824.734619,D59DF8CEC1
1241771278.818356,1241771286.096679,F91B4CBAF7
1241719547.21729,1241719555.228515,A3A863AE6A
1241761125.43359,1241761132.964843,8C77052A73
1241772549.106444,1241772557.395507,3EDC41B0D2
1241733153.781554,1241733161.304199,9053088C13
1241733226.180422,1241733235.091797,02A9271771
1241733536.109869,1241733545.03833,90E4977DC3
1241733683.849606,1241733692.526245,B0BA3604AF
1241772428.650392,1241772439.909179,0B5467FBEB
1241794282.953127,1241794291.641113,FC9EF92B7A
1241703664.289061,1241703675.332031,237F77AEAA
1241740156.4501982,1241740165.708007,5D14DEBC4F
1241712412.9912138,1241712420.578125,9C05DC007E
1241717337.048833,1241717345.207031,D1E12B3032
1241788931.427486,1241788938.636718,D3C7234E03
1241779799.994144,1241779810.417968,A87E9A24B8
1241795296.348629,1241795303.804687,62A126AC1F
1241755247.34595,1241755254.5,E64A23C353
1241704919.382816,1241704929.769043,AC56D708FF
1241709441.423827,1241709450.019531,A057E01777
1241709608.599124,1241709615.71582,5A22B253CF
1241734755.947265,1241734765.999023,BBB1F50BE5
1241749942.740236,1241749951.499023,C4CD44CB9C
1241721241.269534,1241721249.223632,D688A18436
1241721307.816402,1241721315.740234,8B9D66DB39
1241744321.545413,1241744329.008422,7C41BBA431
1241741999.075197,1241742008.180664,286BF9250C
1241742104.6039991,1241742114.325195,283B84F6B4
1241760281.971678,1241760291.155761,C5DFCCB70F
1241705870.4999971,1241705877.937866,F2125EFD67
1241799969.947753,1241799978.703613,1D847ADDEA
1241790952.214848,1241790961.44873,CFB5F203CC
1241790962.8818328,1241790970.192382,D2B15A15E0
1241743325.0629928,1241743333.621276,DF8917525A
1241784193.550054,1241784201.845703,6BDFAEF485
1241784625.356442,1241784632.485351,BE2D4CAF22
1241739819.250491,1241739829.224121,93F7FF656A
1241782097.231445,1241782104.659179,E0DEF5FD7E
1241782253.725585,1241782261.297851,89A849FDE5
1241748397.742677,1241748405.450195,146EB8D6D2
1241748450.755859,1241748458.154785,4B4DB7C985
1241701329.833497,1241701339.716797,128602A624
1241737674.590823,1241737682.813476,D5BC1387FA
1241737690.7792928,1241737698.374023,E6722D4B00
1241732336.9956088,1241732344.922851,0808F50346
1241732389.301514,1241732396.660156,E736D977D1
1241766005.53516,1241766012.762207,15CF3C863B
1241735402.592528,1241735410.462402,5B984D629B
1241701781.2207072,1241701789.319824,DE90161D7A
1241757377.8481429,1241757385.131103,ED42ACCFDA
1241757569.90625,1241757577.649414,94BD6BC40C
1241762667.9775388,1241762675.922851,7EC229D14E
1241762838.822262,1241762845.892089,F93472D503
1241780937.3466828,1241780944.796875,E1E68C18E5
1241708949.428224,1241708958.633056,694BAC96B9
1241739412.746095,1241739420.852539,585C9A4ECD
1241739424.2050822,1241739432.25,B0BE52A377
1241800924.2998018,1241800931.763672,5AACD38EA3
1241896941.415533,1241896953.478515,0BD402C088
1241897130.359863,1241897141.316406,EE7D0060EC
1241806487.171388,1241806497.850586,13FA248402
1241811002.9570289,1241811011.189453,E605DD50FD
1241840027.378903,1241840035.463867,8A86D04856
1241863691.732425,1241863698.917968,B6378C5E33
1241807639.208004,1241807646.730468,F4A1F213C3
1241850975.0957031,1241850982.483032,224ED1410B
1241873488.431889,1241873496.378906,66B8F7B80C
1241804432.042968,1241804439.101562,0B4C3B240F
1241804492.452147,1241804500.240234,55F7144144
1241847713.687495,1241847722.606933,74075579A8
1241835596.866211,1241835604.398437,DC46590A08
1241806282.104982,1241806290.617187,F92F44CC1B
1241836289.609128,1241836298.66748,9443086609
1241836356.212894,1241836363.793457,757F0D3365
1241852334.0275888,1241852341.697754,8AB087E296
1241852849.207455,1241852857.382812,F32BB6BA88
1241840879.67871,1241840887.324218,ECE2A33959
1241866740.419923,1241866750.089843,81EB89AB44
1241808881.503904,1241808888.737304,ACDCAC3A17
1241851329.448244,1241851337.603515,9037D095FF
1241867710.991334,1241867718.262695,3D4DC3134D
1241814080.448241,1241814087.82373,7A575089EA
1241871398.375,1241871410.331054,00B3BD0A9D
1241861069.4287071,1241861077.84375,EB991E2EC3
1241862866.9667969,1241862874.92749,2886E9EC3C
1241859377.165042,1241859390.720703,509FDD75DA
1241870700.419925,1241870707.90625,2C09545488
1241853142.7001972,1241853150.118713,39C8E8BF6A
1241834822.30518,1241834831.608398,617EA14DD1
1241875104.6171908,1241875113.002929,EA86E038E3
1241854017.480465,1241854025.046875,00FD003BB2
1241835412.6982448,1241835419.758789,A18BBF1C5F
1241852086.5068388,1241852094.028442,F0770D7B47
1241808096.455075,1241808103.912109,97B728F166
1241837003.921878,1241837011.491211,71317DBE79
1241874589.0,1241874599.39917,836670600F
1241845748.626956,1241845758.136718,AE1936BF7C
1241863162.628906,1241863169.708007,6FB45E2893
1241804955.833981,1241804962.907226,45D5141D3D
1241865836.5849638,1241865846.68872,CD7838F805
1241816125.697752,1241816132.952148,E4DDE9E66D
1241806763.038819,1241806771.015625,F3B18E14C3
1241874102.909184,1241874111.673828,DDEA0B5316
1241864408.7189949,1241864415.75,49AB97D305
1241864586.689456,1241864594.317871,8A75BB217A
1241895213.0947318,1241895220.746093,C3B07E86BF
1241920754.538089,1241920762.15039,EB27CE14E4
1241947951.796877,1241947958.822265,65BBF1D962
1241948058.267095,1241948065.50415,2B6FAD8B0F
1241987386.308594,1241987396.368164,A597620DEF
1241977838.95532,1241977846.564453,BFFE842809
1241978024.039066,1241978031.137085,1745053877
1241978080.896486,1241978093.134521,EB71190751
1241962536.75,1241962544.542968,05F8C928FE
1241929749.140628,1241929758.294922,8C157CA56F
1241917906.646481,1241917913.875,49721C0782
1241956754.6289072,1241956761.668457,26F35F8958
1241943836.385015,1241943845.0,909CD27A74
1241943992.68091,1241944000.188598,3803764F9F
1241972184.516605,1241972191.523925,0BBC6AA325
1241987066.380369,1241987073.666015,766F747BB1
1241933161.4404328,1241933170.996826,6F20E1171D
1241933300.677618,1241933308.123047,9FD6ACDF59
1241946327.099614,1241946334.547851,359327206A
1241970043.7148468,1241970053.436523,F60524E043
1241921832.982425,1241921840.250976,D52C235BFF
1241959137.746097,1241959145.700195,C5511571A7
1241926162.932618,1241926171.080078,5BC8F2B811
1241906151.0029328,1241906159.109375,4A0BDFB4CB
1241906235.369144,1241906242.398193,D517F3EFA8
1241941614.680667,1241941622.425781,56B3FDDA42
1241916484.730472,1241916492.467773,F51C24542E
1241916609.321292,1241916616.96875,B016FE12EE
1241961380.904302,1241961388.151489,01E09061BC
1241915112.244144,1241915120.83789,F361FE5631
1241921536.523441,1241921544.385742,4BF31FACFA
1241921556.47363,1241921564.375244,7009DFE1F9
1241926692.9062529,1241926701.538574,B91CAE65E8
1241979359.36524,1241979366.609375,76CCB76833
1241925847.1695511,1241925856.488769,64AE64C3AC
1241931800.429692,1241931807.515625,A103EA6F35
1241931875.1513638,1241931882.460937,347E4AFCE9
1241944599.8945282,1241944606.90039,D15ED30A02
1241923358.244389,1241923365.372314,342B977BA2
1241923427.896487,1241923435.167236,63ED64A71D
1241923668.013668,1241923676.392578,5BE71223AE
1241953526.525874,1241953535.15332,5D7F66F33E
1241928352.4970698,1241928360.365234,C6757C798B
1241914657.8813488,1241914667.73706,B864A9439A
1241945754.877813,1241945769.416015,B0FA6D08F1
1241945989.9453158,1241946001.698242,46E619ED7F
1241923917.372804,1241923925.601562,3B3E0755D2
1241924123.753419,1241924131.05957,69510933E5
1241952603.4477491,1241952612.62207,DB3EBD85A9
1241969160.199222,1241969167.326172,05BBC498F6
1241966046.072269,1241966053.71875,1B3DE7BC38
1241968639.237305,1241968646.457519,D3C11B4B7D
1241969003.417972,1241969011.079101,34722994E0
1241913652.775879,1241913660.23413,EABA6950D4
1241971605.5607872,1241971613.724609,899ABFFFFC
1241985250.37109,1241985259.147461,BBC455331E
1241985428.365238,1241985435.973632,A23EB33927
1241967167.252929,1241967174.6875,8448904FFB
1241967378.370725,1241967385.941406,C69C9420BF
1241924762.573239,1241924774.851562,70CF6389F6
1241940765.833981,1241940773.621093,F26E01C424
1241905153.159726,1241905160.669433,9391C0B599
1241913027.916012,1241913035.961914,9CFA5C2E44
1241915628.5869129,1241915638.694336,2173DD3C7A
1241981201.4296849,1241981208.865234,973E4D7A76
1241950853.550048,1241950860.580078,F24AF19344
1241974909.716917,1241974917.415527,8A42C646DF
1241975210.18359,1241975217.453125,EB391F508E
1241972566.495367,1241972573.807617,A6648EE395
1241925452.640628,1241925460.334961,7212647801
1241925706.467036,1241925714.18164,F4FAA05F1A
1241968462.489749,1241968470.954345,D87CD18259
1241934177.484372,1241934185.734375,EDAFDD5F5D
1241960507.624511,1241960516.158203,10DED3031D
1241934892.437503,1241934900.6875,222A4D350B
1241935015.8124971,1241935024.125,7CCA82B3A2
1241953733.9335911,1241953741.128906,D1628C14E3
1241951275.085934,1241951283.348632,DFFB424CF2
1241951350.809567,1241951359.120117,DAEE991079
1241930469.385862,1241930477.581054,BC4F12FF0E
1241930525.154176,1241930533.3125,6DD4139187
1241941700.671388,1241941709.96875,5600BBDC12
1241942271.327024,1241942279.778076,3235FF7CF2
1241942391.014652,1241942399.329101,4E9504D1F8
1241932948.0908222,1241932955.719482,AE6C29FA1E
1241992630.480474,1241992638.733398,BA0195CBCA
1241916675.192386,1241916684.203125,3D02E97DA8
1241962043.452148,1241962051.21875,CC3314877C
1241962325.1623511,1241962332.175781,9279FA276F
1242014374.1875,1242014382.091308,FF40B99997
1242014525.2099571,1242014533.269531,CAA5061279
1242005754.706052,1242005762.634277,43D88516FC
1242025475.431644,1242025482.515625,1391080D8B
1242025680.313477,1242025688.696777,E1A23BD075
1242065152.564695,1242065162.899414,35CC0D29CB
1242065249.190183,1242065257.691406,119FBB0E13
1242026714.248044,1242026721.271362,FB5747E7C4
1242018734.619632,1242018742.710449,9B64318AEB
1242018770.5312471,1242018779.746093,9141496C79
1242018864.88696,1242018873.331665,C674D04CC7
1242096716.730474,1242096725.856445,20C45AA2A9
1242038259.632817,1242038267.307373,CDA03C5620
1242007228.562741,1242007236.045898,2694A30CB0
1242092813.020511,1242092821.844726,BC90CE8A92
1242015145.851568,1242015153.206726,C0B34C3837
1242079740.3461938,1242079749.882812,35DF53FC1E
1242017300.579102,1242017307.625976,EE9B8F9E63
1242024047.0,1242024054.722656,DE6B79AECC
1242024430.502437,1242024440.591797,380C630106
1242088766.3076138,1242088776.572265,940AA0DAC4
1242099494.78516,1242099503.863281,EBC1FE4E25
1242017946.559567,1242017953.993164,8790CBECD8
1242089100.489866,1242089108.52832,D21D6ABAA3
1242089333.000003,1242089340.128906,8BDF7BED7E
1242026447.8847651,1242026457.387695,01ACC2D0C7
1242026603.344972,1242026611.855468,25367C3293
1242021673.576663,1242021683.265625,AB11285CA8
1242021712.8671908,1242021723.55542,E6A54B1BCE
1242021831.828127,1242021839.215454,C05B36C50E
1242021855.173832,1242021863.113281,D6593B7DC3
1242037575.520998,1242037582.67041,051BC58A42
1242066779.193362,1242066787.347656,F96999451E
1242024499.509766,1242024508.929687,2F4E154149
1242098856.723629,1242098864.996093,7EA1DAEF75
1242098983.293211,1242098990.720459,3EA52E5FB5
1242033660.590822,1242033668.503906,8AD4C565EF
1242033715.107422,1242033722.740234,8362687FC7
1242099689.9668,1242099698.116211,03D4069286
1242022293.121581,1242022301.243286,ADF8EE7344
1242022329.732425,1242022337.488281,0DB5661DB0
1242022339.715817,1242022347.9375,F422FF6BEA
1242022432.166016,1242022439.358398,4B2C9A4D03
1242040591.1946402,1242040598.660156,5B3DD4BB2A
1242016941.357418,1242016949.80664,0895680C51
1242023620.62622,1242023628.568359,55DAE15991
1242023654.780035,1242023662.305175,337687DD17
1242023744.0849638,1242023752.185547,F3F88D9A13
1242023757.613282,1242023765.598632,F9A04B538A
1242023770.358402,1242023779.145507,5D7EB4E3DB
1242015188.755858,1242015197.320312,10D495F164
1242015403.351563,1242015411.161132,79C6C7434B
1242036758.71387,1242036766.53125,3595948CDC
1242094337.529783,1242094344.689453,16D2E08738
1242094540.505857,1242094547.917968,20AB39854E
1242010885.574215,1242010894.235839,FA5A0C2340
1242030534.235352,1242030541.841797,3D2775D93C
1242030647.50586,1242030655.615234,DAFC4F5ADE
1242095440.173825,1242095447.319336,98766EADDD
1242024785.6367218,1242024794.330078,1D23B3401D
1242024957.863283,1242024967.368164,8F990B28F2
1242025097.306637,1242025104.401367,59785C62A0
1242025107.500491,1242025115.171386,4C2DA16208
1242019499.946292,1242019507.953125,11037D7AEC
1242026959.312498,1242026967.013672,0169F5BF35
1242027074.307132,1242027081.885742,7F88E3C8E0
1242064292.49805,1242064299.577148,852EEDF4ED
1242093849.438473,1242093859.557617,9338446626
1242094965.0293,1242094973.746093,D0D2E9FA21
1242068171.856447,1242068183.730468,06D74059BB
1242023320.266233,1242023329.128906,38BA67F753
1242023329.134766,1242023336.46582,21DB3AD05B
1242023490.582033,1242023497.735839,A7F3CBBE91
1242090645.220706,1242090652.517578,B8F2178FEF
1242065312.9999971,1242065320.702148,AC5AB67105
1242065578.638668,1242065586.197265,3643B100D0
1242022456.018062,1242022463.183593,5183BCE172
1242022537.0913088,1242022546.232422,549701672F
1242022636.311397,1242022645.038086,68412FE5BB
1242021047.12549,1242021056.190918,4C2148A38B
1242021308.530028,1242021315.56958,E3E5C27071
1242098369.51465,1242098378.512207,33F5A5578F
1242020084.372922,1242020092.376953,2142CE5E22
1242020196.852542,1242020211.099121,A9D433496A
1242068468.901364,1242068477.828125,C8AD87927D
1242027843.296388,1242027851.564941,FC6713A55D
1242089848.1992218,1242089856.352539,8426F0B188
1242071822.378419,1242071829.471679,6C6E02DE2A
1242038876.907716,1242038883.958984,1E6F067E3F
1242032701.9268172,1242032710.548339,DC0E3E9443
1242087758.85303,1242087766.055542,F4B4ECC114
1242087830.7822242,1242087839.490234,7EC7759453
1242012813.873043,1242012820.972656,6B89D244F0
1242034236.916017,1242034246.324218,1C01DED851
1242016688.9501948,1242016697.063476,8A1934E4AC
1242015730.044925,1242015738.140625,E4302F991F
1242015746.045902,1242015757.437011,C47884DCAF
1242015829.728519,1242015837.910156,1C78B264DE
1242015890.9912138,1242015898.833007,A4509B3916
1242022809.027344,1242022816.261474,CB95166C01
1242039978.0361328,1242039986.138916,012009086C
1242008496.9374971,1242008504.575683,22FE508611
1242088476.46973,1242088484.875,94E71196E8
1242020503.162601,1242020510.58374,1BF476516E
1242020586.915042,1242020595.269531,2BBFA6B245
1242020618.4863322,1242020627.717285,9188A6DEF2
1242020662.105465,1242020670.956543,A218F99A6E
1242020687.280273,1242020694.958984,160204D4E2
1242098139.172848,1242098147.748047,0D7F2B7BA7
1242018038.132076,1242018046.804077,567CFED062
1242018317.574708,1242018326.498047,060165367B
1242018478.697262,1242018486.208984,64143DB227
1242075506.863278,1242075514.833984,E57AC56B1E
1242074182.924806,1242074190.625,BCE287512E
1242099271.144528,1242099278.252929,9AE81CEAC4
1242091236.893674,1242091243.916504,526D0ACFE3
1242091286.949712,1242091294.946777,73C0A9572C
1242091486.552738,1242091494.969238,594EB654EF
1242099827.318723,1242099836.017334,8CCF8F1D91
1242170251.695562,1242170264.625488,EDDC414FD5
1242197674.430661,1242197681.963867,15A56B9282
1242140772.982913,1242140780.039062,49E34E8D38
1242165523.519529,1242165531.397461,47609870C2
1242140119.90625,1242140127.534179,55DB39D833
1242107672.588864,1242107680.380859,E90F7625EF
1242104993.917974,1242105001.496032,79DD4DF6AD
1242103047.47656,1242103055.705566,B915DF1215
1242120570.626953,1242120578.386718,ACAB207F58
1242120706.476562,1242120714.180664,F94E370FBB
1242120749.541012,1242120757.024414,C464C8CC2B
1242101354.766116,1242101363.657348,A28DBF4D6E
1242101423.487306,1242101432.132812,B1946BFFD4
1242101474.158205,1242101481.321533,FE926F549F
1242107337.4799762,1242107344.582153,5872FA063A
1242196880.106936,1242196887.512695,A15FB458C9
1242197073.115972,1242197080.214843,0D4D604A81
1242123756.143796,1242123769.315429,508EB77100
1242123785.687495,1242123792.745849,009573C98A
1242150118.324707,1242150128.048828,12BE268C22
1242193421.913087,1242193429.849609,6D9ABD20A3
1242135167.2355318,1242135174.578125,3DB44405F8
1242135303.228519,1242135311.308593,683AB39BD8
1242125059.054931,1242125066.108886,0B51FF4D27
1242123339.42383,1242123346.946289,A5D91CB197
1242123539.167966,1242123546.440918,1386D0C0C1
1242150534.664067,1242150541.821289,D98FF16878
1242103254.609378,1242103263.576172,CB3C741358
1242137397.2753909,1242137404.505859,C7213675EC
1242137594.820316,1242137602.051757,4D989CA52A
1242170377.293947,1242170384.373047,F536171C5A
1242170393.8950229,1242170401.601562,0AEAB2243B
1242164929.734377,1242164937.0625,9FFAECD2DC
1242109718.993165,1242109728.495117,BCDA1B3F8B
1242190890.927251,1242190898.274902,B1131FEA6A
1242146575.708004,1242146585.316406,D5EDDE4D87
1242151981.5068388,1242151989.505859,25E279A30E
1242128256.222658,1242128264.331543,5D6FDC7DCA
1242195822.666014,1242195830.318359,EA411F2416
1242174073.2724638,1242174081.734375,E2A49B05FF
1242159583.8789048,1242159591.024414,76AE13307B
1242104455.226566,1242104462.605346,E644E8797B
1242104558.144042,1242104566.891601,8BE9C85983
1242104605.5888698,1242104612.681152,DAB315C213
1242116142.624027,1242116149.951172,04B6E79D49
1242199443.3403308,1242199450.692382,DD426A857F
1242103892.032102,1242103899.053711,B8943A6D6E
1242145348.562012,1242145356.078125,4BAFD5216B
1242175549.72803,1242175559.604492,1D7E90930D
1242128672.712892,1242128680.207031,68A43311BF
1242108721.048825,1242108728.129882,84EF09048F
1242108839.1948268,1242108846.761718,84A67A9FAD
1242175245.8457072,1242175253.289062,5543CB0BA7
1242129860.02734,1242129869.048828,696C6C2F7A
1242130081.4257772,1242130088.4375,74B208160A
1242125609.3857448,1242125616.816772,852C84FEB4
1242125646.0877738,1242125653.276367,4C396B35D2
1242125938.714847,1242125946.595703,EE0DE81706
1242105861.1328158,1242105868.897338,162B7B66F5
1242141707.418948,1242141714.60205,B0A8A9DEE5
1242116973.474122,1242116981.220703,4555E3FCF8
1242199326.418942,1242199333.601074,360706F2A4
1242158245.252203,1242158252.945312,A8DC34FE35
1242158351.504156,1242158361.169555,306FCAEE57
1242151020.4189448,1242151030.170898,9A344EBF86
1242156639.235348,1242156646.643554,1FFA311544
1242156679.930665,1242156688.787109,F80E850C2E
1242148995.079098,1242149003.098388,A2F4C6FE04
1242147425.942379,1242147433.749023,1D87E5AD4D
1242164656.4765608,1242164664.043945,3E2C2F3E39
1242164736.918699,1242164743.945312,D0ACA95D63
1242168697.574222,1242168704.641601,40C1864DEC
1242126216.1171908,1242126223.748047,7634AB1103
1242126286.59473,1242126293.769531,40DB9369FB
1242169532.4150388,1242169540.496093,E5CB31875B
1242117482.8789032,1242117489.90625,65908E89C2
1242116415.508786,1242116423.808105,F2F15B2DD9
1242131802.1875,1242131812.819336,45681F1738
1242106342.030273,1242106349.03125,2705A865B7
1242148292.6904309,1242148299.84375,4A24B66D14
1242148322.778324,1242148330.214843,EE3C6FAE3B
1242168111.208987,1242168118.600097,AE297169F4
1242168147.447269,1242168155.859375,F59F9C133A
1242168270.623043,1242168278.194336,69BDEFA2B7
1242106082.4365282,1242106090.253906,B3436E1568
1242142146.9964552,1242142154.257812,2525999036
1242160520.952635,1242160531.458984,94762F31A9
1242192472.754886,1242192481.091308,2FDC60B8CA
1242152413.427734,1242152420.477539,A9C50C21DA
1242152735.4868178,1242152743.694336,F2B756B50B
1242129069.934573,1242129078.796875,7F24925ECC
1242143489.547855,1242143497.051757,C87118F951
1242143585.008792,1242143592.070312,A767237DA8
1242102822.280277,1242102833.907714,C840B0F347
1242157559.091796,1242157566.145263,4A2BB848EB
1242114310.970706,1242114317.980468,1C7B2E4F9A
1242114345.853517,1242114356.140625,0950DF5B88
1242193827.451168,1242193835.858886,D092CB25C7
1242189994.16553,1242190003.132812,336E9326FA
1242190044.440426,1242190051.943359,0A863A9AA0
1242119814.339725,1242119823.345703,F330A5839C
1242164207.912843,1242164215.571777,0DBDF10627
1242131101.99121,1242131109.066406,97799DB93C
1242127260.169919,1242127267.190185,81231A83B4
1242127342.630372,1242127349.879882,5810C8301D
1242127467.3984342,1242127474.627807,15D364693A
1242121850.189456,1242121858.321289,220BA02804
1242122033.6367218,1242122041.451172,02AD7C50E8
1242122173.866941,1242122180.932006,A5C78EB0B8
1242122266.075197,1242122273.394531,906EC5C9AE
1242122345.462894,1242122352.957031,E507C21136
1242122438.1826189,1242122449.719726,5D77F00837
1242149261.7666,1242149269.4375,87D51F5E7C
1242115227.5654328,1242115236.333984,CF652B2E5C
1242193267.361574,1242193276.279297,2DBA472434
1242139110.9716809,1242139121.375,0ECEADF6B7
1242144912.2138698,1242144919.322754,072301C611
1242106493.416989,1242106500.904297,4820B99547
1242106530.170895,1242106539.032226,FA80AE9A12
1242131520.3515658,1242131527.638916,C3AB231748
1242104082.905276,1242104090.709961,2C082439B1
1242104135.804692,1242104146.195312,822B631C4B
1242104170.705328,1242104178.0,E5718B8C94
1242166512.2829568,1242166520.195312,68117EF8AF
1242173843.2617218,1242173851.980468,90DC94D701
1242122687.976559,1242122699.376953,926F90EB5F
1242171467.246097,1242171475.711914,ED3A709CB4
1242215163.7470722,1242215174.975097,55995F9EC8
1242216115.180667,1242216124.209594,612ECB4C28
1242293922.514648,1242293930.560547,53B2143874
1242205381.905272,1242205388.93457,ED60155B1A
1242218186.260744,1242218193.913086,1E26E00C20
1242208424.227542,1242208431.359375,44C494111C
1242208899.137937,1242208906.412597,2C5F97DD3C
1242243792.9292018,1242243800.737304,EC16577DFE
1242279608.592772,1242279615.596679,E572AAE196
1242214182.552489,1242214191.614746,8338DEA1D3
1242254772.229496,1242254779.236328,8F504C70F1
1242255090.055177,1242255099.32666,926C4EEDA2
1242244429.2705078,1242244438.302734,D348C2068E
1242244729.0,1242244737.314941,494E190A12
1242202454.373537,1242202462.283203,E80A9255F2
1242237886.133792,1242237899.375976,F938AEB359
1242238048.974615,1242238056.0,34387D9992
1242258554.886715,1242258563.225586,049A32832D
1242285519.910153,1242285528.643554,0CF50D11F3
1242203637.921875,1242203645.078125,320C5C9C00
1242209153.573244,1242209160.630859,B6D3CDCDCF
1242209368.8623002,1242209376.339843,21EAC9BE61
1242242010.1044948,1242242018.84375,09674B1593
1242206178.182617,1242206185.770507,FB82350D56
1242282136.155269,1242282143.615234,1A4A3B4942
1242202026.583004,1242202034.641601,C9FBA733D5
1242202296.037112,1242202303.24707,E26A8C71E9
1242203571.9951198,1242203580.386718,F16171C15C
1242261698.187503,1242261705.27539,03A5AC4057
1242249127.685062,1242249135.246338,9BE1D95EC4
1242203994.875,1242204002.897461,E1E2FB52B5
1242204273.5064669,1242204282.583984,39F0EA6878
1242253643.7251022,1242253651.263183,0515F702C6
1242213882.84961,1242213890.875976,19DF5C04F4
1242293196.4287071,1242293206.503906,DD0D766151
1242258293.280277,1242258300.517578,80918E0324
1242247167.220698,1242247174.234375,96BA103D7B
1242294467.91016,1242294475.209961,FA4CF3DA60
1242294512.431157,1242294519.561767,D9DD05CF3B
1242252618.303712,1242252626.871093,4BB1DC250E
1242217555.1887178,1242217562.705566,726D097112
1242214614.183594,1242214622.070312,4DD7FEE20B
1242202721.029783,1242202730.540527,83AD3D1224
1242280996.143062,1242281003.5,85E38878D1
1242213727.573732,1242213735.039062,8C9DE4FE48
1242213788.3232448,1242213796.605468,E3D95B43E2
1242279849.724612,1242279856.836914,7188D6A766
1242283119.928218,1242283127.039062,85545C67DC
1242216840.349606,1242216848.032714,8BB96AAC12
1242215566.390627,1242215573.941406,21C011DEB2
1242215779.693845,1242215788.263672,2EBB0E6C86
1242215921.390628,1242215930.486328,5490684B44
1242215994.218753,1242216003.847656,5F50C654C5
1242285132.57739,1242285139.848632,14D5F8DE1A
1242282739.640625,1242282750.396484,BFAF9A409E
1242282825.823238,1242282833.632812,CFF9E064B3
1242238097.75,1242238105.415039,46521A6F09
1242210715.375,1242210727.730468,9B1BEB0CF3
1242207878.697267,1242207885.84082,B4C719A64A
1242212370.822263,1242212379.30957,499DC05FE4
1242205024.286134,1242205031.910156,79CAF850F4
1242241830.4755812,1242241837.947265,21F28805CD
1242245704.211917,1242245714.125,9C769F86D8
1242245714.306637,1242245722.005127,DC9C122B3D
1242241034.616215,1242241044.366211,55023B317A
1242331166.00049,1242331174.274902,2A53E90A0F
1242365319.854982,1242365327.374023,8E0134CE2A
1242365439.6181612,1242365446.710937,6167D7A4EC
1242360922.1445289,1242360932.334961,72C3CE6428
1242361024.233395,1242361032.199463,2F573C559E
1242364621.236082,1242364629.401367,5E6FD9C91F
1242384214.288082,1242384222.194336,6B2BC8853B
1242384301.48633,1242384309.924316,9A1F2CAC5E
1242384322.825198,1242384329.956054,18C07C0A08
1242384604.0224571,1242384611.564453,7EF9C32549
1242387650.587894,1242387658.196289,04180B550D
1242367481.616211,1242367489.817871,44F5F315A6
1242370225.827147,1242370233.543945,59486CF4FB
1242370243.332524,1242370251.453125,0619348019
1242327454.757809,1242327462.286132,5EEF6DFAC4
1242342567.220699,1242342574.55957,B49F18122C
1242357496.5022,1242357503.546875,BA5589B004
1242357590.719366,1242357598.106445,576560D3AA
1242366820.2539089,1242366827.650634,6774C13C34
1242367272.9754689,1242367280.535156,003FD82675
1242362554.354494,1242362562.93164,AE2861B092
1242362580.1162071,1242362587.549072,0E2DE2AF0D
1242378605.098629,1242378612.810547,A12A7D24F5
1242353727.557124,1242353735.825927,F2AC36DD0E
1242387308.599122,1242387316.070312,F8956F2163
1242306332.827145,1242306341.746338,07438446B5
1242380468.795407,1242380476.345214,91F964E4D2
1242386205.683597,1242386216.557129,2FCCCBAFB6
1242351177.024417,1242351186.502441,B5A4D4370D
1242370700.706056,1242370707.961303,0F45C1A755
1242339657.716796,1242339664.960449,565F3A79B9
1242352421.442872,1242352429.227539,FFFF48B226
1242384945.336916,1242384952.819336,C85D2079A9
1242385027.336919,1242385034.809021,6495F273F0
1242373380.647586,1242373387.875,257499243D
1242373413.2773428,1242373420.468994,A8CD894786
1242373681.486324,1242373690.217773,A1D2AEBBB4
1242382276.599615,1242382284.908508,BC09450F61
1242377234.4912138,1242377241.855468,DF53C6AEDA
1242353520.7002,1242353528.797973,B669701143
1242304353.768554,1242304361.25,446D08D5A1
1242376781.486328,1242376789.240234,A03F4133C6
1242341687.931644,1242341695.748047,3D280AE3A5
1242341989.325193,1242341997.041992,B9FA5109C9
1242375799.640622,1242375806.86206,9C5021F9D6
1242354395.865238,1242354404.5625,B2E2B57A1F
1242329726.710695,1242329734.480224,59D7544B77
1242329746.949219,1242329754.106384,1B42796D62
1242334570.5908198,1242334578.649414,96C48F6E62
1242356732.817386,1242356742.049804,E37FB6C10B
1242357133.871585,1242357141.79248,F2D237F894
1242379158.388668,1242379166.411132,DEA8572191
1242379291.5463822,1242379300.888672,2BEE54AF45
1242361199.375004,1242361207.192871,126BB1C7B2
1242340313.8085968,1242340323.089843,AC77118649
1242383566.09961,1242383573.453125,FCC25E7821
1242383675.062496,1242383684.611328,57B96AB06F
1242360621.245118,1242360628.318359,AC7EB57F59
1242360643.800784,1242360653.5,609D63EC6C
1242350438.053226,1242350445.183166,2A76BA5CE7
1242350549.526364,1242350561.299804,67B91A9BB7
1242388802.4404328,1242388809.522461,BD9FB56976
1242369492.1313488,1242369499.492065,BAE0E8DFC7
1242357258.849607,1242357268.314453,1DC065C3CE
1242357346.9296908,1242357354.59082,F93520D27C
1242349239.5602982,1242349248.061767,D20BB92599
1242349428.8154328,1242349437.331054,4140C9F9A7
1242368346.763668,1242368355.902343,8607A3BD2E
1242340748.615238,1242340758.581054,648647C5B4
1242340782.5251422,1242340790.057617,69EA7CDC2C
1242366417.903322,1242366424.930175,AA3F33773B
1242359467.458986,1242359475.390686,69DD480285
1242385231.616209,1242385239.485351,5DE668FFC0
1242364157.323485,1242364169.976806,B148AE61F1
1242364407.8144531,1242364415.085937,A280CCC4AD
1242332376.2998078,1242332386.904785,095905CBE2
1242372364.80371,1242372371.904297,89582448BA
1242372652.442386,1242372661.655761,86EA2F299D
1242377442.275394,1242377449.481445,8D8BD357A9
1242360026.383792,1242360033.651367,9F3E4AD4CE
1242360170.24219,1242360177.388672,B52667E0C4
1242386579.423831,1242386587.461425,61BFE3BE22
1242338258.0,1242338267.696289,793DD23FDD
1242304441.9843729,1242304449.511718,833F697A57
1242313424.076175,1242313431.573242,D9DB8FADD2
1242374474.791019,1242374483.675781,CA1F933DB1
1242387708.971677,1242387717.121093,1C8397D221
1242457349.8710968,1242457356.96875,1E8F0D8F9A
1242436833.031245,1242436841.242187,98CD4022A7
1242421432.041014,1242421441.276367,B761E60615
1242427557.458006,1242427564.706054,911FAE5FC1
1242402902.938473,1242402910.474609,F06E8900D8
1242473864.935786,1242473872.578125,43479AC7D3
1242462606.201173,1242462613.550781,3D192657AD
1242443350.4638689,1242443360.527343,76FFBCEC7C
1242458510.3681638,1242458518.348632,E4B9720994
1242445601.769531,1242445609.4375,BEFD1CF0CD
1242412553.840817,1242412563.516601,3B2EE58EBF
1242412809.259769,1242412817.284668,3D3D795793
1242405942.78027,1242405950.624023,2472F5D6FF
1242405950.625973,1242405959.471557,A4B18C020A
1242406008.990231,1242406016.123047,FE9815F3D0
1242411815.6386771,1242411823.007812,3A0FA0663A
1242411833.99316,1242411842.673828,A61A939B74
1242411892.2226589,1242411904.591308,64053C6C10
1242434036.378904,1242434046.677734,7765348B9D
1242425361.331053,1242425368.463867,8641E656E9
1242424798.130862,1242424808.033691,D65A1F4679
1242449145.325193,1242449152.840332,B310C00A48
1242449586.263669,1242449593.328613,FE5E39F3C5
1242408664.823239,1242408671.985595,A561C968DF
1242408809.2187471,1242408816.75,7EF3B0FCD3
1242454840.1331742,1242454847.498047,C8C40B7741
1242454999.6037588,1242455006.974609,6A010C7661
1242401816.771481,1242401825.188964,279608D13D
1242402147.9393911,1242402155.1958,5DF9A67741
1242402159.4086938,1242402166.786621,0118116BCA
1242415491.351559,1242415499.358398,577ED15C21
1242410352.093753,1242410361.152954,8DB64966CF
1242410515.064453,1242410523.990234,A8FDF9DA1B
1242433470.213864,1242433477.263672,D049443250
1242408072.337888,1242408080.758606,4527960C16
1242464365.771481,1242464373.52539,5BE566CFD1
1242444365.386722,1242444375.043945,AEC8F085DA
1242466891.212887,1242466898.267089,BA529E64CF
1242467170.561522,1242467177.984863,D704BB2E2B
1242406617.5941122,1242406624.793945,2A90135194
1242404388.894531,1242404398.824707,DF453413DA
1242427831.778323,1242427841.313476,89BCF9E668
1242472043.860348,1242472051.993164,55DCC58659
1242408893.492192,1242408901.189453,59F00B444E
1242409040.878907,1242409049.375244,0AD4BE94D8
1242441276.605472,1242441283.659179,B5A68B8BE5
1242431689.37695,1242431698.298095,DC7A77F9FE
1242433376.75195,1242433383.784179,55AEB3D491
1242411130.888675,1242411138.458984,B2EA703DA9
1242439106.757809,1242439115.940796,8AEEDDB4A3
1242437583.546872,1242437591.148437,92B77CEC75
1242429521.85669,1242429529.541015,B13F688204
1242417377.353516,1242417384.694336,4CFE242475
1242425084.8798862,1242425093.190429,E5AC7B2117
1242404469.031251,1242404476.109375,4E43104773
1242441659.169925,1242441666.561523,94A54488DF
1242406139.170902,1242406150.294922,46847B6FA3
1242403888.814456,1242403895.996093,152247B45E
1242406858.540529,1242406865.661621,AF4FA7CDB1
1242407093.219723,1242407101.818359,E1CBD0DA76
1242438630.585088,1242438637.998047,F31B5232C3
1242404732.072515,1242404739.677246,9906A73693
1242404777.1831088,1242404785.195312,695510DB1A
1242440660.262209,1242440669.849121,34A819F4DC
1242440837.738278,1242440846.71289,8443E51621
1242401550.9477491,1242401558.40332,FA46A4EBF6
1242465537.607916,1242465546.285156,3D9744423C
1242465747.0673862,1242465755.420898,34D01F9236
1242421574.0888638,1242421581.105468,CAD74AD915
1242474081.759769,1242474089.980468,7D7D2884F3
1242402242.180665,1242402249.663086,1275059F0F
1242442918.400636,1242442926.617187,1B43030B11
1242432451.1484408,1242432458.849609,0C33F3BBE2
1242410217.593381,1242410224.831054,DF5A738C0D
1242440062.589841,1242440070.539062,AB9B9B8334
1242440141.753903,1242440149.061767,203E15B99E
1242457659.53223,1242457667.096679,FA2B6A9A11
1242403378.6855469,1242403386.428711,4EB2FDADC7
1242405197.378908,1242405204.87561,C0A8F0D524
1242405588.5712922,1242405596.044922,011C90EC92
1242441911.0988722,1242441918.919677,6D5DC37F6A
1242441934.873048,1242441943.813476,50691BBA97
1242442075.774411,1242442083.682373,123FF6CD11
1242442146.749027,1242442154.802734,AFF01EBBE6
1242413406.307127,1242413413.803711,D7705622D6
1242455546.11816,1242455554.005371,FE6F3CC250
1242455751.390622,1242455759.394531,FFD8136281
1242452681.402347,1242452689.513672,AB2F883BF0
1242426125.3037062,1242426136.108886,E037FB23FA
1242426401.818358,1242426409.853515,AEB80673FE
1242409121.634762,1242409130.073486,E9295DC542
1242519246.333496,1242519254.644531,DF18C0F4F7
1242546397.913086,1242546405.594726,59EFD6BE05
1242579332.7470722,1242579342.169311,8EA71F2749
1242560731.320311,1242560738.577148,226E11844C
1242538628.437503,1242538637.454101,DCC18F67F2
1242551803.020024,1242551812.017578,3FC9279EBD
1242533190.7617218,1242533198.903808,6F13D52715
1242531561.419918,1242531570.003906,06F540C07B
1242510732.75,1242510740.471191,7B6059E411
1242560545.21777,1242560552.540039,38E4BBECA9
1242566768.041016,1242566775.193359,2633C339FF
1242527745.618165,1242527752.867187,88FEBD6985
1242527870.4082072,1242527877.669922,D82DF39B92
1242508763.247074,1242508771.771484,8C83FEB342
1242510475.776364,1242510483.888183,BE46C6AAD3
1242562886.286622,1242562897.48413,E0CECBF840
1242514818.147462,1242514826.057861,73ECD532D9
1242542522.5449212,1242542529.738281,4A20D66410
1242534087.094728,1242534096.335937,CD611E8A59
1242506347.883792,1242506356.634765,011C624111
1242531941.302731,1242531949.419922,F96AF56BEF
1242532283.783449,1242532292.789062,0796E0C2B7
1242549736.394283,1242549744.339843,7181D9ACF5
1242515314.0195272,1242515321.616699,87A268A061
1242537889.237306,1242537898.078125,4749602B68
1242541881.634277,1242541890.475586,7E66EC8A72
1242537557.062502,1242537564.1875,9EA72CEDEB
1242513701.974609,1242513709.498047,9443C897DF
1242565522.139162,1242565529.677734,4BFCE5346B
1242510085.4150362,1242510092.797851,90BA0C63DC
1242510421.4873078,1242510429.437255,B1AD85AE07
1242532867.162109,1242532874.481445,337EF84E45
1242561311.380863,1242561319.277343,98A2494EB0
1242511473.2978551,1242511481.811523,99EDC040C8
1242694470.878905,1242694478.079834,8B335885F0
1242694506.40527,1242694515.277588,8C6A82BE40
1242624643.895511,1242624653.524414,2EA45F5077
1242636111.671875,1242636119.854492,F6E9FD02EC
1242681510.412601,1242681518.122558,99C7B020D4
1242614331.98731,1242614339.339843,EEFA8460E2
1242695882.409669,1242695889.454589,2A5016985A
1242637353.988282,1242637360.990234,952E3FBE5B
1242625821.482425,1242625830.006836,D4E0E7E307
1242681184.168453,1242681192.877685,6F42EF30E5
1242686343.334964,1242686353.930664,275FFA11B1
1242697024.302737,1242697032.752929,2A5D161DFC
1242660423.17871,1242660431.08789,E593F743E7
1242669182.454107,1242669189.768798,E4B3DB5E89
1242634316.678714,1242634325.618652,FA5B779338
1242692995.069826,1242693002.378418,CCB945EDFA
1242693156.210939,1242693163.496582,4B5BEE8E43
1242683374.7265658,1242683386.253906,B2D15E1827
1242617737.313477,1242617744.783691,0641B273E6
1242667945.856442,1242667953.811035,1813AE435D
1242613842.35059,1242613850.60913,3BC6AB9974
1242648271.734378,1242648279.266357,5954BD9FEA
1242664900.950192,1242664909.566406,EC3414D8A5
1242613761.2304668,1242613768.515625,67F8FAD2EE
1242631311.854008,1242631320.042968,7114930AFD
1242619452.17187,1242619461.8125,13CDA8D9E9
1242625192.4926789,1242625201.460937,26C2641083
1242620773.89062,1242620781.979492,89FEB45DE4
1242617049.837894,1242617057.395263,AE53D5DF00
1242617297.732668,1242617305.928466,320CA8056A
1242630765.7460952,1242630773.432617,533799D65C
1242685301.809572,1242685310.488281,2E998D853F
1242627545.345702,1242627553.75,F64BEEC57C
1242761790.854489,1242761798.101562,90736E20CB
1242736113.96484,1242736121.848144,6558BBD98E
1242700441.605472,1242700450.41333,4CD9B40AE5
1242718479.9648468,1242718487.537597,7AE3A7A389
1242718622.776363,1242718630.116211,661FEF4531
1242729710.118041,1242729717.79248,6A1D1B518A
1242729790.7265658,1242729800.720214,85A11A5A6D
1242796450.232425,1242796457.478271,BA5FD7F1FD
1242759895.020509,1242759902.776367,F113EA8F68
1242797431.34875,1242797439.413086,B7A9F53D7D
1242763157.374027,1242763166.679687,56703A31DB
1242751415.929684,1242751426.199218,765E28C1F6
1242751496.990237,1242751504.747314,E2745EE4E2
1242751553.968266,1242751563.140625,7C667039F3
1242735195.832036,1242735203.041504,28179919EC
1242793007.770995,1242793016.75061,238EE370A5
1242739418.578858,1242739426.758789,A21C797745
1242772466.723632,1242772476.146118,2F685A3224
1242755663.020504,1242755672.773437,69D32EF0A5
1242703383.450687,1242703392.71875,7E4A7FF7D7
1242758487.657223,1242758495.125,949590B941
1242741103.789067,1242741111.574218,EB811F8022
1242732896.108397,1242732904.214599,430560CD9E
1242795362.12891,1242795369.459961,3AC5FE6D00
1242720962.200198,1242720969.300781,006A77E520
1242721246.688473,1242721260.615722,E7A0E7350F
1242779732.771483,1242779740.91748,D1CB41CF0E
1242731726.83057,1242731734.287109,5BDED67EBC
1242731871.81836,1242731879.109863,2685B366F3
1242724614.7499962,1242724624.527343,9265806945
1242797800.302734,1242797808.527343,B5F8B3314F
1242732377.395504,1242732387.111328,D6108155E0
1242767519.766605,1242767527.0625,47AAE2BE68
1242734322.377933,1242734330.080078,75376D239A
1242756051.055173,1242756059.43457,F8BB7D2B92
1242732076.9960911,1242732086.838867,89025FD4C3
1242764325.3984408,1242764334.156738,D2AAA582C4
1242711179.202146,1242711187.651855,2AFECBF404
1242758815.152347,1242758823.558593,BEECEFC566
1242772939.660153,1242772948.488952,0E86BF8E48
1242792634.246093,1242792641.326172,D61D531188
1242792789.437503,1242792798.976562,20E9C474B7
1242719050.239255,1242719059.454101,2CD3BF4869
1242714067.669925,1242714078.179199,06FC752F8C
1242714188.896487,1242714196.911132,90F40EAE77
1242726622.1914022,1242726629.210937,922FFE1A73
1242736474.5751972,1242736482.040039,D80FB3F9B7
1242736720.75,1242736727.795654,E58D56CCE5
1242777263.651371,1242777272.369629,55D3F35FAB
1242777448.115231,1242777458.366211,408B0AB9E8
1242777507.332033,1242777519.143554,BBDBB3C74F
1242779282.124023,1242779290.952392,0013D97257
1242790902.382817,1242790909.725586,9B3D19D820
1242712330.458982,1242712339.429199,3895817DDE
1242774801.167967,1242774810.411865,5B36C3C8B2
1242789854.19629,1242789861.581787,0A2F0526C9
1242752849.458249,1242752859.063964,8C44EB8A9D
1242778596.946774,1242778604.812255,4BE6CAC088
1242777081.227296,1242777088.768554,B881690642
1242777175.788082,1242777182.791015,A341735C32
1242788372.8969738,1242788380.390136,7E4C839F71
1242788435.470703,1242788442.65039,5F83AB809D
1242788463.0142798,1242788470.162353,890589A202
1242788594.59155,1242788601.71289,09DDF5E3D3
1242788724.7343788,1242788733.089843,62E3CBF60E
1242792122.666744,1242792131.833984,06F49749B2
1242746768.78223,1242746776.389648,4385CC9789
1242759049.826417,1242759057.731445,037EB69D55
1242759146.505615,1242759153.895507,EA45181A33
1242744864.254634,1242744872.628906,EE30FE8FD1
1242734868.861325,1242734876.132812,7DFA2715F1
1242763741.7055678,1242763748.756347,5A7A6A2368
1242878006.00195,1242878013.798828,B603A5A1A8
1242823705.258785,1242823712.301757,441B159C2F
1242823232.489743,1242823239.578125,9934F94BF7
1242864327.162106,1242864335.842773,A5469ED68B
1242842404.38867,1242842412.232422,9F53CCD0D0
1242842505.9931612,1242842513.946289,C7C0C6A07B
1242805729.4812012,1242805736.504882,6015A9C9D8
1242805980.5424838,1242805987.722168,17439EF8E2
1242847675.2863789,1242847682.488281,396E240AC5
1242846451.899415,1242846461.455566,FB23740ADC
1242861660.2939491,1242861670.437011,2BCBF011C9
1242861793.496097,1242861802.794799,EFA8B75E1D
1242804626.753903,1242804635.918945,E38185D117
1242889116.180667,1242889123.418945,20194324BC
1242852492.677731,1242852500.047851,D1E7F75559
1242802205.707521,1242802213.410156,D181A9A114
1242872179.249028,1242872186.370117,1365DD2B01
1242872207.851562,1242872217.418457,0331FD44A8
1242821559.563478,1242821566.844726,C4C8557FA6
1242846624.566406,1242846631.680664,1C730FD4EC
1242858912.632326,1242858920.854248,C8011BBA20
1242859052.706543,1242859061.158203,3575EA5670
1242822176.0741,1242822184.517578,CBB452DD10
1242851080.592779,1242851088.375976,81454CF7A2
1242883279.42187,1242883287.911132,0FDBD94534
1242826957.9628909,1242826964.99707,55F0FFA4BF
1242840328.040038,1242840335.541015,30C6A6A282
1242884007.436523,1242884015.297363,628A8EE115
1242884068.837891,1242884077.424316,E2D37F53BE
1242850611.1679718,1242850618.742187,13B733493D
1242803446.407232,1242803455.032592,4414BC3CFC
1242831943.6357448,1242831950.8125,52C1DE8D81
1242844493.030273,1242844500.531738,F205774223
1242857100.129392,1242857107.176391,A7C7B982EF
1242877420.872067,1242877432.762695,647F5A959B
1242875179.682614,1242875187.405273,083D3A82AB
1242863170.610843,1242863178.572754,F39584A1A7
1242827924.28223,1242827933.101562,A40350F6BC
1242809066.304684,1242809074.912109,E1D7672F1D
1242849645.457036,1242849653.630859,D35284F4C5
1242832194.646481,1242832202.391601,1FF8D79F96
1242889506.019536,1242889513.124023,247D8B1860
1242868035.536136,1242868042.872802,9813595BBC
1242873772.874027,1242873781.160156,F4D9251CDB
1242874027.5693388,1242874034.80957,9996C4D9D8
1242830224.746092,1242830231.926757,504D3B99E8
1242862451.941898,1242862459.0,C7C73289FB
1242872432.520015,1242872444.583984,E1527E1CDC
1242838085.884764,1242838094.089599,1A8D2E3B01
1242860301.2502449,1242860308.425293,C8D7F60B71
1242860316.406248,1242860323.901367,6CC82FCDCC
1242859581.333492,1242859589.395263,625A849F3C
1242845803.0168412,1242845811.578125,8B1B504F1D
1242874555.125003,1242874564.761718,C0D4E0877A
1242876702.6669922,1242876710.555175,BA20683D2B
1242847184.90723,1242847192.877929,2ECAE753BF
1242813016.60449,1242813025.237304,F0DD529168
1242870868.698244,1242870878.344726,55B9B9CF8C
1242871100.625,1242871108.002929,73CE3EAA7E
1242819535.728765,1242819544.572265,52FDEED426
1242821109.127926,1242821116.662109,921F318A4E
1242824496.617184,1242824503.705078,823F5A2DBB
1242807381.188473,1242807390.725586,E1318B8C86
1242828760.6718788,1242828767.907226,7666B0F3DB
1242865655.8125029,1242865663.461914,2091C96CCA
1242839157.732425,1242839167.417968,A13C27F489
1242839348.372804,1242839355.40332,C33B55F211
1242839456.0878909,1242839464.293945,2CE004E30F
1242840928.3857472,1242840935.405273,FFE8C23809
1242838446.978519,1242838456.553711,3E778758F3
1242855115.754879,1242855123.654297,A276A69678
1242855347.018065,1242855354.132324,9AB03592B0
1242844819.936522,1242844827.677734,C9F3E13362
1242844930.4482448,1242844939.237304,B497016DDF
1242827391.576175,1242827400.368164,54F20C03D9
1242827482.340335,1242827489.358398,242282538D
1242827547.1513722,1242827557.349121,2DECB43E36
1242807710.109868,1242807717.292968,5866C9B44B
1242862782.361815,1242862789.778442,2D9C5A4269
1242834728.176761,1242834735.455078,1B03EB4698
1242820356.787359,1242820368.852539,701CD342B2
1242820380.180669,1242820389.251953,702418162C
1242868444.136724,1242868452.33789,58560B69FE
1242843630.9934042,1242843641.578125,FBB72B9A2C
1242954279.18945,1242954286.866699,DBB0356C0C
1242926748.008792,1242926757.554687,7E846E48F1
1242916257.5,1242916264.621093,9DD470FC0A
1242916295.488281,1242916302.610351,CF7DAF0BF5
1242916414.6367218,1242916424.659179,494707188B
1242914076.088374,1242914084.966797,307611A09C
1242914150.228268,1242914157.478515,C0C1E00E12
1242914371.820186,1242914380.208984,F9EAB0B500
1242918992.582031,1242918999.648437,E46A7FDC6C
1242971082.375,1242971090.015625,51994B4560
1242939786.8969772,1242939794.086425,AFDD4CA37D
1242939845.789183,1242939856.729492,B0C8A7C2C8
1242986026.559813,1242986033.864257,22EEE91556
1242993347.427737,1242993354.973632,D9737418DD
1242998079.3476532,1242998086.980468,2C28C6B41B
1242939576.42383,1242939584.1333,E5AB940BA4
1242950672.452145,1242950679.837768,09212528E3
1242958018.676754,1242958026.456054,FFB90253CC
1242976320.9565408,1242976332.33728,C36693A1EC
1242927787.850582,1242927796.123047,C5F54B9971
1242927801.434573,1242927808.790039,619612242A
1242919871.412112,1242919879.420898,E9ACD07B66
1242951239.5888698,1242951247.443359,FB3F2CBFA3
1242999289.942022,1242999299.720703,D652875C02
1242983231.496583,1242983238.999023,DC334C5A4A
1242924406.419922,1242924417.116211,3B0F6CBE6F
1242935431.150388,1242935439.523437,EE6010A8E5
1242935556.558721,1242935564.021484,B3F31412A3
1242935921.03809,1242935928.48291,0271BFC1E4
1242936018.875001,1242936026.101562,3F3F4F25ED
1242936036.301762,1242936045.558593,8C1F12BB21
1242936152.755856,1242936160.108032,CCF06BF51A
1242995995.609867,1242996003.954589,C394464AAF
1242938369.9174838,1242938377.958007,9C7AAB3A46
1242925503.30859,1242925511.476562,8915173FD8
1242925598.775632,1242925607.100586,EBA1473133
1242913547.317872,1242913554.972656,5F98900092
1242962537.019531,1242962545.82434,DBA100B10C
1242921661.0996108,1242921668.715332,ACF16E88A6
1242921725.888672,1242921733.824707,9BA64FA912
1242977324.092289,1242977331.875976,B76BF6BC74
1242919504.978512,1242919512.550781,C3BC971EB1
1242982359.3154328,1242982367.504882,374667B91B
1242938760.406735,1242938770.270019,1F3C8DAB6D
1242940119.025394,1242940128.168945,A7F2CB44E2
1242940354.8232448,1242940362.012695,8C5FE50B05
1242958253.351564,1242958260.376953,C2711CFB2B
1242958382.639649,1242958390.202148,1DCEDA38A6
1242915301.568356,1242915309.813476,F6622EF0C9
1242950280.411129,1242950287.649658,F05CFB317D
1242973209.514652,1242973219.536987,C5E1041D7D
1242956307.593991,1242956317.193359,B0B7A19489
1242960808.153622,1242960821.023803,C798A33F84
1242960942.29199,1242960949.786132,ACA93685CD
1242960967.547853,1242960976.596679,4BC6FB0DE6
1242948204.504634,1242948213.34375,768A57D309
1242948410.840817,1242948417.952148,2A81120D44
1242966314.693363,1242966321.96875,71FF41E1B3
1242966439.970699,1242966448.743652,CD02D253FD
1242944636.619144,1242944643.860351,E09E6D3796
1242941046.921878,1242941054.185547,C64FE3382B
1242941125.8144572,1242941132.939453,EE48E79FC6
1242965964.3728,1242965971.924804,F618E730AA
1242995009.727543,1242995017.039062,9CA58464B1
1242960396.6191409,1242960403.735351,6B1A6193A8
1242982608.4765658,1242982616.933593,356DCE2B1F
1242981159.138185,1242981166.227539,F049BED42F
1242974778.06348,1242974785.317382,FBE91CF93E
1242927212.839846,1242927220.570312,5F75C4CC1A
1242936413.903323,1242936424.139648,41D0E2EAD7
1242936542.461911,1242936551.125976,978E79552A
1242936741.765012,1242936748.780273,189EE6798F
1242997718.2207,1242997726.694824,FD90699F3B
1242986936.717042,1242986944.105468,7DF00C0002
1242996349.082028,1242996356.696289,C560EFD8CC
1242946048.622072,1242946056.235351,20BB9F880B
1242944789.554201,1242944798.564453,BFAF09EAA7
1242944840.661136,1242944849.090881,977BFA5BDA
1242944924.3486328,1242944933.029297,B32EFF7756
1242945832.418699,1242945839.483764,6479D85128
1242945887.81738,1242945894.90625,D8FC193618
1242984616.0625,1242984625.873779,7EFC0C23F0
1242955055.78296,1242955063.157226,78DB5DD9B9
1242992121.4374971,1242992129.401367,AF21D9E5DA
1242992130.599606,1242992138.67041,6A38160C9A
1242999944.2255871,1242999952.864502,9127A1E47F
1242942448.8876948,1242942456.773437,E930DA09F5
1242942535.785156,1242942544.628906,FC224BF593
1242973784.041507,1242973791.21289,5246BCC4F3
1242921481.7499971,1242921492.0,250EC39701
1243000104.543948,1243000114.039062,7F844C45BE
1242972660.436527,1242972668.330078,B868B829E1
1242968689.7900372,1242968701.234375,3E4EC6AE0B
1242937483.975584,1242937491.076172,8188DD6352
1242937498.273441,1242937507.649414,F84423C072
1242937542.544918,1242937549.571289,7FF45ABB4D
1242939957.968748,1242939966.408203,9A525AE602
1242913251.245117,1242913259.081543,917CD30D2F
1242919946.608156,1242919953.938293,F56961C69D
1242978596.545902,1242978607.778808,6609288663
1242937227.354981,1242937235.000488,E6E58892A0
1242943481.269528,1242943488.812011,5CBE3940EB
1242978047.0,1242978054.029297,D606C9A337
1242978152.864256,1242978160.262939,0315476F13
1242949423.719727,1242949432.375976,62BC6D917B
1242920848.462408,1242920856.058105,6DB7B61314
1242953037.709468,1242953045.559082,5990CA00B5
1242953236.2421908,1242953243.84375,B589AE1CA6
1242970754.604488,1242970762.044433,ACEAA6626D
1242927398.551759,1242927405.626953,E12F101717
1242971929.5263698,1242971936.820312,86B3442B7D
1242953799.497073,1242953806.940918,61846AB135
1242955580.2724638,1242955592.205078,88332E6944
1242980104.5517552,1242980112.029785,86A973FE2E
1242980268.174562,1242980275.364257,FC251D249F
1242946974.109377,1242946982.599609,1BDD637316
1242937839.371583,1242937848.865234,D032D25EAF
1242937938.6650388,1242937946.077148,448654CE1D
1242970204.587887,1242970212.289062,D59162E401
1242942266.354494,1242942273.825683,939387BEFE
1242916999.7291238,1242917007.339355,CF73D947CE
1242963025.90234,1242963033.547851,74BF393137
1242978876.836427,1242978884.685547,3EC684C1DC
1242969449.9672868,1242969460.060058,6722B84DBF
1242968372.371089,1242968381.969238,CD4149A489
1242915560.182614,1242915567.996093,F5B28195E0
1242943963.790043,1242943970.809082,70E4D5AA1A
1242944049.3671849,1242944057.801757,3C17E5142C
1242997193.498047,1242997200.894531,DF2B98B96D
1242997472.2394998,1242997479.626953,9B7CE4B198
1242922053.825196,1242922062.214843,9A0A4432C3
1242943666.756834,1242943673.880859,410CD71E28
1242943687.306518,1242943696.368896,F77CE50627
1242912697.140622,1242912705.835937,BC2E15346D
1242951829.124761,1242951836.419922,0ADBCF1E37
1242951898.204344,1242951905.459961,E717EE3678
1242952272.93652,1242952280.0,BE9971F7ED
1242940811.361085,1242940819.355957,69C035CBD4
1242994331.432374,1242994339.624755,E3CD047B3E
1242984176.523931,1242984187.469726,31CF238847
1242959119.2095902,1242959126.52893,C1B251CF63
1242959361.1562529,1242959368.745117,311529409B
1242959401.048831,1242959408.683593,1D72D3B05C
1242914543.905277,1242914552.791992,950CA91AF8
1243001280.609378,1243001290.023437,C5E237B4EE
1243050610.075198,1243050618.412597,6A32B70405
1243051071.40234,1243051078.874023,518463FABD
1243002038.503907,1243002045.851562,13CADC5458
1243002076.3427749,1243002083.800781,130BBBFDB2
1243002193.344723,1243002202.960937,49648674D7
1243011679.428714,1243011687.199218,C0CC368BFA
1243055207.4843771,1243055215.089111,18377078DE
1243049115.041989,1243049123.978515,3B287118C6
1243049154.600586,1243049161.728515,1CC6D7215D
1243014796.349612,1243014805.727539,E2BAFDE1FA
1243032622.4438488,1243032629.874023,84560407C8
1243021082.90723,1243021090.510254,8366144828
1243047894.134764,1243047901.271484,DB04C72761
1243019117.531248,1243019125.192871,2D31DB2617
1243015482.3149438,1243015490.703857,E4FD6D3676
1243031414.394534,1243031421.7052,C037F34354
1243084170.4562972,1243084178.556152,1EB9E11657
1243028159.333981,1243028168.4375,A42AADE857
1243011472.065432,1243011479.584961,8BB4B3B0CB
1243056517.011715,1243056528.153808,0871F43FF6
1243025074.9707,1243025081.995605,6050455778
1243064495.595706,1243064503.501953,0BFC4E4EBC
1243024633.8554718,1243024643.428955,704B09CF9C
1243024665.019776,1243024672.610839,9F04E9FE87
1243026338.8203158,1243026346.223632,67FEAA837B
1243060067.1630812,1243060076.068359,0C71698AAE
1243053797.606934,1243053805.475586,661CD11B04
1243033619.732425,1243033626.742187,604FD80173
1243039248.582525,1243039255.943115,D14C4B639A
1243006433.103515,1243006440.490234,CB03930647
1243030024.45313,1243030031.85852,30FB457567
1243017770.502934,1243017778.1958,2A3D642618
1243006829.632325,1243006837.177734,B279118DB3
1243006883.7619638,1243006892.254882,9D6625B6BA
1243021309.794918,1243021318.977905,4C17E1367A
1243048755.1162062,1243048766.835205,2609B14BD6
1243045912.201175,1243045919.839599,7C6FC86759
1243036633.151368,1243036640.929199,D851A6600D
1243062321.3974638,1243062328.626953,F2DEEF896E
1243019595.017091,1243019604.020507,00B2417AF1
1243002374.2685578,1243002381.939941,B9C00EA4D6
1243012980.778322,1243012988.033203,7E43421F65
1243005831.601568,1243005838.885009,DC128DCD32
1243040042.980472,1243040050.102783,3A15FA2740
1243040327.666989,1243040334.800293,0BC06C06B7
1243054519.419925,1243054526.425781,A5AB58714E
1243018118.516605,1243018126.238769,B18B1E1154
1243018475.690428,1243018485.458252,4621E9E283
1243018606.783201,1243018614.681396,784F2F2429
1243020338.828128,1243020346.611816,79F8B3CD57
1243034423.8753638,1243034431.492187,71BA6D40D2
1243081215.0,1243081222.686035,0E9DDD3F37
1243024358.089605,1243024365.748535,4AD416485A
1243085059.338865,1243085069.390625,51277C59B5
1243030888.75,1243030895.884033,D795803479
1243028758.46631,1243028768.229492,B1B8B34449
1243028915.680667,1243028923.8125,1E100B1CCA
1243002692.624027,1243002699.693115,B0D578CEA6
1243050264.78125,1243050273.297363,10AF92B752
1243019565.9161398,1243019574.608886,B57F08ED0D
1243010875.000491,1243010882.1875,D5598D49C9
1243155464.3852491,1243155473.427734,AD614F6793
1243128373.028325,1243128380.726562,30D3436F21
1243113902.063476,1243113909.978515,7CA28E8EFD
1243120722.634641,1243120730.914062,35F9490638
1243116221.144528,1243116228.742187,63863F6018
1243194477.356447,1243194484.441589,1BBBC1EF28
1243123768.103269,1243123776.888672,BFE0089FFB
1243123810.128179,1243123818.755371,69BC52DB32
1243111716.077395,1243111723.705078,46DCFAA9AF
1243121663.86963,1243121671.07788,569543E4B5
1243163364.851567,1243163374.860351,406D01A1BD
1243184441.556642,1243184448.804443,C1FE09C164
1243169002.885739,1243169010.504882,AA5B304207
1243149229.78125,1243149239.882812,273DCCE546
1243118975.326168,1243118982.691406,A5E18A531E
1243119085.069332,1243119093.110839,3293C9ECCD
1243120406.636721,1243120415.166015,B08004F7FF
1243113420.03906,1243113428.746948,2E0DF11B54
1243113662.697876,1243113669.913086,1EC4106615
1243114371.351564,1243114378.584961,B9A3B099CE
1243117466.078128,1243117473.714843,E2BBB37985
1243117667.422854,1243117675.75,224796E996
1243146965.292966,1243146974.381836,11EFCA1C4B
1243164429.938482,1243164437.0,E508924749
1243122141.989261,1243122149.637695,C1A52D3C11
1243122246.337894,1243122253.807617,1FE982C970
1243168002.25,1243168010.000976,646F9A904E
1243182582.143804,1243182591.108398,48A828FF37
1243154991.12402,1243155000.206054,5878221F4B
1243124036.455075,1243124044.019775,F7646CB572
1243124993.7793,1243125001.506836,759654429B
1243125118.016606,1243125125.141601,CA41784A41
1243193986.7380378,1243193995.894531,78FEE3F83E
1243163992.26172,1243163999.404297,81D1544079
1243164089.992186,1243164099.680175,40287D3A85
1243145985.37109,1243145992.397461,80C9EE2501
1243111225.795901,1243111235.081054,254B501169
1243137900.858642,1243137908.480468,B9B72FBDAC
1243184135.25098,1243184143.359375,519B2D306E
1243135453.857179,1243135462.082031,B4859A248C
1243175688.954587,1243175695.975586,8E141C14A7
1243184478.52441,1243184487.160156,C2E3C8DFB9
1243184804.640867,1243184813.015869,B6A20821C3
1243130491.484378,1243130498.773437,B0526310B8
1243118295.640628,1243118305.287109,822136F675
1243118331.0854518,1243118338.445312,AD72385E7B
1243178114.890138,1243178122.447265,7752022303
1243171145.92944,1243171154.565429,DD4C9D501A
1243171502.882809,1243171510.201172,649D5E0D87
1243190606.429685,1243190613.539062,4444C667FF
1243190775.504398,1243190782.518554,191D84FB29
1243146726.198735,1243146733.630859,9D2868D293
1243193853.6318371,1243193860.700195,93F2DF6372
1243183905.457275,1243183912.564941,292BEF60E0
1243142121.051756,1243142128.951172,DB33CC3761
1243185514.96338,1243185523.0625,794D702529
1243186318.07764,1243186328.790039,F2C699313E
1243130840.6171908,1243130847.875,6E164D0C53
1243141165.06055,1243141174.928833,42CA29F77D
1243182872.9427469,1243182880.53125,93F07D7566
1243183006.4492218,1243183014.679687,3604C6889B
1243158058.5,1243158065.860351,191685DDB6
1243114629.082034,1243114637.888183,897EB6CC89
1243114758.666016,1243114766.687378,6613BABFBF
1243170335.3569372,1243170343.657409,CC846A3350
1243110315.03418,1243110322.342834,01F46ED8D4
1243110556.6250029,1243110563.920898,7D68C15C9F
1243137188.416019,1243137196.078125,C6417B7AF9
1243163140.9155269,1243163148.816406,DB3CD58283
1243166645.0413811,1243166652.441406,B1D25F3E11
1243151665.75293,1243151673.460937,EB1D60247B
1243151927.063478,1243151934.475708,0E133C3780
1243134957.517339,1243134964.737304,3485CC13D0
1243142458.973634,1243142470.916992,1A69B46DB4
1243108509.054693,1243108517.5083,0F8EB351BE
1243108570.0820272,1243108577.195312,C7DBE8478E
1243108646.799078,1243108653.93457,8AC60A11CD
1243118098.146487,1243118105.65039,12BB90C66B
1243136218.5693388,1243136225.876953,F70CDDDB61
1243165856.346683,1243165864.954589,90B07C4A00
1243172556.671872,1243172564.483398,53056E2555
1243132842.872069,1243132850.463867,40B2869978
1243156269.12109,1243156277.144531,CB56A5645E
1243122290.836795,1243122300.58789,1C60D1F016
1243153228.319336,1243153236.048828,7B30AC51C9
1243186002.125979,1243186009.213867,5997BEE109
1243123083.787115,1243123091.395019,22E3E73B11
1243143630.693361,1243143639.603515,EDE71520E3
1243143801.370121,1243143808.901367,8A6B78E39C
1243116740.7103262,1243116748.003906,95FDA456E5
1243119904.674809,1243119911.831054,FFEE200A2B
1243254367.2255812,1243254375.9375,5FFFC59C8F
1243254783.594603,1243254790.835449,DA69E59D65
1243212046.5263698,1243212055.552734,29D13C8CCC
1243288341.580813,1243288350.87146,FF7CF5CE41
1243290541.132817,1243290549.193359,2EF609336C
1243290681.853516,1243290688.94635,5C0011F653
1243291164.2451148,1243291172.555664,4AE7BB3925
1243206918.288087,1243206928.992187,36E5AEF838
1243206988.3012729,1243206997.292968,A665412AB0
1243231051.119144,1243231058.6604,39695D7FE5
1243212666.429687,1243212678.179687,F86BDC64B9
1243221596.788091,1243221606.040283,ABC20E3CE2
1243208235.552247,1243208244.328125,1287BE05E8
1243240161.6748078,1243240168.896484,3B62FB902D
1243240186.036137,1243240193.554687,4699ACF5F0
1243217680.225589,1243217689.147705,829B800BD5
1243219537.59473,1243219545.603027,D593A5AC2D
1243242110.4599562,1243242119.098632,4622D06B65
1243253202.009762,1243253209.439941,C33E39F272
1243232249.004886,1243232256.773437,B88877ED7E
1243223932.898437,1243223940.169922,65AAEECF77
1243216812.43555,1243216819.780273,CE7261EE68
1243228819.9882772,1243228827.973632,ADFC171772
1243220402.655761,1243220409.941406,6A344F0EA5
1243239093.390628,1243239100.508789,4890939571
1243299156.9868171,1243299164.638672,88E0B1CF99
1243299373.541992,1243299381.329101,C584A36B79
1243299475.3706088,1243299484.019531,FFEF1AD705
1243299946.3125,1243299955.824218,537C72C20E
1243207756.183597,1243207764.657226,978684D6C3
1243239442.669919,1243239449.974609,F7FF666513
1243239589.082033,1243239597.062866,7E6555F975
1243239938.9267569,1243239949.583984,EA77FD337E
1243226258.3515582,1243226266.761718,4F2F0DD2D5
1243226315.056154,1243226322.673828,2823624E6D
1243266855.835938,1243266862.896484,D9BE6DACE9
1243267083.6181612,1243267090.683593,F3301EB570
1243216110.7976122,1243216118.172851,8D3C39765B
1243252481.74805,1243252490.066406,4C6E91E65A
1243220561.032223,1243220570.40625,4E04F4A487
1243251636.199706,1243251643.229492,F35FAF85D2
1243228024.08984,1243228031.389648,4550B81255
1243228416.8867218,1243228423.906982,8C6C0F252F
1243251479.357425,1243251488.34375,E4B18EB02C
1243209909.786129,1243209916.941162,4013568749
1243209333.645021,1243209340.816406,1A7DF2FDFF
1243209356.214117,1243209363.397461,C6E65E7243
1243209473.954105,1243209481.404297,3AA2F075B5
1243209606.049806,1243209613.850586,1A0C9C2F54
1243391140.800783,1243391149.870605,424124E2E1
1243397655.1640658,1243397662.382812,07EFE4CEC4
1243312859.574708,1243312867.891601,416F9A035A
1243356372.970464,1243356380.592773,0EB78AD4F9
1243377476.894531,1243377487.101562,5D5D8C2AB0
1243325165.909177,1243325173.198974,CE9AA0227B
1243351749.299803,1243351756.722656,2A850C88ED
1243387978.921878,1243387988.839843,03846EB912
1243384253.4453158,1243384263.858398,147D1D4856
1243365598.604985,1243365606.223144,A7DBD1B044
1243324301.540037,1243324309.079101,2B92D2B71F
1243346151.207035,1243346158.916504,5BA23502D7
1243357629.8867152,1243357637.295166,C8D6E9858F
1243326266.445316,1243326274.159179,2F2BA876A8
1243326427.69531,1243326435.941406,1B24AFE1E0
1243399025.572268,1243399032.698242,349F78841F
1243399131.844478,1243399140.138672,90EBFFA570
1243358039.32422,1243358047.098632,EFFBB09C40
1243384731.811947,1243384740.730957,24344F1543
1243384804.134769,1243384811.533691,1898ACE9FD
1243383668.2177749,1243383675.693359,2514B39E45
1243381014.679687,1243381021.805175,B44288A104
1243388630.409786,1243388637.757812,47C6C1D89A
1243336793.651367,1243336801.600586,92992052BE
1243338855.164059,1243338863.612304,CD815470E4
1243332042.2480512,1243332049.765625,2F87130FE8
1243358668.7324271,1243358678.523437,87D28835D2
1243380425.505862,1243380432.613281,E3314B60CE
1243379345.215825,1243379353.749023,4A50EF353D
1243335394.845219,1243335403.111328,2C495183F1
1243311544.0849638,1243311551.600586,D57E775D8E
1243317048.858397,1243317056.953125,65853F2499
1243312174.319339,1243312183.049804,AD70ABE676
1243365013.6049838,1243365021.292968,E291875FDE
1243365127.2988288,1243365135.166992,86AB3D4908
1243389126.155277,1243389134.685547,BE31B0218B
1243389171.183597,1243389180.015625,8E90C8DF3B
1243355612.388672,1243355619.5,CF9DC06D32
1243387338.141601,1243387347.895507,4DB2DF1DCB
1243359340.29346,1243359347.815673,351AE34A44
1243385299.863287,1243385307.750976,99B4B9DB4F
1243391354.704098,1243391361.867187,5BEC5F9EFF
1243391833.436527,1243391841.361328,73DEB723DC
1243317965.768555,1243317973.099853,8C1CA0136B
1243386060.82324,1243386067.90625,D7EBDF6452
1243337648.669925,1243337659.323242,3199FF422E
1243383968.45605,1243383976.077148,5665AB0915
1243329567.507566,1243329574.875976,C1A815EDF8
1243337129.0087888,1243337137.609375,2C7153CB25
1243364839.49902,1243364848.283203,15AE7E449E
1243386534.694826,1243386542.316406,E990143EFC
1243377076.677731,1243377084.0,224ED8F003
1243305300.609378,1243305307.667968,3835F1D76F
1243305620.145077,1243305629.987304,0375FDD197
1243305965.875491,1243305974.942382,49904AA17B
1243307475.055661,1243307483.27539,79945418AB
1243308594.00098,1243308601.052734,5604F9C120
1243333764.344243,1243333772.489257,6630EEDCC3
1243333918.670902,1243333926.203125,9494C6B71C
1243333954.616819,1243333961.708984,FA1C242097
1243325058.965816,1243325067.054687,1F47C1F319
1243394207.498047,1243394214.920898,F14DD7071D
1243381822.249027,1243381832.300781,B6D5FFE02E
1243382199.704105,1243382207.220703,F724F5A3F6
1243313906.3125029,1243313913.808593,65F9B34948
1243388186.8671918,1243388194.313476,DE0AE5DA67
1243321597.321294,1243321605.636718,E3D205DB00
1243347337.95959,1243347345.511718,F8E0F3ECCE
1243390615.0009758,1243390623.176757,630CAB7587
1243315900.973636,1243315908.324218,78D0E80EFD
1243492694.21875,1243492702.219726,2177B658C3
1243441051.422855,1243441059.249511,7D27578C14
1243413637.3310578,1243413645.992187,9F6ADF977B
1243422808.838864,1243422816.392456,3558C0A038
1243495057.309083,1243495065.983398,76D21E5838
1243498157.7739248,1243498168.460937,DF9DE79DC5
1243443053.792972,1243443063.814453,2F36753538
1243486205.18945,1243486214.545898,87A416C2AD
1243457126.839849,1243457134.240234,7EF6E951D4
1243482814.951168,1243482824.161132,97B5853244
1243446708.958989,1243446716.953125,CFC7A0B8E1
1243446742.358889,1243446749.613281,E53FA88FFA
1243402747.958987,1243402755.829345,5DA850BD9F
1243443771.789062,1243443778.798828,94295E64B6
1243426050.690431,1243426058.304687,349CDCEF40
1243459834.688479,1243459843.347656,15B8E6909F
1243407408.019528,1243407415.534179,271A8B8CCB
1243439643.484378,1243439650.489502,0460E05ED4
1243493536.233398,1243493543.46582,DE7D462FD4
1243456109.115233,1243456117.915039,692757A62A
1243450144.198238,1243450151.361328,B98C250FB1
1243494186.941896,1243494194.396484,85E8D0D992
1243459277.092772,1243459284.178711,6D75759C12
1243455172.959965,1243455180.827148,F603ABF768
1243460213.792242,1243460221.886718,1355939AAD
1243460354.2304668,1243460361.409179,75B1BFDB59
1243428317.359374,1243428324.507324,00FCACA5DB
1243428336.0761738,1243428344.27539,02AE8883B3
1243442092.304691,1243442099.363281,056BBABB8C
1243461309.541992,1243461318.24292,21E1A9D7B5
1243490495.796878,1243490504.850586,E6A53D3C3A
1243497692.0229518,1243497701.799316,841BC4F6A8
1243405299.2314491,1243405307.171875,2A47587A52
1243495960.150394,1243495967.856445,8A344294A0
1243486435.663084,1243486443.974609,AB419472E0
1243471224.350584,1243471231.551757,6A4066F104
1243471258.96777,1243471266.001953,8845134AD7
1243409734.245363,1243409742.893554,FCCE3F1F12
1243448077.0207548,1243448086.642089,FEFA687AC0
1243464192.480465,1243464201.535278,1E8882DBF9
1243486050.576175,1243486057.963379,D79D8873AD
1243417334.421813,1243417342.44165,BD7B8B7226
1243452277.608402,1243452286.730957,88DD74798B
1243452385.265386,1243452393.388672,B06EB76260
1243477801.695806,1243477808.948242,4E079C78B4
1243464882.728516,1243464889.902343,887E8A9228
1243483658.777348,1243483666.542968,1BC2B62CF0
1243452996.109376,1243453005.785156,2AEFC50E41
1243475107.4453142,1243475115.513916,8487718795
1243419972.521972,1243419980.018554,62361CAD17
1243475863.0820282,1243475870.533691,30059D08CB
1243491082.605465,1243491090.75,B7D652734D
1243491226.138675,1243491234.339355,1F1399CCD2
1243491304.025028,1243491312.616455,9BBB86192F
1243414712.072268,1243414719.631836,BCEC03CACC
1243446021.637701,1243446029.790039,E8ACCE78A4
1243492360.779787,1243492367.844726,7F97FC9B79
1243452721.887453,1243452731.210937,584CA1D7AF
1243417988.572262,1243417996.129882,5D4E54C7D7
1243418083.1123002,1243418091.426757,4A87E35CB3
1243418221.6782238,1243418229.851562,E8D9360E87
1243468111.6289089,1243468119.828125,E1FEACB506
1243487385.645511,1243487392.784179,2A17B94653
1243487527.3974571,1243487537.663086,67E9616BAE
1243481364.45508,1243481372.188476,07B68E3DD8
1243481206.1769972,1243481216.264282,E2A0509B4D
1243448319.419918,1243448326.930664,5CDEA99C0C
1243590143.235348,1243590151.136718,4ABE5A7418
1243502063.226566,1243502070.235351,C305E98537
1243521932.721557,1243521941.957031,3ADF074A6F
1243555262.278321,1243555269.489257,88FA4BD73F
1243509371.0871542,1243509378.987793,1EF4D5961B
1243509593.971929,1243509601.770019,E735DCE805
1243505440.202152,1243505447.317871,6FB97CA1DD
1243561110.578125,1243561121.325195,439D8084D0
1243571620.071781,1243571627.172607,0B27D0F309
1243549689.582028,1243549697.063476,098E634A27
1243518666.971682,1243518675.734863,D5EC681734
1243518765.9179718,1243518773.224609,3F14C6B3D2
1243519580.232422,1243519590.202148,E3A4B69A15
1243556324.626956,1243556331.662109,3267B71664
1243569999.200197,1243570007.039062,6A5E57795D
1243570103.9375,1243570110.961914,0BF0725D77
1243542501.47803,1243542511.55664,16282FA086
1243527983.187505,1243527993.835937,FF99145A1C
1243562624.913579,1243562631.998047,E21368004F
1243562878.171876,1243562886.185547,15AE94A3DF
1243546558.245114,1243546569.84375,F666D3DEFF
1243567520.254884,1243567527.950195,DDD5FEB96F
1243534648.627931,1243534660.252929,8265B84B44
1243534671.3701189,1243534678.473938,26F124ACF7
1243545894.002934,1243545902.072265,9E8D932D3F
1243534176.554687,1243534184.071777,E2629E5BB8
1243541860.489745,1243541872.74414,B112C6BC7E
1243541960.91406,1243541969.066406,6A602834EA
1243542055.163089,1243542062.365234,1DC1A89210
1243516495.742681,1243516504.265625,DB41F6952B
1243552899.072262,1243552907.014648,C43A6E615F
1243592393.329587,1243592401.953125,98BBAD4AF4
1243526921.198239,1243526928.84375,E89F9EA9D0
1243522531.110348,1243522538.848632,02CB0C0392
1243506295.6943388,1243506305.205078,A3154B1314
1243506430.753908,1243506438.322265,AD691E6BF4
1243596993.515628,1243597001.107177,4ECD2D40FA
1243548566.3840292,1243548574.254882,16748BF99E
1243572061.642581,1243572068.761718,2A3A1A87F5
1243563302.476559,1243563313.199218,AB6931C6B5
1243523704.75879,1243523713.690429,556B53CC85
1243598016.454105,1243598023.939453,D29CB8B4BC
1243545095.714849,1243545103.101562,D361BA765E
1243557321.046875,1243557328.158935,1DFDF12EAF
1243557480.160153,1243557489.513672,8854E19C17
1243544344.137698,1243544352.850586,2AD2BE3B8C
1243507728.764644,1243507738.5625,0609124DD0
1243544017.196783,1243544024.517578,244835B03B
1243533630.688966,1243533638.271606,AB750F2516
1243522879.419918,1243522888.981445,849A394C18
1243528175.335934,1243528183.492187,151984939C
1243517275.272459,1243517283.104492,E55A7CE4DC
1243520259.9423869,1243520267.180664,641799E016
1243529100.289064,1243529109.776367,141B3D920A
1243561917.617675,1243561925.953125,83E4C358C8
1243573526.249023,1243573534.459961,222351079E
1243568282.783939,1243568291.375,FE342643DB
1243575049.6914089,1243575057.924804,4B1FE65670
1243516833.899415,1243516841.700195,4EF60AC1E5
1243516934.162596,1243516942.089843,4E8DAFA372
1243595121.5234408,1243595130.314941,93F50390A2
1243595526.6562471,1243595537.311523,CD5443711B
1243558390.8984408,1243558398.293945,3DFA5C7ABC
1243586777.0605478,1243586784.662109,C0FA72E115
1243522928.006832,1243522935.171875,CC03CF25DE
1243569084.4135768,1243569092.033203,FDA191FB7C
1243569216.41016,1243569224.321289,D35A201A77
1243543109.058592,1243543116.233276,0CCA72D18B
1243529146.27149,1243529155.030273,0BA6B1A229
1243533330.7197251,1243533337.763672,61A9AD755D
1243533393.216797,1243533403.364257,FFD82ED0C7
1243518030.4248078,1243518038.765625,7FA037CD8A
1243518194.594478,1243518201.707519,54DED64C25
1243596295.509153,1243596303.527343,C735F6164E
1243572512.465948,1243572519.928711,1C240B9E5C
1243572632.2182572,1243572641.154541,C90A5C436E
1243572891.317997,1243572901.783203,B1C181E98C
1243587150.541507,1243587160.85852,699C9FC6AE
1243500456.99024,1243500466.012939,529C440B4D
1243500566.4082072,1243500575.699218,4517F1884F
1243535628.451175,1243535635.964355,E5EF66348A
1243530465.49609,1243530475.993286,F843591629
1243530477.515628,1243530484.53125,31B25216AD
1243530562.0927691,1243530570.399414,42A4D527E2
1243559379.3466828,1243559389.000732,E77561AD7E
1243505084.091307,1243505092.666015,CF682DD280
1243505272.657713,1243505280.588867,0D3BD65790
1243548218.875974,1243548225.945312,F6BE31D446
1243668204.3471708,1243668211.65625,C774184A5F
1243646625.098149,1243646632.714355,C7EED5CC5D
1243637672.4374971,1243637680.132812,DBB13C6FC3
1243675478.294925,1243675487.150879,9FA4804243
1243677885.922848,1243677893.378906,C99D4D9B4A
1243679240.073484,1243679247.578125,5E702F3029
1243666593.6572251,1243666600.759765,70DF152741
1243666685.946046,1243666693.920654,674F2F2312
1243633493.84375,1243633501.903076,D6A6448F9D
1243641336.15637,1243641343.374755,4C396D974B
1243632490.003419,1243632497.0625,A1B07C0748
1243667008.6401322,1243667016.66455,DA230A93BE
1243665560.756837,1243665567.864257,E380B672EB
1243665633.267093,1243665641.706543,DD1A916EA6
1243665687.67383,1243665694.824951,AFF689C21E
1243676641.626956,1243676649.220703,0D423249F4
1243647224.943356,1243647232.288086,67AEF4DCC9
1243672114.16406,1243672123.5625,5BB16776DE
1243672339.9125988,1243672348.323242,454AA88C6D
1243674943.636724,1243674953.138672,8506264CF4
1243682957.3242218,1243682964.957031,40146213F8
1243646340.2963898,1243646347.774902,F50BB725CE
1243654418.793941,1243654428.842773,052D0B1AC8
1243680658.461909,1243680666.667968,58D90006F8
1243651334.7795389,1243651343.250976,9544EC08F3
1243650648.481449,1243650655.982544,640663797F
1243650778.449705,1243650786.195312,0467B47611
1243650871.2924762,1243650881.46875,6549CAE17E
1243653172.743161,1243653180.227539,DD5789DB73
1243653436.045895,1243653444.775879,D889B799F9
1243601752.3974571,1243601761.447265,E3496A7318
1243673923.5805712,1243673930.96289,F29B89BD1C
1243645966.561528,1243645974.531005,081A742234
1243646055.492191,1243646063.299804,E372246F2D
1243648821.058597,1243648828.251953,282137DD75
1243610287.548341,1243610294.903808,7CD6585D69
1243677358.536134,1243677365.541015,E673B74C93
1243634044.598636,1243634052.315429,65B97B8371
1243634470.550778,1243634478.704589,E42EC9D001
1243688865.961916,1243688873.691528,0E9FB83A66
1243657882.9956028,1243657890.810058,DB67E4CE38
1243658007.297854,1243658015.153808,F6C268F06E
1243667811.5517578,1243667818.608398,D3560C7D65
1243677690.733399,1243677698.283203,CFF7541FCE
1243683629.257814,1243683636.59082,05CF323DF7
1243649539.796391,1243649547.131836,C9D0599CE3
1243603300.011715,1243603308.507812,1FD561B178
1243657657.0087872,1243657666.833007,AF20B57E58
1243662105.844732,1243662113.011718,ACB75CA59D
1243634965.041019,1243634973.220703,45FFB67814
1243659002.9106462,1243659010.147461,CE0945B281
1243659469.422124,1243659482.123535,872F869855
1243761953.388668,1243761961.795654,F4E6B44E09
1243729205.559087,1243729213.685547,F724E3091F
1243729308.577634,1243729317.700561,61622C2D63
1243719402.9394488,1243719410.75,D009980BBC
1243715414.154294,1243715421.448242,1E1ACF0288
1243736196.4672878,1243736204.113281,F7AABC5253
1243755146.43848,1243755155.832031,6B98EB0397
1243751330.2187471,1243751337.253906,E0696EC0BA
1243762177.701168,1243762184.706054,A98050DA8A
1243750102.830075,1243750110.0,9ACF3DF8B9
1243750218.031007,1243750225.464599,71B5C6E489
1243750508.834964,1243750516.455566,11F80D49BF
1243773767.753906,1243773774.875,CB8C6EA736
1243753950.433599,1243753957.568359,4C206E3831
1243722629.050778,1243722637.68164,FD6D44B4C4
1243745538.916501,1243745548.377929,303BDAD383
1243774140.8164022,1243774147.970703,D11988C7D4
1243757255.024416,1243757262.981933,0488F8F86A
1243726888.927731,1243726895.951172,7A2DD45222
1243762498.63965,1243762506.294922,FD73C89305
1243762697.690427,1243762705.061523,14BD0483E4
1243750637.207034,1243750644.49707,AC89085BFE
1243732441.465824,1243732449.235351,9174A783C4
1243756509.9492218,1243756518.52832,DDD136047D
1243756701.586917,1243756709.933715,E29094854B
1243715853.91846,1243715861.68164,D5BAA358F8
1243749737.2793,1243749745.425781,2C8E4611C4
1243762806.898434,1243762815.801757,3796A91784
1243762893.9580112,1243762902.49707,98C7D52CD0
1243749020.144528,1243749029.196289,2A52FA8508
1243780266.116212,1243780274.359863,6FAFD46D85
1243749957.099611,1243749964.671875,BA031470ED
1243765891.102542,1243765899.59375,784FC67D7C
1243753034.4357889,1243753042.323791,8106E653EA
1243781831.570311,1243781838.897461,41246C1645
1243786537.800785,1243786545.421875,40BBE0440A
1243760676.8750029,1243760684.3125,9BC4901405
1243757654.3408198,1243757662.312988,FA224D4ABB
1243757728.676271,1243757735.708007,9A58D827E8
1243757909.1938488,1243757917.262695,824BF4D7F3
1243763700.6103551,1243763709.816162,C9D01A2FC2
1243759554.45605,1243759562.681396,10DF6ACE8F
1243759664.4707,1243759672.217773,B78910D87F
1243759761.99609,1243759769.603271,FDE6D2CD7B
1243735129.6523468,1243735137.013672,B0D08F4AED
1243721907.3662071,1243721916.733398,3AB028D591
1243747467.548828,1243747475.59375,403744D794
1243765009.0849571,1243765016.193847,A346AFA506
1243754780.959956,1243754790.71875,05B488A233
1243761618.694826,1243761625.849609,7A62FF76FF
1243758489.031251,1243758500.66748,F0AD3AAFA2
1243758798.4486668,1243758806.481445,EE50B6F242
1243758832.254634,1243758839.667968,582F17CC0F
1243748419.77734,1243748428.265136,8D55E19323
1243791122.27588,1243791131.251953,B3981442B2
1243790383.870114,1243790394.297851,D851602196
1243790494.34375,1243790502.757812,B2B1134262
1243727751.587894,1243727759.495117,739E874416
1243751640.279542,1243751647.373535,C150E7166F
1243711556.9179718,1243711566.501953,4373161BF5
1243724309.129399,1243724316.751953,0343A1318A
1243775053.796636,1243775062.378906,F7CCF42AD8
1243741934.044309,1243741942.013427,FC9BE407CD
1243742237.138675,1243742244.4375,624F3678CB
1243756862.27734,1243756873.292968,9892FD1B05
1243735905.927733,1243735914.260742,1F2FBF1610
1243755605.036624,1243755615.154541,A0687C1A47
1243778808.872076,1243778816.878906,EA114ABA7C
1243782139.1152349,1243782147.343994,E9D56FEE13
1243782171.461547,1243782179.038086,E9AEBCF74D
1243786130.458009,1243786138.841797,A4E470FA5A
1243739143.477054,1243739151.992187,7270970772
1243740558.130371,1243740571.993164,D2BD7D2DB2
1243715305.460934,1243715312.7583,6E01A79428
1243737885.360353,1243737893.360962,D780571BB9
1243725200.437013,1243725209.752441,BB2347DCC3
1243785886.9150388,1243785896.531005,3290276E65
1243743771.822267,1243743778.93457,34C2B65D8A
1243743831.02441,1243743838.750976,3EA3F10F95
1243726372.7680688,1243726381.172851,1666190E05
1243720407.662356,1243720416.618164,94E7ECF32B
1243753706.671878,1243753715.081054,4637408A86
1243751160.8740249,1243751170.248047,9EAAD615FE
1243752326.1113272,1243752333.112304,0C0AFE039B
1243752402.4999971,1243752410.503906,8D2F1F5FCF
1243767561.690432,1243767571.445312,92618975DB
1243746356.328616,1243746364.693359,9792B3CA50
1243746470.710934,1243746478.363037,E3A2C2DB83
1243746790.357425,1243746797.660644,04640DC1BE
1243736908.2980912,1243736917.15747,5135C9C2B6
1243891585.7524412,1243891593.063598,065AA5A5C2
1243896006.310544,1243896013.510254,E9BE9BBCD7
1243890260.765622,1243890268.559082,86FDCCE727
1243806656.208981,1243806664.78186,92A6E1E142
1243836405.556637,1243836413.499023,5474F6DC72
1243839356.0214849,1243839363.950195,CDA066F359
1243805864.564937,1243805871.730468,854889683B
1243838272.5129352,1243838279.660156,8C2EFC19D8
1243897553.412113,1243897562.396484,2A6882660D
1243829084.766607,1243829091.777343,C11BBAA420
1243818033.300783,1243818041.083984,CE299A08A3
1243859326.3749988,1243859333.797851,60F1A29A00
1243859459.1741972,1243859467.267089,4F2D250D96
1243859517.6249971,1243859524.93164,1DC1A7B4CC
1243831041.051027,1243831048.457031,A2B7464D95
1243891802.797851,1243891810.603027,5F5079040B
1243893069.332031,1243893077.555664,C152A4D65E
1243818627.422368,1243818635.021484,86FCF796B3
1243819037.6630888,1243819046.285156,4BB5D425AF
1243806222.5595698,1243806229.639648,CB4F63ABF2
1243887859.087887,1243887867.199218,783393C5C9
1243888014.093751,1243888021.222656,BF42DD74EC
1243824996.5102549,1243825005.251953,EDB3C7D2AB
1243974265.199224,1243974272.762939,49562759CB
1243967700.282223,1243967707.519531,FAAC677EE0
1243967778.31543,1243967788.789062,3E540BCE23
1243940306.324458,1243940315.067871,C71C441D6F
1243986377.174804,1243986384.193359,CAA91EDBF9
1243958227.8356972,1243958237.820312,D7CD8F7B11
1243962959.564456,1243962968.442382,A4D0EBFE27
1243952956.1250038,1243952963.333007,8F8FAE3797
1243961516.682621,1243961524.640258,125CA84641
1243961711.408201,1243961719.017578,40C11252D5
1243967161.68311,1243967170.103515,B9AECD307A
1243997986.59766,1243997993.705078,E7C9CCE676
1243922541.131837,1243922550.117187,B075719E78
1243968117.679691,1243968125.376342,0FE70F919B
1243938781.560546,1243938788.722168,DAB0586F31
1243938571.349981,1243938578.658203,AA56ECF583
1243930933.3076189,1243930940.431152,DEE0DAD230
1243942507.108396,1243942516.290527,C263F7B392
1243953975.208011,1243953982.259277,41799ABB34
1243954052.859375,1243954060.573242,2D196D6FE6
1243950554.038578,1243950562.108398,2766478FFF
1243987857.041992,1243987864.978515,76C249A5DD
1243965281.2705069,1243965289.885742,B0F15D1581
1243926381.776363,1243926389.120117,50C2E33884
1243996612.439449,1243996619.5,8FDDD631AA
1243992801.174069,1243992810.834228,48282EE1DB
1243980153.043946,1243980161.751953,6DEB7D99DE
1243965884.781246,1243965893.759765,D7B945CFFE
1243918963.8125,1243918973.963867,B251744EFC
1243975924.0693388,1243975931.426757,F669EAE109
1243961910.013675,1243961917.685547,81F4CC2A7B
1243987073.6962888,1243987081.542968,42B5898B73
1243983432.230957,1243983439.363525,EE666BDE42
1243939381.451659,1243939388.523925,EE133ADE84
1244017689.4707,1244017696.57788,4814665820
1244058372.421388,1244058381.270019,12AE0D047B
1244021006.84766,1244021014.196289,676B49A0E1
1244045968.880856,1244045979.032714,5B1834D5C9
1244049333.597905,1244049343.270996,781CA907E7
1244079554.5078158,1244079562.405761,0CEA984C7E
1244011000.011722,1244011008.044922,715E554D55
1244000831.120121,1244000842.445312,054A8FF785
1244000863.032227,1244000871.798828,1672BEB412
1244091906.009275,1244091915.517578,7BB7552F5C
1244018265.7329152,1244018274.420898,4A42C0B1E0
1244018357.038088,1244018366.095703,36249D2BA9
1244068204.428712,1244068211.464843,4F48F9042D
1244025465.827512,1244025472.847656,44F1A13B00
1244022933.822266,1244022944.298828,4263207566
1244035292.360348,1244035301.60205,A194DCCEDE
1244049791.480465,1244049801.164062,D2B5CB9B2C
1244092300.218745,1244092307.282226,8503366551
1244060260.032225,1244060269.25,80E8D460D0
1244060339.34375,1244060346.435058,59AC0353B9
1244005418.159669,1244005425.777343,F46B1700EB
1244068898.250607,1244068907.938354,241950DF04
1244068984.606445,1244068994.429687,D702A2712D
1244069173.911138,1244069181.824218,C7E7F83EAA
1244069398.429688,1244069405.666015,078CEAED5A
1244081602.118165,1244081609.377929,94292D2D34
1244081736.781858,1244081745.581054,D734C52F94
1244027245.977052,1244027252.990234,2116F095DF
1244011208.636715,1244011218.121093,4079A834DC
1244077949.8349638,1244077956.99414,73EEF493BD
1244062938.349612,1244062945.384765,79301627C0
1244052154.056643,1244052162.624023,17C03F4468
1244023899.5546908,1244023910.165039,4322253033
1244035886.4707038,1244035894.703125,4F94BD8470
1244091789.4130878,1244091797.959472,2BDD1E3FD0
1244076825.755856,1244076835.986328,FD22E6F921
1244037804.908941,1244037812.978271,1F9808914E
1244085551.7529328,1244085559.566406,357975E3E5
1244034963.326172,1244034970.332031,B0F5E1B678
1244050389.556637,1244050397.092285,0E2838A6E2
1244052761.8359408,1244052770.282226,BB23EA8AF9
1244074565.756836,1244074573.176757,C508030DEC
1244003425.042363,1244003432.158691,99D34109FA
1244092544.221316,1244092553.453125,1FFCA09897
1244092793.170898,1244092801.985351,A8DA754516
1244096981.9043,1244096989.643554,2CC2ACD0B4
1244062578.825194,1244062586.320068,69E7879CE4
1244011616.384764,1244011625.006836,45E358085B
1244014505.187501,1244014512.967773,A3228ACFE9
1244082777.5477269,1244082785.253906,E64270D099
1244136570.386723,1244136577.492187,6C699CFE4F
1244136613.441898,1244136621.594726,12C5FB8688
1244149772.649417,1244149779.677734,11E4237915
1244180778.2290049,1244180785.65155,6282B42D88
1244176836.048831,1244176844.483886,AF8BF1C54E
1244113439.8828158,1244113449.297851,925AFB6EC0
1244174630.1113322,1244174637.470703,B48EE01B61
1244108712.0986302,1244108720.363281,7D53DC95B7
1244178101.093263,1244178109.985351,97394CFDA8
1244122673.193235,1244122686.735351,D945C9FA7A
1244108996.532228,1244109003.546875,F544AF004D
1244109008.133792,1244109015.433349,6BA2C9F85B
1244109579.805112,1244109587.90747,0ABB3442C4
1244138977.7148468,1244138984.9375,9B4CD47E50
1244177541.145512,1244177548.683105,9525C26753
1244177684.530273,1244177697.282226,DCB085DD99
1244177753.3505888,1244177761.018554,E91E84F2F1
1244198075.2011728,1244198082.370117,CB15D62BA5
1244139355.157223,1244139365.59082,84E2F73D0B
1244123211.182861,1244123218.909179,F60526CBFE
1244143017.564696,1244143025.068359,3B6DE276D8
1244141984.9042969,1244141994.0,794BCA0729
1244115941.577148,1244115951.791015,A46C09CD16
1244115968.993895,1244115977.641601,386F7B85D7
1244139893.5236871,1244139900.560058,9A4252DF73
1244144142.822262,1244144150.374023,035DB72ECF
1244145520.34375,1244145530.555175,838F07FBFD
1244173183.570313,1244173190.832275,299FF71154
1244190332.58789,1244190340.458007,0F41C2BD1C
1244167149.356198,1244167156.716797,0E15510767
1244151961.631711,1244151968.741211,1AB1E3EB4B
1244152271.3476589,1244152279.194336,111EA9DB18
1244148075.245118,1244148082.693359,E0D683567A
1244148131.37598,1244148139.628906,0623258A36
1244134806.724857,1244134815.346679,686F172F70
1244178545.625,1244178553.110351,6E01890E46
1244178720.974606,1244178728.375976,DF36DA681F
1244131525.683594,1244131533.832031,93F7828422
1244146655.215817,1244146662.609375,1A522229FD
1244146915.600826,1244146924.90625,FB0626B362
1244150226.35254,1244150233.868164,64D4A018A8
1244164604.7705128,1244164611.980468,50CA1A513B
1244179982.199215,1244179990.342773,05B14F66D7
1244120773.735348,1244120780.972168,016F115D34
1244145912.74609,1244145920.390136,8580A89849
1244145933.98145,1244145942.178039,C15412229A
1244145997.216305,1244146004.366211,87A7DDA0E1
1244169739.317385,1244169746.49414,145503E504
1244106484.343748,1244106493.667968,658E652F48
1244138631.5732422,1244138639.826172,FD19228E31
1244138735.208987,1244138743.208007,81018EDA74
1244151427.779297,1244151435.366455,1819E1CEC9
1244151465.8115249,1244151473.662109,2CDB9E1617
1244151504.380862,1244151513.627929,DB2DB17E6B
1244129440.998775,1244129448.703125,AD1D2AE85D
1244129465.227298,1244129473.026855,BEA3D5E1AF
1244155756.75,1244155764.722656,FCF8AAE654
1244152786.470464,1244152793.904785,408A5651AE
1244154142.992193,1244154151.795898,8CED154459
1244176026.830808,1244176034.144531,7F875CD140
1244176204.354982,1244176214.161132,D0547F6484
1244160286.8730469,1244160293.879394,86060CD3DD
1244160590.717773,1244160598.361328,A551738B19
1244141814.983888,1244141822.059326,BCB3C2B038
1244144553.914795,1244144561.697265,E0F32669D5
1244187665.9873078,1244187673.244629,DD657C2DC6
1244176985.9540992,1244176993.726562,102D041070
1244197394.50781,1244197401.579956,A44FB7AEAE
1244142473.281255,1244142481.595703,12E5E87E7C
1244185958.313481,1244185965.339843,3A58F6DE2C
1244111844.675786,1244111854.042968,7D1A9ED0A9
1244147592.991213,1244147601.091797,245F8A1CC4
1244147864.836065,1244147874.103515,EF61B5E684
1244142179.40723,1244142186.421875,89609DDC80
1244142220.624514,1244142228.232422,DD3FDB850C
1244153348.938473,1244153356.540039,CC76CF440F
1244153574.067076,1244153581.479492,7941DF4E57
1244136283.7993188,1244136291.509765,899F021D37
1244197869.919918,1244197876.953125,531291136A
1244141557.1962872,1244141564.21875,89A76CB53D
1244289571.690433,1244289580.846679,FFA567909E
1244260805.18848,1244260812.276855,8983DD59F0
1244240109.733398,1244240117.875,C710316BB3
1244231928.2119138,1244231936.013672,CB07FBD57E
1244222936.8974638,1244222943.970703,96DA655BE2
1244275064.956057,1244275072.25,BE4EE507C4
1244288765.894651,1244288773.768554,9325EC6C27
1244288940.697262,1244288950.376953,DE4D71979D
1244238597.320802,1244238607.194336,424EE6DD14
1244220354.47461,1244220362.915039,335C5CE6AC
1244280882.999027,1244280892.918945,88DD3DB4DB
1244240877.455081,1244240884.491211,74246DFB3D
1244240914.185543,1244240921.423828,50FF325C96
1244240926.699221,1244240933.905761,D1CF4EF7F8
1244266197.644535,1244266204.917968,A14982A908
1244237746.967777,1244237753.993652,BBB99F527A
1244237945.166989,1244237954.820312,518D4BC995
1244201601.141116,1244201608.68042,849BB260AD
1244229768.929684,1244229777.637695,1D238A4A39
1244204368.932621,1244204376.82373,FB10C191C1
1244271028.967779,1244271036.297851,29E39D2016
1244241333.345706,1244241343.124389,377F8B11DC
1244239468.384762,1244239476.171875,C566C3C7F4
1244238118.338864,1244238127.964843,D886F34EC7
1244232895.192386,1244232904.243164,7D9B3B40EF
1244232998.06445,1244233005.796875,53DE9B5B4A
1244233005.800785,1244233014.189453,E8F082E396
1244241654.546872,1244241662.610351,7692025DA9
1244267873.69922,1244267883.107422,7D980CC541
1244229215.9697309,1244229223.689941,9F4E11D8C4
1244236374.711427,1244236382.458007,6839954562
1244236673.1752882,1244236680.505371,43E8DFF4A5
1244239128.583497,1244239137.313476,4677427117
1244270651.053834,1244270663.474609,7ED53E1F7B
1244284202.065426,1244284209.455078,86454E3C38
1244284254.050169,1244284262.359375,E25AA7A675
1244234519.101806,1244234530.15039,E20303A77F
1244333627.483158,1244333635.486328,5CED0DE757
1244348560.149411,1244348567.227295,10280D1FDF
1244369748.471925,1244369756.725586,9ABAF0152A
1244384699.358394,1244384706.541992,0E590B60E4
1244366645.112794,1244366652.203125,81152629BA
1244353100.21777,1244353109.450683,AD56B55A42
1244368347.468754,1244368354.542968,9A1BAA193F
1244334196.0849638,1244334205.643066,14624AF442
1244363976.964847,1244363985.979858,13103BEA8F
1244321508.999028,1244321516.416504,A2104A25DB
1244356873.512208,1244356881.886718,152F14C9F2
1244362931.986814,1244362939.846679,28C3BF5756
1244364946.673823,1244364953.841797,FB0E95EDBE
1244365085.3623002,1244365093.210205,C35BBAF411
1244399081.9150372,1244399091.195312,60B7D09BA2
1244389653.23437,1244389662.796875,62872FEA62
1244389667.707031,1244389675.875,ED9B7AA3BD
1244353855.963872,1244353868.503906,996CB50121
1244340539.641597,1244340548.971679,7BFA0FAB06
1244358878.90625,1244358886.373047,336B031639
1244344893.039062,1244344900.53125,43AC6BFBC3
1244346678.953616,1244346686.15039,4794484FE9
1244377720.0722702,1244377729.227539,60E20670D1
1244374149.318362,1244374156.606933,449C67D02C
1244373272.12695,1244373279.504394,071A492DA7
1244325778.5751948,1244325785.635742,EC3E82E309
1244360087.03272,1244360094.676147,A6A5102318
1244398288.304684,1244398295.320312,7EA05E5765
1244372047.521486,1244372056.451172,7DCDB1E2D8
1244369277.598637,1244369284.714843,BF5633A690
1244369327.2919948,1244369334.36853,427F4D5241
1244371532.0957072,1244371539.645019,19C69C7744
1244329475.205568,1244329487.344726,EDC0444D39
1244329571.221683,1244329578.578369,56BA4954CF
1244333898.644528,1244333905.875976,B340B52361
1244332093.693235,1244332100.720214,C827645550
1244395515.555659,1244395522.744629,C8E3532794
1244372405.053468,1244372412.055664,C9A8C69137
1244335638.830076,1244335646.618164,40183698DE
1244395873.9169948,1244395881.787109,172B0244F4
1244396921.207028,1244396930.611328,E04C5AF69E
1244332969.880862,1244332980.205078,8118EFF888
1244321154.3727982,1244321162.075195,111A948C83
1244380764.417967,1244380771.828125,407B03966D
1244382720.882816,1244382728.519531,646E82697A
1244331792.104742,1244331801.65625,F39B9647CE
1244349511.714601,1244349519.092773,62B0BE3554
1244399614.684572,1244399622.398925,090E73B41D
1244401307.665526,1244401314.733398,DD58F5D0F0
1244486322.2094738,1244486333.437988,B55EDAE27A
1244497156.167972,1244497163.351562,62B8CD45EE
1244473771.47266,1244473782.120117,EBB4F44054
1244451350.168942,1244451358.534179,EA1BBC5796
1244424040.551754,1244424048.230468,DADA92AB76
1244481021.394533,1244481029.079834,F0466F4B94
1244491317.1113229,1244491324.266601,B4C4E18F54
1244456109.6660202,1244456117.301269,DDD6C6EB8E
1244489006.6162071,1244489014.708374,0EA0F97D0C
1244404721.387208,1244404728.724609,0FA9AA7372
1244490413.988278,1244490424.317382,FFA73D2911
1244490848.218747,1244490855.425048,094FC5651D
1244490985.366209,1244490992.992187,B330A80179
1244440168.988286,1244440177.234375,68C0E6CC84
1244443866.600101,1244443873.974609,D0BB4610F4
1244444323.547848,1244444331.503906,6AA7240153
1244429314.034481,1244429321.540039,630CE083BF
1244477676.954097,1244477684.936767,4894212ADF
1244470229.617186,1244470236.769531,2286F33B47
1244439797.6308649,1244439806.471191,BED37D5A89
1244484684.9477549,1244484692.258789,FCA50AA448
1244489301.699216,1244489309.109375,E9C0A164E9
1244424914.9419,1244424922.484863,78484404B5
1244471685.379886,1244471693.704101,E3301B7322
1244405710.573733,1244405718.664062,FF69B6E350
1244438058.182618,1244438065.444336,06207D7967
1244446547.708981,1244446555.310547,A4AF035552
1244433340.944219,1244433349.170898,C05A4F948C
1244433446.919923,1244433454.347656,37664D197D
1244438844.508787,1244438852.341797,D09675A58B
1244479635.763671,1244479643.568359,AF07C210CB
1244479678.499999,1244479685.658203,09B97F6C1B
1244407565.672125,1244407574.498047,8EA17BA188
1244442386.286135,1244442393.507812,9F522012E7
1244445093.992434,1244445101.375732,028E25A3EB
1244403275.5693388,1244403283.27539,50357155D0
1244496635.913087,1244496643.093139,7DFC814989
1244474802.722901,1244474809.930664,8828D8C62C
1244498269.749027,1244498278.581054,E36C35A46A
1244431457.1926222,1244431465.695312,D1A27D75AB
1244475514.890625,1244475522.433593,37AFFBA48B
1244475759.49805,1244475767.575195,A9BA0242D1
1244421549.833981,1244421557.125488,DE4DC7461A
1244447529.166753,1244447536.55249,D90FEB1C76
1244447574.678711,1244447581.8125,5C5FC5480A
1244483648.784178,1244483656.318359,C79FABDAC1
1244441039.792973,1244441047.375,D6E6DAC836
1244476292.9111328,1244476300.907959,B6AFFC8BE0
1244529376.62549,1244529383.661865,ED53BA4ADB
1244559390.9342,1244559398.850097,6CD8F6AAC5
1244504997.667477,1244505005.061523,6D59139C6E
1244540863.898437,1244540871.24414,FD4C4249C4
1244540985.198244,1244540992.738281,47CDDF087C
1244541139.589848,1244541150.516845,37B7216B83
1244539994.4164991,1244540003.0,AF2996390B
1244593292.358402,1244593300.893554,861FBA5701
1244597609.947267,1244597617.198242,FDF6C5F60D
1244532655.30176,1244532662.972168,1EA7DF4B2A
1244569614.179687,1244569621.407226,9289FC9B0B
1244596636.1210968,1244596645.323486,5CD1769FA7
1244587719.003904,1244587726.518554,9A21957893
1244578681.648435,1244578689.958007,ED241D596F
1244518652.6767612,1244518660.241211,7F7C455D36
1244564523.952145,1244564531.601562,86FA757F88
1244530164.679684,1244530173.538574,EEAC8DB883
1244505986.069576,1244505994.799804,3D0C5690FF
1244533984.65674,1244533991.66455,9862F056BC
1244586019.257809,1244586027.061523,7F751DF2CE
1244538345.7534208,1244538355.227539,B05B3C0DA7
1244507154.997075,1244507162.928711,DEB1535177
1244598551.5625,1244598558.658203,0F48E1E773
1244573873.424806,1244573880.984619,FBDB814E80
1244599095.1054711,1244599104.706054,1F5420B232
1244531815.649417,1244531823.621093,8F036E97CD
1244519974.722163,1244519981.829101,33033CC453
1244565690.963864,1244565698.223632,0301BE76DD
1244505218.110348,1244505226.180664,29DB230392
1244505456.4191868,1244505464.262695,8DA367245C
1244540577.923831,1244540587.091797,21265E373C
1244526186.238285,1244526195.101562,D8BDF0D443
1244585774.708499,1244585782.321045,562AB7FD7B
1244571242.289066,1244571249.655273,E9378702E8
1244551029.9873,1244551037.041015,5084B873BF
1244551042.120116,1244551050.696289,66ACAC1420
1244569787.391605,1244569794.643066,E1C350DADB
1244505529.7695348,1244505537.097656,CC49AA1930
1244553369.854491,1244553378.770507,6BEEE79BDF
1244553384.068362,1244553394.191406,C5C11FA733
1244566113.544918,1244566121.304687,FB868BF08F
1244599465.238285,1244599472.419433,8EA099E6CD
1244590493.2929652,1244590500.529297,5845CAAB4D
1244590627.712894,1244590637.94934,9645258DDD
1244557814.817386,1244557821.828125,7FCC31A638
1244570934.306642,1244570941.75,A39A32CC73
1244555451.058351,1244555458.447021,58655C7CA6
1244535961.715337,1244535969.773437,9E45D165A4
1244536307.368167,1244536315.631836,F2C1333F2A
1244536351.3300772,1244536358.657959,5AFEA18E32
1244576025.407715,1244576033.045288,F6FC2031B1
1244554169.2700171,1244554177.389892,E1B68CA2B4
1244599903.074218,1244599911.662109,3B69E16F7F
1244586842.825197,1244586850.21582,0E796B22F2
1244587016.497074,1244587024.169922,CFD4DF761E
1244633891.5,1244633898.510986,33FDD388BA
1244694957.848636,1244694965.824218,671B7CA702
1244639298.3291,1244639305.742187,ACF0BB624F
1244650199.423828,1244650207.478515,5032600C9C
1244650233.8701198,1244650241.552734,C23511C816
1244622946.15625,1244622953.796142,4A71412E29
1244646639.523438,1244646647.723632,83742CE762
1244646685.323491,1244646693.414062,54025794CA
1244650783.6171908,1244650792.511718,8776D6CA56
1244693921.16797,1244693928.932617,E87399AFC1
1244694054.125982,1244694062.680664,3E89A328DF
1244694266.602536,1244694273.870117,3EAB3F9216
1244612485.312504,1244612494.074951,EF3293F013
1244651069.3918412,1244651076.917968,69296C9642
1244625307.805659,1244625315.547363,49A0629DC0
1244625336.686527,1244625344.857422,E70F33F941
1244637538.169923,1244637545.193359,4367F41260
1244635435.238409,1244635442.410156,2D5B1C2EE8
1244666529.483402,1244666536.687988,60D9DBA85B
1244632638.6748078,1244632645.859375,5E76596FC5
1244659680.482425,1244659688.86914,4FAF2705DE
1244699773.949222,1244699781.521972,1585EC2470
1244645437.857426,1244645446.694336,F0A2CAB301
1244631453.31152,1244631460.636718,B024636DA6
1244616637.022461,1244616644.073242,67E857F46C
1244672817.700192,1244672824.710449,BBD7FE105C
1244673137.3862278,1244673147.040405,DD0E128D9D
1244610194.669925,1244610201.842285,10612FBEB2
1244610427.963864,1244610435.610351,A2C90C844E
1244610742.961425,1244610750.370117,9B503F3B08
1244653157.888548,1244653165.162963,00D9F48100
1244669639.79687,1244669648.004882,E46A928321
1244649823.02905,1244649830.75,810E76865B
1244696898.210446,1244696906.446289,04B1F22442
1244615720.754879,1244615728.006347,A8BB74AA37
1244636103.930667,1244636111.037109,BBB6FE2ABA
1244608984.819211,1244608994.33789,833F37CCDA
1244609309.136722,1244609316.148437,E98B0CF242
1244644345.360348,1244644353.186523,147C1073CF
1244602432.04687,1244602439.505859,F003A6F093
1244611778.974614,1244611787.208007,8CFF36FFA6
1244640473.199708,1244640481.21289,21094686F5
1244628391.8584,1244628399.378051,16CC6B27D8
1244628488.211917,1244628495.924316,8EE85E67B6
1244628722.738278,1244628731.969726,7E8DE726F1
1244632126.173831,1244632133.269531,D0A81B7D88
1244600896.653325,1244600904.440918,D48DF0BF13
1244602101.455081,1244602109.393554,410D57940A
1244603495.3896482,1244603502.743164,FEA2730E50
1244720584.300296,1244720593.062622,764F9313C0
1244724575.54687,1244724582.910156,B2BF055378
1244706841.293951,1244706849.447265,82B1546A86
1244706893.907718,1244706902.696289,0477B4E4E6
1244731913.072269,1244731920.186523,ACCFAA6CB7
1244763518.187502,1244763525.419433,F871A1C284
1244705894.314817,1244705901.671875,316EEC1CBD
1244706155.525395,1244706164.456054,C99B517AE7
1244737188.314214,1244737195.348632,07E6C11A65
1244751464.158203,1244751472.789062,22D7B5D57F
1244746455.892575,1244746463.466797,91FB09FF88
1244746639.331968,1244746646.911132,09586B9690
1244746756.375973,1244746765.7583,7467011633
1244741830.0051222,1244741838.231445,04944256F1
1244741853.4223611,1244741862.286132,2CD8672205
1244742049.523441,1244742057.042968,F069428B3E
1244749770.53125,1244749778.149658,92301BFE07
1244749798.495664,1244749807.086914,94E8D21318
1244750242.410153,1244750249.833007,98CE72F5F5
1244745918.703615,1244745926.152343,5CD3238278
1244722067.982418,1244722076.828125,D39639A0C1
1244722611.4375,1244722619.830078,4A63CA6DEE
1244704964.9062471,1244704973.042968,BDC0EF26A5
1244705098.575685,1244705111.367187,495E609874
1244776931.834718,1244776939.313476,6269CCD1D3
1244769557.916013,1244769566.361328,E75024F3EF
1244748017.7998078,1244748024.939941,2055C9CCDF
1244712474.1269572,1244712482.363769,915250A235
1244710306.616215,1244710313.730102,C4492E8C37
1244710931.8418,1244710940.180175,3CA0D6B184
1244711797.3276322,1244711807.797851,BEC111A474
1244716859.36816,1244716867.916992,7EF50145E1
1244773154.467777,1244773161.501953,9F599A5CE3
1244763301.4375,1244763308.542968,9804732E2B
1244712848.868658,1244712859.444336,A1D8DFD362
1244705263.218751,1244705271.808593,9282BE0E00
1244767539.671875,1244767547.155273,E4B2504324
1244723068.353512,1244723075.946777,4AF966C501
1244734677.528745,1244734684.80664,C560EB2653
1244739244.157223,1244739252.007568,1273AC208B
1244718158.038576,1244718166.521484,2086FD4343
1244718300.201662,1244718308.079589,27AAAD4A22
1244788924.3720748,1244788931.436767,DAAA704B8B
1244705691.728515,1244705702.177978,DFB65AE23F
1244727735.043453,1244727743.017578,63E01ADC3B
1244727769.625003,1244727777.197265,103AC23CCF
1244720641.888187,1244720649.595703,EDCE818C20
1244720949.12402,1244720956.907226,6FC74E5370
1244732794.270513,1244732802.841064,612191A4E5
1244732859.9455578,1244732868.493164,DBDEDD5F3A
1244749106.267574,1244749114.11914,3AC13F0488
1244716603.460941,1244716612.336914,810DDB93BB
1244748676.917478,1244748684.954101,516B34EFE0
1244733123.578122,1244733131.125976,C34941E8A6
1244768320.7109408,1244768328.910156,1FDEB3FAAB
1244747006.7763689,1244747014.811523,2BC28214C6
1244752394.248537,1244752403.866943,6C7963CC63
1244706419.962399,1244706428.033569,263492008E
1244742576.6669948,1244742584.249023,EE426A2581
1244742630.453128,1244742639.132812,9B5D101DE1
1244743033.08838,1244743042.469726,5AECE9FBD8
1244711043.1748002,1244711051.726562,51421EF638
1244774633.460935,1244774640.864257,74D616B873
1244738117.9374971,1244738125.32666,54D832F3A8
1244714159.37305,1244714166.570312,D37C5124AB
1244759897.916017,1244759905.702148,4BEDC14E59
1244783712.200685,1244783719.240234,557ADA1ACE
1244764053.156254,1244764061.128723,C2A2381DA3
1244765376.6557572,1244765385.183593,357D3377A1
1244765408.0673828,1244765415.43164,71040DF584
1244740805.506345,1244740813.335937,984532161D
1244729219.69043,1244729226.929687,C2503DB2DE
1244739904.059567,1244739911.069336,B8C63793C2
1244719710.630367,1244719717.787353,C1D9359A01
1244756276.677737,1244756283.857422,93B613CB36
1244726295.551759,1244726303.047851,DD53067611
1244726385.592531,1244726392.713867,BDF260008D
1244715698.729494,1244715706.721679,EC62F9B299
1244736388.21698,1244736396.093017,3CFDD5097D
1244772120.7793002,1244772128.095459,6B8B1BED44
1244732433.6826198,1244732441.771484,E3B5FD5DFD
1244845906.530277,1244845914.388672,223AF8B092
1244843466.616216,1244843476.851562,39307CCC2D
1244843833.200192,1244843841.006347,327FCB97E8
1244804112.520511,1244804121.118896,565D7B0778
1244848366.817387,1244848377.334961,E00FF146D4
1244817057.9519072,1244817067.423889,67D715E4A4
1244833055.473634,1244833063.579101,44A97BEFBF
1244849923.228032,1244849930.821289,9D685FA700
1244872520.35352,1244872528.40039,7F6FB3D0B4
1244872569.329835,1244872578.356445,803775DB52
1244836406.6806622,1244836413.829712,12A4C68C19
1244885804.1074271,1244885812.351074,8793963154
1244853367.695309,1244853374.756591,567CDAFD6A
1244800477.809574,1244800485.065429,069E1096B8
1244800555.3341029,1244800565.457031,6B4F09291E
1244894057.086911,1244894064.546264,9E1C78E668
1244894276.361331,1244894283.471679,8EB68C077A
1244882429.926762,1244882438.90039,7622FF5FE7
1244880735.716802,1244880743.740234,0AE58250BE
1244863622.4387188,1244863631.105468,E7DE25DA06
1244863757.946285,1244863767.128906,527D261430
1244870587.71875,1244870595.370605,7180FDE40C
1244870615.668455,1244870622.797851,E35BBE3B8B
1244874729.8979452,1244874737.679687,1B99B80EB2
1244849767.195309,1244849774.325195,A62F103CCB
1244887463.71777,1244887471.630859,18FF28406F
1244842868.999027,1244842877.78125,6118F7E1DF
1244847589.839601,1244847597.455078,ED1C7CEE4F
1244805703.5791051,1244805711.448242,9BD15CAC2D
1244834825.9960968,1244834833.696289,FE2D10113F
1244871141.35254,1244871151.437988,D0850F371D
1244892973.609255,1244892980.789062,A8001670DA
1244878160.386958,1244878167.387695,F8B212A0B8
1244890363.2441409,1244890370.860107,E97F3BEBED
1244847275.996097,1244847283.430664,24EF9A7459
1244845070.798833,1244845078.645507,2C53639BFE
1244897351.7150831,1244897359.313476,5CA5794D2E
1244802693.413089,1244802701.034179,2039744E63
1244852427.430669,1244852435.156738,81C9FACA08
1244814820.098629,1244814827.486328,C6BEAC639E
1244843965.3251998,1244843972.344726,1319660995
1244841771.054684,1244841778.665527,D61886C0FC
1244892043.446292,1244892053.563476,6099B8C064
1244866138.553715,1244866146.237304,B3434C5AAD
1244881115.50098,1244881126.323242,E3BEB608B5
1244874301.966184,1244874310.625976,03AEEB576A
1244871442.1621149,1244871449.785156,45E1E5FD42
1244858101.299806,1244858109.804687,B976E88B56
1244807047.883792,1244807057.707031,8C675A5731
1244832666.515629,1244832673.888672,0A63FDFD1D
1244832716.217535,1244832726.074218,F9AA48F4E7
1244873773.705075,1244873782.799316,831EA05B61
1244858775.2636712,1244858783.020141,0C5A230AC8
1244869393.422853,1244869402.195312,DC1E7F1ABA
1244882712.485472,1244882721.716308,D7C5CD5486
1244856341.7656262,1244856349.828125,BAF25FD055
1244875920.6799328,1244875927.984375,1C8885DC11
1244876071.790042,1244876079.142578,161D09A763
1244885498.406246,1244885506.977539,59E6E51B6B
1244835755.9570282,1244835764.375,4FCF867275
1244887579.969478,1244887587.388916,8B8AF31722
1244887644.808592,1244887652.066894,430F20358A
1244869682.8212872,1244869692.894531,6050C401E8
1244935089.1904309,1244935096.34375,20CF9CFC30
1244999388.403323,1244999398.484375,FB5CFA35E4
1244938309.182614,1244938319.005005,EA8FDDF952
1244944141.947269,1244944151.575683,F4732EE76F
1244938005.061528,1244938014.284179,EDB699C201
1244939753.439703,1244939760.677246,3271146949
1244949288.828122,1244949303.964843,9369DF1D45
1244947384.867677,1244947392.425781,66D15974F2
1244939412.176514,1244939419.856323,ABC7AA2105
1244939439.721676,1244939447.990234,AE257489EB
1244995840.5667722,1244995848.157226,738C626676
1244943196.0263631,1244943206.525634,1B851A54F4
1244939997.2906451,1244940008.517578,60F0B4ADE2
1244997739.66602,1244997747.763672,9964B55746
1244997913.903317,1244997921.015564,ABFF1BC0A6
1244999560.582028,1244999568.326172,01A0988FDA
1244999796.735843,1244999804.217773,F52995E4D7
1244950125.81616,1244950134.442382,4DDD1DF9C1
1244993377.3125,1244993384.882812,C49584CCA1
1244993416.826168,1244993424.657714,CAEF5E5253
1244993533.5094578,1244993542.169922,F1024653C4
1244992822.2570791,1244992831.994751,E20AF20908
1244999428.707035,1244999439.40039,1DD74AB28B
1244941038.5,1244941046.373047,CA23A637BD
1244987420.446291,1244987428.40625,095CE7674B
1244987929.060552,1244987936.854492,63B0986884
1244949550.88757,1244949557.989257,4857A0F1E9
1244998367.449214,1244998376.43457,63BAF21628
1244983890.179201,1244983898.264648,F5AE556648
1244943044.824223,1244943054.307861,67DDEF5B36
1244943069.174436,1244943076.866211,CA4B32C7CE
1244936950.713378,1244936958.166015,33E112EE7E
1244937432.821533,1244937440.92456,1F8FABE829
1244941540.02881,1244941549.127929,1060EBC743
1244938750.1669972,1244938757.578125,49DDBFBDC7
1244942303.916989,1244942312.960937,D9EB3BACF5
1244934920.173825,1244934927.476562,9FA50613EC
1244952058.6806622,1244952066.364257,5A57234841
1244946923.4863248,1244946931.631347,5C989638BD
1244947151.00928,1244947158.100586,01D3468B5A
1244948108.337896,1244948118.818359,78C85DCAEA
1244997436.8125,1244997445.840332,034A8289A7
1244950930.554691,1244950939.214843,DFA97C34A5
1244985105.083004,1244985113.676025,5525DD0D22
1244990113.5488288,1244990122.124023,ADAE127699
1245036337.686527,1245036348.157226,35CF68647D
1245047453.32007,1245047460.671875,945DF2605A
1245098913.802247,1245098922.049804,E2B677A05B
1245099282.987307,1245099290.146484,F7AC2E5F10
1245027722.267581,1245027729.548095,A1ACE9245C
1245096341.080562,1245096350.676757,45FC8F2D1C
1245053944.351559,1245053952.175781,5B5C470DCF
1245031591.446285,1245031598.722656,7A77FB92B2
1245036579.4643528,1245036586.496093,2704371CF2
1245086998.2500029,1245087005.398437,B2CB6F3EB7
1245087134.329101,1245087141.384033,43FE3C635A
1245069898.958004,1245069906.695312,6262B3D04B
1245025594.234371,1245025602.792724,EE85624545
1245048792.554326,1245048799.55957,57E89B9B9C
1245024607.5332,1245024615.356933,CDD4474434
1245025119.15234,1245025127.621093,8535365148
1245000693.488402,1245000703.021484,6F675B9159
1245030149.81055,1245030157.591308,E320BE1360
1245030204.682371,1245030212.764648,05569DFC7A
1245068476.3349638,1245068483.574218,68BB8484DA
1245062423.285644,1245062430.327148,CB6A562CCD
1245051617.257816,1245051624.677734,FF89503069
1245027101.680667,1245027110.557617,1E2C856341
1245027266.356448,1245027273.65039,5F1BA3778E
1245026543.795902,1245026551.824218,19A726FBF1
1245097902.8920949,1245097911.566894,E711F42E0A
1245025360.855469,1245025367.876953,A6B97D2FD4
1245036952.267575,1245036961.40625,18C82BB9D7
1245037014.657232,1245037022.254882,35DF60D146
1245094056.6987338,1245094064.904297,957204228D
1245028163.4765658,1245028171.12207,2DEB978628
1245033035.349607,1245033042.896484,82DFBA07F2
1245063253.13086,1245063260.267089,783433AD51
1245030895.627438,1245030903.824707,86BC5F2D44
1245031052.481443,1245031060.084289,1A387353A4
1245065520.878906,1245065528.5,F4E9A8D899
1245089539.964845,1245089548.026611,F70B084967
1245043784.354492,1245043791.533203,69E6426C15
1245026607.7578092,1245026616.213867,295E522419
1245081488.475582,1245081497.424072,7C2D6F2DA7
1245029341.893557,1245029349.379882,7F9F5B956A
1245064655.167966,1245064663.745361,28DFD7A83F
1245087734.457028,1245087743.728515,01BEA77EFA
1245088015.31348,1245088023.506836,AF1B5B0B3A
1245081099.058596,1245081107.058105,62DEC909DA
1245198236.3457,1245198243.713867,EAAEA36717
1245177032.396486,1245177039.503906,6C9B76EDB9
1245113280.539059,1245113287.65332,38D47D2A22
1245193247.556638,1245193256.360351,26AE2508A1
1245192014.565922,1245192023.135742,EE6E8AC558
1245159951.0820322,1245159961.172363,40AB9248EB
1245157481.2539032,1245157489.138672,A328EF5F4C
1245157617.036617,1245157624.674804,2062531D1F
1245124490.859375,1245124498.378906,0D8AA37EBC
1245162257.651364,1245162265.4458,C50A1924B7
1245135317.998049,1245135326.457031,A3E323FAB3
1245158519.166994,1245158526.308593,CD4662A6FE
1245169185.3476532,1245169193.642578,58B8338FF2
1245171161.586919,1245171170.125,CAF6C2FDB5
1245101709.414066,1245101716.669922,115E1C2F0A
1245132605.333004,1245132612.492187,B998BB5444
1245132745.867188,1245132755.085449,8F18DF7636
1245176066.4736328,1245176073.686523,DA08FBDD21
1245130915.484375,1245130925.75,B339888375
1245176525.603032,1245176532.894531,AD4901E00C
1245116149.40479,1245116157.15039,22D298594C
1245116487.422855,1245116496.969726,3EC37ED025
1245120060.2119129,1245120069.419922,7410B7A328
1245120188.6601589,1245120196.576416,13302A8459
1245142651.294925,1245142659.944336,0B887F8F8D
1245169953.292972,1245169960.55957,22A053746E
1245118842.3632798,1245118849.455078,EFE8177228
1245136856.255858,1245136863.435547,E078E5ECD3
1245136921.355466,1245136928.722656,1A111043CA
1245143620.987668,1245143629.375976,A60D6E9FA7
1245273691.572269,1245273703.972656,1E8EA7AA39
1245226372.3584,1245226380.414062,AFDF4BB6CD
1245295565.198243,1245295575.133789,ADD30D61E4
1245215788.0068312,1245215796.555175,182B64C504
1245295266.331545,1245295274.063476,7FB5DF46AC
1245264371.675778,1245264379.186523,7D842FC33D
1245269727.756832,1245269735.151123,CAF7B7EE41
1245272797.9130838,1245272807.475341,58428A100A
1245293262.385739,1245293269.717773,2B3D9995EE
1245220125.733402,1245220133.984375,9104780EB9
1245266372.223631,1245266379.78125,95FCF5C28C
1245221134.069332,1245221142.732177,C19CF17745
1245201426.68359,1245201434.071533,59C8F3C173
1245258388.712894,1245258396.664062,3E8F7C94B1
1245259429.830812,1245259438.868652,FB3320C5CA
1245217755.000001,1245217762.511474,D74149E466
1245216644.7724638,1245216652.663086,255827AD8C
1245274737.95068,1245274745.089843,6F4D84037E
1245203822.269773,1245203830.163086,576C4354FC
1245239442.444338,1245239451.03125,11A73E4C62
1245239473.990231,1245239482.008056,92EE40DEA1
1245204178.489255,1245204186.836914,14EEBAF7C9
1245207406.333986,1245207413.515136,FCF4ADBBFD
1245257941.405758,1245257948.80957,C1BDB536DE
1245262060.962894,1245262068.225708,0F5B254738
1245275956.8537571,1245275964.377441,7DC147F34E
1245292528.704591,1245292535.826049,74E0E5DEA7
1245221338.386724,1245221346.179687,7BC069E0F2
1245221457.7880812,1245221466.092468,307B64BE99
1245262523.566405,1245262535.013549,9F70E056E9
1245262592.884282,1245262600.603515,ABB8A7BC49
1245275763.53223,1245275771.002929,14B1A581A8
1245270974.1874971,1245270981.632324,E4833E9559
1245265945.864261,1245265953.553711,2870B18C6B
1245219057.975582,1245219065.718261,7A5E171B0A
1245276703.784176,1245276711.656738,340DE82145
1245257772.437495,1245257779.444336,37FF602CFF
1245260861.5595698,1245260869.806396,8047BDBBE6
1245237949.105953,1245237956.322998,7C14F2EE9D
1245225995.635746,1245226002.710937,F3060F73EF
1245240529.868778,1245240537.358398,AECC97B20E
1245316952.167965,1245316960.511718,8F9D7A6EF1
1245317277.97559,1245317286.241211,DFD1132811
1245351675.135741,1245351683.183593,A3FA29360C
1245320248.742681,1245320256.294922,E8E0DC8F35
1245320257.95117,1245320265.174804,D5262D21DA
1245339038.697637,1245339045.829101,1C957FC024
1245364802.63281,1245364811.007812,7820D65745
1245361462.7475631,1245361470.147216,D0B04C5ABE
1245361483.196292,1245361492.875,DAEACFA4D7
1245309737.078857,1245309745.772461,C8CB2C571B
1245321443.314453,1245321450.394531,4664E73577
1245348687.006346,1245348695.359375,8094147FFF
1245321052.510744,1245321059.710937,9971B90114
1245338567.941406,1245338575.330078,FB6913C5A7
1245338728.4863272,1245338737.310058,189FB6222D
1245340703.886715,1245340711.167968,27B62AC859
1245368335.825197,1245368344.205078,F10AFCF47A
1245337210.470703,1245337217.722656,5984372930
1245337314.089844,1245337321.142578,B9832E36A0
1245327943.584476,1245327950.875,D4B4CE48F0
1245336756.421878,1245336763.579101,99E046BBF6
1245307894.42774,1245307901.752441,5C0BC16680
1245308040.7207,1245308049.207031,446D2F2D3B
1245309032.147703,1245309042.958496,52B0143DD4
1245307432.5263689,1245307440.451172,4AFE82A36C
1245352273.916989,1245352282.40332,9096A8DE23
1245355184.994137,1245355192.76123,17ED600B3E
1245368616.4257822,1245368623.472656,8C6EDD170C
1245345717.9775388,1245345725.178711,133516B0B7
1245361282.601566,1245361291.060302,60D8EC1A97
1245337415.962894,1245337425.303711,0146B0BA25
1245340261.639161,1245340271.072265,EA32F147E6
1245317376.795902,1245317388.414062,2423047214
1245324268.205078,1245324277.847656,ED818220A8
1245334526.684573,1245334534.132812,9C8BA31B16
1245322918.2187529,1245322926.59082,850F9BD623
1245316543.279298,1245316554.914062,83C891E0B7
1245316726.484378,1245316733.529297,617B8B4BCB
1245472275.4013631,1245472283.428711,C8335C34D8
1245480048.9296908,1245480057.352539,B1DEAC03CF
1245474601.5742168,1245474608.672241,A4E578AD15
1245474282.3749971,1245474289.780273,6FEE430D27
1245453023.608402,1245453031.416748,A62FD401C8
1245476053.985356,1245476061.0625,3E78B66288
1245468288.795895,1245468296.476562,709FAC2B74
1245459702.594728,1245459709.831054,CA13092DF2
1245468588.842773,1245468597.078613,343028EEB0
1245454149.742183,1245454157.463867,8397D739FE
1245411147.254399,1245411154.928711,5D19031947
1245461919.570317,1245461927.501953,CB9ACBDC03
1245461119.1328158,1245461127.982422,1C01C4F322
1245470088.7780778,1245470096.517578,323C4C0AA7
1245458682.4130888,1245458689.797607,8FF54BDF75
1245464169.880861,1245464177.163086,A44C68DDFD
1245467098.103516,1245467105.910156,E018A09E4C
1245403899.9599571,1245403908.11914,DF4DA8FEC1
1245543585.826169,1245543594.255371,C2E197C0D8
1245536023.328127,1245536030.466308,F5989FF8E5
1245598499.165525,1245598506.402343,C72398C6B4
1245579616.1689491,1245579623.299316,73D9E938C7
1245592150.630856,1245592157.867187,4F16364A6E
1245592157.882817,1245592165.02832,E54147C4EE
1245578498.752935,1245578506.675781,34B273C56A
1245575695.4169948,1245575705.073242,318E35CB3E
1245575989.150387,1245575996.236084,310ED2C570
1245576138.007817,1245576145.17456,41466CD535
1245593841.15527,1245593848.450439,7C73C3E9AC
1245548553.3505871,1245548562.449218,06D7BFC72C
1245548790.0908198,1245548797.445312,E3D23A89EC
1245585751.128911,1245585758.538574,7D7E55433D
1245583079.017095,1245583087.417968,FA7B1602DB
1245541767.259769,1245541775.721679,F5F28AA675
1245541862.516355,1245541870.795776,32AA08A943
1245549025.737486,1245549035.517578,E0C076B6AF
1245549701.450193,1245549708.481933,7917981DD7
1245588871.852054,1245588881.585937,47D4B7D20C
1245591990.0742218,1245591997.34375,3F037038E8
1245533456.531254,1245533464.21289,8AB3381346
1245569872.391232,1245569879.873047,24640C155B
1245595288.37525,1245595296.148437,2A7DC03F27
1245571693.320309,1245571701.250976,2C44551672
1245545514.518555,1245545522.232422,64ABD5CA41
1245590818.255863,1245590826.805664,2D34DED363
1245591032.7880888,1245591040.620117,A71A44501E
1245598966.507812,1245598974.120117,58A5705FBB
1245599003.96387,1245599012.453125,86CFBE0336
1245599026.5517578,1245599038.46289,AED0B283FA
1245577212.351324,1245577219.578125,54F90AB59F
1245595595.220707,1245595603.688476,A62C62C373
1245581616.211915,1245581624.093505,24B57EC29B
1245586253.208003,1245586263.453125,8D75A79ED8
1245594731.275394,1245594739.039062,658555BDCB
1245595026.0,1245595038.998291,F02054BD76
1245589738.171878,1245589746.870117,74A677D581
1245589761.706418,1245589770.751953,3879B3A168
1245590013.314456,1245590020.76123,1EABB76AF0
1245549998.032227,1245550007.110351,915EC17806
1245595995.37305,1245596002.473877,C8B2901A60
1245534041.896482,1245534049.366455,0383AB6841
1245547598.307124,1245547605.736328,EB021956B8
1245598607.388668,1245598614.988037,380A3212C1
1245583894.718381,1245583902.52539,90EAA82F45
1245548030.328128,1245548038.561523,4CBCAE046C
1245538876.9995072,1245538885.558593,582EAFE600
1245539008.677731,1245539015.993164,4226007A67
1245536220.741696,1245536229.210937,9B11F49925
1245543047.6123078,1245543054.859375,493E949DFD
1245597841.8749971,1245597851.379882,BF29CF7FD2
1245575550.856445,1245575560.215332,875E81F2BD
1245546732.706059,1245546740.310547,8126F6ACFD
1245664290.3183649,1245664297.484375,80C477C537
1245628198.734375,1245628206.620361,74CBB04E27
1245628837.168946,1245628845.493652,3EB28FD0B7
1245648539.599612,1245648547.178711,D838572419
1245626847.09473,1245626855.72998,28F0E16CA0
1245659936.1289089,1245659943.689697,CF37FFDF7C
1245640416.3749971,1245640424.243164,C38B46435E
1245648896.9081998,1245648905.046386,1306C17C74
1245653650.155766,1245653657.36914,CBFB8CDE22
1245650085.962407,1245650092.969726,5A7DD0DB92
1245634212.3592482,1245634220.854492,FF26B2F06F
1245639887.422855,1245639897.736328,DFA5BE0877
1245667921.912109,1245667930.21875,931ADDFB1B
1245668324.6279318,1245668331.793945,B54EC81B1F
1245643746.1408749,1245643754.824218,797F03F2B4
1245642153.453125,1245642160.490966,340B782D07
1245624312.0010362,1245624319.896484,951C7D24FD
1245624344.105958,1245624352.34375,4037935FDC
1245637212.595706,1245637223.106445,A91796D7F6
1245637297.351564,1245637304.576172,155266B356
1245640995.441406,1245641006.542968,2523B87560
1245604840.62549,1245604848.3125,E99EDE36F1
1245604947.889159,1245604957.621093,3C0318279D
1245605296.8818388,1245605303.946289,6B40047633
1245633540.3310578,1245633547.753418,B78B746256
1245649771.015625,1245649778.491211,270C18521B
1245649866.037115,1245649873.127563,F2B04BD1E4
1245650043.8042018,1245650051.131836,BA462BDFFE
1245635805.363769,1245635814.115234,D303E6FED3
1245636023.6918929,1245636032.863281,C8B6C402D0
1245644981.8437471,1245644989.219726,AADE2F3B60
1245625127.723636,1245625138.405273,18B446D4B0
1245604152.989254,1245604161.325195,2A72D79396
1245604234.550784,1245604242.46289,1D995E543E
1245660071.265621,1245660078.828613,83005733A0
1245657337.210939,1245657344.56958,DE46D73765
1245657543.343752,1245657552.311523,4088579E60
1245627347.074221,1245627354.893554,3E2D8A1E8F
1245657886.590823,1245657894.71875,DC623105D7
1245633046.662109,1245633056.238281,253A098196
1245664839.8283682,1245664849.047851,B7B06EAE8F
1245664870.547367,1245664877.754882,CA84980157
1245658121.951169,1245658129.861328,36DEC3CD21
1245654441.9894972,1245654449.481933,24A6ABF224
1245637604.319336,1245637612.611328,1E506715CE
1245629586.803594,1245629596.382812,BC00E67D8C
1245629815.024418,1245629822.726562,F76F9ED058
1245646340.5090292,1245646347.606445,8D59AC7D93
1245646603.738278,1245646611.272461,540190F113
1245604034.735348,1245604041.759765,03AD07D615
1245634939.009825,1245634947.680908,CFC2F9D136
1245601164.046878,1245601172.583007,4698795A53
1245671324.599612,1245671332.519531,6365E474D6
1245671915.488284,1245671922.625183,FB092F55E8
1245631929.9931638,1245631937.0625,4C11D347AA
1245603438.0322242,1245603445.824218,74A9CA61A3
1245656612.513675,1245656623.0625,C967ABC291
1245632750.975582,1245632762.602539,627806ED0C
1245632853.69141,1245632860.822754,F9B7940841
1245660970.957032,1245660979.729492,B32E11F9C6
1245602787.902341,1245602795.289062,D3F506A3E1
1245605351.059322,1245605359.496093,89117BA320
1245653034.108402,1245653042.271972,BBC1286DE6
1245653360.00195,1245653369.035156,C3CA1B2A31
1245640649.3398468,1245640656.493164,282FD33AE6
1245636877.3320282,1245636885.204712,2A9EE74A29
1245636995.116704,1245637003.471679,B66D68731F
1245666809.269535,1245666819.336914,E959C980FB
1245761363.996583,1245761372.773925,E809EB51A7
1245759736.923831,1245759744.083984,2A38795F08
1245737273.801754,1245737280.886718,1C95EE99D8
1245722447.322266,1245722455.066406,C86E57263C
1245722517.045895,1245722524.516601,17899B0BCE
1245731119.972165,1245731127.051513,A6B4494DF4
1245764736.535892,1245764744.6875,1C74AEF0FB
1245764851.9365249,1245764859.537109,92268D37B5
1245732344.0390658,1245732351.481445,31EF05E537
1245726462.843753,1245726470.833801,AD6E667FD4
1245784607.1523468,1245784615.229492,1D296534D8
1245758848.540529,1245758855.967773,34636401CE
1245771444.8432572,1245771451.870117,9532C634E9
1245752360.771976,1245752369.29956,BDDA7BDE0A
1245719710.451172,1245719717.573242,7B465FCE46
1245728725.43555,1245728733.3125,6EDB9EC4BB
1245728761.781255,1245728769.956665,308914918F
1245728929.786131,1245728938.101562,77D28E10CD
1245740113.612554,1245740121.269531,C916D46D0E
1245784734.683355,1245784742.114257,A918A8EF6A
1245754956.218745,1245754964.351806,1539386BB0
1245786846.640628,1245786857.032226,80A12F2EF2
1245786895.809567,1245786903.234375,7077728FB1
1245770293.4707072,1245770301.997558,809025814B
1245757469.886235,1245757477.885742,D94B1D45EB
1245749314.614747,1245749321.970214,7381E5EA18
1245749518.178348,1245749525.436523,0284D7849D
1245749635.721678,1245749645.981445,7A2FFF3B56
1245749839.895021,1245749848.160644,60688E9501
1245756502.0351598,1245756512.685547,82195A7597
1245756559.2587862,1245756567.53125,49FDE03254
1245713835.09766,1245713843.609375,43525CECB6
1245738700.442874,1245738707.843017,5D40482342
1245716488.083009,1245716499.643554,831937C6B6
1245731851.943362,1245731858.958496,DCDEE175D6
1245767444.71777,1245767452.006347,1105F3DE8F
1245767563.242185,1245767571.794922,6349F3AEC2
1245770594.024419,1245770601.532226,71D0B0C2AB
1245770809.013672,1245770816.022949,DF1A9FB521
1245722788.919918,1245722797.265136,3D2FEBC30D
1245721567.459286,1245721574.517578,7F15881A70
1245721719.40625,1245721727.298828,486F3D6F71
1245719930.329345,1245719937.438964,0ACC85DC96
1245719952.168456,1245719960.514648,F2BDC3EBAB
1245758107.9638698,1245758117.41748,83C481A393
1245716159.516602,1245716167.995605,70BCF15574
1245750649.366212,1245750656.5,0F7AF1692C
1245735735.0625,1245735742.929687,D76EF67BBD
1245736096.576175,1245736105.005859,900B77D346
1245792343.423828,1245792350.700927,54354CA91A
1245792507.973629,1245792515.652099,3188016942
1245754237.953128,1245754244.964843,F7BCFBC378
1245754486.014645,1245754495.250732,93D4995B30
1245723109.1875,1245723116.725097,E5F9C5A3F5
1245791656.363281,1245791665.115234,638BDE1C1D
1245756840.953858,1245756848.691406,11A15CE859
1245736189.386715,1245736196.638672,02274963E5
1245736711.870122,1245736719.540039,3AA2A0AFF4
1245736824.167482,1245736832.070312,40B73198B7
1245720512.53125,1245720519.667968,6ECE6FB791
1245720898.216793,1245720906.232422,07470AACF8
1245727466.69141,1245727474.666259,91A8F972C7
1245791595.7548852,1245791603.24414,F899C637DC
1245746198.2407238,1245746206.838867,9B79DF488C
1245746214.448239,1245746221.908691,06BC2B4C20
1245750302.024907,1245750309.300781,69A050DBBD
1245716849.609376,1245716856.801757,9A327259D2
1245741883.351566,1245741891.458252,B78C58EBD3
1245741903.76465,1245741911.441894,B72AFA114C
1245742144.905277,1245742151.927734,5E30E2BF88
1245718934.8605912,1245718942.041504,EA2182F398
1245721142.4043,1245721150.567382,669C59B5F1
1245717902.7226572,1245717909.910644,4E2C7F3971
1245747928.262447,1245747935.826172,BF87F3FBB4
1245747988.525395,1245747996.669922,74C2293934
1245748008.146487,1245748019.037109,88386DA8A9
1245751529.510495,1245751536.997497,E2CFE47E19
1245751678.5957072,1245751687.885254,7C72CC8255
1245783827.13379,1245783835.65625,30A71D3E46
1245782101.269534,1245782109.76538,C0F739DED2
1245741600.381832,1245741607.558105,9F7DD38EC7
1245741630.1562471,1245741637.597656,37C5BB894F
1245743098.1328158,1245743106.062744,85D92B7442
1245743167.1647918,1245743175.888672,5B258DC1B2
1245727002.796875,1245727011.441406,B5A3E9145D
1245781765.625493,1245781774.43457,C14B0287FC
1245760712.2705078,1245760719.745117,BA28E3D5C1
1245761220.1965349,1245761229.722656,3220FB08A5
1245738429.7133758,1245738436.987304,AB02E3CE76
1245738519.364017,1245738528.230468,39E07983E5
1245789924.804691,1245789933.700195,6BB769D5A1
1245789945.6743188,1245789953.902343,41FEA731C9
1245724742.1162138,1245724750.081054,60B0D932E8
1245717811.880862,1245717819.80957,6D2351B30D
1245752711.035158,1245752718.549194,64BA360ED8
1245752956.168948,1245752965.003418,292F49E5A8
1245752974.7534208,1245752982.1875,E97107B3FF
1245724589.4951198,1245724596.826172,00863206F6
1245724705.485352,1245724715.362304,8EDC391799
1245772165.773924,1245772174.27539,A5E4068B17
1245783478.58203,1245783485.599609,E679952CBC
1245727808.081057,1245727815.228515,0161390D0F
1245727914.708007,1245727922.96875,08F637B690
1245790248.490236,1245790257.152343,5AC06E6BA0
1245790393.314941,1245790402.478515,E22EE5F5D0
1245744157.079221,1245744164.084472,7A0B228D1D
1245744177.887203,1245744187.787597,859C6A14B6
1245744497.06543,1245744508.90039,BDD49915A2
1245769200.3359408,1245769208.972656,E62C5784A1
1245769304.048831,1245769311.462036,88A7F2666E
1245782878.5624971,1245782886.859863,7493FB27B1
1245750125.47827,1245750132.555175,54D2615DB1
1245725613.4643512,1245725620.864257,006DEE8D8E
1245725723.645997,1245725733.815429,558FA5C6C4
1245782537.6953158,1245782546.616088,36E77DCB39
1245764486.831056,1245764495.711914,F61E9D3B33
1245758570.116825,1245758580.977295,5626CB2955
1245748240.2451189,1245748248.333007,F336B766EB
1245739439.468511,1245739450.945312,A4AAA2776B
1245715714.259769,1245715721.729492,7200F902AB
1245748363.7690458,1245748370.916992,BB62B52FD7
1245748424.537106,1245748431.553222,56528D1A3B
1245788897.240237,1245788904.797363,2DBD6B1855
1245752684.1870072,1245752691.393066,A99E045F3F
1245742514.110349,1245742521.409179,F902071830
1245748762.171872,1245748770.606445,24D2EE37F4
1245723448.050781,1245723460.081421,C6B313A311
1245755694.3417969,1245755701.791992,BA964A6EAC
1245755888.491704,1245755895.767578,3B2B43B660
1245756116.031245,1245756123.411377,0DFA6BF327
1245743537.416019,1245743545.015625,306404FC52
1245745985.429685,1245745994.532714,DD29EDC1C5
1245768266.8378909,1245768275.083007,17BC41A9F8
1245732863.1665032,1245732870.43164,E22567D150
1245766428.467772,1245766435.824707,86BCD6DDA6
1245728472.152344,1245728479.779297,E7DB6B2D56
1245733100.7988288,1245733108.106445,75F028E4A8
1245785191.3125,1245785201.390625,CE67742280
1245785325.8042018,1245785333.751953,67715BDF64
1245717300.7607448,1245717307.851562,6E361E35FD
1245717473.396486,1245717481.394531,DB21166E31
1245745131.7291238,1245745141.037597,71C804441A
1245745215.217772,1245745223.150879,7C15085936
1245787340.7832072,1245787347.952392,DA25634A8B
1245787585.502933,1245787593.913086,481082260A
1245788831.019534,1245788839.044433,9EE03D2B9F
1245727368.070316,1245727375.6875,EC6203DBAD
1245785959.629398,1245785967.948242,7FA1C39D97
1245730505.775387,1245730514.287109,99F2267A9A
1245739168.0063488,1245739176.12207,308D13AE4D
1245898823.997072,1245898831.047851,FD69DF67EB
1245817119.571294,1245817127.405273,D23CAA68BE
1245817186.002439,1245817194.71289,AB7DE1C73D
1245804190.2109358,1245804197.43164,EE94A0D09A
1245883786.90723,1245883794.936523,F2CF59E850
1245877501.827149,1245877509.158203,9469DC7290
1245846889.436767,1245846896.473144,C7135DB3DC
1245828928.0078158,1245828936.083984,D3FD196C5B
1245828956.543458,1245828966.80957,1CBC7D1F64
1245834237.91113,1245834246.741211,0D33B21AA5
1245834378.7412062,1245834389.527343,78EDF86662
1245834410.876956,1245834419.578125,2C7A7256EA
1245847119.526372,1245847128.567382,F22A7BBEB2
1245802670.2470691,1245802677.727539,1252EE9F06
1245868098.58984,1245868107.032714,AEF8D2D1D3
1245882834.22022,1245882841.501953,69781DEBEF
1245835444.5820282,1245835456.581298,97E14367B4
1245835588.626467,1245835596.161132,242082723B
1245861050.194332,1245861061.872558,1883F40EF4
1245880195.7470722,1245880206.327392,F86E8062AD
1245880276.609375,1245880283.769531,D0031AE244
1245880629.504884,1245880637.695312,17686F131C
1245880732.798096,1245880740.811279,710F39DCEB
1245880868.166745,1245880876.244506,8595A86BF2
1245885171.310548,1245885179.624023,3C9AEFD849
1245872142.148439,1245872152.229492,6C208A8755
1245872248.749027,1245872255.828003,173619D3E0
1245873253.331054,1245873260.355957,11D4AE9504
1245892897.984372,1245892905.041015,109047DED5
1245881979.890628,1245881989.830688,86B0C3FE5E
1245882004.2304711,1245882012.330566,AD5FEDA984
1245818889.362306,1245818901.839355,5E90852E72
1245846500.4999971,1245846508.271484,69EFDB4A36
1245869449.408201,1245869458.168457,7BAF84BBF7
1245869475.4174838,1245869483.037597,AB1A7112AF
1245890121.2832072,1245890131.859375,111A83809B
1245870961.6992218,1245870969.546875,E4045DA3D6
1245871081.0205078,1245871088.5,220D6A9DC2
1245885841.6232872,1245885848.640625,562EBAC585
1245832167.342775,1245832174.452148,A81A6A2904
1245879327.480472,1245879334.794922,5C3C554339
1245864925.050783,1245864932.196289,97BB665E3E
1245864968.3623078,1245864977.582031,0FAA38AA4D
1245865018.075929,1245865026.699218,DE1BB59B9F
1245831557.413206,1245831564.940429,3EEE34768D
1245865635.494137,1245865643.947265,D898285503
1245834811.396487,1245834819.667968,2D61D7DA96
1245820120.4958532,1245820128.199218,792508625A
1245861982.5788589,1245861990.143554,1C13785643
1245840374.884762,1245840383.082031,068208143B
1245869060.341793,1245869067.595703,C78A86E335
1245822630.972661,1245822639.884765,A3B283D46F
1245822740.874513,1245822749.491211,A5B2A1F8D9
1245822825.075559,1245822832.398437,327FD5E774
1245874530.582028,1245874537.78125,D5FD6CC243
1245874609.774417,1245874617.480468,72EF7AC7CA
1245838308.926755,1245838317.742675,921604B8D3
1245838562.640384,1245838569.704101,715D6218C7
1245838618.24902,1245838629.143554,2B947FA5F4
1245898251.804684,1245898260.63916,A8950DF46B
1245828373.625,1245828380.777343,54B377556F
1245876492.5273402,1245876501.858886,B7C7A6D926
1245844349.387697,1245844357.279297,F2AFEDA76D
1245883657.580078,1245883664.797851,C179451405
1245883707.339847,1245883715.782226,42DD9D4040
1245818337.874021,1245818345.08789,66A02779DD
1245818450.293947,1245818458.589111,A44D558643
1245850171.427734,1245850178.935547,8C402C3572
1245821639.18799,1245821646.802734,FADEE04430
1245843341.488281,1245843349.755859,A90A368AA7
1245871696.797855,1245871703.869873,E6186DE792
1245831129.309568,1245831138.397461,CEC06C54F3
1245843623.941408,1245843633.085937,80ED10A881
1245843783.570316,1245843791.972656,E68983C7F0
1245803384.483395,1245803395.093261,FE60E0239A
1245887372.105953,1245887379.65625,8C275AAADC
1245856046.189454,1245856054.365234,25143E34CF
1245856089.425783,1245856096.488281,96B3DE3394
1245855104.78125,1245855114.084961,4F64727B92
1245851915.527344,1245851924.096679,BF25E8E340
1245893399.764652,1245893413.625,D1FF68F96D
1245899444.5180688,1245899452.097656,31956F24DF
1245857900.997073,1245857908.25,A708B1A07A
1245816468.826663,1245816476.200683,E6527ECA8D
1245816618.061278,1245816626.674804,D7B858F368
1245840708.2695282,1245840715.847656,B73C0BEA6E
1245841144.231448,1245841151.348632,956FB9A7B7
1245831394.708009,1245831405.4375,93B78065D5
1245843022.731935,1245843029.815918,4BFFD87D51
1245889299.251954,1245889306.989257,B5821B35EE
1245828631.047855,1245828638.076172,454008E21F
1245828644.4760768,1245828651.61914,BC069764BA
1245883156.80298,1245883165.376953,1AA682A7BE
1245883434.4043,1245883441.727539,D2808FCE57
1245836801.1249988,1245836808.30957,C16D14BBE1
1245872607.866211,1245872616.853515,0084E0CBEE
1245867215.5624971,1245867222.68457,4D508D5B01
1245867363.472661,1245867370.932129,0FDC9E13AC
1245867437.062495,1245867444.922851,94A119F96B
1245881613.955075,1245881621.4375,77FDD5BF61
1245839342.953124,1245839351.838501,5C302AEBCE
1245874111.30859,1245874118.691406,19EBC58E96
1245874276.2119138,1245874283.833862,54308BE704
1245876353.905273,1245876362.418945,6AEF63BA4B
1245889759.3476572,1245889766.877929,AD9EEDA83F
1245889780.9326198,1245889793.641113,FC4A40C3E3
1245862795.067386,1245862802.888672,323CAE35B8
1245865702.034184,1245865711.430175,BA1815E01E
1245865760.260739,1245865767.729492,64FA37BA5D
1245846064.252931,1245846072.243164,A107787C75
1245866678.297855,1245866685.582031,B5D3B4161D
1245866700.135252,1245866707.446777,85E21AA4AC
1245845227.088871,1245845234.85205,37B092526C
1245845249.112546,1245845257.717773,275ADF614E
1245894887.705075,1245894895.159179,EFB6EA8F72
1245895395.3704891,1245895402.628906,3EE6A28801
1245858795.065488,1245858802.367187,741CA3CD61
1245873644.630863,1245873652.601562,908D62F356
1245873797.516476,1245873804.881836,86A571EA2D
1245874039.10938,1245874047.336914,49CB9A12D6
1245804707.525631,1245804715.807129,52104950B9
1245879564.691403,1245879572.144287,CECD7D698D
1245832931.9736311,1245832941.339843,153C9B00E3
1245856842.7226582,1245856850.225586,DD4617DBC4
1245870457.838871,1245870465.305664,2A6A256D16
1245877883.695316,1245877890.786132,96B7F11B7B
1245839977.987552,1245839985.374023,E5728722A8
1245840007.268316,1245840015.711914,016740B268
1245895554.743161,1245895564.941406,4F65B46B61
1245895765.045902,1245895776.625,1E2BAC1D59
1245837170.357418,1245837177.703125,7E132F651A
1245800558.368167,1245800570.578125,5BC80F6743
1245861630.6357448,1245861638.017578,39A5C99ACD
1245861803.040041,1245861811.287109,73E7C12245
1245805300.328125,1245805307.413086,1AED25375B
1245804414.011722,1245804421.485351,45D127AB11
1245852217.814937,1245852226.288574,6909A69C88
1245877375.396487,1245877383.084961,EC0F900BA0
1245817519.122067,1245817529.314453,3D53DAC4CB
1245850870.860355,1245850878.351562,47A278E84C
1245886576.989254,1245886584.007812,472F84C8C6
1245836015.364254,1245836024.384765,F9B21E2E34
1245911750.347656,1245911757.579101,F03046A44F
1245910812.018559,1245910819.378662,5BF755D368
1245964375.791016,1245964383.127929,7A55881149
1245974037.076047,1245974044.788086,E89CFF97F9
1245996279.456055,1245996286.744506,69706FC54E
1245991358.6318388,1245991366.364257,A1B041D715
1245997459.976559,1245997468.125,1D33306324
1245970747.618654,1245970754.654297,AE7ED5F942
1245970821.769536,1245970830.805908,96ADD6F5F8
1245971035.254879,1245971042.654297,526F511D36
1245953859.00586,1245953867.478515,5128520734
1245993292.832525,1245993300.202148,5CEC56FE55
1245994933.450687,1245994940.911865,48FBE3167E
1245924810.547855,1245924817.678711,C862ABE353
1245964874.109136,1245964883.367187,27BBAE27AF
1245965049.733398,1245965057.755371,28B7862E30
1245998752.196782,1245998759.310547,35EAE6F08A
1245998859.863283,1245998868.285156,415FCEFFE8
1245929494.6210968,1245929503.992431,CD74D4D513
1245954370.48895,1245954378.893554,04D063B48D
1245932918.134275,1245932925.476074,7784FD717F
1245932934.621579,1245932941.842773,622DA71582
1245960270.066526,1245960279.430908,BAC48ECBB0
1245932067.279293,1245932074.925781,52BC1DC173
1245962710.500005,1245962717.629882,EE03FF4E86
1245943640.882809,1245943648.284668,33ADDA7700
1245987479.834234,1245987487.263183,FFFE756E64
1245938521.891598,1245938529.586425,BB52537ABE
1245938705.858397,1245938713.298828,A19927413C
1245938840.394528,1245938847.971679,EE780FD2E0
1245912114.660158,1245912123.689453,75AD5E712E
1245919634.169925,1245919641.415039,97C6332EC9
1245995863.9794931,1245995871.056396,A5B738DB62
1245995922.7477982,1245995930.627929,32879F76C6
1245968113.4882782,1245968121.729004,757E425889
1245942635.867189,1245942642.993652,35016B66D1
1245940563.2421908,1245940571.507812,F5752531B8
1245940588.2216828,1245940598.09082,DF3AF9F684
1245970714.934567,1245970725.972656,B9E91EFC8C
1245959418.640502,1245959427.230468,A11BD3057C
1245989925.329099,1245989932.794922,480C078BDF
1245973182.326175,1245973189.867187,DFF74EC44C
1245973231.552366,1245973239.805175,81DC3CA6E6
1245943249.005856,1245943256.570312,89DF3ACE80
1245989698.6582038,1245989705.682617,AAAA9FCAA2
1245944603.354492,1245944611.173828,063932E365
1245975589.8505888,1245975597.036132,8A27BB2C47
1245919745.4335911,1245919754.143554,763D3326D1
1245927514.0605428,1245927521.074218,AF9291CD0A
1245982367.118047,1245982375.485351,CD44BBC030
1245982538.636715,1245982548.703125,556F21E570
1245986071.251949,1245986079.916992,D79E3FBD53
1245985216.94629,1245985224.118164,23730588AE
1245985318.802249,1245985326.123047,F37140CD21
1245969784.362306,1245969792.438964,BE4735CFBD
1245932687.820309,1245932695.922851,DEBA9C3BC9
1245918821.067382,1245918829.635009,68F575FC77
1245920982.8515658,1245920990.898437,E077E1DA00
1245921169.124995,1245921177.75,631A07D3ED
1245941377.853025,1245941386.480468,5B19E80C73
1245971323.2187471,1245971330.408203,33CF35DAB8
1245958587.918942,1245958596.308593,CC2E2A3B66
1245958642.3388698,1245958649.714843,6D4669B319
1245983704.358402,1245983711.708984,5B2151F9C2
1245983832.65625,1245983839.860839,B3D14AD646
1245984166.478519,1245984173.638183,7D6438DF0B
1245957231.791012,1245957242.198242,475E7E6D76
1245957251.989254,1245957259.841797,2727DA1E2C
1245982235.086917,1245982242.115234,63BB6A9BFC
1245942250.051267,1245942258.006836,192560C897
1245925457.612306,1245925465.165039,D83471D9AF
1245964772.900394,1245964780.345703,19F5460483
1245933650.5039089,1245933660.038086,12CAEDCD25
1245987904.0644538,1245987911.849609,201FEFEA75
1245988227.7763698,1245988235.395507,ACD121F173
1245939475.395386,1245939483.697754,FEF10AAE96
1245965920.6503909,1245965932.664062,9C28892DD0
1245915863.087895,1245915878.220703,413E0B9B2D
1245926848.6806638,1245926860.15625,964A7F2B97
1245927136.609625,1245927144.813476,64A3217CCE
1245924038.302736,1245924045.725586,95C4CDA18F
1245924634.949216,1245924642.40332,45BD71C143
1245977372.2255888,1245977379.802734,B89038A271
1245931570.184573,1245931577.958984,F371D4E972
1245931663.484376,1245931671.75,BB9004EB6C
1245942399.6328158,1245942407.020019,9D1653E97A
1245963017.5507822,1245963024.859375,855F7DAE91
1245963190.3147,1245963199.634521,830512BDFA
1245963448.723878,1245963455.82373,215F9D9C0A
1245979533.010741,1245979540.824707,90CCEB5575
1245950441.9580112,1245950450.350586,5702826609
1245975651.638181,1245975660.213867,7FF0A4A49D
1245948811.273679,1245948818.370117,02343937D0
1245949003.905277,1245949012.746093,B5B6ABDC26
1245978386.99609,1245978394.516113,70E5CE8DD2
1245978464.34735,1245978471.706176,30AAF7588E
1245976529.234495,1245976539.46289,C831148A10
1245963796.389166,1245963804.54248,094D1E3838
1245943838.00195,1245943847.168945,2777BC9946
1245976090.75098,1245976097.875,6FD0F67AC9
1245991794.339108,1245991801.820312,8DB0B30D8E
1245991958.514162,1245991967.14331,32A6691410
1245992117.49121,1245992127.074218,89EEA0552E
1245992565.9375,1245992573.515625,97084E0415
1245939861.176754,1245939869.458007,0121BF2C59
1245939970.397464,1245939977.557861,4D7F8E75B6
1245923881.31275,1245923888.336425,A860645276
1245958330.953128,1245958340.394531,EBE535A933
1245950866.129886,1245950873.296875,C9DD1B63F2
1245978201.615237,1245978210.151367,74D4D78216
1245929727.2207,1245929736.541504,8D10484900
1245929801.2941852,1245929808.529785,1319F9C9ED
1245999428.813481,1245999435.951172,ABB8DAFBC8
1245999482.759762,1245999490.257568,D6EFD084FB
1245966641.554685,1245966650.901123,FC4F7E8359
1245966747.806155,1245966755.996582,F977E95453
1245981914.785216,1245981921.879882,E16B250155
1245958838.970953,1245958848.413086,3B0EC5E236
1245958948.1314669,1245958959.324218,B2500D097C
1245958981.347782,1245958988.480468,5DCDC0730A
1245959222.953125,1245959230.104248,6E6E5655E1
1245994427.512694,1245994435.665283,79EE77CA69
1245937513.900028,1245937520.917968,A792D24F07
1245937646.197262,1245937653.826172,F796E68590
1245968743.9169948,1245968751.284179,6B524697F3
1245988660.745114,1245988671.84375,1E794CCCD0
1245952791.215823,1245952799.826172,66F974C3BC
1245969308.921872,1245969316.771484,E4523083C8
1245969411.722169,1245969421.837646,A985E174A0
1245928239.815426,1245928247.460937,4C85461A85
1245928360.1340349,1245928368.649414,A6C91FF503
1245928562.039059,1245928574.99707,D1A93D7B53
1245966082.105474,1245966092.004882,98F72F84F4
1245938278.4140608,1245938286.225341,897F782F54
1245957005.43555,1245957012.439697,83A5FCB6F1
1245924310.70313,1245924318.307861,C749A54FF1
1245952090.160884,1245952097.562988,28F9A3CA53
1245952187.53125,1245952195.224609,8E36A12FA2
1245901325.50171,1245901332.559814,8C2DC578D7
1245953427.1718771,1245953434.245117,4F7EF52656
1245953554.235355,1245953561.795898,E2D6A5C4EB
1245930652.0072,1245930660.714843,1C3B0FCBD7
1245930698.592287,1245930705.634765,E40EB26637
1245931071.1298811,1245931078.405273,5FA908EDC6
1245931148.920903,1245931156.308593,6469FD32D3
1245931353.0855742,1245931363.08789,7BDE1961B4
1245922461.630856,1245922468.97998,24D5FBBB06
1245986935.3007822,1245986944.25,54528D82E7
1245987080.004879,1245987087.541992,C32F0EB8CE
1245987277.7812529,1245987285.185547,BADAF11A59
1245987436.220706,1245987443.523925,40F1DF5502
1245971599.875974,1245971607.519531,4D2CD1606B
1245971631.303586,1245971639.784179,4D30E28D70
1245971700.1333,1245971707.889892,259067B14E
1245971766.239133,1245971774.318359,F5A57FE812
1245992895.31934,1245992903.083618,46357ED515
1245916930.088374,1245916938.335937,1BC08837C3
1245914051.947262,1245914059.002929,258F5540AE
1246021962.795899,1246021970.898437,841F4BCA3D
1246018063.576663,1246018071.766601,B3AED58C39
1246075076.12256,1246075084.203125,7576794F28
1246038287.849614,1246038297.018554,D90C67A298
1246038307.6132822,1246038314.90625,6A0B5AE0B7
1246038486.8164089,1246038494.344726,73B8DBE665
1246027970.934566,1246027979.212402,4AAB95C765
1246081216.911134,1246081225.282226,0B3F7B32CE
1246082887.6035128,1246082895.347656,A135B197F4
1246085213.455079,1246085220.632812,46B64391D7
1246086494.71875,1246086502.115966,20CE8DB22C
1246086670.59375,1246086678.423828,5AACF96B97
1246086794.268551,1246086803.506836,87F9EBDDCD
1246087182.7460968,1246087191.312011,E2E5A2BEEC
1246087903.9304168,1246087911.859375,90A2E67BCF
1246088810.878911,1246088818.204101,5051D534A7
1246089016.960934,1246089024.90625,94A1C782BE
1246090483.75391,1246090492.794922,8BFF79BF0C
1246091324.3237262,1246091333.046875,E7A3C9E647
1246091884.7521338,1246091892.632812,8D621501DD
1246094141.6054702,1246094148.859375,06FC33C5C6
1246095994.761719,1246096004.58374,3AE46742AD
1246097185.7656229,1246097195.667968,91A96576B4
1246097359.000004,1246097367.488281,266A3D376A
1246101075.3749971,1246101083.853027,DD19033CA2
1246101543.6240191,1246101551.399902,F40ECBA32E
1246101869.328125,1246101877.197265,765A8CC287
1246102733.666016,1246102740.849609,E433504C61
1246013472.672178,1246013479.870117,EE29B07155
1246034516.13477,1246034523.599609,79FB90B6E3
1246064922.919923,1246064931.250976,621EEF1646
1246035680.35864,1246035687.476562,B1FF97FF4E
1246035956.083987,1246035963.65625,795A1C950C
1246061288.518557,1246061295.913086,6CDA9C0A25
1246078259.684568,1246078266.68457,41ED6982F7
1246005331.13574,1246005338.229492,83C0381D3C
1246005343.181646,1246005352.529297,748A8ACD0A
1246014096.5918,1246014105.839355,A8C71D3AB6
1246063868.623777,1246063876.652465,36FF31DAC5
1246008528.380865,1246008535.606445,7688AD46B0
1246049380.8125,1246049388.242187,40B4B4D69C
1246036282.546872,1246036290.261718,9E6C79A3ED
1246036597.85156,1246036605.783691,D0D7D14834
1246016548.9003878,1246016556.147461,77997704DE
1246028391.474493,1246028399.99353,15791AE1FD
1246002827.902344,1246002838.619018,156F79379D
1246072879.701666,1246072887.757202,FA323D2196
1246018578.31836,1246018586.147461,769587109A
1246006798.077147,1246006805.229492,E9FC9A6E1B
1246051221.067386,1246051228.688476,86F8A870C3
1246074714.305661,1246074723.052734,0FC74F25E2
1246004914.601559,1246004922.711914,8901608EBC
1246066235.204107,1246066244.429687,A61BCED13F
1246037347.999029,1246037356.263672,B0B3664686
1246011390.5703158,1246011399.109863,2EE9B38D73
1246003847.724122,1246003855.360839,4D89330465
1246004351.734371,1246004359.423339,BECFFE75E5
1246056748.00195,1246056755.124023,4EAD2F81A0
1246056851.8984408,1246056860.507812,00EC325925
1246034268.328128,1246034275.417968,CC79E52723
1246058503.9423828,1246058511.927734,A34062B193
1246003575.934573,1246003585.666992,70B4A1C5F7
1246069906.171636,1246069914.123047,63913FF287
1246076223.437618,1246076230.71875,EF13468E27
1246005897.728519,1246005906.378906,1B31DC97AA
1246005916.009763,1246005923.060547,735435E7B1
1246042395.2480469,1246042402.609375,40674CA653
1246079354.7258322,1246079362.441406,66241339BE
1246079493.727535,1246079501.569336,52BF0FBEC2
1246020021.794925,1246020032.001464,C055CAD527
1246038552.12695,1246038559.28125,23EF85A5A3
1246051429.923345,1246051438.158691,5CCA532F9D
1246051549.225831,1246051558.99768,AD63F38A8A
1246023314.377926,1246023322.804687,459BE935FD
1246023445.344729,1246023455.618652,BBD5218F8E
1246007504.473638,1246007512.223144,854599C0ED
1246007897.818356,1246007906.009765,EDD8A6ABCB
1246036116.475833,1246036124.468261,FD13ACEE60
1246002019.3066409,1246002026.515136,C0F4FBF669
1246052651.857419,1246052658.870117,53E798042B
1246028922.944577,1246028930.133789,D2A323B21A
1246016193.782956,1246016200.814453,1029B3660C
1246054899.0595698,1246054907.5,0B523AB653
1246025644.569337,1246025651.831054,3451E6D901
1246033505.798826,1246033513.591797,0B4411A430
1246053055.3418,1246053062.546875,5A723AC596
1246053291.841917,1246053300.141601,878CCD2A00
1246053392.45215,1246053399.507812,7BA0A261E4
1246062087.88965,1246062095.050781,1D5C57955F
1246062171.462893,1246062178.742187,FAADE4FD0B
1246006639.443362,1246006647.1875,6E10EF2F7C
1246005021.10156,1246005028.159668,FEABB20938
1246041061.96289,1246041069.356201,7BE82ED964
1246041542.0,1246041552.93457,26AE177BD0
1246182573.172855,1246182580.886718,A6DE5F4F10
1246175598.558597,1246175606.018554,F0BE0B4150
1246189666.5068388,1246189674.546875,B68414D810
1246105093.409177,1246105102.542968,7AEAFAC08D
1246105308.122073,1246105316.186279,7AE46F69DB
1246105841.53125,1246105848.950195,A25F831926
1246106142.525394,1246106151.05957,2823E9D106
1246106791.599613,1246106799.588867,EB7799069F
1246169248.867185,1246169258.259765,7DFD6EDFB1
1246184756.186285,1246184763.899414,EA0B52B354
1246190479.1157248,1246190486.879882,91F7DC0743
1246190592.989255,1246190600.42163,FB85924EA0
1246178205.81641,1246178213.0,2BA4203300
1246195169.265628,1246195177.746093,D7623C4B04
1246182988.580078,1246182997.316406,993FD715A0
1246178327.0869172,1246178335.546875,FC6202D493
1246179716.77588,1246179725.876709,8F1A9EFC78
1246198979.542485,1246198987.292968,8CD527B6DE
1246196825.601565,1246196832.716308,739C09A26D
1246159700.646484,1246159708.366211,175E1ECEC6
1246159808.696292,1246159817.828125,8B851A43CD
1246159848.87695,1246159856.414062,F65D1DD49D
1246159995.020992,1246160002.746338,EE7EE011E5
1246160620.606447,1246160629.313476,D112F49FEE
1246160679.269041,1246160686.623535,33D7217012
1246160808.381109,1246160815.760742,6890B7D421
1246161942.021487,1246161953.34375,098AE79075
1246163735.309574,1246163743.203125,5B9D8BABF2
1246164946.347656,1246164953.59497,86DB87E179
1246186347.574219,1246186356.154297,6BA30DB033
1246171946.88672,1246171955.602539,C7C2187410
1246173843.168948,1246173850.208007,1821486DE1
1246139347.03272,1246139355.74414,3B3739EE65
1246139493.516598,1246139501.404785,C847549115
1246139643.496582,1246139651.120117,FF903F8440
1246143180.237302,1246143189.60205,6837D407AD
1246143636.562984,1246143644.259765,C538EBC1B4
1246143819.920902,1246143827.432617,6405C1658C
1246145007.805666,1246145015.868164,C44224C001
1246145801.7207038,1246145808.994629,2842880B72
1246146094.369873,1246146101.625976,E92A7EF84E
1246146856.12598,1246146863.433593,7894E31A67
1246147082.228519,1246147089.757812,733EED5A8B
1246147112.938966,1246147122.885742,9750C1F768
1246147943.3173828,1246147950.910156,B378B72CB6
1246148737.644535,1246148744.840576,F1C0B19DD5
1246148972.242188,1246148979.952148,A6D26D5344
1246149475.22022,1246149482.507812,B544B05116
1246150294.525387,1246150304.041015,118CFEFECF
1246150461.481694,1246150468.558593,4C917961EB
1246150498.620607,1246150506.949951,69A206A544
1246151098.7499971,1246151105.923828,6A156CC8DB
1246151571.026365,1246151578.648437,5798D5C99C
1246151781.4882848,1246151794.72998,F130C37469
1246152417.181638,1246152425.71875,B721ACB5CA
1246153792.5341828,1246153800.933593,8FCEE911B8
1246154581.418942,1246154589.182617,1EB1BBF36D
1246154823.362914,1246154831.537109,07BB045E55
1246155476.7441409,1246155485.231445,C62992603C
1246156520.643551,1246156528.314331,BD7D5CEACF
1246157139.843745,1246157149.151367,AC2553E85D
1246157440.028806,1246157448.055664,EBBC86A5D1
1246157548.302732,1246157555.557129,925086E61D
1246157743.372073,1246157750.416992,1AFB9F0881
1246157778.871099,1246157786.547363,0437E2E0BD
1246157905.463864,1246157912.575195,B0F21A9644
1246157978.80591,1246157988.125,42BD9BB24B
1246158891.2773468,1246158900.201172,51139ACDC2
1246159064.435543,1246159071.703125,937630B197
1246159206.791017,1246159214.86914,465E052050
1246159232.067379,1246159241.459716,8D8D1D8B43
1246181630.037596,1246181637.581054,1666F09F02
1246108263.926758,1246108271.661132,45A522DB90
1246108632.018551,1246108641.705078,F919BEDF2B
1246109862.874023,1246109869.90625,88B3BC99F1
1246172307.654051,1246172315.5625,7F83E6C4FA
1246180520.353516,1246180527.835937,3A753E489C
1246168579.208004,1246168587.268554,FF66DC6BB1
1246191024.7739289,1246191033.601562,7515016314
1246259919.527347,1246259926.550781,3169D59F5E
1246260121.198239,1246260129.495605,2AC93561F4
1246271610.356938,1246271619.099609,963E3670B8
1246275320.2902849,1246275327.519531,80C3A630CE
1246266298.640132,1246266307.121582,21870B8D00
1246202187.653323,1246202195.74707,680659FDDB
1246279302.2138698,1246279310.746582,9450EFF574
1246281324.558594,1246281332.476562,4C2B9CE8D2
1246281345.568362,1246281354.833007,6C750E01B2
1246282576.401975,1246282584.377929,0FAAA43EAD
1246259843.695804,1246259851.222656,2A3B6BCE12
1246250072.474606,1246250079.55664,4049DC4AA9
1246275560.691408,1246275568.701172,B528F71539
1246208957.521488,1246208965.786132,592A7DE016
1246215985.139652,1246215995.617187,BF377F4023
1246218558.003904,1246218566.736816,D7AF265574
1246219584.401364,1246219592.586914,2EC7A35F0B
1246220449.464844,1246220456.697265,4F073CFED0
1246221485.56152,1246221492.666992,A0682B6619
1246221968.18823,1246221975.25,EF33D9DDFD
1246222915.025387,1246222923.570312,696640A329
1246224545.499995,1246224553.310547,0EEA7F9F4D
1246237658.233645,1246237665.795898,7A63118FD5
1246237873.473636,1246237881.096923,B7F8B428E8
1246240577.624021,1246240585.065429,5F1F312F61
1246241304.9794948,1246241312.196289,387E219DA7
1246242627.895505,1246242635.140625,4B55805EC2
1246243576.850101,1246243585.223144,93B9457521
1246244468.832029,1246244478.584472,DA8F523E10
1246245836.550778,1246245843.757812,760D3F5417
1246245898.807132,1246245906.168457,2AD0E0237F
1246247091.980958,1246247099.224121,5B8A4AF180
1246247437.486329,1246247445.598632,CF759B43BE
1246247673.638668,1246247681.790039,9717157267
1246292470.830075,1246292481.100586,0B4FC01A36
1246272655.287715,1246272664.341797,8772385379
1246260622.606448,1246260631.13623,910DB1C8F7
1246267994.355465,1246268002.617187,E56D360B4C
1246268036.291012,1246268044.180908,827F1E2136
1246294756.763668,1246294764.315429,FC3D9D9738
1246263891.802731,1246263899.530273,6175810737
1246260420.763675,1246260428.516113,0C9D1404E2
1246248289.499998,1246248298.271484,CCCD4BF83C
1246248650.7451198,1246248658.05957,7DB4504072
1246248971.4668,1246248979.52832,87347D8BFA
1246277005.712894,1246277013.338379,51556BBBDF
1246277173.4990282,1246277180.647949,6858AA1A41
1246281000.622074,1246281008.883789,A6EA1AC8DA
1246274786.798825,1246274795.083984,706AE2C78F
1246205308.775387,1246205317.531738,AD1DECFAB4
1246205450.978519,1246205459.59375,842D27FB45
1246280775.545902,1246280783.615234,F28E5969C4
1246296061.159176,1246296068.584961,A260C6ED4E
1246264873.0212429,1246264883.210937,BF1800AA70
1246264912.174802,1246264920.026855,263A215C4C
1246282183.57129,1246282190.713867,D27B40B349
1246295706.792969,1246295714.889648,AD6D306BA8
1246279538.671875,1246279548.712646,3D0130DBE6
1246278955.5351589,1246278963.637695,4681E950A8
1246291511.7836928,1246291519.821289,C2DEE5D776
1246291674.12598,1246291684.371093,82462F84DC
1246202950.768554,1246202960.347656,CF24EB1FA9
1246282423.962705,1246282431.147461,0C9944B00B
1246292337.926759,1246292345.018554,C7F02B0B52
1246296552.550784,1246296560.359375,7F63E4E101
1246351806.248533,1246351813.689453,EB730347BD
1246334115.829098,1246334126.040283,1B8D7130A4
1246312445.930661,1246312456.75,8039EDA9DD
1246312529.160153,1246312537.105468,B58C89767B
1246390924.02783,1246390931.696289,CAFB3FBD61
1246344363.760739,1246344371.754882,FD38064A7D
1246344388.489254,1246344395.641601,F27129A724
1246344592.069952,1246344599.140625,AD55920E09
1246321279.2724571,1246321287.102539,7A2E8D2F4A
1246321477.779296,1246321485.885742,07FB912F00
1246328098.399166,1246328105.521484,03C89EEB13
1246328269.924809,1246328276.96289,2808DFEB32
1246392624.9179718,1246392633.785156,F5E5FF203C
1246335146.875976,1246335154.893554,77A8573AB1
1246335204.0009751,1246335211.511718,F21FED1DAE
1246335262.289068,1246335272.008789,57407E7A08
1246399924.0849612,1246399933.771484,86CC1F9532
1246322499.4043012,1246322508.05664,4C1EF2CB03
1246327289.841799,1246327297.054687,E6C360BCEB
1246359171.598448,1246359181.266357,7027DD77E4
1246359779.235347,1246359786.252929,8F4F4EA6B4
1246328661.8632772,1246328669.533203,34A35BE549
1246354502.833008,1246354511.673828,3F7D91E62F
1246354643.172116,1246354651.946777,6478428E1C
1246314949.208013,1246314957.180175,09D99008EA
1246377996.7485938,1246378005.618652,CB48A094CA
1246399361.4716828,1246399368.799804,333BA26B79
1246349666.343753,1246349675.375488,03746975FA
1246349822.2719772,1246349829.434814,678C1AE9C7
1246384750.728519,1246384757.968261,99C7D9B2BC
1246335793.565678,1246335802.158691,A1AF05136B
1246339013.5293,1246339020.895507,C59FDC2BE5
1246379049.390628,1246379059.759887,BDBB2234B4
1246341455.754156,1246341464.141601,12A74858B3
1246324118.271486,1246324125.379882,F7366F7A11
1246343687.285156,1246343694.857422,3EF4B385C4
1246347906.306158,1246347916.1875,32198C794B
1246347986.3735328,1246347993.496582,134DA47E5F
1246322380.323246,1246322390.512695,70A6E4E06D
1246311730.973634,1246311739.296142,A93DEACE92
1246311751.540533,1246311760.500976,583C4249F2
1246349064.62647,1246349072.047851,4DD3176185
1246349263.295894,1246349270.375,87C429BCF5
1246342801.559757,1246342809.606445,30EDF4DE9D
1246347702.742184,1246347710.765625,238945E6E2
1246346329.466798,1246346338.043945,719DCE6EA8
1246350725.191776,1246350735.320312,526A6B95DB
1246350987.537112,1246350995.430664,D07BEC9D2A
1246342323.833011,1246342331.467529,222334AD7A
1246385667.770511,1246385675.137695,19DA601711
1246333963.08887,1246333970.485839,412091849F
1246386953.210937,1246386962.015625,D9F1A0D979
1246387185.392575,1246387193.588867,61B4D0457D
1246315646.2548869,1246315654.940429,F2C9C68CC7
1246358362.673831,1246358370.711425,7015967D59
1246358370.8491251,1246358378.149414,87355F6775
1246337526.666016,1246337534.379882,E3C6F39451
1246339083.019528,1246339090.813354,C230BB5375
1246339557.585451,1246339566.02539,195705B3BF
1246339628.193118,1246339637.834961,35D07A918C
1246323615.184573,1246323622.320312,119D8FE7E0
1246318544.600826,1246318552.658691,FFC2B513C2
1246320541.5537071,1246320549.460937,5EF30E7057
1246334562.7812538,1246334570.112304,B08653E30E
1246377360.206051,1246377367.517578,B7457BA708
1246377701.761231,1246377709.838623,08C3CCC3B9
1246344762.854497,1246344769.946289,CD0B29635A
1246344834.139164,1246344842.143554,FCFE7AA55C
1246345034.253177,1246345041.90332,4F56699BF3
1246345330.072997,1246345339.250488,1A4ABDDF90
1246389554.783206,1246389564.588134,280F28D92C
1246348917.5517628,1246348924.602783,970E66FA59
1246340610.205078,1246340617.321289,D6A7AA948B
1246331156.212888,1246331164.582031,23AB892216
1246312965.418948,1246312975.011718,17A61DABE3
1246322002.781248,1246322010.832275,29C2232543
1246360278.6064432,1246360285.935547,95D235B70E
1246376229.292967,1246376238.382812,40CADF9E53
1246375925.197266,1246375934.179687,67E4E8B018
1246397394.086431,1246397401.759033,2AC918F9F7
1246373600.047853,1246373608.76123,3CEE8C8570
1246357288.421872,1246357295.828613,6D9B8F297C
1246374120.499021,1246374127.749023,235414CF56
1246341893.277349,1246341901.482299,490FB7CAA8
1246346972.87891,1246346980.128906,0DE600C031
1246347101.401364,1246347109.653564,1D137E7679
1246383046.345218,1246383053.817382,3DECC68288
1246358005.282223,1246358013.53125,B8CEBA7612
1246319050.0488272,1246319059.779297,0B322E82A9
1246346644.8461928,1246346652.316406,7F6E2E4912
1246326790.08984,1246326798.46582,E021DFA615
1246315298.220702,1246315305.682617,54EABF7115
1246380640.9999971,1246380648.242187,310612C346
1246352395.80005,1246352406.64038,444233F50C
1246333479.965817,1246333488.842773,572F05337E
1246317429.819576,1246317439.276245,DB2685A58D
1246317808.785646,1246317816.448486,099C8DB8EF
1246350289.865231,1246350299.292968,4ED0918521
1246312311.3991652,1246312321.788086,CD5D0232DB
1246390982.945309,1246390991.633789,FF6645C4EA
1246483171.669925,1246483179.112548,77F47BAC69
1246473915.912112,1246473925.091308,91E72AFF54
1246489911.654298,1246489920.030761,98F7771AFE
1246487688.89551,1246487699.578125,965069C044
1246487837.829105,1246487846.172607,7DD1F99B39
1246455860.156245,1246455867.401367,6AA321ADD0
1246472949.733398,1246472957.914062,ED2A205859
1246489302.12695,1246489310.104492,BABC38DE60
1246407905.112302,1246407912.391113,BB5759CB23
1246457692.0996149,1246457699.128906,EA954E7EE2
1246411633.140622,1246411640.432129,BA36156604
1246465254.8727982,1246465261.991699,DCCF0FBAFA
1246402378.5029328,1246402386.53125,10CF7B8ABE
1246494571.554691,1246494579.104492,7E3CFA97F5
1246488070.275387,1246488078.523437,4208B48F2B
1246459112.132813,1246459119.741455,BDFA8CB8A2
1246459225.080075,1246459236.128173,7F75F37872
1246459236.1284132,1246459244.081054,899BEDA5C1
1246474938.321778,1246474945.465088,B920D10B2F
1246474999.632816,1246475007.159179,089178F6EE
1246464230.253906,1246464238.749511,D47D1206DC
1246466613.841802,1246466621.4375,D3A013E9D2
1246466715.5241652,1246466722.751953,F1DCE72A68
1246469585.225827,1246469593.15625,ECFC28AAB6
1246469598.671995,1246469607.021484,D013E053DD
1246469722.260742,1246469730.73999,0EDCB930E1
1246460174.421878,1246460182.40625,A08A5F51FE
1246476669.050784,1246476676.105468,1E398C7C24
1246476702.7265658,1246476710.660644,453149980B
1246476736.500973,1246476743.752929,C269E96759
1246474232.150394,1246474240.069336,416229B997
1246487151.675778,1246487158.898437,43090DD45E
1246468781.913818,1246468791.344726,D887FD42AA
1246468963.652344,1246468976.043457,8B9428AFE3
1246469098.107419,1246469106.074218,E738F8DC75
1246469134.195318,1246469142.454101,8F70948E64
1246469214.3203158,1246469223.714843,FC076E677B
1246469268.841798,1246469276.313476,08EFD07169
1246461805.4873078,1246461813.655273,E73AC4D6D4
1246467235.035646,1246467244.034668,F16FD6FEED
1246453916.1633952,1246453924.5,9FCE434015
1246454166.801023,1246454174.022461,0208F8BBB6
1246494741.764652,1246494751.90625,57FE8222AA
1246480195.37891,1246480202.902343,0B2403BEA2
1246400400.805667,1246400408.0625,8AF47260D5
1246463176.6796908,1246463188.763672,A2739499A8
1246481014.488278,1246481023.722656,59E47D0A8C
1246481259.1835968,1246481266.248047,948D8D808C
1246477188.739261,1246477196.398437,24A2A69CF4
1246477444.908203,1246477452.303711,65CBFD3249
1246477531.951172,1246477541.03125,DE92E6C38C
1246401390.049806,1246401397.923828,A70CE06C3C
1246407475.611332,1246407482.682129,AD9B3050B5
1246481469.707028,1246481476.729492,2D55BC7F74
1246481502.634766,1246481511.71875,275E3C029E
1246481604.260742,1246481612.916992,8C8C611341
1246481831.44922,1246481839.0625,D0B4B48721
1246481858.42187,1246481865.538086,8B5725E52E
1246407554.698242,1246407562.578125,FE470AA350
1246459420.574217,1246459428.938476,0FC106672B
1246479423.593749,1246479431.571289,8857101838
1246479658.539488,1246479666.160644,7A9942C113
1246479698.958986,1246479709.120117,32591614E9
1246493694.180661,1246493702.606445,63B4F8634C
1246470041.279293,1246470052.203125,041AAC3324
1246406340.290042,1246406347.375,897982C011
1246497251.005372,1246497258.506591,2BCA7D24A3
1246497428.162109,1246497436.279785,9AE6E49D15
1246471901.349123,1246471909.329101,96BC1DBBCC
1246477144.1767578,1246477153.0,B1CC758CC9
1246485475.551759,1246485483.086914,DE2C7D4A4B
1246483462.813479,1246483470.461914,C4A9658E97
1246468115.248349,1246468122.765136,60AE4C6E5D
1246476992.804691,1246477000.580078,ED7677A394
1246471332.240232,1246471339.427734,EC920631FA
1246471435.561527,1246471442.818847,3FE8F70958
1246471559.363281,1246471568.049804,A3354A3C5B
1246471632.517336,1246471641.16333,3BE30EEDF6
1246459811.000001,1246459821.93457,914101256E
1246472192.5507782,1246472200.071533,A8341A402C
1246453245.78613,1246453253.396484,203C755E30
1246453572.3681638,1246453580.15625,5ECE2C5CF3
1246465542.759769,1246465550.216797,AB3EC96229
1246465599.191403,1246465606.387695,CBFC84A320
1246484014.9707072,1246484031.110351,190618C455
1246462244.546878,1246462252.940429,399EAF5848
1246481303.378906,1246481311.647461,3D7D8938B5
1246484630.402829,1246484638.409179,F01C96ACF3
1246484741.944332,1246484752.141113,ED0DB65C1D
1246470770.570317,1246470778.250976,9DAB652962
1246470804.987064,1246470814.061523,088734533E
1246486843.8525388,1246486851.658203,5265E08C3B
1246461504.056644,1246461513.624267,B1B200FA32
1246479993.324222,1246480000.888672,8D1A9AF12D
1246462680.071776,1246462687.823242,D44D672B04
1246462869.11279,1246462876.673828,46CE153F76
1246477919.241701,1246477926.80664,F713E44483
1246478357.0624971,1246478366.25,2E936CA36F
1246461131.072262,1246461139.142578,6DC9DDD1BF
1246403413.814451,1246403421.019043,5710E1EEB8
1246403438.125,1246403445.723632,364D41CA7C
1246403447.335935,1246403456.886718,C8D21C1696
1246479891.2255888,1246479901.520507,1F403AA831
1246468540.8471632,1246468549.381836,B36C56C4F1
1246488570.962401,1246488579.054687,F7788D0EFE
1246492224.875973,1246492232.005859,9C151EFCB2
1246492341.292242,1246492349.034179,105E3602B9
1246527680.25,1246527688.875,80A6EDA239
1246570174.231197,1246570183.978515,0CF01EBFFC
1246570516.7773468,1246570525.828125,2826C67042
1246545470.684083,1246545478.146972,17E2FA1BA5
1246562682.520511,1246562692.045898,7DC73ABBA8
1246562808.188474,1246562815.21875,60E4E2274A
1246558923.814452,1246558931.1875,53FA934990
1246583145.606446,1246583152.874389,E271C37B77
1246501383.7207,1246501391.875976,2060348BDA
1246543240.395997,1246543249.129882,812E2B5683
1246599603.93262,1246599611.355468,436D235D64
1246599787.951168,1246599796.166992,E286E02551
1246509755.837404,1246509763.363281,0ACE0EB7C9
1246538716.913089,1246538724.327148,F8C99C2BC1
1246538739.961912,1246538748.313476,891BBD3562
1246529817.404293,1246529830.27832,29E64109E0
1246512656.162111,1246512663.5625,A778FC7242
1246512731.636716,1246512738.921875,73D9276358
1246539761.90088,1246539770.388672,1CCB0A8EC6
1246527071.7880888,1246527079.72998,11523059A4
1246519258.78272,1246519265.841797,6F92C9AC20
1246511568.334964,1246511575.370605,5BA8CFDFE5
1246588548.48316,1246588556.605468,1B1A4ADE75
1246517209.944332,1246517217.101562,ADD7EEA551
1246520281.551757,1246520288.740234,B6573292FC
1246567092.350582,1246567099.885742,4D28CB4351
1246525914.31445,1246525922.058593,43B95381EC
1246564356.65723,1246564365.273681,3B9D1EBE02
1246514999.799802,1246515007.622558,1AEAF66566
1246528350.802731,1246528358.395507,0A4418F362
1246530869.1015658,1246530879.921875,C58633981E
1246530971.59473,1246530981.618164,AD84B9C057
1246540831.097906,1246540838.255859,CED127D390
1246523080.194332,1246523088.248047,C81BB90129
1246527401.994993,1246527410.958984,B7EDCAACD8
1246527466.985353,1246527475.550781,E332589CD7
1246524563.317381,1246524570.84436,94EA2F7C97
1246500949.649418,1246500957.147461,E758F7AE28
1246501282.75195,1246501291.966797,BA5366BF85
1246534012.800778,1246534020.574218,D727B00880
1246579029.08399,1246579036.110351,0D69E7F144
1246579077.2651322,1246579084.662231,947BC6F1EE
1246567874.023925,1246567881.824218,79F6057B9E
1246568320.576168,1246568327.788086,A6324699A9
1246568449.182124,1246568456.421875,8CE79E0101
1246573615.9296842,1246573623.758789,C428C078B2
1246537578.008789,1246537585.09375,12CA4217B7
1246559756.8692622,1246559764.063598,90C6ECC395
1246523784.838377,1246523797.199218,7EE7238B5B
1246571874.367187,1246571882.089843,3C1E3E7BAB
1246571927.360355,1246571935.734863,A6F406F316
1246532996.460937,1246533006.100586,D6405ACDD2
1246572501.593259,1246572508.708984,DA41D83EB4
1246572539.25586,1246572546.754882,8C1A10D7E1
1246518159.382809,1246518167.491211,26687A3314
1246520869.770509,1246520879.096557,47EE7858D7
1246558622.0112329,1246558631.724365,E6761E3C96
1246503130.003903,1246503138.286132,9E9D629D51
1246565904.097657,1246565911.200195,96F11BD5D5
1246580452.8901322,1246580460.871826,D80A9E6059
1246580477.661136,1246580486.001953,A6DE88CECD
1246566162.3974571,1246566169.440918,ED17583608
1246566283.9160151,1246566295.791015,640ED320EF
1246594085.8486369,1246594098.259521,997B09CBF6
1246565772.25391,1246565780.367187,88798C5C10
1246593696.199222,1246593703.919189,050AD7FB24
1246535240.8813431,1246535248.445312,4B8EC40E0B
1246559308.9287071,1246559316.313476,553045EC57
1246532569.791998,1246532577.176757,267D4B817E
1246518290.25879,1246518297.966797,CE4923BA99
1246536206.263668,1246536214.000976,17FBAFE1E8
1246517343.0273468,1246517350.724609,5E3009F3E0
1246517503.129886,1246517512.423828,CBA5D6AEF9
1246517555.507139,1246517563.722656,72F820F316
1246564704.241211,1246564711.46759,2A37124529
1246561948.170895,1246561958.253906,68FA88361C
1246538528.584962,1246538537.892089,66E3F35F59
1246528928.582034,1246528936.102539,5C7AD68A49
1246562658.002926,1246562665.271606,D8819D9038
1246560908.398191,1246560916.046875,E02ADC1FB8
1246560976.7456088,1246560984.110351,A608271480
1246561114.1562471,1246561123.148437,81BFD785A0
1246576413.274417,1246576420.368652,5A203863FB
1246576475.797855,1246576483.114257,6DFEE34595
1246571227.40918,1246571235.253906,6475E17C23
1246584001.495115,1246584008.933593,C524923E47
1246510501.1250029,1246510508.786132,62DD6A08ED
1246681367.224612,1246681375.703125,1E1767FB5D
1246631657.73437,1246631666.592529,AD56AB4017
1246638784.416503,1246638792.530761,B5FD83C97D
1246696632.113278,1246696640.060547,36A38C50CC
1246695363.652708,1246695373.395019,DD3C080437
1246639591.345706,1246639598.491211,A6EB81F309
1246699697.685545,1246699705.25,AD1AE81A15
1246627902.438236,1246627909.661132,BDD31B1EFC
1246623095.285643,1246623102.71875,992884DA9C
1246623138.832034,1246623147.851562,AB7F9B44F7
1246692007.5263698,1246692015.83789,F474456F48
1246691412.867184,1246691420.639648,73C16BD052
1246621960.000005,1246621968.258789,542C381D28
1246622194.7226598,1246622202.49414,4DD03ED02B
1246607687.9902391,1246607696.908203,8E1A6F12ED
1246608092.264645,1246608100.783203,6C64B88259
1246678146.7876022,1246678155.405761,D104FCE730
1246656909.992184,1246656917.562011,BE9A68523D
1246659346.6962872,1246659353.839843,748DC203A4
1246695649.521368,1246695656.722656,BCB92AA9F6
1246676871.7802742,1246676881.710937,71FD53A4AA
1246630472.15625,1246630479.564941,2686D0B6C9
1246698063.043697,1246698070.051269,9A55FA4790
1246681777.359372,1246681784.524902,A2AF38DBCB
1246675617.9999971,1246675625.159179,6ED2BF29ED
1246663406.5483391,1246663415.607422,CF9B98C744
1246627526.817386,1246627534.064697,4A90DEC1CE
1246621449.10059,1246621457.219726,E006FABD91
1246635102.203122,1246635113.861572,8F1F195CE5
1246608364.956052,1246608372.414062,0070603AED
1246668534.941896,1246668543.046875,6655032B8E
1246615394.44141,1246615401.583007,96DFC8FBF1
1246637899.424801,1246637907.222656,F3D6DFD36D
1246672236.078127,1246672245.907226,3841BC041A
1246636200.762698,1246636210.207031,80111A89A2
1246689224.204106,1246689234.141113,E219AC9B25
1246698991.4062529,1246698999.595214,036034E67D
1246667310.810552,1246667319.96875,884C9D2033
1246680505.516239,1246680514.227539,A88396825B
1246631110.469852,1246631117.711914,97862A0B6F
1246694048.493161,1246694058.171875,B596134395
1246694182.8193338,1246694189.929687,F76C1094BE
1246607492.777345,1246607500.836425,14392A5A76
1246696179.263669,1246696187.651611,4BF2C16B05
1246603587.763675,1246603594.870239,B3FB32743D
1246698360.0957,1246698367.905761,29AD1B3220
1246684797.074221,1246684805.669922,1320E9B631
1246608775.9227269,1246608784.868164,79AB7A4AC9
1246625772.410153,1246625779.628906,72F6BA9594
1246664109.743167,1246664116.841797,E26EF7C8AE
1246684199.977538,1246684207.671875,BE4CEDE640
1246684270.967773,1246684278.750488,FFD4DD676C
1246679805.9755871,1246679813.174316,C3E25D790F
1246790145.416019,1246790152.545898,6F9F7E3DF8
1246765586.290044,1246765593.396484,E658C1E793
1246709748.495543,1246709755.788452,25B0556874
1246710049.652101,1246710057.378418,4B8FEB0A7B
1246781246.305177,1246781255.285156,2F59B179C5
1246762190.551761,1246762197.886718,81D48BFBA2
1246775687.703126,1246775695.161132,0231E91B4B
1246753071.851565,1246753079.821289,C60A6348EA
1246780311.563477,1246780319.67041,057987C9C8
1246781984.121578,1246781991.569824,EBF5BE1484
1246782260.017696,1246782267.483398,1A62BB041A
1246786248.439943,1246786255.657226,D3AA2F4090
1246789266.042972,1246789273.201172,1F43D08259
1246769561.560064,1246769569.676757,414E4BA02E
1246766069.2519538,1246766076.423339,89D84E0306
1246770144.228521,1246770151.983886,D472605CC1
1246770202.8847702,1246770210.814941,3517D4DAD6
1246701615.699218,1246701623.014648,E12412C105
1246776917.505856,1246776924.946777,26C6156873
1246758686.10742,1246758694.469726,E4E1993489
1246753913.560547,1246753920.625,AD78979786
1246752756.059815,1246752765.59375,B836AACDF2
1246790922.93945,1246790930.232422,37F6C6AD54
1246791143.6992218,1246791152.03125,18513DCDB8
1246760656.608648,1246760664.673828,D683058F27
1246784005.4243128,1246784013.040039,C8A81DB5BB
1246710871.1367152,1246710878.184082,19A5BED0A2
1246759836.537113,1246759845.176025,AB246C392C
1246791434.708981,1246791442.397461,E9DEA059CB
1246791475.9334688,1246791484.952636,F8B4FCB9A7
1246776706.025388,1246776713.981445,CF728834B6
1246767275.376956,1246767286.831054,61F3D902A8
1246762979.419917,1246762986.6875,6036B96F36
1246782479.144537,1246782486.453613,D070ECE2A4
1246773589.10156,1246773596.947265,9E41C7FFCB
1246700501.2143528,1246700509.100463,7AE837E478
1246768307.4615471,1246768316.661621,3B4FCF070C
1246761680.770509,1246761689.004882,5F28349D37
1246787608.5805688,1246787617.012695,C9B4108B3B
1246787849.6064472,1246787859.669922,1150881696
1246778766.747074,1246778776.660156,3DC583E1B0
1246802025.335937,1246802032.823242,3BA28A84AC
1246886918.958981,1246886928.658325,9A9FEBBBA8
1246853960.960938,1246853968.024414,704FF142F6
1246876739.624513,1246876748.603515,8B4A7B84F6
1246870402.1019242,1246870409.986816,72BBDC2DA1
1246870557.746827,1246870565.433593,703095595E
1246875347.982179,1246875355.266113,AFE4347A84
1246856232.908018,1246856243.6333,D80E5BDAD8
1246882163.336911,1246882171.189453,AC292C3FAC
1246844978.9453158,1246844987.102539,6FB4576400
1246869020.793947,1246869028.99414,C51BC5F040
1246887202.425778,1246887210.503906,4A57FA9F6F
1246879474.0332,1246879481.226562,E9D29938C9
1246871776.593511,1246871783.60205,0BC85FCEB8
1246871831.936527,1246871839.029297,3E1E4C9402
1246871867.316408,1246871874.912353,F23A451390
1246882690.092773,1246882697.454101,125A4771C5
1246882730.6875029,1246882738.299804,4515624A7A
1246810191.993165,1246810201.21582,C2E3CC15C2
1246841142.087888,1246841150.972656,694854C9BC
1246884583.0,1246884590.339843,B06E2FBDE3
1246854730.026852,1246854737.232422,46FDDD69F0
1246854748.2138689,1246854757.704834,50FDCBA218
1246849327.5175748,1246849334.518554,7D38E75FC3
1246801359.98535,1246801371.995117,B64B2A6645
1246810037.613038,1246810047.626953,8EF4FF66B2
1246808434.371097,1246808442.662109,85488A1B31
1246806655.118167,1246806662.30664,AE16815C00
1246806812.94531,1246806821.735351,3F0687CBCC
1246804059.548465,1246804068.674804,D00FCC46C1
1246872477.375977,1246872484.504882,BCEEF574E3
1246872546.1313522,1246872553.454101,B9BDACCBC9
1246888779.8930662,1246888787.249023,3B25A647EC
1246870889.996091,1246870897.650879,48E87DB670
1246857768.478029,1246857778.041015,568A322B09
1246842067.4570298,1246842075.908203,01FE360AFC
1246855206.677734,1246855213.779297,13424C224B
1246871162.25,1246871169.696777,FACF41DEF6
1246845782.731817,1246845790.457275,A42ACDE6FF
1246886243.608402,1246886250.754882,8AF445445E
1246854291.28467,1246854299.243164,849E0F8883
1246858589.700194,1246858597.252441,516617DCDC
1246926848.8828158,1246926856.235351,7642CF0423
1246933045.920895,1246933053.119384,9B62A78196
1247264149.575201,1247264156.855468,F4F7D4DB2C
1247266608.235357,1247266615.297851,2671FFF7CD
1247269024.896487,1247269032.249023,DDF61FFDA0
1247269742.0712929,1247269750.148437,486F5EB53B
1247284139.375002,1247284148.21875,EEE148CA96
1247284487.039059,1247284496.220703,B11A701324
1247290071.673831,1247290079.684082,7D057202A0
1247292178.92383,1247292186.1875,E0F6D5B864
1247293415.588864,1247293427.0625,1275BB8DAD
1247296779.2890658,1247296786.542968,5F722D6DE9
1247297962.8955112,1247297971.814941,7EA72996AB
1247298003.766603,1247298015.955078,D74CD00BD0
1247299556.473629,1247299568.159179,530291D0C4
1247301211.660406,1247301218.923095,C9361A955D
1247301450.25195,1247301458.336914,D109FBF9A3
1247301557.274411,1247301564.57019,432F84DB6A
1247302223.3076131,1247302231.314453,2610CE99EE
1247303447.3930628,1247303455.9375,C47D6353D4
1247303523.808595,1247303530.835937,E97A6F715B
1247303973.786867,1247303982.366211,6B1DC8E2FE
1247304121.260742,1247304128.638672,D4B4C92F27
1247305851.999998,1247305860.280761,A8F802FD57
1247307095.355596,1247307102.63916,83F6669C43
1247307399.6914072,1247307408.085937,609B1AD0C3
1247307522.230465,1247307532.256347,50C7EBFDB3
1247310920.551271,1247310927.930664,31C5C6190F
1247311010.848635,1247311019.51416,775DF041AC
1247311046.3525388,1247311055.420898,263EE1D643
1247313280.0566409,1247313288.10791,752BD25F62
1247317998.818356,1247318006.472656,E4B6152A03
1247319492.8083482,1247319500.471923,2D2D31300C
1247319850.792969,1247319858.585693,6E4E364E5D
1247343095.4101522,1247343102.443359,C2652793C9
1247343749.649415,1247343759.783203,CD5519F874
1247343960.601565,1247343968.791992,A5F5AC5FD4
1247344563.21875,1247344572.408203,F824CEC043
1247345141.331054,1247345148.721679,69CA4D477C
1247345529.255865,1247345539.140625,5E37FB1D0D
1247345706.619137,1247345714.063476,DD2B3748EE
1247345975.306644,1247345982.759521,EA85E137CC
1247347604.362306,1247347611.740234,FE09224C97
1247348096.794439,1247348106.288574,C7924DD01C
1247379499.480474,1247379507.273437,D0AB27EF36
1247379638.030523,1247379645.459961,40D5073CE5
1247380750.520504,1247380760.224609,4CB46DB86A
1247381050.402345,1247381057.593261,66B75040E8
1247381197.226568,1247381206.616211,5F2FDCEDA8
1247381586.8750029,1247381594.538574,F8CF850B8F
1247381604.409673,1247381611.792968,7FE8FCB6EE
1247381857.817384,1247381866.629882,5BDB304D9E
1247382846.458981,1247382853.639648,72F26F1B30
1247383853.585935,1247383862.114013,EA5FA019FF
1247384836.918942,1247384846.189453,07FA28F421
1247385450.810909,1247385458.628906,1E67A3EFD0
1247386476.5859408,1247386483.753173,76DE571592
1247386518.9174771,1247386528.734375,A1D9DD6B8A
1247387586.850585,1247387595.835815,D081F89AFA
1247388119.242187,1247388126.599365,7869C262DE
1247388152.474612,1247388161.430664,FE1F2A1871
1247388331.7529328,1247388339.0,95C482BA26
1247389720.267091,1247389727.942382,99E444EEAF
1247390595.330081,1247390602.55957,04CD2AD916
1247391149.240236,1247391158.375,A98984F6B7
1247391216.088864,1247391223.310547,DC82FFAF44
1247392399.467168,1247392407.400146,0013C57C68
1247392652.208738,1247392660.357422,C70FC59841
1247392865.671878,1247392872.821228,028C7A4E83
1247393548.7207031,1247393556.698242,2F69426B30
1247393618.9687471,1247393626.717529,A77682AA3F
1247393789.537479,1247393798.299804,3435F2ADCB
1247393925.453125,1247393935.273437,E49004F51D
1247395457.85156,1247395466.956054,01CB307150
1247396646.279791,1247396653.642578,E3D63A99F9
1247400018.8418012,1247400026.25,0DA9BA5DB0
1247400209.5854478,1247400216.922851,FB61781DED
1247400893.448238,1247400900.529297,A3E8A937F5
1247400928.16553,1247400935.537841,BD109244E5
1247405043.703122,1247405051.023437,5B8BDA201A
1247406585.913086,1247406593.756836,048D59173B
1247407068.569332,1247407076.10498,25A55A3D8B
1247407274.25,1247407281.82373,0EC9CD3DC5
1247407699.248289,1247407707.347656,B9151CF0FB
1247407802.1650388,1247407809.90039,C56B04360B
1247408262.480465,1247408269.764648,ADA33872AD
1247408504.015628,1247408511.419922,79D451EFD1
1247408627.4189448,1247408634.68457,77B7486D53
1247408906.213375,1247408914.272461,11AF8F996E
1247409050.9960911,1247409058.131836,7202FE1382
1247409287.961427,1247409295.351562,2EB2EF2575
1247409601.300054,1247409610.940429,8ED82429A7
1247351415.250981,1247351424.836914,C3A86139D5
1247351655.913082,1247351663.293945,CEB2EC0D5A
1247352199.551761,1247352208.580566,F0E16C4B39
1247352670.260744,1247352678.291992,B2238CE5F0
1247353141.4169948,1247353150.293945,E0E84BB7E7
1247353339.5095172,1247353347.657226,FB836C614D
1247358451.997068,1247358461.083007,4F3F38C675
1247359364.425778,1247359371.704101,34EC4BAD53
1247359550.357422,1247359558.828125,38E11B3782
1247360637.603512,1247360645.280273,E03B1CD072
1247362155.8188472,1247362163.517578,ADD1F5EA0F
1247362418.625493,1247362430.621093,3252F9725A
1247364206.063478,1247364213.092773,B3EC0561A4
1247364697.565426,1247364704.631836,D04406A5D0
1247364912.1562529,1247364920.614257,F6EF0C6EC3
1247366709.435543,1247366717.148437,C954B9490A
1247366833.172855,1247366840.625,CF630B9E98
1247366849.651368,1247366856.938476,00921EC74B
1247369275.5498078,1247369283.413818,0761D1E899
1247369291.830078,1247369300.041015,C86FB55A26
1247371763.603029,1247371770.96582,FE572DF09A
1247372168.773435,1247372177.017578,82D5DDCEFA
1247372720.331788,1247372729.663086,3B62E65A80
1247415661.076292,1247415669.529297,9D048A84E7
1247415800.764402,1247415808.249511,E011640DC3
1247416764.471681,1247416771.764648,5DF835FDD1
1247417232.320554,1247417242.238281,06D3B997C4
1247417809.7104468,1247417816.914062,6BE2BCB291
1247418156.802738,1247418166.748047,D632571BAB
1247418630.1767578,1247418641.115234,4CADD132D9
1247418986.969729,1247418994.610839,A5A9F3EC3A
1247419401.233403,1247419408.62207,D0CB916EA8
1247419514.37549,1247419521.550781,694052A580
1247419879.269773,1247419886.49414,4DDB582477
1247427599.2265658,1247427606.245117,AD53D60A32
1247427786.423828,1247427794.499023,C546ED2E00
1247428358.6582,1247428366.437988,909823069E
1247430458.717287,1247430466.298828,B609300B26
1247430848.176633,1247430858.393554,09244A771B
1247432333.92676,1247432341.888672,6D50D96B75
1247434323.939453,1247434334.129394,49997A9E31
1247434398.640627,1247434406.330932,4A6378C20C
1247434593.9346912,1247434603.285156,C2AE17A4B9
1247435473.2294948,1247435480.385498,A8F4F63091
1247435818.608394,1247435826.154052,73A0E2A3B1
1247436391.15527,1247436399.140136,BB1D206BF8
1247436465.22656,1247436473.166992,4D8A59338D
1247437044.113771,1247437052.366211,2E5F4BBF39
1247438301.3740249,1247438309.976562,6EF33BE5D4
1247439191.0920372,1247439199.717773,5C4351883A
1247439903.8632798,1247439914.920898,6266F3C22D
1247440219.888675,1247440229.114257,4B63A09392
1247440522.317384,1247440529.9375,4AEC55DECF
1247441244.050784,1247441251.539062,5B2EBD2A5A
1247442426.790035,1247442436.60205,DF07CCC484
1247443237.479007,1247443246.752929,9B5BB3D17F
1247444136.4965851,1247444144.323242,061947953A
1247444420.957034,1247444428.555664,462E2D48FE
1247444925.68848,1247444933.764648,7A1E975EA5
1247445305.005859,1247445313.544922,CCF13F86B1
1247446180.139524,1247446187.148437,9F85FCBF78
1247449979.21484,1247449987.888672,DE893A82B3
1247451413.987182,1247451421.863281,21BE96331A
1247454973.783689,1247454984.802734,F9554AB0D7
1247455927.038571,1247455935.206054,3C4EF20E08
1247456731.954098,1247456739.155761,6BED6A5DFD
1247458336.128659,1247458343.474609,D2C8DB45C4
1247460536.941403,1247460544.313476,03FDBF80E9
1247461446.4257798,1247461453.728027,CFD4C2351D
1247462742.841794,1247462754.772461,5FCE597425
1247464084.337896,1247464092.651855,5A1A298C0D
1247464871.652344,1247464885.240234,B599F0A6C1
1247465523.383055,1247465532.22998,E2F59236AD
1247468598.0996108,1247468605.724609,6D7E2E6120
1247469289.993047,1247469297.773071,723CD9C038
1247469444.53223,1247469451.916015,6E0FAA7D35
1247470858.134768,1247470871.189453,B4B62FB64D
1247471971.671995,1247471978.841552,72B02F596B
1247475588.870114,1247475596.308593,BD07373C32
1247478718.041992,1247478726.425781,B85FA2E75D
1247481625.672362,1247481633.442382,AA3DAFA9D0
1247493921.087887,1247493932.402343,E87B31CB28
1247497337.078128,1247497344.567382,9288772F3C
1247497678.62305,1247497686.772705,566C934DB7
1247498517.171144,1247498524.295898,9DFB395D02
1247486666.988036,1247486674.804687,F42CEFD0A1
1247571316.9951172,1247571326.989257,BB811922B5
1247598584.6992218,1247598591.843994,6F885FCC0E
1247542056.900394,1247542064.470703,53B0960E20
1247545912.6604,1247545920.217285,6EFE3C42E7
1247545953.8137162,1247545961.083007,8E7E84C794
1247570925.493167,1247570934.180664,D2EE1F1BAF
1247583029.642575,1247583037.510742,A62C4A530A
1247579902.592535,1247579910.60791,36519FEBAF
1247566446.6855512,1247566458.261718,343882FB99
1247566613.41504,1247566621.350097,B0809A6D30
1247592982.011723,1247592989.356933,79BA5EE4BD
1247593061.0957,1247593069.098632,69207E60A2
1247590138.3818312,1247590146.158203,F1D69C8805
1247586503.75,1247586512.164062,2AFF08D4AD
1247574452.856447,1247574461.068359,5DFE735D8D
1247574475.891599,1247574485.0,F2984B302B
1247582765.5859408,1247582774.3125,30AD16CC6A
1247577030.561527,1247577038.581054,41140BFC76
1247577083.509762,1247577090.794922,B7326571C3
1247574108.721676,1247574117.259033,AF68A59226
1247572150.062504,1247572158.176757,491C3F56F5
1247517934.5654328,1247517943.060547,EABC8B4784
1247522390.173589,1247522397.77832,AB51A6E14B
1247525791.4824228,1247525799.363281,5167C87F7F
1247527211.967287,1247527220.054687,097BF0C874
1247530165.393554,1247530172.507324,231212BC4E
1247534173.19043,1247534180.602539,2F8033BF88
1247535190.996092,1247535199.199218,78D871C44E
1247586126.879879,1247586134.070312,768C4A514E
1247559888.124996,1247559895.550781,FE1DB4512F
1247558836.889652,1247558843.908935,A154A2477A
1247557197.524904,1247557206.589355,F8998926BA
1247563934.019536,1247563942.15332,946ACBCC3C
1247597756.1314669,1247597763.792968,CF2AF35FB6
1247597358.4834,1247597367.162109,6E312A035E
1247558480.894535,1247558488.519043,3CE8A2640E
1247688519.347653,1247688528.9729,0B7E9B6988
1247652015.70508,1247652023.066406,B0E2E8B88B
1247690162.587894,1247690171.072754,9CF9A41C71
1247639416.227538,1247639423.876464,1F4FD5ACCB
1247681825.915533,1247681833.37207,D5AEAF62CE
1247679896.812257,1247679905.039062,536B7ACCCE
1247657092.042969,1247657103.749084,4E4F6482DF
1247685187.4814482,1247685195.371093,A36366E6BA
1247685391.873898,1247685401.294922,5012CD8C23
1247616180.489503,1247616188.627441,289FE508D6
1247644961.889651,1247644970.423462,F5116B53D9
1247699163.71875,1247699170.902832,7D51271F31
1247699208.114748,1247699215.901367,9AA369E432
1247663812.441404,1247663820.177246,B7AC266769
1247663926.7563522,1247663933.96289,9DF96BC967
1247664178.942144,1247664189.52539,2FF1324B0C
1247666952.146974,1247666959.486694,1C0BAFACD8
1247670243.388675,1247670250.420898,F874DBD797
1247670549.511714,1247670558.078125,4CA1C3DDC0
1247671458.0,1247671467.946289,283BC32133
1247671885.2602549,1247671892.353515,512C910BAB
1247672268.7618392,1247672277.511718,5DE1A4E2A1
1247673438.456051,1247673445.813354,1655ED35CA
1247673572.0351522,1247673581.161132,5866E29D13
1247674985.448239,1247674993.807617,A604253483
1247608081.294918,1247608091.582031,BF22C8F32C
1247607564.554685,1247607571.617675,BBB44BC520
1247655065.422854,1247655073.691406,084477D973
1247604895.236325,1247604903.58374,7209244B55
1247645810.703619,1247645819.466797,4DD61FC3DC
1247680446.32129,1247680454.005859,E9A22EA927
1247641079.462887,1247641086.727783,31B9E2E8EB
1247641087.805171,1247641098.171875,1690920DE0
1247641162.987301,1247641170.532226,D25DF64198
1247683660.878906,1247683668.499023,73F69BBCE2
1247652752.792972,1247652760.797851,5675D0C31B
1247609287.680667,1247609295.8125,C855E64880
1247691373.25879,1247691382.906005,A33DD31FD0
1247695039.578128,1247695051.615234,2D81D990F9
1247677645.63281,1247677652.793945,01E361F6E9
1247657669.851566,1247657677.503906,E5E57CBFA1
1247661967.382817,1247661975.910644,F35E3E86FA
1247606726.5107472,1247606735.844726,0E6592C920
1247620390.299801,1247620397.984375,0F7B26A803
1247695601.576172,1247695610.443359,7D21B39214
1247695737.505857,1247695744.650879,70469AF2F3
1247614895.9302938,1247614902.961425,3EFBD7533C
1247654001.629884,1247654009.829589,EE644177FA
1247684562.778323,1247684571.162109,CC14E2ADE0
1247676592.3623009,1247676600.767822,6B18537EAE
1247693535.526366,1247693542.651367,F4E472EAD5
1247682729.386722,1247682736.99707,A19AAE72BF
1247683810.360841,1247683818.206054,970C227A2B
1247601596.518555,1247601606.367187,30C73F12D6
1247661705.85938,1247661712.961914,E812542F2F
1247696127.983394,1247696135.683593,BDD718406A
1247696428.828122,1247696436.0,BDCC32EED4
1247608660.388668,1247608669.120117,FC4AD20A70
1247681214.085942,1247681225.163086,634E6DA587
1247689973.082028,1247689980.546875,4A78793066
1247618799.14746,1247618809.742187,A326565029
1247644082.187502,1247644089.726562,58EF6982AE
1247603537.410161,1247603544.645507,E826C8F276
1247678297.1279328,1247678306.104492,4ECD789183
1247678361.872922,1247678371.267578,50CCBADB5A
1247619339.498049,1247619346.90625,F037BE6173
1247641492.398441,1247641501.375,85B418CDCC
1247651129.4946258,1247651136.586425,16BE7EE3E0
1247651426.074219,1247651433.847656,1A8327BD45
1247617239.625005,1247617249.885742,9BBA285461
1247624866.392583,1247624875.488281,917EA47B4A
1247655294.014645,1247655301.401367,FBAEA8A24F
1247612447.660153,1247612455.624023,969964BEDD
1247619734.24121,1247619742.092773,8DAE6033FF
1247613854.570312,1247613862.974609,F29A79178F
1247642613.098631,1247642620.500488,1CE9580758
1247657856.765628,1247657865.282226,B75B79D7AE
1247686697.784184,1247686705.013672,27AF27F5D1
1247681868.026856,1247681876.139648,A3559EF5E7
1247656096.9682648,1247656104.5,BBE8BD516B
1247627684.257809,1247627691.857422,762FD98778
1247773271.028324,1247773278.835449,531F382AAC
1247741722.948246,1247741731.15625,41CB2341B0
1247741765.753666,1247741773.772461,93378CAF81
1247707305.405027,1247707317.945312,D70E775BAA
1247722048.775394,1247722055.985962,F749216C1A
1247701569.231935,1247701577.069702,B83EFF07F7
1247714163.68311,1247714172.005859,AA6A1B4020
1247718549.085939,1247718557.310547,905A55A3A7
1247779964.4941409,1247779972.825195,A7FA5D2DCC
1247744340.758786,1247744348.801513,9540F31E63
1247747460.005491,1247747469.571777,5D90AABBB1
1247788014.542965,1247788022.925781,B90966986A
1247711426.7534132,1247711433.873047,895205BF11
1247711443.9999971,1247711451.202148,77DBC49557
1247793051.69678,1247793060.65625,15BD3053E0
1247793196.0693388,1247793203.373047,D4C8FE2304
1247772236.177731,1247772243.816406,A9E660E416
1247709825.819337,1247709833.566406,384EBE6FF9
1247746230.804447,1247746238.53955,8A72DD1193
1247778098.614744,1247778106.691162,B0A98FC655
1247773919.523437,1247773927.270507,79D475430C
1247764207.635744,1247764215.738037,092A112558
1247716298.5576189,1247716307.299804,3B73961E8A
1247796405.248051,1247796414.041992,B80EE4C537
1247708817.961917,1247708826.424316,BD0375E01E
1247742610.621094,1247742617.647461,817F0162E6
1247730509.321044,1247730516.75,FB0E13FA1C
1247753348.228519,1247753355.426757,D3B047DF26
1247720411.176763,1247720421.405029,CE7F252865
1247702097.515628,1247702104.568115,6071BC774E
1247702254.715572,1247702262.925781,01DD6B35F0
1247735350.651365,1247735358.222046,011C45183F
1247734288.412847,1247734295.697265,0E27829ACD
1247776810.824215,1247776821.731445,9C5F27FB04
1247753992.534183,1247754002.12207,9EF4831D07
1247754045.323239,1247754053.054687,38931E338F
1247703362.807614,1247703370.581054,AB34644E28
1247797297.754879,1247797305.173828,675D64EB60
1247797377.409183,1247797384.428711,1FFEFDF082
1247721853.878908,1247721863.296875,F0A93E0D93
1247783773.703612,1247783781.473632,7CDDF1FC01
1247728569.697266,1247728578.852539,F722310E4F
1247703875.9668,1247703883.136718,00EAF34552
1247794026.199219,1247794033.720703,3C21852524
1247787650.802122,1247787658.267578,7A64F76C8D
1247787687.227542,1247787695.535888,750E6D0337
1247787762.502926,1247787770.867187,DFB3F081C7
1247708912.313352,1247708919.765625,511548688F
1247772639.115727,1247772646.822265,074691AA3E
1247703074.586915,1247703082.002929,53DD105FED
1247794974.087887,1247794982.332519,57C118510F
1247768151.157223,1247768158.391235,29844755DD
1247747864.175782,1247747871.631836,07EE4F864D
1247717005.53027,1247717012.601074,5D8087C750
1247770101.78223,1247770111.428711,BCC4AA3617
1247724331.806154,1247724338.964111,9B9EAF1FB6
1247786981.75488,1247786991.426757,209E29EB02
1247783565.322262,1247783572.805175,D65DB5DE49
1247794225.934085,1247794233.162109,CFFFEFEA2D
1247794477.7255888,1247794486.933593,0221054DBB
1247735506.367192,1247735513.519348,3E12040F2C
1247768601.184078,1247768609.527343,EC31053CA6
1247771544.894535,1247771553.068359,A56DF6DAA6
1247736617.752933,1247736624.995117,8EE3E7E721
1247709277.681638,1247709285.21582,F2BC21E067
1247709639.172852,1247709647.099121,C642C1A100
1247731041.7524428,1247731049.945312,5EE9605F34
1247731057.668948,1247731067.05664,964B154C66
1247731147.813477,1247731154.935547,184F3FC61F
1247792346.401617,1247792353.662719,68D9C473DA
1247715217.776366,1247715225.493164,09BC6D8C57
1247712494.8906229,1247712502.095703,F96AEE145E
1247734970.164059,1247734978.488281,E9B91747F9
1247735137.601559,1247735146.435058,E5BA9D9588
1247795356.5273411,1247795363.633789,7713C89CD0
1247721189.613157,1247721201.815429,0404F963BA
1247729736.517575,1247729743.565429,11F5E6F5CB
1247727789.3740249,1247727796.514892,634AD2E7F8
1247777901.52734,1247777908.714843,4408123D5A
1247722238.7895489,1247722247.915527,278756CAD7
1247720159.500004,1247720167.470703,FF601EFA12
1247783069.610352,1247783080.617187,26E3268B93
1247796720.692867,1247796728.28125,0AD3C302E9
1247732745.458011,1247732753.009765,1631970598
1247752140.114989,1247752147.132812,2F0F59BB51
1247780158.244386,1247780166.184082,1F6506E9BB
1247701479.304201,1247701486.857422,BEA9A0E0C3
1247753065.476567,1247753073.791992,E03EF8C757
1247706814.726559,1247706823.330078,A9BA2C4A08
1247786839.058591,1247786847.322509,9F4212A084
1247799154.207518,1247799161.444336,EC28DF7159
1247729159.532223,1247729169.076172,7ECFA2F461
1247743709.481442,1247743717.648437,986273D4FA
1247778955.1142588,1247778962.384765,BA63D10E48
1247750190.7334,1247750198.24414,78D87BDC9E
1247723634.317872,1247723643.234375,C9D9FACDCD
1247776386.150394,1247776393.649414,D40010B0BA
1247874107.4045389,1247874114.498047,FF25CACB1C
1247809905.886722,1247809912.968505,29B2A2CC06
1247886521.429201,1247886528.782714,4CE05DC04A
1247824901.646852,1247824909.874023,D86AB6C002
1247851978.462887,1247851986.913086,3D0EAF668B
1247852049.963864,1247852058.78125,10841C0CA3
1247865053.728516,1247865062.640625,0F2EF2CC2C
1247831611.979489,1247831619.732422,478C7601B6
1247831669.939448,1247831677.254882,97C461CD09
1247819646.630865,1247819654.012695,355941C28E
1247851056.3456411,1247851063.654297,49CF7E06A4
1247851097.807491,1247851105.287597,3825B683B1
1247800660.380861,1247800668.180664,CBBB38FDCC
1247877122.692867,1247877130.5625,D069E0EBB4
1247845939.844723,1247845948.331543,E0DF75511B
1247836954.764644,1247836962.125488,B36B8402FA
1247825793.004882,1247825800.069336,7C5BD2FCEF
1247893331.619142,1247893339.298828,06E336BF95
1247839810.830075,1247839818.296875,96C9222018
1247884479.059573,1247884489.03125,E63CF58DCF
1247879283.869137,1247879291.312988,F298CAABF2
1247879402.660646,1247879409.846679,D813ABD2D7
1247843802.94531,1247843810.0,7B90CBF8DD
1247891974.101559,1247891984.708007,1BC9CE6E4E
1247815451.109866,1247815459.141601,B76A27EABE
1247815574.137696,1247815587.723632,6056A2DEF9
1247847947.023927,1247847955.338867,518EA7B26C
1247882384.559576,1247882392.859375,2FDA78484B
1247819477.243169,1247819484.871093,30987AFF1A
1247819530.7685578,1247819538.788574,3ECFD7FFE6
1247885506.893554,1247885514.639648,CA3A844FFE
1247871586.12305,1247871593.958007,91A30D7D21
1247833252.942379,1247833261.184082,B103551A54
1247866230.071779,1247866237.424804,85FF9BA0FE
1247868841.675781,1247868848.877929,5DA9CC3272
1247856067.5224638,1247856074.537597,ADD41F7DA1
1247805165.8798828,1247805174.236328,0526A7C72F
1247892436.024901,1247892443.211914,688D2E030D
1247809420.051266,1247809427.833984,902FB5B9E2
1247809562.947262,1247809570.026367,83975C2847
1247809252.349122,1247809259.783203,8A4601AFA7
1247880557.794918,1247880568.294922,B31372406D
1247827666.506833,1247827673.679687,BE859C5AA1
1247857445.586912,1247857452.885742,F4EC0C4AA5
1247890914.277342,1247890924.40039,ACC5CE65FD
1247879817.515134,1247879825.452636,FFCC744329
1247898309.1079152,1247898316.177734,F54C56A0C4
1247820329.238278,1247820339.52832,6A0FA8CEFF
1247837459.028569,1247837466.685058,85F88912C7
1247837662.469732,1247837669.613281,7829965E01
1247837687.46191,1247837695.990234,2234506E65
1247804629.8681612,1247804637.310547,D47462FBB9
1247821335.8056638,1247821343.46875,11ACE37880
1247835870.45703,1247835878.649292,FFE27A39E8
1247835963.70313,1247835972.113281,7A8F96548E
1247863637.924078,1247863645.606445,A1DDBD3655
1247896002.1698592,1247896009.288452,BD36672AC1
1247872176.5,1247872184.58313,D7AB808CA7
1247838478.7675772,1247838486.458007,E052E91FAA
1247844766.765627,1247844773.998169,AEE649AE36
1247806716.871583,1247806725.373047,D3A7FD38A4
1247855518.7639122,1247855526.381591,2AB4226C66
1247888404.9500692,1247888412.169922,28AFCCCA55
1247857353.169921,1247857360.732422,6873378933
1247817553.332031,1247817561.299804,0EF191C315
1247884650.186399,1247884657.658203,DFDA94E217
1247859616.18848,1247859624.582519,113ABBEA00
1247806911.555177,1247806919.875976,DC62246158
1247825698.194822,1247825705.388672,8E34774EAE
1247825705.445312,1247825713.661132,C66BC4C417
1247801612.2783198,1247801620.359375,B4250F2ED7
1247801620.363285,1247801628.719726,90E0F0F570
1247827825.2626972,1247827833.534179,5879143B27
1247896379.7324271,1247896389.177246,D1A271F502
1247851602.12695,1247851609.203125,215FB36358
1247870870.0224638,1247870877.267578,ACB273BAD7
1247815922.117185,1247815929.124023,43511C76D5
1247816944.781246,1247816952.482422,13E20A9208
1247817079.1625988,1247817086.296875,57358AA824
1247857953.5781238,1247857960.651367,2173AF68E5
1247853557.139645,1247853564.695068,EF1B35FF1F
1247853625.074711,1247853633.068359,5BC4931BA1
1247822599.5385711,1247822608.776367,3AD62D2C74
1247820028.845705,1247820035.981933,89430F7B8F
1247877987.279787,1247877995.28125,B5A6F1E485
1247822150.07813,1247822158.475586,001F35288A
1247801040.869624,1247801048.28125,A686DE75E9
1247852455.201175,1247852462.630859,A0AA47F58F
1247823998.980466,1247824006.203125,145EF0721B
1247836609.6875,1247836617.62445,64EB407A87
1247813963.3388698,1247813971.818359,AE4195A85F
1247886140.507814,1247886149.623047,6A6AB68C0D
1247867590.477538,1247867597.597168,170ABBB241
1247946622.8418,1247946630.267578,AB274F7504
1247946822.105472,1247946831.191894,613EEE3BE5
1247946906.412107,1247946913.512695,CE5BB5738F
1247904541.458007,1247904549.500976,F913F0AEB2
1247904743.753903,1247904752.669372,73B017B688
1247953556.9062529,1247953565.690918,D9867411B0
1247925151.24414,1247925159.285888,C2819C8336
1247946017.243655,1247946027.921875,8349598EAF
1247910417.40381,1247910424.475586,8EBADCFF20
1247900760.160153,1247900768.493164,AE115AC252
1247901100.251462,1247901107.993164,AF939EF2A6
1247954400.571898,1247954409.554931,2863BE50A2
1247903488.573246,1247903495.784423,D8E4595A97
1247903797.971928,1247903806.678222,8CD2F25C2E
1247993410.478512,1247993419.728515,795C0BD3D9
1247913750.1425748,1247913759.66809,F0704FFA41
1247993201.1457498,1247993209.167968,4DF8B0FBE9
1247921657.556637,1247921664.668945,5DEC06F6C1
1247906253.493165,1247906260.796875,5ED9557F52
1247967989.615237,1247967996.838867,71EC09A70E
1247968153.169922,1247968163.12207,899F1B4974
1247905268.305666,1247905278.125,F481D9690A
1247955041.270504,1247955048.937011,E73E011661
1247947450.4696002,1247947458.575195,5CE3674320
1247958872.489751,1247958879.550781,864A79FA8D
1247909231.324216,1247909238.786132,3CB61C7F4C
1247912261.371099,1247912268.982422,178BDBC61D
1247988700.711909,1247988707.984375,F98879767D
1247992223.224125,1247992230.85913,3038DED2F9
1247949032.2447488,1247949042.752624,E7E6828BCB
1247907096.1201198,1247907105.179687,5F8EAF89E3
1247907196.139652,1247907203.837768,A7AB3FC439
1247907642.398434,1247907650.122558,33A09705D9
1247948153.076172,1247948161.90625,558DCB9541
1247997296.123051,1247997304.247558,CFD6CAE381
1247953326.044918,1247953337.832031,FDC44C9840
1247982540.134763,1247982549.25,460C7B783B
1247958958.050784,1247958966.12207,C7A0657DC9
1247904247.6406288,1247904255.060058,44CB89CCDE
1247966621.18555,1247966628.921875,298D0B3448
1247919128.050783,1247919137.285156,01D797510E
1247969123.439635,1247969131.448242,1777DA2B91
1247919515.338872,1247919522.971679,7D6EC9D298
1247955579.199224,1247955586.33789,3C814192F7
1247912766.894774,1247912776.730957,BFF2645234
1247912791.240231,1247912798.345703,826E236A3C
1247981967.183355,1247981976.23291,CA680A4B31
1247963446.583986,1247963453.960937,0DB2FF58E6
1247961973.4375,1247961981.23999,0C4E42FF17
1247945556.465817,1247945565.207031,2F04DCA6D4
1247945675.161618,1247945684.132812,D6388DB55E
1247956078.98633,1247956086.87207,2E9A07D88C
1247991379.358395,1247991386.46875,9F4C80DDAD
1247982945.547299,1247982952.885254,92B0FC0BEF
1247983001.072262,1247983008.482422,2FBAE962AC
1247999841.7148468,1247999849.143066,F0D42D5019
1247992729.30859,1247992737.422363,045CEFE16F
1247996640.4248078,1247996648.469726,179F199862
1247954722.9648468,1247954732.392578,86B6B1BF38
1247952602.166012,1247952612.434814,6D719B7223
1247902259.114747,1247902267.478515,8ECD000B97
1247985611.0,1247985619.029297,4BF6F9FAD8
1247957156.2304718,1247957163.353881,8AAEA2A62B
1247979140.2187529,1247979148.421875,82388DAF71
1247979170.234378,1247979178.925293,396280E28F
1247963063.933595,1247963073.892578,5436E7DB64
1247963250.151368,1247963257.394531,CF15025F4C
1247920761.436034,1247920769.669922,B8EF698236
1247994296.242186,1247994303.348144,C27A6D327B
1247973684.38648,1247973692.49414,CC3172DC61
1247986014.296872,1247986021.416015,8EF6C27138
1247950420.427737,1247950429.998047,18712D35DB
1247950713.920902,1247950721.101562,D3905EF4E9
1247972334.919191,1247972342.328125,54E7ED4391
1247916574.452144,1247916581.519531,F3162C13D9
1247996401.528324,1247996408.800781,5365337DDD
1247985460.357667,1247985468.757324,542001115B
1247921123.078129,1247921130.248169,D544D21222
1247991822.013668,1247991829.309082,BFCE73D3A1
1247991866.731442,1247991873.901367,47ADE3F428
1247909984.466793,1247909992.864746,A59AC85E42
1247946546.083499,1247946554.181152,1858D9CA69
1247998381.177735,1247998388.679687,31FB2D0625
1247911871.535156,1247911879.130859,BB7D1948E9
1248065450.557621,1248065458.662109,25F9F57306
1248050607.642573,1248050614.730957,6EA4028826
1248056034.00098,1248056041.789062,D0B763259C
1248080930.7393172,1248080937.853515,6DC21991DC
1248088280.504879,1248088291.532714,47FA735F75
1248007273.658206,1248007280.884765,0BBB16E795
1248015457.034176,1248015464.860351,AFF1733435
1248073728.519535,1248073735.836914,9F72959BA6
1248073937.900394,1248073946.741211,26B58688D7
1248081417.443117,1248081427.413086,955E4BEEEB
1248006117.562495,1248006126.444336,662B656ACC
1248037249.801763,1248037257.626953,36ABF8F036
1248037280.703125,1248037288.373047,948A3463B8
1248044377.4550822,1248044386.107422,A91EC91242
1248024971.4404318,1248024978.919922,5105572286
1248083128.5095189,1248083138.096923,F43F9B9A25
1248074862.340091,1248074869.812011,5754833437
1248015986.208986,1248015993.989013,3C1F687F45
1248016290.7119172,1248016298.774658,800371DB7E
1248090201.4335968,1248090209.47705,F6543562C3
1248098411.815425,1248098420.180664,7E8104C83D
1248098519.75,1248098528.0,2666D2DBE2
1248037770.124995,1248037778.969726,A2C715707C
1248090284.1331742,1248090291.166992,725E02CAF8
1248090346.651368,1248090354.519531,F52EBB914A
1248078554.755862,1248078562.241088,F04F74DB18
1248019662.364259,1248019671.065429,80EC023A77
1248059701.173345,1248059708.890625,590029A554
1248082974.562379,1248082982.21289,53957CDE33
1248048546.532227,1248048554.674804,01876D3ACE
1248048722.087162,1248048729.097778,EB44154D05
1248074033.487301,1248074041.192505,E3F37CD705
1248041512.443851,1248041519.890014,09E6AF3543
1248041721.162112,1248041729.845703,6B7A489BF5
1248042149.999023,1248042157.578125,EC3961AA65
1248054962.702148,1248054970.375,F0584F9A5F
1248077962.3544972,1248077970.735351,07EE27C5D6
1248089575.574224,1248089586.261718,8DDA4BF278
1248028387.028323,1248028394.074218,EDF9142538
1248057776.3206758,1248057784.164062,9EE66C3F9F
1248009451.3671908,1248009458.913574,79BE8DA8AC
1248087201.260747,1248087208.533935,5B6C53D57A
1248075934.50366,1248075942.836425,013A7AA6BE
1248076813.643552,1248076822.335205,67711E3E98
1248022500.631352,1248022509.243164,9F3935B69B
1248078773.844724,1248078780.852539,C1AA81CE95
1248064144.736331,1248064156.231445,97A8A36B24
1248087979.237308,1248087987.769531,EEE8C07603
1248080465.394534,1248080474.567382,3265006419
1248080508.0537112,1248080517.177246,3356FF6FA0
1248013857.862309,1248013865.15332,06B24F8B33
1248091103.523931,1248091112.256836,936C3AB839
1248052245.134769,1248052253.375976,FC1A4F4B55
1248082227.431644,1248082238.587402,243F792A0E
1248067548.6689498,1248067556.53125,15671120DF
1248001240.7128928,1248001248.877929,8FFA8CA83E
1248015819.074215,1248015826.371582,5FD156052E
1248102310.682614,1248102318.296875,E44B8AD170
1248120928.701175,1248120936.279297,86071A6C65
1248121173.223636,1248121181.366211,4421C3CDD0
1248159566.030277,1248159573.039062,BA91C21186
1248118304.490231,1248118312.261718,A5BE8196E8
1248176748.816406,1248176756.938476,6A799180C5
1248100549.800781,1248100557.16748,5315B6BF1F
1248109662.862306,1248109670.796875,26E5D50ACF
1248176365.468753,1248176373.11914,9A4DF8C460
1248102002.270509,1248102009.428711,EF396E95DC
1248140670.56445,1248140678.786132,7923FE073B
1248167841.656251,1248167849.456054,A1C9A644DE
1248175375.753175,1248175383.058593,C926FAAF45
1248163622.201168,1248163629.359375,3824C5F0E1
1248162781.2568388,1248162789.727539,DC0EC70C76
1248122226.736818,1248122234.05957,9520E5C24D
1248149121.532223,1248149130.064453,BBD4343BCA
1248107729.8530262,1248107738.585937,55AA45DF12
1248116778.175778,1248116786.336914,6A138F7C79
1248130698.791019,1248130707.396484,0DB92F748E
1248182115.016605,1248182122.46582,68DD6038C6
1248182383.7773411,1248182392.744384,AACF6E8208
1248161226.247076,1248161235.629394,AA8EDA770B
1248101189.519533,1248101198.158691,D71234A127
1248104540.999023,1248104549.145507,5B0CF4ED94
1248155453.489261,1248155460.99707,439572A122
1248110292.13672,1248110300.916015,7ABC5BD9C4
1248150299.927737,1248150307.377929,96D6444986
1248191330.899415,1248191338.0,9B7C6AE18C
1248191382.9404252,1248191392.375,CB0D43F604
1248157386.970706,1248157394.939453,99AFF01823
1248195067.6201131,1248195075.693603,5976D9FD84
1248195114.313474,1248195123.896484,AA3D15298A
1248174262.931644,1248174271.941406,BA678E5799
1248142438.023438,1248142446.427246,822865FA60
1248150628.9257789,1248150636.522461,C05B5DB3B2
1248149431.6435578,1248149440.276123,AD38D03AD6
1248180234.2421908,1248180244.197265,2FBFDEC245
1248151962.274418,1248151970.220703,350DB66782
1248105131.344723,1248105138.527832,24D508C5FA
1248105203.8637729,1248105211.135742,BA8F949955
1248170287.4194388,1248170295.758789,C6EA72104D
1248198663.2078831,1248198671.072265,9E489A9CCA
1248196222.9794948,1248196233.174804,ECB36D2306
1248196341.879153,1248196349.367187,AEE3DE841B
1248196477.9658198,1248196490.275146,3BD1852A98
1248183982.705812,1248183989.717773,599D5F98DD
1248177239.816896,1248177247.607422,9087EAE490
1248155058.083989,1248155065.257324,355263FD6C
1248180441.466793,1248180449.141113,8D0F60A5BD
1248132699.458987,1248132709.569336,914FDCE8B7
1248193404.8383758,1248193412.619018,3F8D4174BD
1248107190.75195,1248107199.656738,A5A5AE3F34
1248146060.5078158,1248146067.826172,ADFEE56E41
1248182659.4179718,1248182667.316894,48CA700F11
1248109876.632326,1248109884.193054,511E50A8EA
1248197640.8320289,1248197648.908203,006AA5BF4B
1248166270.727539,1248166277.748047,A554FA3000
1248194576.378904,1248194583.527832,4E69FE4858
1248192399.8037071,1248192407.000976,CF71E8AD6F
1248188944.754634,1248188956.488281,2F07AB49C0
1248206817.251582,1248206825.952148,B1CA673724
1248206917.0715349,1248206925.421875,D692FB3E0B
1248208720.327147,1248208727.360351,A968CAA435
1248283991.269534,1248283998.793945,3A51A08EEC
1248211339.089843,1248211346.498779,9389554195
1248297661.97656,1248297669.760254,5E49B17453
1248297893.490234,1248297901.876953,91C232F8AD
1248246026.859136,1248246034.861511,B16F0B1F9E
1248227722.38477,1248227729.835937,FB0CA5AAA9
1248217940.5717762,1248217947.972656,085FBD48BF
1248275675.336917,1248275682.817382,6994508479
1248245251.317384,1248245258.913086,5DF8A9ED91
1248245424.159179,1248245432.761718,3987A63448
1248290737.5854518,1248290746.778808,D9923E509A
1248251201.978515,1248251209.1333,E338D6AFC7
1248251396.79004,1248251404.227539,B686DC7940
1248296053.0751948,1248296060.193359,78116DC44F
1248229759.826172,1248229768.498779,45E8FD5836
1248279391.2304728,1248279399.802734,EA3AFF17E9
1248266411.885739,1248266420.470459,69D600EED0
1248204877.965823,1248204885.307129,99775080AF
1248223833.0000029,1248223841.068359,4022961A00
1248249356.259771,1248249364.598632,404DF75C0A
1248288736.6931112,1248288744.21875,88363ED0DB
1248259460.084468,1248259471.542724,C88EA077AF
1248259605.886719,1248259613.742187,5A7A5812C5
1248257468.627691,1248257475.871093,5B03952939
1248257720.84961,1248257728.492187,148AD5E619
1248257820.490537,1248257832.425781,EEB9260F24
1248200429.297365,1248200436.707031,69750FB17D
1248205597.07812,1248205604.484375,735B67FA56
1248258800.447269,1248258807.464843,089F6BDA62
1248250252.806149,1248250261.93164,35272D2004
1248250492.113771,1248250501.085937,52C7FC2F63
1248207335.511722,1248207342.59375,67DD7887B3
1248280145.250003,1248280152.486328,6BCAEFA0E8
1248286714.418951,1248286722.004882,E8E671C2FE
1248265146.912106,1248265154.017578,8437EECBC6
1248257896.75049,1248257905.341186,9879B61152
1248274070.176024,1248274077.336914,51408D8A4D
1248284560.1875,1248284567.510742,7B99BD52B5
1248292782.283206,1248292792.553833,A83EFE3E07
1248272499.404302,1248272506.584961,C944C9B6D6
1248243203.984865,1248243211.485351,270320FFC1
1248228744.828612,1248228751.941406,E255A28D14
1248208223.363889,1248208230.5,5B07C918E9
1248283153.635739,1248283161.15332,E3C6ACD284
1248206470.578128,1248206479.944336,3076155229
1248210387.253903,1248210394.395507,CE89464AE4
1248289282.898439,1248289290.046875,A8366D0B57
1248278450.6201131,1248278458.708984,B8D3F973D4
1248278608.963868,1248278616.321533,AF466965E7
1248263998.1708992,1248264005.347656,17CF8A1C9E
1248279864.6713898,1248279872.699218,A4F95C9ABA
1248282100.825192,1248282110.066406,07856AE79E
1248251954.927731,1248251966.475586,90E6524136
1248216147.386715,1248216154.609375,062C0B5B66
1248216416.630856,1248216424.83081,2444B41B9D
1248274843.97803,1248274851.089843,159069BE4A
1248274867.936773,1248274874.945312,B330A14547
1248274941.926031,1248274951.1875,021C4BA248
1248235301.56445,1248235313.024414,456AD1B339
1248271178.437991,1248271186.522461,B971DFF128
1248271348.4199271,1248271355.686523,0DA8C3CD32
1248283936.7539089,1248283943.796386,925A5B043F
1248268910.68945,1248268917.796875,6FB2F1177E
1248269089.023434,1248269097.242187,35B787FED9
1248227390.856448,1248227398.546875,8131DBB92D
1248227441.23047,1248227448.874511,EA0079BE4F
1248296873.441403,1248296880.581543,235975C3C5
1248272387.189456,1248272395.097656,EC9C9BA107
1248254497.375,1248254504.75,68C81FEDB3
1248256562.734372,1248256571.267089,7D537B9994
1248256872.35938,1248256880.880615,A50EF77327
1248273669.6162071,1248273676.887695,2B9FDDBA05
1248207640.877926,1248207648.021484,7928972D1E
1248277831.1850631,1248277838.824218,C932B349A3
1248252399.2602491,1248252406.347656,82300543D1
1248239256.495115,1248239264.584228,47164458A6
1248239376.930661,1248239384.492675,87087404D3
1248249790.083987,1248249797.829589,9B31F00929
1248277067.496096,1248277074.695312,62685DA9EE
1248277357.8457,1248277365.112793,C58A6A1BEC
1248234518.3662138,1248234525.385742,EB30A9216B
1248237592.604131,1248237601.805664,22781E4680
1248299731.370118,1248299738.375,76B6EB52E3
1248292398.248537,1248292409.106445,5F7BD97FCA
1248294792.25,1248294801.644531,1B9F564071
1248248601.052736,1248248608.205078,3323D6FA9C
1248201289.730466,1248201297.390625,066187365A
1248266629.747073,1248266637.708984,C41FDF7F0F
1248246971.153448,1248246978.518554,44D1E1ECE8
1248207911.859378,1248207919.175781,9EB6EBA2BD
1248283481.8930678,1248283490.959961,6381F96161
1248260352.451169,1248260360.397461,81A13DD8C9
1248241828.863774,1248241838.389892,B11DB4A7A7
1248273209.226318,1248273216.943359,713CDA462F
1248294154.758786,1248294161.801757,30D88B0B5A
1248264937.488282,1248264945.757812,A95320DADE
1248265025.87695,1248265032.949707,628B8C551C
1248284961.612301,1248284970.819336,DF1AC18080
1248284972.652343,1248284979.741699,2C09B309A7
1248285069.681639,1248285077.837402,4AF28D3568
1248285602.333012,1248285612.007934,7DC5FAE75E
1248286139.0,1248286147.553711,110A75DF26
1248232699.67383,1248232710.249511,0048D72D97
1248272223.15234,1248272230.375976,A38F5EE346
1248267067.241209,1248267075.358398,67DBAB5A4D
1248267199.075197,1248267206.262207,D3E62872DC
1248267213.156253,1248267222.265625,CE13A63F62
1248270409.118165,1248270418.236328,866FAB481B
1248251678.126953,1248251689.261718,379D834E55
1248284709.82324,1248284717.071289,9751EE26E7
1248284720.597652,1248284727.969726,50F86C3BB4
1248284937.078615,1248284945.202148,ED2AF67207
1248222912.041989,1248222922.503906,A3F45D2076
1248286345.6787138,1248286352.865966,B6B87D6656
1248286467.7412071,1248286475.134765,8E5596E68D
1248286625.7055688,1248286633.503906,7B1E46E503
1248203095.4687471,1248203102.752929,CC46EED8D6
1248374987.440434,1248374994.663086,D7D55D45F1
1248372526.048831,1248372533.260254,C8FD4E868E
1248330847.4062488,1248330855.859375,6308D371E6
1248399596.938479,1248399604.979004,B693EF541F
1248361461.806644,1248361469.177734,F05C01F415
1248361478.93897,1248361486.542968,15F4EEB0B0
1248381416.0253909,1248381426.515625,AB3DF1D5FF
1248340216.2014122,1248340224.509521,DF57C565CF
1248307155.2177749,1248307162.474609,0B48EFA1EC
1248322319.9462929,1248322330.381836,4544AEBF04
1248370551.418942,1248370560.265625,F08191F739
1248370597.083011,1248370604.789062,600ECF012E
1248385057.6040008,1248385067.075195,13A0C55E3F
1248385079.0,1248385087.46875,279219D6D4
1248368388.694334,1248368397.875,024E9642DD
1248305075.9409208,1248305083.217773,861B693704
1248305307.089846,1248305315.526367,7E6211F816
1248381528.9799838,1248381536.963867,D3FC16B536
1248394508.25,1248394516.638672,A730B9818E
1248394639.8437529,1248394647.991211,AA922E7C74
1248394660.5937471,1248394668.139648,73884A4237
1248384428.5957031,1248384436.005859,49D531D92B
1248384463.0461462,1248384471.185547,FD3DA6D760
1248312689.733395,1248312697.196289,A117403C39
1248311026.203122,1248311033.484375,C976BD9974
1248311039.497073,1248311046.599609,C220996579
1248349827.046872,1248349834.248047,8164A692F5
1248350033.076168,1248350040.095703,CBE0541629
1248397662.081053,1248397669.487304,98372F3EBF
1248328541.684573,1248328549.334961,4E5F827F21
1248386854.0937471,1248386861.459961,21DAE0D3BB
1248362432.207034,1248362439.415039,D08CE869A2
1248353007.4096632,1248353015.282714,4ACB9D2C76
1248353024.7675822,1248353033.439453,6FAD8D2005
1248393686.421878,1248393696.08789,F3A842866B
1248372806.769044,1248372814.148437,E2DA2136F3
1248396606.53516,1248396613.914062,77ED2EB946
1248397135.896727,1248397143.269531,BDBAF89A33
1248397230.194332,1248397239.753906,264D3EB258
1248396062.418951,1248396071.759765,5C49557ED6
1248327641.521976,1248327651.085205,C0F77FD7AA
1248323088.840818,1248323096.394287,153DBE18A2
1248323103.624269,1248323110.879882,17236395BE
1248375084.4453108,1248375091.791015,302C3754D2
1248375204.645512,1248375213.968994,E3652A8BB9
1248375477.66406,1248375485.339843,C23494B103
1248330171.878179,1248330179.229492,48FA5792A5
1248330229.111325,1248330238.496582,F9BFE85D4C
1248330412.942382,1248330420.816406,6A4BF3EDDC
1248365434.8203158,1248365442.048828,6EED049A1C
1248365509.6082768,1248365517.594726,C0BD60E96A
1248398080.527837,1248398088.438476,50FB68A0ED
1248398148.785158,1248398156.46582,0480207D9C
1248364588.771481,1248364596.537597,1216EA109A
1248315649.473629,1248315657.678466,2D1E333FFF
1248308713.8032238,1248308721.658203,46A5DE4035
1248380423.613285,1248380431.246826,0245E3B702
1248343447.9082,1248343456.66748,D7BDD61D31
1248343573.973636,1248343582.28125,8A4FA52F2F
1248343651.744144,1248343658.86914,1AC23E4BD6
1248387534.097661,1248387543.597656,A794AD473E
1248371486.5888698,1248371493.87207,66318B80B3
1248335793.0888698,1248335800.300781,64F4336B94
1248321280.876466,1248321289.363281,29EB55674C
1248383775.91016,1248383783.038086,C3A8298F0A
1248399448.636235,1248399455.849609,C5E1CB0D56
1248332019.241214,1248332026.69458,3A60A72805
1248332190.542973,1248332198.169922,81A288D51D
1248332307.580081,1248332314.808593,33CAF07696
1248386078.628903,1248386085.890625,343937F2E8
1248386139.6816409,1248386148.575927,06A74F6EF2
1248386516.873538,1248386527.46997,1A6EE6907F
1248375629.592535,1248375638.717285,2098220D78
1248346592.933599,1248346600.539062,19E80F5BBD
1248349096.3916,1248349103.428711,37DD01A87E
1248366247.566403,1248366255.554443,EE4FA07426
1248351058.95215,1248351066.071289,A4EDF80245
1248395166.382809,1248395174.047851,86167AB4EF
1248363277.198482,1248363287.445312,1EC23D5816
1248387295.555174,1248387302.578613,33431C8096
1248387306.9023468,1248387315.698242,696563AC1A
1248387747.793453,1248387755.295898,B4D6709D72
1248319490.70105,1248319497.937011,68ED3C616B
1248329634.2490249,1248329643.14917,99E77D9A06
1248313681.460941,1248313689.043457,2E96D94F79
1248353410.035156,1248353417.394287,44368F0AAD
1248353762.166016,1248353769.742187,06854AE7E3
1248316562.641606,1248316573.9375,AC8954F7B8
1248390954.372067,1248390962.543945,65B54A4780
1248391265.875977,1248391274.479004,F2BBE61E82
1248366822.405278,1248366830.601318,441DACF3E8
1248385758.776364,1248385766.405761,679DBD8879
1248378203.918951,1248378211.589843,AC2EF9B627
1248302647.471677,1248302655.126953,B5B2789B27
1248347435.844722,1248347443.294433,37AB36DD9D
1248384573.453125,1248384580.718994,85905D7AA2
1248384766.7226522,1248384774.331054,8A5A503D2A
1248339934.3671908,1248339943.802734,D736194615
1248342549.804688,1248342557.228027,F57458DFEE
1248320701.298343,1248320709.963379,627898C141
1248352279.90723,1248352287.615234,CF77377676
1248338298.754886,1248338306.647461,E57F1116D4
1248320507.937503,1248320515.480468,28EB39D356
1248365989.0722702,1248365996.339843,B393F1922E
1248307669.016241,1248307676.068359,285CBB7B6C
1248379432.997073,1248379442.374023,9CB05EA100
1248379805.669922,1248379812.978759,0F44FE65CB
1248362197.874511,1248362205.21582,BBA65DCA7A
1248362258.771487,1248362267.33789,3A1A7C3DD7
1248374470.5537062,1248374479.500488,DB8F8C0860
1248336884.20215,1248336891.634277,E3BEDDE645
1248390136.085937,1248390143.396362,87788AE30E
1248390264.1601589,1248390272.578125,C10005CD08
1248378599.512692,1248378606.530273,7A31BF8B5C
1248378812.759279,1248378819.973632,9E4B33F69D
1248379053.4604518,1248379062.71875,B3A6A9588D
1248379361.5207472,1248379371.845703,931DE7679D
1248383022.463868,1248383029.761718,F2EC8C317D
1248383241.899904,1248383249.543457,D73B3E26FF
1248369432.255856,1248369443.367187,62D367AE61
1248369601.752934,1248369609.905273,6D87285E15
1248389784.013673,1248389791.138672,F4F5838510
1248306600.36328,1248306607.554687,64A13AAE4A
1248306667.6865282,1248306680.575195,BCE12B46B5
1248325455.9765658,1248325463.449218,AB6A2A1C4D
1248363183.734865,1248363192.203186,F77B9130CC
1248327550.802736,1248327557.956543,8092957DFD
1248390889.173216,1248390896.557373,8B25B466FF
1248329243.709718,1248329251.612793,01B8432D16
1248382513.598634,1248382521.272949,8FE3CAFB45
1248382531.5185578,1248382541.34375,883427780B
1248384176.16016,1248384184.583984,7CE10D5929
1248342022.465816,1248342030.493164,E68CC5216A
1248342213.828122,1248342221.036621,C1556DE6F1
1248332977.28125,1248332985.597656,7CBB785ACF
1248394275.550048,1248394283.402343,4A7FAB2B72
1248453776.474609,1248453785.043945,222D6A54B4
1248486840.425294,1248486850.24707,08F8DCC5F7
1248486934.467772,1248486942.94458,4408E29329
1248486952.28906,1248486960.980468,B4598E050C
1248413745.608396,1248413753.40625,99DD059882
1248483492.090823,1248483501.54956,D32F64C878
1248445047.124269,1248445055.210937,E3D34813CB
1248435556.234372,1248435563.803711,3FFA869B53
1248405346.829098,1248405354.421875,E122AA2138
1248493644.683595,1248493654.480468,8411D22DF6
1248412413.912113,1248412421.168701,DAFB5CF144
1248404318.956055,1248404327.464843,794045FBF9
1248428222.466793,1248428230.344726,16E8A318BF
1248417890.35937,1248417897.752441,948C18D903
1248425689.0,1248425697.199218,CDFA2F571F
1248431860.728519,1248431868.163086,44E407D145
1248448993.3461928,1248449000.381836,9801C8CDDB
1248449109.974613,1248449118.035156,7817803BE9
1248417649.636715,1248417657.771484,3B0FACAC8D
1248417675.522461,1248417682.820312,4C598D588E
1248407183.944516,1248407192.424804,386F2B31A5
1248404727.200685,1248404735.380859,12FDB5CFE0
1248404934.683597,1248404946.099609,F2C17FA040
1248405028.853512,1248405037.503051,21697C6E56
1248420111.500977,1248420118.861328,530295CF8B
1248416054.051754,1248416062.761718,8BDBB9DDB9
1248447905.640625,1248447913.899414,CABEBE310B
1248472019.960937,1248472027.224609,4E12EFDEEC
1248491516.538091,1248491523.602539,D1C34CB5EC
1248470150.050054,1248470158.013672,1D2E6CE8AB
1248470158.792964,1248470166.427734,D7BD1BFF56
1248446384.524411,1248446393.252929,DF75A0D0DC
1248484144.510494,1248484151.616211,D78AEAFDC2
1248438155.171878,1248438162.550293,5F2D78B753
1248440208.073238,1248440217.618652,824E5FD106
1248476373.821286,1248476381.861328,DD14BFBF40
1248498294.060915,1248498302.003906,618D2EC1FD
1248498380.2578158,1248498387.351562,5E68723045
1248466503.132817,1248466510.5625,68E7317ED5
1248498792.1562471,1248498799.492187,BCBF4BF138
1248400846.729244,1248400854.55957,EF3BA83C7A
1248400904.7988272,1248400911.977539,6E36FB6423
1248445744.670902,1248445752.100586,5ADEC246AC
1248413236.277342,1248413244.480468,349E58A177
1248452591.936524,1248452600.408081,C77D6D41D5
1248474864.87549,1248474875.184082,12D62C415B
1248425134.563478,1248425141.893554,346BEEF895
1248425141.894044,1248425150.365966,93A73EAD80
1248425190.3749971,1248425198.846679,89FBD35C87
1248425381.0815382,1248425388.219726,30E5C4CE72
1248402981.1474638,1248402988.821045,3B60AD8D68
1248423059.497067,1248423067.104004,19B1D9996B
1248442223.926761,1248442231.836425,BBD1B5CBAA
1248401559.096678,1248401567.484375,AB10D8F189
1248497788.148191,1248497795.632812,05A93D3E27
1248436818.1284158,1248436828.769531,D82150C350
1248414929.316408,1248414936.652343,7E116A62C4
1248415083.688473,1248415091.042968,41962F1737
1248494614.641604,1248494621.765014,198E607CF7
1248494647.499996,1248494655.855468,F3C5E4A256
1248418992.228512,1248418999.247558,AD3BE4BD1F
1248468539.671872,1248468547.985351,388C7C2AC1
1248475101.664552,1248475108.713379,2588FB9289
1248456217.219121,1248456224.418945,A721E36A66
1248455721.4287138,1248455728.887695,0EA3E75267
1248480861.350343,1248480869.091797,398C2820C9
1248480932.437495,1248480941.1958,80C7426854
1248478865.586915,1248478872.771484,2AF317838A
1248478968.909177,1248478976.53833,10C9ECA098
1248410336.732421,1248410344.295898,C95FDAF455
1248462913.874995,1248462922.083984,583EC48888
1248411670.6826198,1248411679.04541,30DBCDCC86
1248444213.7382782,1248444227.255615,75FE0B6FBE
1248403311.24268,1248403318.65039,C8313C5C16
1248462211.3779328,1248462218.96289,463F5F2839
1248454271.6709,1248454281.460937,27B3BBB6AD
1248454547.874515,1248454555.276367,DCA1F76A28
1248491821.508792,1248491828.983398,E1C610F3A8
1248456946.280031,1248456955.294922,7618CDF80F
1248478131.606442,1248478139.53125,9AF9134B48
1248459243.904294,1248459251.131836,E68D27E1D1
1248459591.49463,1248459599.289062,8C7C44659D
1248462415.0537071,1248462424.483398,982D6FCC28
1248458747.7705078,1248458755.363281,E2052BA956
1248414011.983402,1248414021.294922,EDBE58F956
1248480042.65137,1248480049.703125,6EAE51DEA7
1248469565.205562,1248469575.742187,B3A696864C
1248469583.619143,1248469591.363281,540479C954
1248452930.201172,1248452938.334961,9E64ABA2FA
1248438295.75,1248438303.288086,AD3CC31839
1248434180.912113,1248434188.186523,A88FA55C96
1248487347.322268,1248487354.492187,9EFAD94AB7
1248497085.346677,1248497094.051269,8E2EBEA7A2
1248473037.552737,1248473046.856445,154859F5BC
1248473058.559629,1248473066.478515,6CAF11524B
1248473219.61035,1248473227.375976,7DD5347025
1248421448.25195,1248421457.458007,171BACBCEE
1248460830.013672,1248460837.300781,91D3A01F7C
1248424568.024417,1248424575.225586,1BB52CF011
1248495487.482418,1248495495.071777,073F6B2980
1248415607.698239,1248415615.363281,707C95504E
1248424849.80859,1248424858.232422,F547EC16F2
1248477846.699399,1248477854.43457,4E0BCEECD5
1248465339.361818,1248465348.416015,18F834A1A0
1248496390.7099571,1248496399.717224,580FEC3300
1248490097.629398,1248490104.706054,235109777F
1248490198.5087888,1248490207.318359,9C435CFE33
1248401958.218745,1248401966.723632,65EAE54334
1248414438.583987,1248414447.99414,34A7FB7ACC
1248479348.0548089,1248479356.065429,689F7CDC78
1248401766.8549838,1248401773.988281,02FD673A78
1248498877.302731,1248498884.489257,85AA065A5D
1248450445.84375,1248450455.125,D74BD52A8B
1248467627.1894498,1248467635.034668,603D8F8600
1248459859.649905,1248459867.79956,A12138806F
1248463832.060057,1248463839.833007,E3F9F8BA3C
1248447243.59766,1248447250.700195,54CC3D4A1D
1248416698.51221,1248416705.858154,ADA9757014
1248416730.462894,1248416737.546875,B74EE69BC8
1248416748.505127,1248416756.022461,F2E7ED39DE
1248417011.425781,1248417018.460937,C782EA503C
1248461639.312013,1248461649.46875,581848BC08
1248495211.506961,1248495218.868164,10B2C5DDAD
1248432057.697267,1248432065.433593,76DE17ED30
1248432147.8374069,1248432156.343628,0114EB7BDA
1248464990.713377,1248465003.302734,B8B1730184
1248412465.777347,1248412474.500976,A7C85A71B8
1248412762.526241,1248412770.585937,B721A6BC32
1248403102.01172,1248403109.710449,01DA29079E
1248483897.1064422,1248483904.241211,92FAACF2FF
1248437326.15723,1248437336.217773,58AA812CFB
1248488866.832034,1248488877.902343,18E4BEACC9
1248480606.82812,1248480613.964843,6BAC7B2C07
1248486123.608398,1248486130.847656,EDF100F76E
1248451079.51758,1248451087.322265,ECC568B0C6
1248451380.144531,1248451387.780273,D3E2CF3892
1248453150.56445,1248453158.080078,785F679B5E
1248439004.136716,1248439011.541015,3029C836DE
1248439295.707028,1248439302.932617,ED9A28A8B1
1248404545.323484,1248404552.68164,96A62BA3FF
1248443361.58301,1248443370.717285,911503DE3E
1248485105.814449,1248485113.312988,981499591E
1248446144.955075,1248446154.036132,467FAD25B2
1248440590.210941,1248440598.131836,FDB970CFA7
1248440735.745238,1248440742.915039,4C9F6036F6
1248440784.400882,1248440793.054687,8E7382E90C
1248441093.524417,1248441101.773437,35238B036F
1248440436.751713,1248440443.779419,5F60F0BF40
1248412102.071286,1248412109.960815,C62FF1728F
1248418647.323484,1248418655.449218,CC7132D40A
1248501892.495605,1248501900.001953,D91C8F3874
1248501944.441403,1248501952.129699,1A07EAD53B
1248586836.83984,1248586846.585937,FEED9EDB47
1248587041.250003,1248587048.5625,361D1970E3
1248587101.391605,1248587108.851562,ABA0738663
1248500511.920897,1248500519.297363,D2E873E601
1248585429.930665,1248585439.230468,47DF8FCB84
1248564548.226564,1248564558.045654,6A6B626D1F
1248508173.568362,1248508181.575622,3AC2928E0F
1248508311.642577,1248508318.794922,E248779D3D
1248569082.785153,1248569090.633789,9E08A63819
1248569157.473629,1248569165.117187,D7709E3F1A
1248569265.440062,1248569272.671875,05CC83D36D
1248582535.835937,1248582543.77539,2A745FEBFB
1248582624.090819,1248582636.222656,DCE50477B7
1248582699.573238,1248582708.09082,156DB0809C
1248582765.894777,1248582772.951172,63E74D1353
1248584201.699216,1248584210.603027,D775EBE3FF
1248584866.367184,1248584873.970703,EAFFAE4984
1248519388.029301,1248519395.609375,233A4F075B
1248519612.380862,1248519620.107422,B37D9B0661
1248519781.8195791,1248519792.282226,E72D19B1B0
1248585813.042726,1248585821.242675,30B31584FD
1248585913.214845,1248585921.546875,237309B0B0
1248586088.6357422,1248586097.849609,9B1E5F6408
1248523439.400387,1248523446.501464,B9AC903CE6
1248582981.609372,1248582989.072998,4AD5DDC0D6
1248571224.933599,1248571233.231445,B02D2EA100
1248571431.2373052,1248571440.807617,2BF8674595
1248528089.24024,1248528097.271972,B0B4E737AB
1248581708.926759,1248581717.321045,06538D2A7D
1248577415.413694,1248577422.768554,CAB34B6EDD
1248566356.519531,1248566364.398315,73FEC6DEA1
1248566488.899905,1248566497.246338,9B6892AE86
1248566562.544679,1248566574.416015,39BE7039BC
1248596674.755124,1248596682.021484,0850D50671
1248596715.284178,1248596722.350097,37F516F366
1248596753.123537,1248596761.625,B88916F91C
1248507778.270508,1248507785.461914,CFCCAB2FBE
1248596576.5117218,1248596584.937988,EBBEDFC23B
1248581044.055661,1248581051.877929,7B256B06DD
1248508588.067379,1248508596.880371,E9DC2319D3
1248568436.322269,1248568444.527343,FD02254184
1248567278.4565382,1248567290.992187,C34264A742
1248567442.490727,1248567457.409179,2F5B6AA314
1248593375.980712,1248593383.487304,76A8C0EDA1
1248568071.075201,1248568078.168945,DE12EB3936
1248568168.714844,1248568176.285156,F80AFF6F7D
1248578063.7109408,1248578071.364502,105FE57BEC
1248570900.60303,1248570909.391601,9AA72B7D2F
1248596073.435543,1248596082.13623,C057E163D0
1248598829.05713,1248598837.22937,DEE21DFB36
1248599951.460201,1248599961.700195,2F73672B26
1248600104.6044922,1248600111.710937,B2D5CA3F51
1248526244.7539089,1248526252.230468,AED125C7C2
1248526737.707028,1248526746.18457,83062A4C6C
1248565231.2636712,1248565238.443359,28D2F03C30
1248565290.352171,1248565298.767578,1AA8A2B71A
1248569777.886471,1248569786.577148,238B847AF4
1248569854.450192,1248569861.784301,9D72869390
1248569883.916014,1248569891.054687,B1F743DA7B
1248587532.975582,1248587542.524414,792750DA6E
1248587850.836917,1248587861.336914,6C26DF77F3
1248587893.7226532,1248587900.79718,0A74FD584A
1248586585.968745,1248586594.444336,E9E6FB34A8
1248567000.9209,1248567008.101318,CC80AF15E2
1248567042.818607,1248567055.976562,5E4BEE828D
1248596997.241094,1248597006.81018,FE0976A43F
1248503106.038512,1248503113.061523,16E4F9336C
1248503361.2290049,1248503370.832519,81E91D3D56
1248581403.33789,1248581411.636718,13B5C27723
1248505925.28296,1248505933.716797,86E328C2A2
1248567880.354004,1248567888.690429,C6A526268A
1248566711.153324,1248566718.451172,88DBC437A3
1248566763.159184,1248566771.04663,2BD18B9D93
1248579678.046875,1248579686.591308,B19D3540FA
1248579714.118772,1248579721.367187,502E1DE6A6
1248514278.541992,1248514285.640625,610A70B43A
1248594912.2152078,1248594920.412109,AACE0B0EB4
1248595123.761715,1248595131.167968,A4E86B70D5
1248505056.522462,1248505064.914062,FE312F363B
1248579010.083985,1248579020.482177,457E5DC7F9
1248579180.281253,1248579189.115844,7D44E93268
1248514094.920775,1248514104.261718,F4DC7A5D17
1248580585.24805,1248580596.136474,25C322C1F6
1248580699.434567,1248580708.081787,D0B94858F0
1248580726.9560578,1248580734.479004,90802936F6
1248580970.016605,1248580977.03125,C0131AC7E8
1248527534.470944,1248527542.996093,245C9164AB
1248516505.118167,1248516512.242675,9F22812C19
1248584949.837887,1248584957.923828,0589918ED2
1248585060.3265972,1248585068.021484,586DC07C80
1248523092.180661,1248523099.298339,E267A72FF0
1248515714.631841,1248515721.913086,2DDE3B63AF
1248586168.624027,1248586176.144531,A035FBF3BF
1248586183.565434,1248586193.307617,64173487C8
1248586290.583981,1248586297.604492,B2A0256AA1
1248582182.276369,1248582191.109375,B09B1C6E89
1248565555.18359,1248565562.245605,09BEE6DF10
1248565630.9882822,1248565640.457031,4789DAD415
1248565901.771481,1248565909.390625,9C95F85FC3
1248526826.345706,1248526834.174438,D8960972B9
1248525872.81641,1248525881.071289,D48FD0594E
1248579787.517581,1248579794.548339,E60A4E4E92
1248580300.872073,1248580308.140197,8C405B5790
1248577348.8749971,1248577356.920898,FE775B2AFB
1248520979.276368,1248520986.961425,AEAD9F320E
1248521024.358402,1248521033.883911,2EA6AEBAA5
1248521039.028317,1248521046.626953,C1A79CC5B3
1248521091.297848,1248521099.456054,33EFE3B13E
1248521161.435547,1248521168.479126,EDD531C4C3
1248594397.726559,1248594405.871093,9B4D0668E7
1248587301.486331,1248587308.722656,2D5E7E4D51
1248514789.2499971,1248514800.625,F610B7E209
1248598171.529293,1248598181.929687,FABC11F85A
1248598188.62598,1248598195.710937,71121EAA1F
1248578435.4091828,1248578442.77539,332FF57B87
1248521922.196779,1248521929.77832,7C611E3B2A
1248595437.255252,1248595445.553711,3B453FEC59
1248578677.242191,1248578686.345459,DC553AAD92
1248519885.078128,1248519892.857666,5B713FABEF
1248599478.982418,1248599489.727539,3D6E8AB4D9
1248597980.053712,1248597987.160156,43579D5563
1248577655.054684,1248577662.917968,477031C51B
1248506512.01562,1248506519.971679,791BDBC45C
1248571019.47461,1248571027.003418,8B62946664
1248569581.926761,1248569588.929687,718EE5BCAD
1248618114.093755,1248618123.945312,C0F44B4396
1248635097.591793,1248635105.853515,F3621318E9
1248635548.915036,1248635556.018554,CD000296D9
1248602029.49512,1248602038.158203,11FADC7C67
1248602230.527344,1248602237.612304,7A46D91511
1248602240.539066,1248602248.132202,98EF739B6C
1248602352.468873,1248602359.476562,2F5FA0D18B
1248602568.230465,1248602575.576172,F94D37B777
1248611260.021976,1248611267.126953,97803CE949
1248611347.7724628,1248611359.065918,6FA7DA5772
1248611427.926762,1248611435.321289,DF989C1193
1248634334.851565,1248634343.366211,BF4F907E9E
1248672371.7763648,1248672379.551757,30DE62DC47
1248699125.5107448,1248699134.101806,3F5E93488E
1248639806.450192,1248639813.938293,09871D86CD
1248639834.560543,1248639842.898437,82F37F4127
1248639929.334475,1248639937.628906,EED451759A
1248659273.608404,1248659280.834961,FEEC91DAB1
1248636182.321653,1248636192.26831,14607CDE89
1248636298.716314,1248636308.703979,F06641B34A
1248699275.377199,1248699289.255737,1160A9F708
1248612841.120847,1248612848.509399,B328EB7422
1248613334.56348,1248613343.025634,6A81074765
1248696950.462887,1248696959.985839,33088AC529
1248619038.50195,1248619045.679687,675CDD85E1
1248679844.3501022,1248679853.44873,D005FF7F4D
1248679960.5214891,1248679968.816406,FADA2849FA
1248680041.9330418,1248680049.508789,41AF0183B7
1248607245.40234,1248607252.728027,FB9909E2F9
1248607320.181394,1248607328.379882,1F9045E9AE
1248636562.278317,1248636570.904785,7B6C333765
1248636575.2949271,1248636582.87207,04A8C60403
1248676427.149908,1248676434.358398,CBF7AD436E
1248686641.195859,1248686648.911132,9DE2221CEF
1248686798.839354,1248686805.921875,B5995A651B
1248686846.34375,1248686853.442382,06211BEFA3
1248609772.2636678,1248609780.58789,CA7FB882B9
1248636011.464847,1248636019.018798,CE258B569C
1248605468.506832,1248605476.454101,24743BAAA5
1248603867.4951189,1248603879.93164,AB7A9C93D2
1248604021.677733,1248604029.379882,E91E5927FD
1248673201.395509,1248673209.126953,AA695F8FA0
1248673621.0633502,1248673628.083007,669C01BA7F
1248645815.443356,1248645824.652832,7071AAB21B
1248646106.168942,1248646113.500976,AE34AB78F5
1248687911.044918,1248687918.047851,BF5011FC93
1248621145.238774,1248621154.125244,0BDF40317F
1248642499.9843771,1248642507.543945,0F3E747DF1
1248642650.930667,1248642659.118164,DA5CC11EC7
1248679376.19531,1248679384.113769,D200CE56B0
1248679467.535153,1248679475.335937,2B3EBBE5B3
1248610489.888668,1248610497.491211,6C33879F78
1248633708.363278,1248633716.612304,79448ABBF5
1248634021.033202,1248634028.206054,5DAC9DAD62
1248686013.880862,1248686020.905273,424F62CA8C
1248686115.3110352,1248686122.627929,02751AE235
1248607862.411626,1248607869.839843,53C9522E2F
1248675627.602539,1248675637.374023,C174B6A0C5
1248641509.673704,1248641518.435669,9A3E01FA7F
1248694847.977542,1248694861.605224,0DD2AD51DD
1248692080.384762,1248692089.234375,5DC7B4E4D2
1248652445.104489,1248652452.739013,48989F9821
1248652512.0693371,1248652520.449218,2BA67B1A62
1248616315.4575229,1248616323.382934,82865812C9
1248616367.607422,1248616375.395507,E598D161D4
1248616509.622067,1248616519.140625,BEFB3E971B
1248616732.2832,1248616739.735351,A9BEA45A53
1248614697.9960968,1248614705.539062,05EA3053D6
1248691738.069824,1248691746.253906,7CA918486B
1248683776.483648,1248683783.663086,2516C45F52
1248683930.345707,1248683937.839843,7388569D2F
1248674073.127933,1248674080.992553,3D638E3C97
1248674478.7099571,1248674487.776367,FD9D7B3262
1248643528.438228,1248643536.625488,A2118D8812
1248637430.404293,1248637439.084961,0BF177C575
1248637236.611331,1248637244.724609,84BA1F39A7
1248637339.019534,1248637347.918945,309352D0DF
1248616951.25,1248616960.125,B8D5F0745E
1248689396.5019522,1248689406.395507,7B94B97CF0
1248672628.563961,1248672637.060547,D74F886506
1248638283.976566,1248638291.253173,F8448B4E8D
1248638464.7255888,1248638473.467773,72055F3EB4
1248646342.330078,1248646350.364257,FE7CEBD17B
1248621649.136719,1248621659.220703,56F3EE81F6
1248694215.2363288,1248694222.472412,551E2EF538
1248621802.5927749,1248621812.563476,79E9E8C193
1248684255.277347,1248684271.105468,AB98F89220
1248689135.4062529,1248689143.044433,4F3326A209
1248614020.2773411,1248614027.812011,8DC1997923
1248616140.798825,1248616149.620117,5A73682ADB
1248613758.673825,1248613766.167968,39500EBD63
1248607561.828618,1248607571.513672,B20B128BF8
1248685746.831058,1248685754.057617,0FD3033DBF
1248663227.558595,1248663234.825195,DB39CD76B1
1248663610.30591,1248663617.411132,987BE364AA
1248634538.179201,1248634546.584961,FA12F5E6FF
1248634626.753903,1248634634.950195,1DA1D98B20
1248662749.62982,1248662757.022705,317A83B91C
1248608519.421872,1248608529.5,34D607AB6E
1248677613.593753,1248677622.526367,C3BE1A3AE3
1248640146.390628,1248640153.492187,F470FD7C6C
1248675483.6140091,1248675490.640625,65AE7FEB0E
1248673709.7368212,1248673716.742187,9E19A01767
1248673911.628903,1248673921.030273,8A9EF2F837
1248684786.4209,1248684794.046875,81EAE577C5
1248640733.55566,1248640741.024414,BAEACDB265
1248663025.57031,1248663035.146484,243A5BDF8B
1248688538.3291008,1248688546.825195,E5471D6295
1248688749.975582,1248688763.178711,F24D3A3693
1248612346.137698,1248612357.467285,663C6175DE
1248612560.8203158,1248612569.111572,1E18F23792
1248612777.08984,1248612785.226562,B16D77A5C9
1248634925.556642,1248634932.819336,A826EB02A4
1248600161.235354,1248600169.038818,CC17E6B09C
1248615177.301754,1248615185.742187,80A8649B5E
1248687574.4789991,1248687582.995117,977F246650
1248643839.409176,1248643846.548828,786EFB5B80
1248643982.7500038,1248643990.080078,565C9FA591
1248664480.020999,1248664490.481445,CD9BF4718B
1248687274.0332,1248687283.351074,B9384C35E8
1248608967.8398468,1248608975.347656,C7ADDDD183
1248609136.54553,1248609144.598632,495C1F5BCA
1248608058.291019,1248608067.221679,DAC4556146
1248608150.6240208,1248608157.887207,603182E856
1248608265.7207,1248608273.209228,3BF06A6358
1248682288.8613288,1248682298.086914,2ECE6D03BE
1248609962.208497,1248609969.259033,676D1EE847
1248610146.722656,1248610157.862793,12336080B8
1248610278.9443388,1248610286.100586,151FC7E76C
1248645249.495367,1248645257.052246,F0FCBC62B5
1248659418.416012,1248659426.456787,03EA34DFB3
1248695304.607425,1248695311.708007,FC5FE74A49
1248644559.829098,1248644567.808593,A5C2B2AE03
1248686353.681641,1248686362.894287,F35B962A31
1248686424.0390658,1248686431.487304,FAD0BF3CF4
1248686528.4833992,1248686537.131836,4779C30277
1248662196.9804728,1248662205.372192,CDF3448518
1248662238.87891,1248662247.42041,EB8EDBF367
1248674621.292965,1248674628.47229,16C2B6C9F3
1248676163.728273,1248676171.341308,3778FA91B3
1248681018.55664,1248681025.583007,09E5541AFC
1248619122.493167,1248619130.172363,0322C23D67
1248615732.49609,1248615741.592773,EF85B611DE
1248604671.5341828,1248604678.956054,9407804B5B
1248620532.5277052,1248620539.55957,3BD8FF5350
1248620689.686037,1248620697.232422,09941CC82D
1248600994.2385242,1248601001.326172,D42D974FD3
1248700085.833987,1248700092.945312,FAC290CBF8
1248783258.9375,1248783266.455078,0E510299DE
1248743885.024899,1248743892.835937,4A2DC2E42C
1248713943.707639,1248713951.364502,A3555217E8
1248713998.6015658,1248714006.262207,F2842CE80B
1248714157.2373078,1248714164.978515,665DE7A195
1248782687.612798,1248782694.766601,1D4E6F3C6B
1248782762.490234,1248782770.230468,66FB382D49
1248763999.186524,1248764007.920898,75A8A536C7
1248782061.865964,1248782070.075195,22DA88E718
1248782245.457028,1248782254.348632,C6F900953C
1248782529.007078,1248782537.242675,0820554EB7
1248777270.861578,1248777279.52832,4B2D7C801D
1248745590.7182648,1248745600.125,7B51A67D8F
1248704033.647456,1248704041.595703,43A49F91D8
1248702978.015866,1248702986.009765,594E16ED11
1248703216.133792,1248703223.4375,9476BE7124
1248703284.567383,1248703292.312622,B29C539B89
1248703393.017575,1248703400.647461,356CEB5C5D
1248708106.275387,1248708114.324218,4D29C0A598
1248710911.132811,1248710918.595703,E76351EBEF
1248799425.1664991,1248799433.191406,BCFB8A83E7
1248799436.014647,1248799443.033203,101E53C713
1248736470.393981,1248736478.819336,8BE53DD43B
1248736494.161136,1248736501.841797,5D43B6AFE0
1248736533.474611,1248736541.140625,F8B59CE8ED
1248713011.625,1248713021.965576,F6FE73836C
1248713048.5,1248713055.939453,07D8F94B5B
1248713138.145021,1248713146.699218,4617F57EFB
1248713225.543944,1248713233.738281,CA7B319269
1248735732.6501498,1248735739.8125,8880437FD2
1248735925.286252,1248735933.582031,A561E338C9
1248736020.800778,1248736027.80957,7CD6DBA5DF
1248748565.855472,1248748573.65332,BDDF9EFACF
1248748177.748044,1248748185.140625,192C5462E6
1248757511.79687,1248757519.573242,6B54151359
1248715649.696292,1248715660.072265,4D512F96C4
1248776900.320682,1248776908.006836,5447DD90B6
1248711247.5532238,1248711254.5625,EE2C5DD985
1248712574.25,1248712583.203613,5EFD202400
1248712827.9711928,1248712836.839355,25F25CBDB1
1248735020.245118,1248735027.936889,7F3B51E1FF
1248735295.2539032,1248735303.682129,A6802A2723
1248735331.167969,1248735340.179687,F46B1DA19C
1248735359.316166,1248735366.769531,01EB23F0E6
1248735457.134161,1248735466.390625,9C3A918068
1248735488.303226,1248735500.391601,C3FFDCFA2D
1248776001.320316,1248776008.398437,77C4A8703D
1248700412.248537,1248700422.097656,E337519733
1248751737.713872,1248751745.924804,36AE9F0B14
1248704365.682622,1248704374.168945,E174BE6651
1248704666.34375,1248704674.796875,5061DFAAEB
1248745687.1379352,1248745695.259765,34A972B5B2
1248714287.9887662,1248714295.404541,C86E1A29BD
1248714429.4746072,1248714437.047668,8691964A32
1248705411.684573,1248705419.377929,1143380154
1248780818.9775388,1248780826.791504,1FFCAA1EB7
1248780987.4560578,1248780994.767089,8FB969B1AC
1248781761.425785,1248781773.800781,022638C042
1248756664.0351532,1248756671.862793,D7B206108D
1248707222.8671842,1248707230.277343,B5E43F6253
1248706602.389645,1248706610.572265,8B94F7F3C1
1248706654.201173,1248706665.37207,42760E8D37
1248706732.203128,1248706740.065918,D93817A6C2
1248706781.167234,1248706790.129882,4542E5E14C
1248799656.923832,1248799664.748779,19E965B2D4
1248743828.193356,1248743835.575073,7A664FE349
1248750638.4707,1248750648.597534,6502CF8AD4
1248777983.843751,1248777994.382812,AD9D36FF74
1248703653.634762,1248703661.415039,DE0B843564
1248712451.9152792,1248712459.545898,EF79656AB9
1248770558.706783,1248770568.390625,2A04DE5828
1248700897.4404328,1248700904.568359,D371F06DF0
1248753357.092773,1248753366.109375,48FBB89912
1248753384.027833,1248753394.33789,54D1E3B84C
1248744354.747076,1248744362.107422,2A37786B75
1248744720.629887,1248744728.068359,4ABFAEE401
1248705824.059386,1248705832.065429,139AA27182
1248708003.880124,1248708011.204101,CDFF952301
1248779121.411136,1248779131.628906,0E99C44B64
1248756876.65308,1248756884.132324,F3FD670405
1248779679.404293,1248779687.321289,8510D979D2
1248759091.277347,1248759102.552734,364038DE30
1248759144.739749,1248759152.96289,3DCBD07DF7
1248754401.324219,1248754409.399414,E1761FA491
1248736262.264652,1248736278.601684,EA1319AD66
1248776856.6561248,1248776865.632324,0475D0DE34
1248772620.271242,1248772628.565429,9FF6928DD8
1248775751.022951,1248775758.611328,23626988CA
1248772343.228519,1248772353.859375,F1672D48AC
1248708864.113278,1248708871.655273,B6EBEF3A13
1248779967.952147,1248779975.40625,97142A417A
1248780079.4326198,1248780086.464843,E79957175A
1248704315.995114,1248704324.606445,6673539BD8
1248773663.766119,1248773672.859375,F4E7A2C796
1248773793.366942,1248773800.484863,D38B3F12CC
1248707636.290036,1248707643.375,BAD944EF67
1248744279.920902,1248744287.269531,65F526F426
1248714901.603512,1248714911.835937,40DFB08C55
1248714920.337894,1248714930.547851,EB4AE24C64
1248755367.029293,1248755374.313476,0C04E224FE
1248747646.076168,1248747654.098632,BB6206E0A3
1248710236.6323211,1248710243.886718,82CA97776B
1248710398.565062,1248710406.227539,E827461FCB
1248815676.352538,1248815684.5708,6C3A7089E7
1248806731.241949,1248806740.423339,4A8F009057
1248874443.218751,1248874451.182617,9980F2A747
1248812718.113284,1248812726.677734,D3B7BE3B48
1248812899.574217,1248812906.876709,0152C7901E
1248838810.97754,1248838819.137695,FC56D81099
1248869457.822757,1248869466.030273,8D5E09394D
1248822566.4062471,1248822576.098144,A5EB524E3E
1248822637.181637,1248822648.753906,5F96574996
1248802215.5849638,1248802225.012085,0C7953D199
1248824357.3784132,1248824366.522461,F3B9DB3CE0
1248824421.2148411,1248824430.375,9C3718EF21
1248819597.913578,1248819605.123047,EEC9C20F93
1248840063.406249,1248840075.283691,9697B33026
1248840148.224614,1248840157.276367,E696861F13
1248823301.118167,1248823310.58667,5961DA73CC
1248823616.5419948,1248823623.951172,8F6D753B81
1248823623.9550822,1248823634.534301,AC375253A7
1248826604.69678,1248826612.52832,E73330ABFB
1248873920.292969,1248873927.583984,17CD4A9117
1248859735.9682572,1248859743.624023,2F95CE1D69
1248859846.1826198,1248859853.649414,C64BC4E2E8
1248801495.900882,1248801504.229492,EC6016950A
1248801546.211915,1248801553.922851,8E0E5A7DB2
1248804115.3076189,1248804122.3125,ECEDB39FE8
1248804381.786136,1248804389.30603,BABE8C87E7
1248813843.758302,1248813851.27832,5AD192D7B8
1248863213.304691,1248863220.546875,E8ABC2C62D
1248870406.127691,1248870415.402343,819F4BB4A1
1248871487.777347,1248871495.754638,BE5F8CB032
1248871624.201168,1248871632.441406,3F6EF608F4
1248808466.818362,1248808475.398437,53912B030A
1248877592.9960978,1248877600.383789,F378F3C614
1248877793.424801,1248877800.833984,A372B99CD8
1248806856.671878,1248806864.311035,F62B35CAF9
1248806933.360357,1248806940.408203,952E39B2C7
1248821890.4599638,1248821900.317382,DB5CDC6333
1248836957.261717,1248836965.958252,FCE6443232
1248816849.19043,1248816858.335937,6F09C71322
1248854429.5957072,1248854439.706543,8047902276
1248824739.042482,1248824747.582031,CB0441E067
1248824878.992188,1248824886.34375,871C45F591
1248834324.333987,1248834332.439453,06402A0336
1248803997.30859,1248804005.3833,892541FF6B
1248837441.168947,1248837449.604492,068A309FB7
1248841159.888668,1248841168.181152,8C9D21D9E7
1248820703.2265658,1248820710.973266,804482319D
1248835421.496095,1248835430.15393,BDD4135D70
1248835478.988156,1248835487.069336,278F7681A3
1248807422.9541,1248807430.939209,D145A25753
1248865425.547368,1248865434.875,20D5DD69A2
1248862723.772092,1248862733.867187,C6FF9579A1
1248857313.978032,1248857321.335937,0C655A4815
1248836027.00879,1248836034.126464,5961C6522F
1248836112.9667969,1248836120.794433,B0B9CB92F5
1248836136.612554,1248836143.747558,869BCD3FE7
1248836516.531255,1248836527.032226,3308ECE910
1248838539.023441,1248838546.480468,A233023F81
1248838589.797482,1248838597.690429,84A315CFAD
1248855113.0605488,1248855122.304565,8E259F8506
1248855302.714845,1248855311.205078,35D7847760
1248826089.132809,1248826098.847656,0397EAFF56
1248879533.794925,1248879544.464843,3F7EC48483
1248879686.426762,1248879693.519531,1DBF506181
1248805222.088863,1248805229.372314,A1ECEB419A
1248860419.982667,1248860430.893554,953B43BE21
1248835645.054684,1248835654.582275,4713C85885
1248862250.579107,1248862257.707031,35FBB93A4D
1248833581.6977549,1248833590.361328,F65CF6D281
1248840987.831058,1248841000.274414,CF889CC66F
1248857599.7329068,1248857607.868164,1DC3C4FBE3
1248857787.429688,1248857799.978515,BBFA9F8DA2
1248857879.79492,1248857888.563476,6774FA6E46
1248872165.286134,1248872173.626953,B8E89AE37A
1248872198.674806,1248872206.583984,D232C1D9BA
1248872311.929691,1248872323.287109,6940BB9231
1248872508.4960911,1248872515.856445,1DA1EF7FD7
1248872516.653324,1248872524.224975,DB626D3114
1248827322.93945,1248827333.36206,B4DE36B2B7
1248822319.6430678,1248822329.056152,1395786899
1248815923.298341,1248815930.549804,7EC9EC03E2
1248815961.4248078,1248815973.96875,14CA892676
1248868167.656494,1248868175.774414,FED4DA6105
1248873116.631597,1248873124.500976,651C5CD39D
1248862491.664059,1248862502.727539,73384F8E65
1248862542.932864,1248862550.087402,B15F6E6B21
1248862608.0656729,1248862615.345703,4E58D2C24A
1248819425.927738,1248819433.301757,AC42D14EC6
1248822891.99805,1248822900.070312,26F6D8DEB1
1248855900.25195,1248855910.144531,A4FF68E521
1248813498.74756,1248813506.871582,30BB662B5C
1248813577.860355,1248813587.8125,9BFF711E9D
1248813619.025265,1248813632.132812,7D6779DD92
1248844900.597165,1248844907.912109,472F6CC8B7
1248874515.3691378,1248874523.149414,9CC5122BA3
1248874532.4101572,1248874540.269531,0596891B6A
1248874550.0280142,1248874557.484375,A154EC04C4
1248863457.9777849,1248863465.09375,5EFB39A689
1248863484.523436,1248863492.038086,4E19C1ED1B
1248863783.2612338,1248863790.711914,784F51AE18
1248820538.188966,1248820546.597656,A311E6B37F
1248858041.130856,1248858048.71289,373E925EB1
1248873483.202151,1248873491.662109,FC27B4EBA7
1248873520.673824,1248873529.016601,09EEA3E67E
1248873678.135738,1248873686.691406,915CA30E41
1248812432.1689448,1248812440.418945,629B15AECF
1248858238.500118,1248858245.856933,4B51EAC1C4
1248858728.835451,1248858736.085937,795FB4DAC5
1248821168.201173,1248821179.022827,7B5D7AC027
1248865519.2275438,1248865526.922851,EA3111EAF5
1248865733.759766,1248865743.093261,72F232B105
1248806052.1542928,1248806059.817382,E37FE2EEDD
1248806109.2060578,1248806118.630859,324C76FC8B
1248877044.2958982,1248877055.971679,E2006E2B15
1248843443.8276322,1248843452.177734,E08D510DFC
1248823974.319332,1248823981.433593,4D3679CF44
1248845319.770327,1248845328.416015,AC08130A0B
1248850164.578617,1248850173.512207,CAFC16C700
1248875202.6210968,1248875210.4375,97476DC857
1248875409.791016,1248875417.155273,95E60981B0
1248825020.167965,1248825028.419922,7FA99B461D
1248825480.5078158,1248825488.926757,63F76DAFC0
1248870880.4130888,1248870890.248047,172910C0FE
1248870932.571286,1248870940.324218,0C9FDB2330
1248871053.370114,1248871062.168945,653F720FDD
1248852478.261958,1248852489.421875,44D4980BE3
1248806396.894528,1248806404.652343,3F104CCE6D
1248819939.0751991,1248819946.332031,2D95EFD42F
1248819958.1284208,1248819968.223144,7F93BF075B
1248819981.030277,1248819989.242187,EBDA52867C
1248819999.614254,1248820008.0,071022EF42
1248828332.2626948,1248828339.740234,DDF5B26414
1248828662.413082,1248828670.910644,0B326A33EB
1248805798.760988,1248805807.324218,5712706D74
1248805868.566404,1248805875.93164,A031E73FB5
1248813192.993161,1248813201.699218,22AF717C26
1248865048.648437,1248865055.799194,D2C4F7570B
1248865064.6069372,1248865072.822265,8141B1A1F7
1248865303.473636,1248865311.607055,BB291B3701
1248865358.636718,1248865365.702148,1CB4C6B34A
1248858869.924806,1248858884.569336,31FE2ADA0E
1248835037.4375029,1248835046.105468,8ADE0FF6E6
1248820195.292965,1248820203.252929,4F2B3B569E
1248860836.328122,1248860846.603515,4626766A2F
1248854236.387209,1248854244.091064,50D94368E1
1248879890.736574,1248879897.989257,1B3A528F61
1248880343.732425,1248880350.894531,530CD769F4
1248814689.7519572,1248814696.793945,1A1E1A82D2
1248827903.241212,1248827913.104492,137D49E140
1248828053.572269,1248828061.755859,7DEAC30448
1248809013.75,1248809021.328125,B6E7148372
1248809433.6289089,1248809442.513183,95568DB1B6
1248809752.3779328,1248809761.134765,0B7348D727
1248809763.599611,1248809770.84375,2BC4099776
1248809832.697262,1248809840.878906,149B044460
1248851700.92774,1248851709.694336,62537B454C
1248852091.888668,1248852106.232422,A8D74E3DDC
1248804789.3837888,1248804797.452148,D9926A423C
1248847530.07739,1248847537.259765,8BA55BABF5
1248818804.599611,1248818811.735351,27C68442CA
1248878030.569576,1248878039.013672,3C763FDFD5
1248856251.686527,1248856259.960937,92189DD116
1248856612.523435,1248856621.453125,6CDE69CB19
1248834538.2559772,1248834545.333984,A68171BA6D
1248834613.224611,1248834620.690185,86457058BD
1248834709.583011,1248834720.359375,E7858479F3
1248861423.970706,1248861431.230468,6D1268D7E3
1248814280.682614,1248814287.738281,E3BA56CB7E
1248826793.661133,1248826801.544922,D076B8C6A2
1248826931.607665,1248826939.21582,817A4615CF
1248974417.416019,1248974428.433593,81FB72F960
1248983100.589847,1248983108.721679,02E4FBA2FC
1248970739.8818388,1248970747.368164,90E436661C
1248979032.1992218,1248979040.10205,005ABFC242
1248943706.231691,1248943715.320312,354A2FDBF4
1248943767.48047,1248943775.134887,19D15ACB0A
1248943775.8437512,1248943783.057251,F6A90F5EE2
1248938801.465822,1248938812.175781,096B5CDDE8
1248966715.897461,1248966723.50708,73C778A80D
1248958897.77734,1248958904.96289,9BF69589F0
1248989536.792539,1248989545.703125,C0D04DC710
1248958021.6865282,1248958029.659668,EC53C09E31
1248976236.246585,1248976245.342773,11B9796E00
1248991576.5332,1248991583.94458,4566039FC5
1248991706.6729732,1248991713.75,F6FE7D4677
1248969731.5140982,1248969738.927734,AE79614582
1248969995.5756829,1248970003.503906,CCB5D3EDCA
1248973272.076229,1248973280.796875,5BDD917AEF
1248973320.4248078,1248973328.9375,C76FEDCE9D
1248973476.250982,1248973483.398437,8337DC3CC7
1248973495.083981,1248973502.643554,8E1375F8D6
1248963909.363278,1248963921.623047,864BF362B9
1248964164.3159208,1248964171.752929,FE7F1B0442
1248978122.509766,1248978129.754882,2FF867E95A
1248978199.549801,1248978207.758789,D76B865C26
1248980716.021481,1248980723.511718,031EEED29B
1248993981.5966828,1248993989.063476,BA2AC5BBA2
1248984314.762692,1248984322.424804,1635C1CA7D
1248961662.87647,1248961670.1875,D9886C6720
1248989249.9169948,1248989257.748047,1F3659D566
1248940847.112304,1248940854.683105,7357A3797F
1248940918.283391,1248940925.588867,F2440AA03B
1248994465.738527,1248994474.730468,2E3923A4E6
1248988641.600587,1248988649.944336,596B53564B
1248999900.721676,1248999907.769043,111FD7FDC8
1248999986.9599638,1248999994.429687,D7FF4F6ACB
1248958254.886722,1248958262.665039,DFDE60D2F0
1248958590.891607,1248958598.579101,5F072B1447
1248967379.666021,1248967386.708007,DFDBD129DF
1248973819.921872,1248973827.567382,BB118BCF7C
1248986399.586915,1248986411.830078,E46D063E41
1248960177.1762688,1248960184.412841,884D0CC3F1
1248970379.416992,1248970388.230468,DCF2732146
1248976803.66406,1248976811.5625,4FED105923
1248978561.325194,1248978568.790039,7511EED4A5
1248978761.565923,1248978768.84375,03E5389EE7
1248978791.935543,1248978799.546875,BCF2F0F5D8
1248990494.828125,1248990503.710937,5D0772237E
1248990525.870117,1248990533.317382,22BCC5E7BD
1248965872.430661,1248965880.801513,CFDF0C1C96
1248965958.68945,1248965967.003906,F7FF4EE900
1248996066.234379,1248996073.815429,B76F880133
1248968316.781744,1248968324.964843,55FE0CDBDE
1248942840.57959,1248942847.966797,85EEDD7037
1248942891.227542,1248942899.566406,6F1E53DFE3
1248968413.372071,1248968420.989257,829E091BF5
1248986650.444576,1248986658.125,F8DEEF33F2
1248992762.4687471,1248992769.947815,96DDDCF5B0
1248992904.0624971,1248992912.388672,FC2AC65271
1248993174.3476589,1248993181.546875,3291C2F423
1248952141.492187,1248952149.847656,7BFC7B379B
1248972502.215817,1248972509.425293,FB4FB1ED80
1248972596.667965,1248972604.201172,05A56709F7
1248972802.17187,1248972809.859375,40DA46F1EF
1248975514.804684,1248975522.167968,7BFA57348A
1248960622.0,1248960630.757812,8044C12ECA
1248960708.390628,1248960715.849121,8B55DBF42E
1248960744.261717,1248960754.088867,364A561A2B
1248963167.119503,1248963175.134765,E6B7F0375D
1248970117.8730428,1248970124.925781,954C38FF7C
1248966070.472653,1248966080.291504,C3D3A469F8
1248992453.079591,1248992466.21582,4E80378C22
1248961381.58716,1248961389.0,5252221D33
1248962186.05176,1248962193.334228,F37F68F21A
1248962260.755372,1248962268.99414,C5D139E042
1248962337.994144,1248962346.71875,9DAF3C5C69
1248962403.4375,1248962411.588623,0A0162388B
1248971022.132809,1248971032.168945,EB00DA0925
1248942130.865234,1248942139.688476,C32B4C0550
1248979424.76465,1248979431.9375,FF0D6C9500
1248939196.756832,1248939204.291259,5A7CE4B8D9
1248939243.847661,1248939251.3125,A131D947BA
1248985885.875494,1248985896.053711,F36E201B80
1248966857.924802,1248966865.419922,D87127584D
1248966908.1835968,1248966916.206543,4C59BDC46B
1248979681.807614,1248979691.207031,33F4829775
1248979911.7959,1248979919.024414,6C427938A9
1248971743.0927691,1248971750.779419,C70F160EE1
1248961005.728516,1248961013.125,6410398F8F
1248961165.9062471,1248961172.99707,C170EC1ECC
1248961181.9926798,1248961189.437988,73635513F1
1248967772.166012,1248967780.97998,C1E9B3FD7D
1248972395.1525831,1248972402.950195,DFA23AC41A
1248968901.88965,1248968908.972656,6B69CABC70
1248951114.4938989,1248951122.321411,9FE368A536
1248951196.397701,1248951204.470947,F5CF1BECCB
1248951573.900392,1248951582.083984,F4B896B4A6
1248951648.303472,1248951655.714843,DB0FBEFD8C
1248964776.209234,1248964784.219726,4E9762E44D
1248963741.679685,1248963748.924804,0A9BD84A39
1248963841.467772,1248963849.285156,9AE176F4F9
1248950550.7993178,1248950558.898925,311ED2A208
1248965121.936041,1248965129.116699,0C13E0083D
1248969152.505367,1248969160.429687,F160C6717D
1248969165.470763,1248969172.851806,815EEE06BD
1248969440.70191,1248969451.34375,222724E65A
1248950785.795413,1248950793.818603,298D6C388B
1248959356.075198,1248959363.198242,7D1F8771DE
1248959573.8164032,1248959589.757812,DFF2029D4C
1248939847.3679152,1248939855.07788,D735AE28D7
1248959623.4990191,1248959631.77771,E5EA08C088
1248959694.5781262,1248959703.637207,BC78C765EB
1248967816.5380878,1248967826.152954,79A2EBC915
1248984696.649045,1248984704.088867,4032170C62
1248991038.779787,1248991046.262695,ED6DE5C982
1248991213.148434,1248991221.063476,A8235C0466
1248982385.3437471,1248982392.772461,59834913DE
1248987694.1835968,1248987702.608398,80EAA1C5B8
1248998074.51148,1248998082.667968,2D42BFBFCE
1249041235.312501,1249041242.614746,3BAF9DB741
1249060173.658207,1249060180.851562,6A480DB29B
1249049604.762693,1249049613.096679,C07E48F61A
1249045639.197269,1249045646.465332,57A24F39BE
1249045647.43359,1249045656.905273,3B6EFA15ED
1249010514.2695289,1249010524.111328,16A0792E31
1249044049.478513,1249044057.551757,19A1AE2EA2
1249009382.6333032,1249009389.638672,9807082DA7
1249096776.107418,1249096783.631042,1DA31FD24E
1249088923.453126,1249088935.400146,80C52C1C3C
1249089585.544435,1249089594.172851,6F4EC3FBF4
1249090096.630856,1249090104.504882,A211A5F857
1249092955.941406,1249092966.65039,E633067332
1249002282.4189448,1249002290.475586,2B36E60EF7
1249078882.14258,1249078889.93457,613E17C8A5
1249047093.550784,1249047100.599121,1DE4F39E2B
1249045951.298825,1249045959.429687,4A859152CC
1249045988.183595,1249045995.483398,8CF6044011
1249098849.258792,1249098858.044555,D559774109
1249099054.6523411,1249099061.936523,8BB1253B7B
1249099287.5957,1249099296.388672,57E5C78492
1249037355.708986,1249037363.129882,3775610644
1249037396.3769572,1249037408.077636,DD53A6E70D
1249037413.420899,1249037421.415527,EEE372D01F
1249031727.8935578,1249031736.009765,BAC25F3749
1249048217.216798,1249048225.048828,F2CCDF33A2
1249048233.2666,1249048240.936523,BC2E41EC66
1249073223.522707,1249073232.36914,D70ACF5A09
1249080732.457028,1249080739.851562,24EDEB09A2
1249032286.714357,1249032296.938842,B9371C2BDE
1249031562.450198,1249031570.390625,8F57098919
1249059302.231443,1249059314.398437,2FE85C3988
1249025252.800656,1249025260.911132,7D0EEE1661
1249072000.651364,1249072008.25,B057B8585D
1249022380.783206,1249022388.865234,2D0C16B97E
1249035939.707036,1249035948.230468,584EDAC8B5
1249049863.233645,1249049871.603515,1BBBA6E101
1249057293.952086,1249057301.529297,900D1104E6
1249020923.109378,1249020930.579589,5B18E1C0A6
1249021070.791012,1249021078.318359,348493EE1D
1249092415.556637,1249092423.291992,1734709C68
1249092547.3749971,1249092556.613525,6EA0B0E94F
1249025697.488773,1249025704.983398,43887913DE
1249033110.418942,1249033122.121093,E73B84A215
1249060989.7563522,1249060999.493164,B4A9781254
1249061073.337405,1249061082.095703,C04A34B009
1249089250.791385,1249089258.474609,A7A7D66A8C
1249052102.008786,1249052110.753906,EFE0A6321F
1249052301.479492,1249052309.05664,144C85CB3C
1249027733.793699,1249027740.970214,1C4B035B27
1249027983.905276,1249027995.363281,D635A18DC9
1249034097.069332,1249034110.060547,0FF3E0A515
1249064513.21484,1249064520.902343,2CC6FD8399
1249029546.28027,1249029553.504882,590BF7BAB4
1249029645.673825,1249029652.780273,65ECF51F6F
1249062195.9326198,1249062204.740722,50DF35B67F
1249062286.006101,1249062293.609375,42B3F596D0
1249094186.1279328,1249094195.814941,41AD850D42
1249029970.527105,1249029977.888672,963AF31546
1249030333.601559,1249030340.730468,91A9F8A448
1249095469.677736,1249095477.010742,E5C49F07AC
1249062818.957035,1249062827.176757,953C95AD77
1249063030.794436,1249063038.466797,866042A73F
1249063269.96484,1249063279.262695,E09C1099AA
1249071127.599614,1249071135.88916,8E798DADD6
1249044992.787112,1249044999.84375,E62175BEB8
1249045004.521001,1249045011.574463,4326396FEF
1249045131.262698,1249045138.6875,5EDA76F811
1249047850.653319,1249047858.127441,FFF90C4707
1249049069.2255888,1249049078.720825,478DEF04A5
1249066412.47363,1249066420.513183,C92C89C8DA
1249048568.707033,1249048576.0,EEA84213BA
1249048816.7998078,1249048827.164062,EDDDD7CDB7
1249028922.458984,1249028930.425781,0057339CEA
1249028959.926757,1249028967.413086,C12B6DBFA8
1249088485.902347,1249088493.328735,4CA0C3EA7B
1249088499.989255,1249088507.679687,6E56D85C57
1249088649.552736,1249088656.681152,A69C55C2D6
1249056760.436032,1249056767.822754,018F3F1E62
1249036574.2148468,1249036581.822265,88984440D9
1249036696.4301789,1249036704.325195,4276DA2CE5
1249040420.648438,1249040429.217773,082472139D
1249065419.342773,1249065428.964843,89888758AE
1249020168.0576222,1249020175.855468,CC73E311F2
1249033479.37451,1249033486.765136,F01ABA72DD
1249035255.568967,1249035263.776367,63EF0A7759
1249037932.895511,1249037943.617492,813CD5A974
1249038170.257816,1249038181.482422,0CAF77806A
1249066997.890625,1249067007.21875,66B6702EED
1249069187.0585968,1249069199.11914,84937D2213
1249039182.656245,1249039190.048828,AB205E9D19
1249039267.5913138,1249039277.821289,411B572744
1249019912.0311232,1249019920.697265,AABEF4EB41
1249061783.8071291,1249061790.870117,2A9DAC74C0
1249090828.589351,1249090838.035156,6C4D6647D6
1249080261.94141,1249080269.757324,A1E817C2CC
1249090523.68677,1249090533.026367,F8E3742523
1249025285.471676,1249025292.471679,0B4CFE8F61
1249024673.264652,1249024681.68164,EABEA9E7F7
1249040294.1914032,1249040302.770019,42D3B0D58F
1249026631.943363,1249026641.019043,507D1D8531
1249068578.950196,1249068588.946289,10B706C9DD
1249067426.5029252,1249067434.084961,085A2998BC
1249023758.0009758,1249023765.357422,0917672451
1249065562.476559,1249065571.709961,D71AA3002A
1249065683.341793,1249065690.648437,30C3673556
1249040639.2851589,1249040647.3208,B3CF0383CD
1249040869.212894,1249040877.037109,AB42C5AE26
1249076667.0449271,1249076674.108154,B1CBF06279
1249020617.237793,1249020625.173828,7E64D89EFB
1249020660.3994172,1249020669.90625,BD90981C66
1249020784.2187529,1249020791.336914,7935DAFC19
1249019054.168948,1249019062.098632,2D817A02F3
1249019102.949216,1249019111.548339,B5FAB336BC
1249035603.486326,1249035614.727539,627F20BAEE
1249097461.37695,1249097468.496093,3ED6200C7E
1249029296.300784,1249029303.647461,EE4959D566
1249029370.998052,1249029378.209961,6A3DE0BCEB
1249029398.752931,1249029407.296875,4E52E90B7E
1249063508.2226589,1249063517.192382,6512811647
1249080921.1562471,1249080928.699218,0203D46FF7
1249061486.003903,1249061493.259277,DCCB69BC34
1249100227.16406,1249100234.5,9442FB0E44
1249096170.697264,1249096179.427978,30D2C35B20
1249079030.5273418,1249079037.678711,40993598F4
1249079465.2163682,1249079475.393554,93B2C9438F
1249004688.1005862,1249004695.66748,A715919932
1249008682.0087922,1249008689.418945,4C40281C23
1249079724.275387,1249079731.790039,8669B213FC
1249079829.858765,1249079838.141601,98B658BF5D
1249025933.045411,1249025940.359375,7E81C569E8
1249001121.672604,1249001128.8208,EF2721AFD6
1249001225.10547,1249001233.770507,6988FAE44F
1249008048.7998078,1249008056.383789,7E20E7AFEE
1249008159.878419,1249008167.463867,F5D4F03A04
1249008216.4126022,1249008224.283203,DB4BA73750
1249067746.8627908,1249067754.392578,B19B3CF752
1249067796.193356,1249067803.394531,1C16F45235
1249035103.514166,1249035111.105468,78B60DB745
1249130285.2919922,1249130293.449218,F8237C3063
1249199038.219727,1249199047.832275,74CD77EA28
1249110408.7412071,1249110416.216308,7C208C4826
1249110712.630862,1249110720.354248,511A93D046
1249167949.2832,1249167958.5,0CC03A534A
1249167992.453128,1249167999.708496,B2776FF777
1249175488.085937,1249175495.726562,66C03E7B07
1249175520.39795,1249175528.3125,DDFCD1CE81
1249183131.059568,1249183139.057617,87AF59A6C5
1249200059.631836,1249200071.458007,7E14845F43
1249200079.911986,1249200088.346679,A1664B4268
1249102685.818362,1249102693.209472,E5AB92F5BA
1249101628.57324,1249101635.586914,23C927B37D
1249197193.284176,1249197202.145507,B088455CA8
1249197446.130374,1249197453.546875,BA8A898149
1249133964.875,1249133972.427734,D820392A0D
1249172056.12695,1249172064.8125,B71362BD4C
1249197611.4287138,1249197619.697265,A0F80B6F55
1249116177.798826,1249116187.18457,FEFC47DB88
1249115481.700197,1249115490.929687,7DA7D697F2
1249161718.940675,1249161726.547851,F1B979A973
1249185933.262211,1249185941.596679,72E4EE8169
1249128736.715823,1249128743.736328,F17D8C5737
1249128766.461181,1249128774.354492,373F432293
1249133049.728519,1249133058.27539,480997B885
1249122686.717778,1249122693.964843,12C512D1E1
1249174367.1494138,1249174374.41333,94E54F5311
1249132777.835942,1249132788.05664,A4E61F7928
1249172151.9882772,1249172160.440918,CA722DB2C5
1249172226.9565408,1249172236.048828,C949FC0BA8
1249131049.1367228,1249131057.03247,226166C944
1249131239.515622,1249131247.689453,EAF456B9DA
1249129275.561521,1249129283.860351,8BA014B1C3
1249127872.0273411,1249127881.515625,745CFEA8B8
1249184787.253906,1249184795.980468,335CD97E4F
1249197691.349611,1249197703.753906,5A7565FD57
1249197737.9001422,1249197746.029297,C2546ECC2C
1249197764.359372,1249197772.991455,F81D860C5E
1249197891.817378,1249197899.510742,2F6BFB2FB4
1249134335.162106,1249134345.973999,3D38A6C55D
1249184217.9663131,1249184224.990722,218600761D
1249181802.50293,1249181813.18457,1D01009690
1249157196.304692,1249157205.15625,E34147DD6E
1249157233.232425,1249157240.433593,1E061D96C7
1249112745.185543,1249112752.1875,F99E1904EA
1249107877.823241,1249107885.851562,4852784081
1249163773.649411,1249163782.86914,F906ACDD9E
1249198516.291564,1249198527.023437,DF39CE3AEF
1249126278.78125,1249126286.277343,F3DEA963D0
1249106998.105467,1249107009.546508,B9286118CE
1249107048.337404,1249107055.75,0BAA961954
1249107144.709477,1249107151.770996,4C7A307CF9
1249107181.734371,1249107191.336181,76A9A88236
1249164959.9499528,1249164972.783691,F77F1ACE48
1249124800.202152,1249124808.215332,B3A76701E3
1249188612.449222,1249188620.113281,DEE61DAF9A
1249133296.691406,1249133303.841797,00A2AB7738
1249166080.215825,1249166087.738769,BEA5F4D96D
1249170220.3525388,1249170227.710937,229CD4A3E7
1249190901.459598,1249190909.36914,353927F3B1
1249170027.794918,1249170035.366211,1E12F6C59E
1249114548.08984,1249114555.372558,2BF9A5FDD5
1249114724.696046,1249114731.707885,28B29F3780
1249171493.493657,1249171501.797363,BE219A78B1
1249123052.829098,1249123060.546875,0428D42C13
1249123061.135739,1249123068.386718,7ECC12E0DF
1249192559.459476,1249192567.758789,2A12A53DD4
1249163087.963619,1249163095.905761,8A56FA851B
1249106599.829104,1249106606.993286,EE1D892F29
1249172756.101559,1249172765.504882,921B3B8898
1249172968.497556,1249172976.441406,A8D75D6FF4
1249173048.837894,1249173057.543213,F8A53E64BA
1249119925.327638,1249119932.938476,C53DD0AD74
1249100830.420896,1249100839.05664,A96948B9BE
1249185287.6694322,1249185299.804687,177FB669E5
1249196535.284176,1249196542.688476,C03F0F0CB7
1249196766.0004928,1249196773.110595,16B660E6FB
1249196796.847532,1249196803.916015,686AB00E6C
1249121770.1435502,1249121777.201172,A3B020656F
1249158028.629398,1249158036.082519,7BC2D01681
1249158069.849612,1249158079.800781,318C7C721A
1249173885.9707,1249173896.126953,F43C90CFAF
1249158712.068356,1249158719.290039,EDAB86C549
1249158739.8266652,1249158747.625,556D28DB2E
1249188801.044918,1249188810.748535,BA4E5458D0
1249188950.567378,1249188959.364257,C1B0720B6E
1249112286.268555,1249112294.534179,CBED229782
1249118727.743161,1249118735.029297,D105FF3EEF
1249108797.47266,1249108804.694336,EE45C56331
1249130671.000003,1249130678.48706,FBF240E9D3
1249130802.097899,1249130811.65039,6568B9F789
1249169531.845698,1249169541.466797,AA39D64AFD
1249101537.271482,1249101548.186279,95A5E6B2A1
1249101842.288082,1249101849.421997,347D17BCAF
1249114288.7939491,1249114296.567382,BAB0401BDB
1249114297.304691,1249114305.037109,291FDBCE1E
1249114478.910153,1249114486.413574,8D02B40A5A
1249117028.921878,1249117035.9375,2292D02CAC
1249131576.5605469,1249131583.859375,DDDD404933
1249132022.5,1249132031.483398,69D48ED000
1249111384.5498002,1249111394.305664,DE42C033F0
1249195594.541012,1249195602.109375,AE2900ACE4
1249108673.5219738,1249108681.474609,9722F857E3
1249158283.8691452,1249158291.186523,1389A68BE2
1249157478.790035,1249157486.459472,52D6265492
1249128097.964842,1249128105.665039,51E3138FC1
1249110056.5712922,1249110064.200195,E62894B7FB
1249119257.4127169,1249119265.52832,61B3231466
1249160032.3750038,1249160041.509765,627696C6DE
1249160103.416012,1249160111.753662,AC60AC5E3F
1249160358.719478,1249160366.546875,C1AC132E86
1249118042.83984,1249118051.673339,6CCA4DB7EC
1249118110.8825672,1249118119.795654,D58C040537
1249158953.839357,1249158961.86914,F84C112A76
1249159308.710941,1249159315.767822,394310BE36
1249124160.477544,1249124167.757812,2BF7DBB915
1249124266.984378,1249124275.427734,B46899D2D6
1249124354.91211,1249124362.61914,BB0FAA44CE
1249168832.316403,1249168839.667968,F067569EDD
1249168893.543947,1249168901.871338,347A0757C4
1249125031.07385,1249125038.096679,A44A577BEE
1249292969.328128,1249292976.919189,B06E441137
1249235869.3222702,1249235877.969238,B30F0E0872
1249280028.858402,1249280037.107422,58315F5BCC
1249299656.737301,1249299664.035644,BD1D55F334
1249271040.3125029,1249271049.640625,708E8777F4
1249275702.447268,1249275710.808593,3AC78B2EE9
1249263208.8063922,1249263218.48291,EF089151E4
1249266710.837894,1249266719.864257,75522F19E7
1249226769.85449,1249226777.196045,4E851BE68E
1249268626.56348,1249268640.117187,11594A6FE2
1249263305.6494188,1249263313.988159,B403CDA3E1
1249263598.787111,1249263606.358398,DBF7B83713
1249263884.1890838,1249263892.833984,06F521FD80
1249267961.696288,1249267972.160156,39A1B293BB
1249268102.809569,1249268109.984375,57E1482C84
1249233104.2197242,1249233113.666015,06CB39A64D
1249274184.544925,1249274194.202148,03E276E51E
1249274463.81445,1249274470.883789,7B26C9D219
1249280910.474607,1249280918.736328,0DB2E88A7F
1249236027.125972,1249236034.753906,A7F5A0C79D
1249212197.1181638,1249212204.263672,B8E37D1E05
1249240275.579836,1249240284.140625,8662809ACF
1249256511.561649,1249256519.001464,10E734712C
1249256619.094727,1249256628.954101,F9B052E9F7
1249256745.156253,1249256753.148437,1E7FB93DF8
1249265209.073492,1249265216.137695,B7C20E761B
1249273162.577152,1249273170.103027,B1306A64E4
1249258967.710943,1249258975.14624,8945AAD333
1249259020.978029,1249259028.603515,FC78784472
1249286007.306637,1249286017.487304,8EF9CD019C
1249269202.574219,1249269210.415527,660840DE83
1249220994.515621,1249221002.982422,FF77F1AF84
1249218490.477536,1249218498.95288,665A09A61A
1249218499.6201198,1249218506.831054,77995D4A01
1249218656.7187471,1249218663.788574,106F0B5668
1249267286.5,1249267294.239013,10000F1086
1249203279.712888,1249203287.242675,9FB4939066
1249203537.94141,1249203546.99707,29CA6CB01B
1249254618.6294,1249254625.933593,F98F126EF5
1249222201.230465,1249222211.999023,4D10A602A3
1249293901.647947,1249293908.688476,0368608AE1
1249242119.9660602,1249242128.990234,9C988AC05F
1249291663.335695,1249291670.900146,F8B933B168
1249264064.210934,1249264071.647461,3C5BECACF8
1249258296.787114,1249258305.992187,8D8B8F9464
1249269778.1123028,1249269786.476562,35E712AF61
1249257194.553715,1249257201.729492,7DA363BD14
1249228554.497076,1249228561.574218,1396F41E70
1249299283.384762,1249299291.633789,7E1ADDA29E
1249299445.4956038,1249299452.726318,4644FB0E27
1249255439.256345,1249255447.409179,1BDE669D16
1249289269.25,1249289277.558593,38483972A6
1249289547.819332,1249289555.121093,85C86F95A3
1249282393.1875,1249282400.345703,2CBFCE2BF7
1249240608.7524428,1249240617.554687,DA92029748
1249206044.3715792,1249206057.203125,76493D9048
1249201799.757816,1249201806.988037,66F1D789C3
1249203163.339843,1249203172.728515,9877E1F392
1249282808.2168,1249282816.12207,7486D7D1D6
1249282825.265628,1249282832.9375,3DB373E2D8
1249283205.767578,1249283216.515625,C4F68E222F
1249217658.103516,1249217668.947265,0C0D9BC943
1249217746.547365,1249217753.857422,440C35E38E
1249209922.406248,1249209930.511718,76DCAC6643
1249209986.448244,1249209996.540039,F234363DB8
1249211164.401367,1249211172.205078,AC8364283E
1249211217.743654,1249211224.754882,F509626ADE
1249286750.9873078,1249286758.237304,189B145D05
1249234221.396487,1249234229.264648,2755D10CDD
1249236672.125001,1249236679.523193,AF319B8E6D
1249236794.166868,1249236802.051757,6AEEE4DFF8
1249288222.208494,1249288229.287597,454419F122
1249272775.180666,1249272783.496093,70A5C599D0
1249216171.68213,1249216178.801757,10CCD61C85
1249216306.082639,1249216315.344116,8652EA7BD2
1249242357.66406,1249242365.316406,44C00FD2B3
1249223481.0576198,1249223488.697754,4EA6283C45
1249223561.149419,1249223570.999023,8EA529F2E0
1249221451.007811,1249221458.927734,A32693FFF8
1249298839.205075,1249298846.521972,68C59AD78D
1249254501.682369,1249254509.535156,AD69EF6CD4
1249254537.28027,1249254545.070312,4849E16C9E
1249283876.672667,1249283883.769531,090394449A
1249280397.402344,1249280404.421875,14F65D790A
1249224299.951662,1249224307.396972,A2F0871BC2
1249255740.7226589,1249255748.401855,3D4A7BDC94
1249236297.6816409,1249236305.171875,177C97F3D5
1249255925.643559,1249255934.57373,DB6607F114
1249256159.55469,1249256168.09082,B8F22B375C
1249256284.912112,1249256294.96875,0D65ABC233
1249270106.007812,1249270115.0,35BF63FBFC
1249226227.375,1249226235.295898,4CF9275F56
1249277996.8681638,1249278004.644531,727D95CC4D
1249274761.415037,1249274769.391601,342C21B2FA
1249291120.115234,1249291127.450683,B83EA58209
1249281497.34522,1249281505.02124,61003062D7
1249287933.9755838,1249287941.3125,8D0BFEF522
1249287988.807617,1249287996.233886,86335522B5
1249288847.667965,1249288855.125,040B2F2306
1249288930.782225,1249288939.033203,F65652BB36
1249290174.7539082,1249290185.156738,159DDE1D3A
1249222819.2744138,1249222827.58789,A32C83E4A2
1249211849.826168,1249211861.108398,7D385950F4
1249277464.661622,1249277473.719726,AE6F9A7564
1249277487.1166968,1249277495.594726,96F0C8B0F7
1249264518.260679,1249264526.582031,5746AC963B
1249264640.235349,1249264648.124023,CE723F6809
1249240925.608398,1249240934.397461,EAB09AB1BA
1249278846.5859408,1249278853.604492,EA403DDD28
1249227021.569826,1249227029.462951,882AD2F37A
1249285200.5488288,1249285207.583984,6FC39F9B28
1249285445.668944,1249285455.042968,64E2274119
1249285561.434573,1249285569.635742,48FBDC3D01
1249238848.580075,1249238856.027343,07CFB8A27A
1249368234.087887,1249368242.207031,228C2E2414
1249327323.338864,1249327330.625,2F14136FEE
1249372250.478512,1249372259.582275,5FBD55FC3D
1249372312.5,1249372321.8125,E26F5C2A21
1249372656.5039089,1249372667.697754,E8CEA815E7
1249372934.5029328,1249372942.598632,730D9A72EE
1249332520.715696,1249332529.339843,A3100B4720
1249379036.955816,1249379045.287597,BF4484ABB6
1249340680.692379,1249340690.55957,BB616675BC
1249363943.4043,1249363953.075561,BD82B0A669
1249366698.4453158,1249366709.601562,F459DD28E3
1249329587.8125029,1249329596.707031,12512DD09A
1249307188.833987,1249307196.800781,CF75C217E6
1249307830.9267578,1249307839.222656,1A658DF489
1249356594.4423862,1249356601.90625,131D9E8E28
1249354851.474124,1249354859.171875,91E79604F2
1249383617.740231,1249383624.8125,9BD845599F
1249359885.5000029,1249359893.445312,1A5DEF1EF8
1249371185.75195,1249371192.83789,D5B6830CBB
1249347941.516604,1249347950.699218,CBB166B5FC
1249376141.510989,1249376151.704589,09CC7CEA21
1249376316.764649,1249376325.260742,AD98A58279
1249376436.4707072,1249376443.53125,70E030A411
1249392005.624028,1249392012.788086,558AD4101A
1249375236.0400422,1249375243.21875,9F011F053B
1249336558.6391652,1249336570.703125,67F2EFA990
1249312149.056153,1249312156.353515,BBD8713801
1249374377.343753,1249374386.060058,442E262AD0
1249374503.617192,1249374510.671386,829BDD4408
1249359567.429196,1249359574.566406,2876F0A8D2
1249394515.368161,1249394523.943359,67A0051668
1249394813.322269,1249394823.65747,86D0220AC0
1249318123.613278,1249318130.944336,F7E9F79F9B
1249318332.2363322,1249318341.500488,2D38B5F646
1249393663.332034,1249393671.632812,35D362A415
1249379936.75,1249379946.414062,ADD97AFDFC
1249380027.1848102,1249380036.961914,D3893CE13A
1249380047.060794,1249380054.149414,C1056F9458
1249380102.000978,1249380110.666015,86CBCD8A53
1249380464.1423311,1249380472.252929,2D640BBFCC
1249354394.740478,1249354403.835937,E5164A0553
1249398095.0219698,1249398102.28125,FB1D6EA69C
1249368451.803714,1249368459.031616,E9915821D8
1249377292.625973,1249377299.726562,EBF5F029C6
1249341398.910398,1249341405.933593,703B3B78FF
1249388823.7163131,1249388831.364257,1F28FA98DF
1249355451.275387,1249355458.705078,2740C252B1
1249322163.9267578,1249322171.552002,7CF4AC7747
1249322441.884283,1249322452.763672,E541A7F88F
1249336200.0869172,1249336210.55957,AC0244EC54
1249336251.3914828,1249336258.565429,D3BB72B89F
1249336353.625,1249336363.044922,ABE3D353CB
1249306444.247073,1249306454.612304,4126780762
1249330914.656741,1249330922.058105,DAD9CAF4EC
1249369351.923341,1249369359.09375,024CBD29DC
1249349578.875249,1249349586.819336,B9678C6E85
1249349838.765138,1249349847.771484,42B9860AB4
1249395034.9025831,1249395042.621093,8EE1C6CA51
1249378548.745114,1249378555.824218,3F5632CCAF
1249325543.0389378,1249325550.401367,5841DBA7B5
1249361335.995115,1249361343.402343,045796CA10
1249353102.919435,1249353111.691406,B6D47A6C1B
1249353440.876953,1249353449.496093,5246667913
1249338640.809567,1249338651.602539,5361DB4BF8
1249352408.592282,1249352415.791015,AD7790555A
1249360554.149908,1249360561.686523,76482775E0
1249354025.847408,1249354036.190429,FA865F0713
1249338850.498043,1249338857.905273,D2516E743C
1249359181.658201,1249359189.723632,43EC4D4A72
1249351135.551761,1249351142.753906,9B269D1479
1249387140.308107,1249387150.865234,3380C60764
1249387181.138187,1249387189.544922,07A2EA5038
1249351415.269528,1249351424.061523,6423839C85
1249363599.849122,1249363609.79248,BB15AF659A
1249368637.615478,1249368644.64038,EB01EC21D8
1249368645.115238,1249368652.723144,ABFB493E56
1249368661.4838898,1249368669.549804,D3116F78EC
1249369093.362302,1249369100.562255,A63D169EBD
1249365959.020323,1249365966.679687,04B61A4BA1
1249358145.946043,1249358154.46875,7F6987068D
1249341832.829098,1249341840.352295,4E3400D244
1249365551.895383,1249365559.125,3297A1A5D0
1249320058.732419,1249320066.882324,38728A5AFD
1249391142.538576,1249391149.871093,F0E680EB4C
1249388076.068362,1249388084.930664,EB764C5FCD
1249388275.861325,1249388283.182373,C275D4DAB2
1249388411.820312,1249388419.767578,4CDD01CBB9
1249388591.1054718,1249388598.34082,C02F3B8CE8
1249369943.20312,1249369951.138183,7B0ED83543
1249332929.954101,1249332938.487793,9622E01165
1249326402.5,1249326409.953125,7CBCF975C3
1249347415.541019,1249347422.665771,7D08075347
1249301137.646726,1249301146.100586,207CDB57AB
1249301359.051027,1249301367.844726,CA95590EF2
1249377956.6279328,1249377963.863281,7647C0396E
1249378242.942388,1249378251.663086,AE3FFD52C8
1249311260.144528,1249311268.271484,A1C0933702
1249314943.288087,1249314951.852539,EAB3930844
1249398808.630863,1249398815.808593,9096A419BC
1249398977.993165,1249398985.52539,69F2A61FF1
1249382658.617431,1249382665.76123,C1619E3A10
1249311814.0283222,1249311821.083984,0337B24C4C
1249311991.25781,1249311999.005859,5090C5A7F1
1249345752.798343,1249345760.801208,8DED916F54
1249301605.602538,1249301613.546875,5AAC9FAC1E
1249301700.804692,1249301709.4729,F26D4F0D7C
1249301774.218747,1249301782.199218,7F0EC49FDC
1249349168.364259,1249349177.129394,67250173DC
1249389290.0,1249389298.897949,2783C1AD91
1249394104.581055,1249394112.380859,CF4FD93A84
1249394206.712894,1249394213.942566,5A481BFC59
1249377183.246578,1249377191.02832,D770AAC696
1249340112.27441,1249340120.744629,5F8EB309DD
1249340406.817868,1249340414.95874,C5D2859ECE
1249315353.31055,1249315360.36914,3E09ADFA2B
1249321162.969723,1249321170.023437,36C3055E8F
1249395922.273435,1249395933.751953,A48C8B42D8
1249346734.242313,1249346742.710937,B69504275E
1249395509.573239,1249395516.605468,94AD53CF80
1249324810.294922,1249324819.554687,20FF0722D0
1249399360.926761,1249399369.396972,C63EC9E8D5
1249384841.7211938,1249384848.847656,EF6DC440BE
1249384852.78418,1249384860.668945,659A3E96D7
1249360968.045902,1249360975.645507,A1EF082149
1249399760.541013,1249399769.407959,B2CCFDDAFE
1249366889.952886,1249366897.858886,D0ADD6CDB7
1249394936.811037,1249394944.704345,8830E0735A
1249325286.81348,1249325294.416992,2C1824CFEC
1249319882.676271,1249319889.970214,AEA87F7E19
1249348510.0332072,1249348517.313476,EB3EDF042F
1249348557.138187,1249348564.972656,6B698B67B9
1249318659.5693362,1249318666.653808,42D1923F92
1249342267.197262,1249342276.172363,51C379D955
1249342284.384762,1249342291.549316,5A49BF96A3
1249349949.746583,1249349958.33789,E05F9684CF
1249362256.0888698,1249362263.314453,D1D574711B
1249482780.375,1249482787.553711,3DE32E4D37
1249436752.4443312,1249436762.613281,9FD926D4AD
1249429690.552244,1249429697.826172,031E8FE99C
1249480689.1004622,1249480697.578125,DC9C47F6AB
1249484550.867185,1249484558.852539,DEA6CF64B3
1249447256.732425,1249447266.481445,2FAA7527C8
1249486217.1071732,1249486224.901001,6BE75AB3DD
1249486231.779056,1249486242.190429,9717831A07
1249483511.924805,1249483521.084228,0477671719
1249412625.975102,1249412634.220703,0218359C85
1249485311.180666,1249485318.557129,730BA09776
1249485452.583011,1249485460.130859,0C5E691E55
1249405569.541019,1249405577.875,148BB8596E
1249496847.379156,1249496855.93457,264E085836
1249496959.587887,1249496971.209961,AB1ED9A932
1249407214.2675788,1249407222.099121,2AC1401ECD
1249456573.01563,1249456580.137695,D8D3497E30
1249400053.488278,1249400060.582031,1325B9E681
1249400345.991212,1249400353.195312,7BA8E57FF6
1249400506.2812471,1249400514.488281,9700A27CC9
1249489841.8051789,1249489849.666015,7306908881
1249469506.509766,1249469514.027099,C11B548483
1249416277.0027452,1249416284.068481,58EDCA525A
1249421832.0869138,1249421841.199218,6288855F2C
1249431808.664059,1249431816.129882,FF7B1B9C0E
1249478634.300785,1249478641.404297,08F674D38E
1249478656.253903,1249478663.63916,8BF962B4EA
1249420915.354489,1249420922.432373,78E0785ED1
1249421014.085941,1249421021.484375,F8DC644021
1249421094.557614,1249421103.028198,295CA59BB1
1249400869.1875029,1249400877.432373,F0B0B0B1C4
1249416135.0654252,1249416142.777832,B3A77E7F13
1249448164.47559,1249448171.483886,F33A620700
1249499736.659182,1249499748.834961,670319FF2B
1249486998.25928,1249487005.644531,CF0303782D
1249487044.903323,1249487052.910156,B22AF91A4E
1249487247.604494,1249487257.357422,66182D6890
1249415234.792965,1249415242.155273,6D66B1A2AA
1249415247.010738,1249415254.204101,C25D80C502
1249494846.56055,1249494854.511718,1529A8ABE3
1249463866.32861,1249463874.655273,F3273AF357
1249436017.1660202,1249436024.771484,66384C1E64
1249447938.909665,1249447946.59375,EA8D12FDDD
1249442590.688476,1249442598.754394,750AC029CB
1249442656.15381,1249442663.346679,C65251669D
1249463307.729985,1249463316.109375,9481FF36BD
1249493448.96973,1249493455.976562,441E8324E4
1249412976.992192,1249412984.333496,164325ACF7
1249404809.286136,1249404819.44873,38632A5D9E
1249422383.666019,1249422391.135742,2C9DA7B159
1249418085.2148468,1249418093.332031,517861349E
1249437065.960934,1249437073.432617,06C88CC9C1
1249429390.894535,1249429398.092773,0C37662603
1249411836.875,1249411845.082519,28CCAEE2A1
1249400994.337887,1249401001.680664,C4F4AD9EB2
1249401383.103512,1249401390.814453,219DE49CB7
1249471334.738285,1249471342.489257,C743B615DF
1249437294.667972,1249437302.617187,E8FC0D037B
1249437302.640627,1249437310.480468,1DE5AD7685
1249445809.820309,1249445818.063354,A6F6FDE313
1249446109.286985,1249446127.750976,F74714B1E1
1249444014.520504,1249444024.303711,D59566CA86
1249444222.781253,1249444230.091308,FA8BC4E4EA
1249487356.412964,1249487365.003906,99D789419E
1249456017.044737,1249456025.022461,53EA43C657
1249491221.328122,1249491231.535156,6AD0C22B28
1249491587.737796,1249491596.037109,27B0996336
1249491672.4960968,1249491680.456054,B9FD4EFAA9
1249441554.9877882,1249441562.005859,17E1DB5588
1249441562.0068388,1249441569.23706,63069D46B0
1249430130.398435,1249430137.868164,299D3C5BE7
1249430258.777348,1249430267.424804,87CE65FF37
1249465346.589357,1249465353.914062,CE21A025C5
1249465405.4282238,1249465412.44873,1473817FBB
1249472167.84766,1249472180.0,F58E35B184
1249472304.519773,1249472312.502929,B21CF12710
1249402911.965817,1249402920.511718,2C42A3CEE5
1249402936.978765,1249402947.867187,DCBE71DFB2
1249443139.142582,1249443149.830078,6BA453ABAC
1249484765.8349612,1249484773.092773,DF464120E2
1249479695.760739,1249479708.811035,E87ABE3F38
1249483309.8066409,1249483317.210937,27C6D84B2E
1249409447.130128,1249409454.67102,56895C883A
1249409478.408689,1249409485.942382,52186DF677
1249492784.678106,1249492795.677734,E9B38FA94C
1249492856.371094,1249492864.20874,35F865FBD9
1249492889.463864,1249492897.692077,362BEFF832
1249439822.003907,1249439830.191406,BF3400C57E
1249446371.7783191,1249446378.794922,74826B3A39
1249446385.1704152,1249446393.902343,A326A449B6
1249477781.6503882,1249477790.461914,D92E0B3814
1249466537.493169,1249466544.782226,928F496852
1249442161.326169,1249442168.373047,8D5FE2FFB8
1249463988.927735,1249463997.516357,5DD17022E2
1249464177.572262,1249464184.759765,0593B99ECB
1249464390.9755888,1249464399.790039,A72B79E244
1249467201.9492218,1249467210.599609,68B81770D5
1249467350.96631,1249467361.372558,8D4478500A
1249455463.764162,1249455472.447265,B4A83B5D8A
1249469821.527837,1249469828.87207,F7218901E4
1249469945.699947,1249469955.706054,ACCF3A60E7
1249478968.129394,1249478975.725586,F7A8055C09
1249479064.953128,1249479072.125,5719B68E24
1249488522.154302,1249488529.585937,E40BDB3658
1249457945.137692,1249457952.72583,1F26FDCA7D
1249467838.980466,1249467845.987304,921EA7FCAB
1249467965.578128,1249467972.898437,152AE3CF4C
1249468679.242434,1249468686.482422,BC1F9CCC11
1249439191.199219,1249439201.117187,FF9482E84B
1249457375.167965,1249457382.265625,D01F3B04BC
1249468972.00391,1249468979.500244,DF9F6DFE3B
1249449174.0146508,1249449182.671875,E07EA08C88
1249456931.236325,1249456942.844726,1E4D70939B
1249443606.367191,1249443614.443603,3E5FF632C4
1249422904.6084,1249422916.750244,44107E4219
1249422939.460934,1249422947.902343,C85C1F0745
1249496359.55859,1249496367.161621,CA9637B735
1249429098.573912,1249429108.353515,AFF555FA99
1249436383.707031,1249436390.7229,BCBD1C9AD5
1249445503.690675,1249445513.213867,07806C4609
1249466183.0944822,1249466190.665039,C36ECC9B50
1249440677.138187,1249440685.017089,1211E84577
1249464669.8266652,1249464677.74414,EA4B120612
1249460271.2412128,1249460278.288086,63815CD5E1
1249420554.353519,1249420563.917968,2E9C8360E1
1249416847.556155,1249416856.84082,D1D8128218
1249423427.817628,1249423435.616211,B51EBBC391
1249478576.823239,1249478584.863281,9582355FA9
1249490184.539059,1249490195.868164,AAAD163F03
1249474015.146481,1249474025.462646,3A855A557B
1249474201.730472,1249474209.522461,7CA02F573F
1249419384.247074,1249419391.262817,815F46C078
1249419177.558597,1249419185.762695,69D46853D6
1249498397.843751,1249498406.013672,17390AC170
1249498414.6179152,1249498422.722656,60F80D5465
1249498796.619137,1249498803.950195,3C1927E64B
1249438265.612791,1249438273.978515,33BF39CEF7
1249412191.977536,1249412199.171875,0D5E147CF1
1249412206.223629,1249412214.214843,51373CFC30
1249401675.222169,1249401682.3833,37458AE03D
1249401735.417972,1249401743.743652,A9CEBEEBDA
1249497424.99805,1249497432.5,59A61F0172
1249451084.579105,1249451092.339843,29ACFC28D2
1249472736.375003,1249472744.140625,2D45C99504
1249473084.96631,1249473093.388672,EDD794FF73
1249473164.328125,1249473173.549804,D734EBE2C5
1249458745.994628,1249458755.23291,A32BE6D3E0
1249458956.519528,1249458967.319824,D52D27E72A
1249417265.997802,1249417274.640625,ACD3BCFE22
1249444420.714847,1249444430.774414,EF9BA81D6B
1249444534.0478492,1249444541.289062,AAAF35ACA1
1249491858.784673,1249491866.043945,072B85C940
1249596245.9176,1249596253.40332,D5717D32D0
1249506859.2368188,1249506867.114746,94E1B66821
1249508165.9062471,1249508173.02832,05915A4D3F
1249511056.074217,1249511065.141235,44160EA2C4
1249504771.856448,1249504779.989257,75AC962B55
1249504929.03564,1249504936.105468,F473C1DF86
1249596336.359375,1249596343.504882,1D807086EB
1249504541.562505,1249504549.58789,A7A015F56B
1249591118.3398468,1249591127.449218,6FA6497AB4
1249538323.213374,1249538330.322998,D7B2C27313
1249564870.1953108,1249564877.708496,509FAB2565
1249565130.2275429,1249565138.971679,CE1D6AC9D4
1249516965.050784,1249516973.039184,0CB3E4A802
1249599818.447262,1249599827.100097,4559CD0494
1249535537.06348,1249535549.693359,065B1E12D2
1249524548.888673,1249524556.026367,C4F6B0ACAC
1249511789.979489,1249511797.851562,BA9893BCFE
1249599323.8281229,1249599331.552978,EB1382484C
1249530502.395513,1249530510.206054,BF040EC950
1249547521.533204,1249547530.024414,44597D1E16
1249549309.8515658,1249549319.382812,4062171AA8
1249549602.6083992,1249549610.848632,6D5CAC5DAC
1249561916.619142,1249561924.243164,9145BA8000
1249597167.470698,1249597175.067138,209219BD4C
1249597304.742184,1249597312.118164,E7FCA84070
1249544732.173825,1249544741.21582,641DDC2458
1249568561.255856,1249568569.191406,4E7D2C6A4F
1249514755.903812,1249514764.238403,BC345E8B52
1249514774.880857,1249514783.528076,1471A019F3
1249514988.929684,1249514999.029297,9C10D998F8
1249515148.193363,1249515156.323242,A47E9B6C71
1249559161.6313488,1249559169.693359,43BFBC9E8E
1249513345.93652,1249513354.664062,04681267CF
1249529800.949947,1249529808.488281,86EC6A84EA
1249595367.468381,1249595375.792968,6FF2E66979
1249516492.884768,1249516502.074463,A82F66FA48
1249534831.091312,1249534838.914062,FA9D86D002
1249563239.3930688,1249563247.377441,7292C8229E
1249563316.707031,1249563324.767578,65762554DD
1249522169.78906,1249522178.628906,C993CF3AF9
1249598356.109378,1249598363.561035,EC62A5A022
1249563666.453615,1249563673.878906,D4B2449683
1249541268.938481,1249541276.800781,0DE021A4B4
1249507460.583492,1249507468.157226,208C74CB1E
1249507504.468015,1249507511.647461,B5F9A496DA
1249520867.204098,1249520875.961914,C5F714558D
1249588200.8520472,1249588209.24707,92F20FECE3
1249592980.962893,1249592988.762695,43AADB5B23
1249525174.478519,1249525182.07666,813817F6DA
1249502121.37109,1249502129.214843,1FFF2FFD89
1249546320.2556112,1249546328.570312,CD96C044A4
1249500938.2363322,1249500945.757812,0D40A9DFBD
1249526352.4638698,1249526359.849365,6EA8520E02
1249526509.636716,1249526519.00769,B347898395
1249567664.50781,1249567671.704101,F4BBCD6F7B
1249531229.8418,1249531239.105468,ED722305E8
1249500301.8749971,1249500312.755859,C10F95A9B3
1249500501.4453158,1249500508.572265,0F1F793FDF
1249546509.988284,1249546518.259765,83F7AEC6C6
1249531635.979982,1249531644.165039,D33EFFD75F
1249599128.243528,1249599136.269775,CE87152A0F
1249539621.2807589,1249539630.502929,5406F4164B
1249543235.4687471,1249543243.373169,CC4C3506DC
1249502462.348384,1249502471.490966,889DAEFF7D
1249505560.298825,1249505567.959961,756DA5C7BD
1249505879.5168412,1249505887.816406,BE8A1F6CE1
1249505913.898191,1249505921.899414,5A7FE15626
1249542340.2216752,1249542347.65332,3245454DCA
1249561579.778324,1249561587.291992,64C34BAA27
1249588439.8749971,1249588446.969726,5CFC25292B
1249588552.623538,1249588560.34375,37DECDA99C
1249588565.497072,1249588575.960571,4035AF67A9
1249584549.003908,1249584561.243164,1CA24F3A00
1249533988.326047,1249533995.868164,22DDDA6C64
1249534002.50098,1249534011.660644,CD35FFEFE5
1249547988.034179,1249547996.300293,91C5FB5D8C
1249521494.739255,1249521506.569213,BC118E8FFB
1249593879.404297,1249593886.760742,2ACC05D571
1249521722.9726532,1249521730.093872,D398806E19
1249522021.820314,1249522029.729492,54661AC973
1249529331.2363322,1249529339.014648,DC1B0C5C0D
1249508390.2038531,1249508399.529297,8C90C1453E
1249532953.685786,1249532961.178711,C1229D6680
1249519211.368167,1249519219.05664,7B93B7A99D
1249564390.377926,1249564398.15625,46EE38FF4B
1249505015.75745,1249505023.0,0A0D869DC7
1249598000.4790049,1249598008.324218,C404EF42DF
1249503041.718753,1249503050.208007,2582066DEC
1249598745.771482,1249598753.0,3C17A944F7
1249547012.355472,1249547019.44165,0F2966BCFF
1249565404.688473,1249565412.30957,D9103255E0
1249536461.0429718,1249536469.198242,F5ECF63348
1249518694.290042,1249518701.308593,431F3E6F85
1249542873.410648,1249542882.304687,7ED6D9A20A
1249559378.871094,1249559386.042968,1472FE7F3B
1249586889.20801,1249586896.743164,79EFAFFDE9
1249506423.484375,1249506431.416748,BB1E4F1B28
1249544434.010739,1249544441.208007,B9B9EC30D0
1249544491.604489,1249544500.036132,B6E2A91F62
1249586954.263668,1249586963.582275,5DFCB4697C
1249537931.107425,1249537939.688476,7C3E938FFB
1249593344.0361362,1249593352.177978,520F770238
1249593746.804936,1249593754.03125,0FDBFB632C
1249542694.693362,1249542701.814453,4CA2561683
1249533371.352536,1249533378.671875,C53BF755D1
1249522735.195316,1249522742.608398,78EA26D58B
1249525397.732418,1249525404.737304,9EAA40C1C0
1249525409.94727,1249525418.794922,85101581F0
1249560333.851567,1249560340.9375,D772BB6EF7
1249501513.341793,1249501521.58789,52721D04AA
1249501640.6386762,1249501649.021362,10DE43D909
1249559892.111324,1249559901.46582,2899E1A71F
1249524799.521487,1249524807.359375,01124FA2B3
1249527100.152344,1249527107.84375,D7415B0B63
1249527316.534183,1249527323.800781,AE1B5B069B
1249596836.467531,1249596844.804931,3EFC6A4B94
1249597011.333988,1249597018.424804,CF97537B69
1249565614.787113,1249565622.4375,6338831C15
1249568081.810543,1249568089.220703,07C1283448
1249568168.742189,1249568176.265136,340F14200A
1249568299.981448,1249568308.419922,98F892AA7C
1249534375.746094,1249534384.824218,9F8042A12E
1249539990.2187471,1249539997.510254,C0FD6698AD
1249540125.638675,1249540132.822754,59459C9C6D
1249533508.104491,1249533516.349121,A09346F28D
1249566432.85156,1249566442.286132,228813BF55
1249561165.9227269,1249561174.732422,C686496012
1249518289.6075392,1249518296.748535,9749DD14F4
1249585776.081783,1249585786.166992,D4A7BCFDA2
1249585884.458739,1249585892.955078,349828F426
1249519990.894164,1249520000.487304,337F9B98DA
1249520118.819829,1249520126.136718,181ED02249
1249589834.0441852,1249589841.158203,6C94834AE8
1249523395.876957,1249523403.920898,3EFF54AF06
1249584903.165034,1249584911.573242,AF32F8D0AF
1249689345.0410142,1249689357.131836,3ED8A42C39
1249689430.126954,1249689438.40625,C8C692D856
1249695931.2177691,1249695939.371704,78CDA10308
1249603539.069332,1249603551.287841,34AA799D35
1249698751.9877958,1249698760.269287,21876EC9D7
1249625783.5334451,1249625791.87207,1EC4676734
1249626120.048826,1249626127.654297,A91E2089A3
1249626137.0849578,1249626148.872802,1FC6F49802
1249604526.337404,1249604535.868164,A833FEFBA4
1249637925.7963822,1249637933.027343,ACC551BE3F
1249698226.761716,1249698235.741211,4385C6F0C7
1249628120.457028,1249628131.302978,8BDECC81FF
1249685157.1787071,1249685164.499023,53FE508A7A
1249641497.5246542,1249641505.925537,C3F71332B3
1249690806.422612,1249690814.210449,95FEE16C00
1249645249.035153,1249645256.287353,F30A2CE60B
1249645550.964841,1249645561.387207,F7EDEA71CF
1249699667.433594,1249699674.841064,34A4D49EB2
1249699949.854985,1249699958.879882,937CDB36A9
1249635872.8269029,1249635880.020507,60C737A1F1
1249647936.485843,1249647943.708007,C609188C11
1249649570.538512,1249649579.52832,8310580A25
1249649586.139652,1249649593.40625,A7B132DFF4
1249650493.248785,1249650500.625,B661D474D7
1249650978.177737,1249650989.531005,9A862EC1E4
1249651058.663334,1249651065.755859,0899C2022C
1249652364.242192,1249652374.017578,0A437089D7
1249654176.872073,1249654184.040527,B60AF57A8F
1249694852.705075,1249694862.897949,AAC03708F3
1249665420.356448,1249665431.99414,7E08FEBFA9
1249688443.269528,1249688450.902343,9EC914F8D4
1249688796.974612,1249688805.919922,9B4435D8A2
1249692962.000005,1249692972.427734,3905C831AC
1249641108.109378,1249641116.050781,0F1FB4C602
1249641165.418947,1249641174.463867,A845E523DF
1249692253.856443,1249692260.85791,E8DB7D0197
1249610925.634767,1249610932.867187,E37E069AF1
1249611140.982916,1249611148.648437,59DC68EC99
1249686645.965822,1249686653.539062,5A9EA1A30A
1249633989.869142,1249633997.19873,D1DFE5A6DC
1249634016.114254,1249634023.677734,B37CCE7061
1249623445.095212,1249623453.525634,6D0060E08F
1249623006.498532,1249623013.5,AF216EBD78
1249602578.402344,1249602588.110839,10D6D84904
1249602693.974122,1249602705.182617,18D340B2DD
1249602768.824702,1249602777.005859,69F7CFA2C6
1249602931.2763698,1249602939.673828,4691648B5C
1249684918.7636771,1249684926.230224,B04291A235
1249684937.5937471,1249684946.683593,74183EA513
1249684619.416507,1249684628.350586,A33A411B73
1249624216.680174,1249624224.270507,3E2CDE533F
1249624242.390628,1249624250.142578,D6D04E08B3
1249624474.835941,1249624482.583007,E63935E2E8
1249628761.780277,1249628769.576172,817BD2434D
1249623800.159177,1249623809.75122,4F8AB38703
1249619766.5107448,1249619779.195312,0AE444F7A3
1249600138.353512,1249600146.142028,05F89EB0CE
1249618103.053711,1249618112.975097,CD4175022B
1249600845.6513689,1249600854.526855,2074CDA05D
1249622251.86816,1249622259.515991,C2604E439D
1249602039.246822,1249602046.385254,F4CA357822
1249602064.122616,1249602080.061523,19E644F702
1249612239.462522,1249612248.918457,3C4DDFD4E5
1249616625.7268028,1249616635.411377,F75557DB72
1249635610.4411612,1249635617.633789,640400DF13
1249635712.514652,1249635721.02539,2AC8B0F072
1249611240.6425822,1249611247.910156,715CB9732D
1249662895.703858,1249662903.01831,7D4580823B
1249602279.255859,1249602288.917968,0960D8C4E8
1249602452.306641,1249602460.094238,9CBBF126FF
1249618984.28125,1249618993.304931,E0F8B9A713
1249619014.079716,1249619021.40039,09B70E4F5C
1249619141.640622,1249619149.637085,B94274CA46
1249669419.247074,1249669427.630127,42AD714469
1249670760.377928,1249670767.445312,CB0949EBAF
1249670773.429201,1249670781.717285,66A887AD6D
1249670995.622074,1249671004.457031,3FE4F5FE6E
1249671394.383062,1249671401.483398,D27FF8B296
1249672330.627443,1249672338.890625,A8E615EC6F
1249672448.883794,1249672458.746093,29B02B1086
1249626216.156245,1249626226.631836,689E85FC10
1249610034.81055,1249610044.705078,E5DD3E9891
1249700067.2207,1249700074.824707,729221E677
1249695364.18359,1249695372.25,C48E4BBC36
1249687323.579098,1249687332.527832,04214DF048
1249689938.321286,1249689946.509765,E4D7BFD843
1249644418.169925,1249644426.882934,45F480B202
1249686275.3193312,1249686285.972656,8E3A63D4E5
1249627524.563475,1249627532.876953,A5E592DD69
1249683807.752926,1249683814.962402,4B40098E46
1249683871.094846,1249683878.572265,A4EB635F59
1249696734.358402,1249696744.208007,8A87EA108B
1249696817.652345,1249696824.726562,DE9C82EBE6
1249604290.017581,1249604297.623047,F74B1FE594
1249642388.689449,1249642398.628662,BF243F817E
1249642800.453125,1249642808.816406,29BC346192
1249638804.933347,1249638813.985351,62747FD2AD
1249605072.815923,1249605080.214843,EF6B2FD034
1249605149.5820348,1249605158.854492,5350E74FBF
1249640582.387693,1249640590.904297,E22046EC46
1249697396.235353,1249697404.123047,C51EDFABA1
1249639713.8853738,1249639721.34375,7657319645
1249639819.915527,1249639828.760742,CBD102856B
1249694115.416501,1249694122.874023,8A50B89AEA
1249631879.995113,1249631887.823242,2CB6C28E6D
1249692495.9375029,1249692503.984375,5C1802CFFB
1249646699.1684582,1249646708.766601,12887C1D73
1249646715.484372,1249646722.55664,A123AD0C11
1249645792.938473,1249645800.657226,F57041E9DD
1249615574.573242,1249615583.314331,A63A4624A1
1249601213.494137,1249601220.936035,DC81784F95
1249601265.702152,1249601274.795898,7E46F2F77B
1249601822.959227,1249601830.470703,4D6545A073
1249631327.724124,1249631338.706054,65F6B22619
1249631425.875001,1249631434.460449,4093EF277B
1249631676.442379,1249631683.571289,FF7C07C0D6
1249631774.9877882,1249631783.581054,C7CD63B9AC
1249642327.0312471,1249642336.405029,3C73F5C2B9
1249691783.428711,1249691792.598632,8A9F025111
1249691809.4013689,1249691817.953125,8E5A59B50D
1249664783.3732889,1249664790.449218,3A6C6426D8
1249664864.615235,1249664872.041992,2321A1E884
1249644552.193362,1249644559.669922,44449408E5
1249644894.851559,1249644903.18042,D5DD93BE65
1249686116.037473,1249686123.876953,48A5A6357C
1249737105.7890658,1249737112.820312,94D2C52F27
1249790147.8378909,1249790154.875,D9BA2C43B7
1249709726.81006,1249709734.201172,3D03909966
1249719594.8964872,1249719602.543457,C4B18F5861
1249719619.536129,1249719626.791992,BF686C2CF9
1249769687.167482,1249769694.375,64EAFAEB5B
1249722213.102542,1249722220.818847,F6B813FF1E
1249783443.426754,1249783452.799804,6E6CC8FF6D
1249701564.481446,1249701572.012939,2135336B7C
1249730073.976566,1249730082.616211,B1838BCACB
1249768772.3437471,1249768780.492187,848D9DC1C4
1249721639.485348,1249721647.296875,F24BB7A87F
1249781962.488282,1249781969.693847,42E4923828
1249739024.151613,1249739032.204589,5777083AC9
1249735610.3203158,1249735618.233154,3214787FE0
1249731911.22168,1249731919.261718,490E13E804
1249732082.063477,1249732089.217773,97DE5E6DEE
1249769279.636715,1249769290.138672,97A9EC0E2F
1249769484.624027,1249769493.941894,C736C37B24
1249766075.784913,1249766083.044922,494C443117
1249708799.4834,1249708807.686523,E1283D1BAD
1249708818.50391,1249708825.792724,4F7F686B59
1249780848.248052,1249780855.257812,6CA4EF4D9C
1249718792.377927,1249718803.046875,6A22605954
1249722581.2563522,1249722590.727539,439610BDA8
1249797018.783206,1249797026.59375,5678DD80B5
1249717031.289062,1249717039.392578,58FC4EC9CA
1249720317.970706,1249720325.021484,13AE0FD3C0
1249713563.7451198,1249713571.74414,22D2418309
1249717160.685545,1249717167.971191,727A8C2A5E
1249711547.7985878,1249711555.660644,F69ABBB783
1249786474.919918,1249786483.659179,B1E2DC81EA
1249718324.231447,1249718331.242187,202B6C19BD
1249718572.742192,1249718582.367187,C85CED0DEF
1249765801.6831012,1249765809.532226,72D34130C1
1249735782.567379,1249735793.766113,D86D77035F
1249723001.816411,1249723009.919922,7A87125C79
1249712348.9013698,1249712357.731445,CDDD80DD4D
1249796141.836911,1249796148.935547,10BAF21DC9
1249796157.217772,1249796165.530273,4265140AB1
1249796334.390621,1249796342.780273,30D63F57E3
1249727080.138672,1249727088.504882,61257C0778
1249784311.946781,1249784319.023437,A17B55C2B2
1249793045.302733,1249793053.266113,E101F29571
1249794346.021481,1249794353.384765,FFD2F215AB
1249794435.678712,1249794442.970214,DC47D99D40
1249708070.111815,1249708078.363281,351BC55F3D
1249800015.371099,1249800023.826172,00D893B26A
1249720786.34375,1249720794.114257,40086FABFC
1249784666.896976,1249784674.03125,F18DA056AD
1249784851.3369138,1249784859.205078,C31A0BBFE8
1249799298.0624971,1249799307.507812,E183AE3878
1249730962.2499971,1249730969.689453,86352B806A
1249731138.850588,1249731146.437744,0EF21F47FC
1249793223.39062,1249793231.382812,D245E18628
1249793549.903319,1249793557.509033,FAAE03B3D7
1249788462.006832,1249788469.183349,36D0B096D0
1249723944.894534,1249723952.330078,78794F1A55
1249791631.4426248,1249791640.203125,A7D7F60332
1249719362.606934,1249719370.9375,00CC66622F
1249791957.598636,1249791965.625976,C7FAAB72FD
1249718003.435543,1249718011.425781,59E8701D1C
1249728753.6752958,1249728762.345703,FAB7C93DB9
1249701226.138668,1249701234.497558,D2E2604C5C
1249707652.853513,1249707660.339111,E537354D72
1249824107.177732,1249824116.67041,8CF8EA35EB
1249824135.777592,1249824143.003906,ED21938F5F
1249876366.225586,1249876374.790527,3FB3E0CAF6
1249821844.189453,1249821851.21875,7E5D1C6537
1249853430.109376,1249853437.226562,79EB0888B2
1249887273.215824,1249887281.029297,8ACA379A0A
1249822636.092777,1249822644.032714,3A75C9FAF3
1249867442.187013,1249867449.648071,4E6F352FA6
1249877215.2685502,1249877226.14624,A4E5281082
1249897237.728513,1249897245.379516,CF81A03EAD
1249890294.010992,1249890302.146484,5E990B3E6C
1249887986.303226,1249887994.957397,0685D6E346
1249820372.742919,1249820382.315429,3107A0710D
1249891714.25,1249891723.30664,1D6B4078A8
1249807975.06641,1249807982.508789,8E81F310ED
1249880864.6483128,1249880874.135254,2FD9BEDFFC
1249881365.4999971,1249881374.603515,D3C4969135
1249813022.414063,1249813029.748779,78C8BF5919
1249823844.961915,1249823853.536132,404EEA0156
1249841407.470219,1249841414.74414,DD470B8136
1249870080.859128,1249870088.203125,4CFAFE02B9
1249806418.03906,1249806425.095825,E923422D38
1249806629.012692,1249806636.02832,D7C298E822
1249804911.090822,1249804920.523681,97F29DA144
1249803545.911136,1249803553.88916,221E09A823
1249802829.4921908,1249802836.663208,4402BFF5ED
1249812407.258785,1249812415.391601,BB0E72915F
1249819815.408203,1249819822.480957,665D9C51D1
1249831018.1738272,1249831027.820312,C9E9CFC78C
1249892844.4335902,1249892852.271484,ED416F6E3F
1249865475.3915992,1249865482.782226,81B23ED918
1249865694.9687529,1249865701.99414,85D809C803
1249865953.033203,1249865960.175781,F340029AAA
1249805181.272462,1249805191.958007,6741FEE1C2
1249809760.596676,1249809770.044922,7A00E59EA2
1249890980.539061,1249890987.911132,06C4CC745A
1249825597.968755,1249825605.685058,1C5A61F02D
1249829508.8349628,1249829517.018554,150404FE2E
1249880446.989014,1249880454.261718,08DF2FD12E
1249880512.304692,1249880519.90039,948BC88984
1249889402.976812,1249889410.302246,1410A2A514
1249819160.576172,1249819169.34375,60937AF557
1249825178.480713,1249825187.547851,546FBD3627
1249811261.107418,1249811268.444336,A0AEB0C675
1249837639.951172,1249837647.125,6B985B2BB0
1249837719.620115,1249837729.617187,BB42EEE6AA
1249879118.737306,1249879125.858398,5AC57F9045
1249805678.263675,1249805688.300781,529498EE65
1249885890.60547,1249885900.15625,47FD819133
1249824447.878907,1249824455.115234,D6CEDDD968
1249880678.45996,1249880686.713379,30DE1D6B46
1249802524.394044,1249802536.116943,A1ACFEDA62
1249899147.75391,1249899156.929199,64B3F29421
1249895669.488285,1249895676.845703,E2AE61188E
1249808139.7138689,1249808152.917968,6B5DED2D0D
1249882349.912115,1249882357.02539,A74FA8DB4A
1249893801.173825,1249893809.804687,7BD36EA5A3
1249866272.951172,1249866280.978515,05E89AFB82
1249801709.264645,1249801716.432617,EEEB9E24FC
1249891576.070317,1249891583.463867,E956D73CFE
1249898072.037115,1249898082.328125,2AB20672DE
1249816380.003904,1249816387.838379,833C966636
1249826847.755858,1249826855.879882,2941E09E9B
1249825817.4711928,1249825824.717773,1D8C091D76
1249826208.0141602,1249826215.867187,DC1BC12805
1249894179.114994,1249894188.721679,7F43499D0A
1249894364.6445282,1249894371.96936,4E8735AF90
1249870563.833981,1249870571.457763,15A4DAFF7F
1249883079.352542,1249883087.733398,294E067417
1249883207.323732,1249883215.316406,4FD19026EC
1249885637.822269,1249885645.049804,84A3D5DE14
1249811532.681638,1249811539.79248,D8AA7D5DF0
1249811915.279293,1249811923.254882,A32B74BD6A
1249896006.347653,1249896014.578125,4FF1A53C67
1249914943.425778,1249914950.551635,6B54A09AF4
1249984429.275387,1249984437.576172,8CD35B0373
1249984516.044919,1249984523.158203,8186A3FAC4
1249984666.102052,1249984673.630859,A957318160
1249984904.319097,1249984911.962402,C436CC6094
1249974914.190426,1249974923.469726,911604395E
1249932452.066652,1249932459.700195,772083779C
1249966456.682124,1249966466.238281,89D8C138C8
1249966668.7695289,1249966677.576172,C15B28F9C7
1249966893.618161,1249966901.053711,375D830FB7
1249963081.735348,1249963089.259765,B9E9FF0242
1249910761.343746,1249910768.674804,5EB5A3A157
1249917507.445316,1249917517.168213,A18CBBD2A3
1249985670.262698,1249985677.608398,56D1688263
1249974280.5567598,1249974288.980468,179E00076D
1249973313.0180678,1249973327.49707,75ED0A8B69
1249985288.181637,1249985296.081054,9EDA5EF78B
1249955530.18652,1249955537.59021,C2BC850A13
1249960249.101561,1249960258.451172,8790401AFA
1249960284.907223,1249960291.978027,79218A861C
1249960313.50879,1249960321.265625,B4E2346C42
1249970937.993163,1249970945.300048,91078262DE
1249938568.678223,1249938575.992187,51181492F5
1249935122.343753,1249935133.257812,C6962CE00C
1249968917.125002,1249968925.255859,67E88AE906
1249983660.464357,1249983668.917968,594C1BA42D
1249935949.0,1249935956.774414,497C967C95
1249954930.625003,1249954938.375,B164FBBD6F
1249976739.673823,1249976747.203125,9C01938AFF
1249976825.8388698,1249976833.549804,8D288C74ED
1249900871.689699,1249900878.817382,0AB5B599F4
1249905129.830074,1249905141.38623,5D8CBA99C6
1249980915.347653,1249980923.15625,6FFA774C98
1249981062.213864,1249981069.748535,7AB193FDE1
1249981086.6137729,1249981095.83789,8835C1AB28
1249992034.512692,1249992043.6875,1F28697C0F
1249992322.937503,1249992330.631836,BF912DCCD6
1249963828.505857,1249963836.552734,337A86AF54
1249964038.019535,1249964049.779052,D98048E330
1249964116.98437,1249964124.113281,970685AD43
1249918627.80615,1249918636.325683,C3430D9A26
1249993729.013676,1249993736.27832,70CE6F1051
1249949168.310551,1249949175.484863,C7B3257DCC
1249957814.412111,1249957822.079101,A372CA1A79
1249919028.710938,1249919037.099609,37C216C199
1249919043.796144,1249919050.856079,5E112317BA
1249964355.660892,1249964363.599609,1444EBCA96
1249937604.855469,1249937613.28125,6587167D44
1249937899.181644,1249937906.357422,70C3C98B38
1249905170.254887,1249905178.046875,91E152E1BB
1249965779.097164,1249965789.512695,1DF3E05FBF
1249908683.770509,1249908691.896484,C697978133
1249908880.050783,1249908887.742187,CB3F13DA2B
1249908213.201657,1249908220.249023,ECA2E18214
1249933323.1474638,1249933330.1875,B57EF7E76D
1249909801.816896,1249909809.644531,C8040F91DC
1249958759.070806,1249958767.188476,E9B8E38B17
1249958783.871097,1249958791.546875,52F8E81899
1249994108.677731,1249994115.704101,DFDD90834D
1249975179.00781,1249975187.280273,5C18041C56
1249975631.599612,1249975642.904297,D49217CA30
1249979365.078611,1249979372.532226,24CFAB494F
1249967117.911136,1249967125.210937,BFC07178EA
1249967180.342771,1249967188.458984,6F9AF91B9B
1249963486.019531,1249963493.197265,ED930FB369
1249963495.178466,1249963502.304687,1D0AD52D2C
1249991336.5720222,1249991345.849121,592DDAFDF9
1249958429.854863,1249958437.842773,7B0A763D4A
1249990371.290527,1249990379.303711,2916FFAA33
1249994380.371099,1249994391.669922,38CC15E011
1249987679.239261,1249987687.25,F4CDD6A348
1249977477.285153,1249977485.9375,D912B40C63
1249971385.651371,1249971393.338867,21E656447D
1249971438.1894538,1249971445.662109,F334DA024B
1249982294.251956,1249982303.029297,8D6636B119
1249933476.621823,1249933484.667968,31F70CE741
1249934712.358396,1249934719.96997,FD25BCF6C3
1249917144.7841752,1249917152.951172,04B74E38A2
1249978852.67187,1249978860.660156,5822E1AF42
1249978947.837405,1249978955.539062,7EBFB45825
1249979197.2098382,1249979205.75354,E7FCCDEFD2
1249972094.391598,1249972103.698974,444AA7D3EC
1249972301.731447,1249972309.980468,0192E1A2E2
1249902007.510739,1249902014.791015,6FF89543D9
1249987202.7680712,1249987209.948242,96CA4A7889
1249987263.854982,1249987272.297851,619CD9DFF5
1249922786.7451189,1249922794.477539,C22DB1407A
1249969208.7038538,1249969217.668945,8E9C9FE89E
1249988232.208986,1249988239.71289,5B5EA23960
1249988386.3125,1249988393.578125,BCBFCA38FD
1249965271.279293,1249965279.731933,1A7917B1C9
1249965336.5537071,1249965343.759765,6F0BC52868
1249959660.496091,1249959668.914062,6421311933
1249961283.473629,1249961292.655273,3FB2F5698A
1249961572.457031,1249961580.014892,A87E406B4A
1249995778.409908,1249995785.449218,F7545B5FA7
1249999824.751956,1249999832.808593,71341D589A
1249965670.820314,1249965679.377929,777CA6D119
1249900066.813479,1249900074.929687,3D446CD972
1249997994.910646,1249998002.713867,F2DEA00351
1249900606.128908,1249900614.502441,71948A4193
1249964885.615476,1249964894.205566,628022AB44
1249965060.644535,1249965067.679687,5CC15814CA
1249965122.1005888,1249965130.037109,5740EAF564
1249977728.62647,1249977739.123535,260C8A7735
1249997622.450192,1249997630.442382,B5FBD8E808
1249903379.017575,1249903387.417968,7FAE5639AE
1249998771.114262,1249998780.347351,234A57D918
1249991193.704591,1249991204.077148,C08AE4FD0B
1249958301.992189,1249958309.431884,BA595656E2
1249992480.715696,1249992487.919922,F11370F1FF
1249992517.51221,1249992525.082031,63AA5673A7
1249980184.3125029,1249980193.308593,A6356DDB53
1249980258.618167,1249980267.203613,FEE7C237A5
1249980447.696292,1249980454.727539,59A59C17F3
1249971856.399415,1249971867.452148,88FB82188D
1249954787.6250029,1249954795.169311,2DD229F838
1249919724.193357,1249919732.29541,7FCDC22CEF
1249990061.640622,1249990070.094726,CDA2E811BC
1249973733.384279,1249973740.530273,C4D4B065D0
1249974164.708005,1249974177.632568,9A7DA80DE0
1249901118.84058,1249901127.033203,3D13AAAE82
1250001122.208004,1250001129.671875,2DBE0C4AFA
1250086921.86206,1250086931.502929,4A68BAEADD
1250002907.93359,1250002916.226074,502D99347C
1250011285.367191,1250011293.0,3EADA00AE5
1250052795.323244,1250052803.697754,3F2BE8A301
1250052874.646487,1250052885.041992,60134E9271
1250052982.5624971,1250052990.222656,5FCE86B4CE
1250067178.895504,1250067186.265564,2F6D02F32D
1250021725.177246,1250021735.084961,B431B69D0C
1250021858.9296849,1250021866.702148,FD7B619E71
1250053379.9062462,1250053388.196289,DAF6906FB0
1250050591.0732448,1250050598.424804,5668A6B164
1250076932.0937471,1250076939.646484,ECB20D12EE
1250027916.750973,1250027924.142883,976BA1695E
1250047040.010014,1250047047.964843,BA33FD3B0D
1250042221.630857,1250042229.421753,C363CD3FD1
1250070738.864254,1250070746.242187,6DCB417748
1250024971.289067,1250024978.793945,E1DAD3A0FA
1250048976.203128,1250048984.631836,8902A6BD6D
1250049374.567874,1250049385.865722,D44397D55E
1250011623.446286,1250011631.208496,AE29090271
1250042982.203127,1250042989.915527,A266F4A4E2
1250043041.435918,1250043050.6875,37A2DDBA0E
1250065187.2294948,1250065194.847656,5E93351142
1250060980.880861,1250060988.847412,5379C00F65
1250061163.474124,1250061172.075195,991335A96D
1250048772.809569,1250048780.674316,BFD6A1CABC
1250009709.8388698,1250009717.530273,3751A9CE73
1250064305.046878,1250064312.59375,F97EEB8060
1250014565.438478,1250014574.533203,8C5F19D4CB
1250043403.325194,1250043411.402343,835BE7F6CC
1250043452.127927,1250043460.905029,2A21C80151
1250043605.907716,1250043616.041992,C215F199B0
1250024671.6728551,1250024680.25,1577CD9220
1250024873.097653,1250024880.886718,BBFC9D0153
1250075953.547246,1250075960.769531,74EDF7B3B0
1250013690.764648,1250013698.77539,828F09DB32
1250081223.0429718,1250081232.034179,B27F39B431
1250093206.023437,1250093213.759765,7317888C86
1250044952.7373078,1250044961.219726,AF88A90049
1250026956.807862,1250026970.741211,52092A37F5
1250027101.393804,1250027111.019531,431EE2150A
1250077160.375734,1250077168.464843,3CC80B9401
1250004504.880862,1250004512.5,6C868AD52F
1250097771.478512,1250097778.92456,DF6D7BFF3A
1250035950.16895,1250035957.754882,252BF38E70
1250036035.296879,1250036045.124023,285578E946
1250036125.6455112,1250036133.113281,90C82FE925
1250062293.109372,1250062300.424133,396246F166
1250092118.5332072,1250092125.796386,59F570D54C
1250026371.359372,1250026379.217773,5C73951A72
1250026469.328126,1250026477.206054,D996A40757
1250030749.730162,1250030757.496093,DE9805DC7D
1250019567.1543,1250019575.643554,444E65EB9F
1250082533.681637,1250082540.713867,8739D6EC96
1250078713.170894,1250078721.616211,EF1CDB7B9E
1250078866.2099578,1250078873.340332,D1672A08CC
1250011192.638676,1250011200.908203,097FC092F0
1250044106.15234,1250044116.071289,AA09BF3D24
1250023814.0124488,1250023822.655273,08192EAFDB
1250072095.208013,1250072103.727539,076C15029E
1250052418.228514,1250052425.376464,9FE47C49FB
1250012388.56348,1250012395.570312,63FE549AAA
1250012436.505735,1250012444.39917,11D4C015D6
1250005182.184081,1250005189.611328,0CC8A86D69
1250094090.7221632,1250094098.246093,7583F3A8D7
1250016833.040042,1250016841.552734,F80ECED5B6
1250025612.805661,1250025619.9375,D7E18A6DEB
1250001491.154292,1250001499.611328,913922D7DA
1250001718.898434,1250001728.127929,EF0B4D82AD
1250062813.583005,1250062822.006347,21B5611517
1250096685.724606,1250096693.967773,E3FAF21145
1250018481.068362,1250018489.376953,F85831D7CD
1250018790.8930678,1250018799.817627,BBF79082A6
1250049998.467649,1250050006.144531,CA55463230
1250031917.095707,1250031926.819091,6C82E0671B
1250031941.260743,1250031948.625,F129FE8015
1250067782.997073,1250067790.216797,B075213055
1250015836.917968,1250015845.831543,898A025E35
1250058430.365718,1250058442.041015,B0C8AF5344
1250061304.645504,1250061311.857422,5DA4B4A772
1250061417.152403,1250061424.755371,C13A45D7FD
1250093978.263675,1250093987.046142,0160B19ECE
1250097920.922848,1250097932.390625,D39892EE00
1250097987.957034,1250097998.789062,EE5EF411F0
1250042762.8252,1250042770.257812,8C04746825
1250022142.8618178,1250022150.55957,174A5095AD
1250097101.983402,1250097110.998047,778182167B
1250071452.900388,1250071461.630005,C80D5615BD
1250014266.752927,1250014275.364257,B1AEDD4A16
1250031300.551762,1250031309.115722,DACFCB2C39
1250031342.6965292,1250031353.164306,9432E2BB82
1250031514.3505888,1250031523.116211,0642DF0CF7
1250035284.004886,1250035291.487793,3F860399EB
1250035491.5224571,1250035499.28955,D1BF0E46E9
1250035649.836431,1250035657.785644,44AA0B2928
1250054362.969723,1250054371.457031,6E46928B31
1250054469.0019531,1250054476.41748,3C892C7A2E
1250095758.090823,1250095765.140625,0DCBAA2FE4
1250028542.905277,1250028554.793945,6DF11E00ED
1250056596.724489,1250056605.596435,520E9ADF3E
1250056875.101562,1250056884.412109,15B03044DD
1250060202.299073,1250060209.71875,D961E731D1
1250071990.5107448,1250071997.722656,6CF23AEBE9
1250100003.327635,1250100013.126953,DCDEFE0616
1250010860.253663,1250010868.576172,8820CE12E9
1250083816.984865,1250083824.324218,930ED88EE5
1250099160.4212022,1250099167.539062,624812E4ED
1250084557.3535118,1250084565.148437,7B54133E99
1250015939.517581,1250015948.733398,4288EC2FCD
1250016116.233398,1250016123.612304,3176393FA4
1250091019.72754,1250091026.909179,06228E249E
1250036472.869144,1250036482.236816,2C26D47A9C
1250075015.6787071,1250075023.232422,75507733D4
1250038604.046388,1250038611.847656,21580E7004
1250059737.208987,1250059747.143066,2DC4F6A203
1250059005.533689,1250059015.799804,A689B51BA4
1250064532.396482,1250064539.636718,3D57966540
1250079548.975826,1250079556.375976,D92494BE19
1250086290.298826,1250086298.580078,D44458823D
1250063369.38648,1250063377.036132,4E57DA2BF7
1250063582.072269,1250063595.083984,E044D40829
1250063969.7868612,1250063977.085937,D1F82374CC
1250033772.702151,1250033781.252929,1F1D7419EE
1250025217.990231,1250025225.561523,D30239F634
1250034402.824215,1250034410.657592,DFC6DD9E01
1250004356.875003,1250004364.08789,0D99FCAC80
1250045432.0244138,1250045439.771484,E3CBCFDF01
1250045636.4199238,1250045644.664062,D581661C20
1250050151.818364,1250050159.506836,AD351C74EE
1250050901.266606,1250050908.813476,AC9039960D
1250089133.545894,1250089142.139648,4CA3FEE5B8
1250068107.89355,1250068118.937744,955F8F4DA6
1250088154.648443,1250088162.571777,2CE15BD16D
1250034619.00098,1250034626.363281,BA37F98241
1250065597.216314,1250065605.118164,35ABBBEF04
1250108984.140625,1250108992.8125,4A5DEA59DA
1250192807.530277,1250192817.083007,A42046E1AF
1250119534.021972,1250119541.305908,60C7B898C1
1250119609.683596,1250119618.054687,2A91D160FA
1250119632.217772,1250119639.472656,7D0387E68B
1250173298.256833,1250173309.416992,3BB5ABDF56
1250160847.1679668,1250160854.560547,E99CF622C4
1250187228.1044888,1250187235.717773,63F43826A5
1250117478.234867,1250117487.401367,F38746EA90
1250117498.689451,1250117506.785156,C2568B9493
1250117733.7629368,1250117741.617187,9E54DED27B
1250153004.9707072,1250153014.207031,B1538306B4
1250110649.6513689,1250110658.316894,F5CD911E42
1250198490.638187,1250198497.810547,1CE79B2D5D
1250144305.817141,1250144314.839355,70D9D98B40
1250197524.691406,1250197532.454101,40419E60AE
1250154775.074215,1250154783.889648,C8A5608B30
1250154793.800294,1250154802.145507,3427FBFE09
1250159721.638676,1250159730.048828,BE76B0CF83
1250155710.166017,1250155718.648803,879926CB1B
1250119960.869137,1250119968.271484,BABA85FF4B
1250184417.750493,1250184428.541992,5641C1F2A6
1250172723.760743,1250172731.986328,5AF0CC5A26
1250190815.68762,1250190824.371093,1A43B95625
1250165992.764652,1250166000.085937,3D9C266A80
1250175253.153323,1250175260.627929,05FDBA5944
1250174078.70899,1250174086.311523,E4317FE583
1250174131.464849,1250174138.854492,5F28BB68DE
1250121798.52905,1250121806.688476,FEA20FC0EA
1250121844.335691,1250121851.783203,C5DAC533B8
1250143347.971683,1250143356.258789,1337339A31
1250155343.959961,1250155351.4375,59C3959EFF
1250158890.537111,1250158900.932617,57AA253F12
1250108556.814456,1250108565.092773,A196D6234B
1250108570.110349,1250108577.518554,6E6D29BDFF
1250121276.046872,1250121284.777343,195685A5F9
1250121476.9226089,1250121484.492187,79C4202378
1250185986.88965,1250185994.709961,EB021D5FD4
1250186032.791991,1250186041.877929,E1C915113F
1250186123.8251982,1250186131.3125,3DF3D1519B
1250101882.1503909,1250101891.052002,7A91D1B63B
1250101935.108402,1250101943.607422,66138D6750
1250186928.3901398,1250186935.819336,634AD70492
1250153253.4672902,1250153262.30957,2D74E4B50B
1250106008.57812,1250106016.186523,803BB916C8
1250106022.294187,1250106029.87207,E1F54DE9FC
1250132761.4292,1250132770.044922,5E56E878C9
1250132996.930661,1250133005.487548,3EDD1426C2
1250129130.277835,1250129139.554199,EB8EE9FD85
1250108629.502934,1250108636.880859,A77D65941D
1250108697.236812,1250108704.363281,C89E436224
1250124942.465816,1250124949.55664,FE1036E161
1250124995.256832,1250125003.471679,3B62125471
1250114561.1943388,1250114569.043945,A360422403
1250112930.313228,1250112942.202026,575A4C5AD6
1250112994.372068,1250113004.504882,E66FEFE083
1250131554.169922,1250131561.529785,6440B903C2
1250109396.18945,1250109404.273681,CA9B4BBEC3
1250130573.460937,1250130581.185547,C5AA625B21
1250189401.78516,1250189411.654297,D081083837
1250140193.182867,1250140201.930664,6A2CC36479
1250168451.690426,1250168458.752441,E30EA6DA02
1250168779.713867,1250168787.854858,54B4661D05
1250155889.560552,1250155897.113769,A179858A50
1250156078.940426,1250156087.291015,8DD84842AE
1250143650.221676,1250143657.28125,2367A3CF8D
1250124408.5315,1250124416.864746,2338336438
1250194850.38989,1250194857.421875,7005B4E7B9
1250199393.549801,1250199401.220703,AD5F624CA2
1250116339.30566,1250116346.566406,73D700EE77
1250116517.211917,1250116528.035156,848CF18C60
1250114043.082029,1250114050.613281,C3B8D1E2C8
1250141232.08557,1250141241.18164,27F2A0AD42
1250169250.7326622,1250169260.240234,51769F6C28
1250169408.861325,1250169417.087768,7E5222C4C3
1250129431.983883,1250129440.091797,0708F71AF5
1250117134.107418,1250117141.239257,02CE8EAD7E
1250118840.616211,1250118850.841797,5D3F52F51F
1250118898.8964872,1250118906.180664,482D426F45
1250119039.421636,1250119047.06665,8714D49438
1250162837.253903,1250162845.104492,804637C581
1250186679.550778,1250186687.726074,36FB77932D
1250129999.752927,1250130007.050781,4C5658686E
1250130226.049801,1250130233.484375,1364FD141B
1250128384.773437,1250128393.146484,5F11B92408
1250128534.959958,1250128542.987671,C8AA337489
1250128654.055661,1250128662.461914,9524FEF018
1250139527.349606,1250139535.176757,CA266D37AF
1250110106.9560509,1250110114.342773,7D02E5CCA8
1250110186.9821732,1250110194.022461,03AF882D14
1250170615.287106,1250170622.625,B45E877378
1250183822.315434,1250183829.395385,35A0D5B401
1250140976.4426222,1250140983.522461,25ED4E481A
1250184805.581544,1250184812.769531,49EB034D2A
1250188754.780277,1250188764.802734,CB3F004715
1250112384.541989,1250112392.105468,128F75DA1F
1250101607.2746542,1250101614.800659,0759886C03
1250172125.682621,1250172133.972656,D1B28C3CA4
1250172284.0673862,1250172293.357422,82AAB01966
1250111802.8085968,1250111810.654541,84BD3DC7B7
1250113468.010741,1250113475.7583,B7B2636A9A
1250113662.8974638,1250113669.969726,437E02C84B
1250142476.277347,1250142483.695312,295285D491
1250142718.5,1250142728.872558,17FD4EF3BC
1250196356.160153,1250196366.770507,2AE626353E
1250198198.508792,1250198208.404297,468539A0F2
1250137361.101563,1250137368.276367,2D56BFA57A
1250125440.3850071,1250125449.910644,4CE630CC00
1250123345.5151322,1250123353.350586,85A25C03BE
1250191922.190433,1250191930.119629,3C03F17CBD
1250214153.6591809,1250214162.349609,B898132EB3
1250214499.544918,1250214506.660156,55F72AAEF9
1250212692.789059,1250212702.114013,17CF71ED09
1250221300.1730971,1250221307.197265,6345212C55
1250231559.2138698,1250231567.009765,FD506751FF
1250284941.145507,1250284949.308593,BAAA841C57
1250299954.2911348,1250299962.540039,CDACFD0166
1250201246.893558,1250201254.482422,741414C087
1250207109.05664,1250207116.101562,ADA1259CF9
1250285762.942388,1250285771.259277,50631DAB3B
1250285853.4218771,1250285862.311523,1EE78E7C0D
1250282903.937988,1250282914.296386,113A23AEA6
1250224286.054693,1250224297.791992,A41EF0EF47
1250242918.3486338,1250242925.4375,47FC4D98A9
1250209232.9086938,1250209240.644531,0E0CC82DD4
1250209271.499516,1250209279.001953,74FD32F33C
1250209313.453854,1250209323.411132,AFF1904F3C
1250234339.469723,1250234348.651367,22E9EDD295
1250228798.3488722,1250228805.904297,B1E0BFBECF
1250207725.752438,1250207733.640625,088975B3B2
1250283237.814454,1250283246.875,04FACBDBA8
1250283274.001952,1250283284.013672,EA820D50A0
1250269385.864747,1250269393.013672,018E2EA390
1250276188.848629,1250276196.8125,3878CE83B8
1250256717.336917,1250256725.34375,0575ABC867
1250235420.10852,1250235427.141113,072C66E84E
1250215506.816406,1250215514.078125,4EC217B37E
1250273454.25128,1250273461.620117,D39B8AEA97
1250204154.97266,1250204163.152343,A2C7E2282C
1250201380.0316122,1250201387.65625,72EAF261CB
1250273257.857419,1250273265.24414,DEE322CF3F
1250205325.968745,1250205334.333984,1FA86673E5
1250210178.380374,1250210186.142089,E0EA18BFCE
1250236013.018559,1250236022.478515,76A03A914E
1250248275.1352549,1250248282.971191,E59A42331E
1250285444.0156238,1250285453.948608,EBFDA0C817
1250228323.432621,1250228332.232422,98D92932E6
1250223345.6191409,1250223354.52539,9E2248AFA4
1250223644.191406,1250223652.155273,98F5916C07
1250215817.5224571,1250215826.794922,8BC9DAB009
1250215864.340823,1250215874.739257,D660A4B918
1250230973.0433302,1250230980.979492,8353406166
1250245319.083493,1250245326.539062,6601A1DE57
1250207237.07813,1250207245.655761,9E745E7E02
1250202387.71582,1250202395.117187,840C0314E2
1250238961.14063,1250238969.163086,AC103FF70B
1250247778.1826138,1250247787.723632,6911211E62
1250208352.849609,1250208359.990234,722AD3E00F
1250220952.810544,1250220960.43164,B42AB546F1
1250290280.050785,1250290288.529297,E03FC4BA64
1250271007.105465,1250271015.894531,C9E67A5B37
1250227249.6904328,1250227256.791992,C1798601D1
1250227259.84448,1250227267.46289,E6D24A6CE9
1250229622.916019,1250229629.983154,1E8A4F026F
1250202570.069334,1250202578.057617,6D7567C746
1250230161.242676,1250230169.848144,1ACEAEC1F9
1250221631.85816,1250221639.694091,543DA59CF0
1250293290.0585928,1250293297.931762,CB2C9C3E40
1250293540.717777,1250293548.428711,122BB70304
1250293891.187261,1250293899.323242,E1F4835872
1250286830.1874971,1250286839.148437,28CC86D73E
1250205515.1179209,1250205522.125976,AB4CCEE6FE
1250248562.13379,1250248571.023437,572376474F
1250287586.913816,1250287594.547363,F1FD1FB993
1250284116.8522902,1250284124.558593,867A8B5453
1250209196.994627,1250209204.862793,BFC19C9C86
1250246687.50781,1250246694.8125,88DC15F03E
1250271316.6601572,1250271325.0,B856B4354F
1250296395.88648,1250296406.054687,FB530DDB6D
1250203225.753903,1250203233.708007,ABED88D727
1250252964.285153,1250252972.249023,494D3F631D
1250297753.593753,1250297760.802734,3B0CE5576D
1250297886.567876,1250297893.572509,3CE5AA8C91
1250250990.432132,1250250998.055664,E446FB63CF
1250270885.200192,1250270892.986328,12601D483B
1250259381.7460968,1250259389.75122,1ACEE32D67
1250379964.203122,1250379972.088867,EBF1AD71CF
1250392892.6975071,1250392900.699218,E01F9B604C
1250376269.68359,1250376276.876953,DF50D89462
1250321305.628903,1250321314.840332,3B07BB5F5C
1250321553.844725,1250321564.758789,39B9B8F09D
1250313622.484378,1250313630.165771,B5CD19A19E
1250313766.609378,1250313773.669433,E73BB64E56
1250339735.773434,1250339743.110351,3558BD845E
1250366595.5120828,1250366602.801269,C7F4AA5E36
1250312099.813966,1250312108.208984,DCFCE98BEB
1250312208.2429152,1250312215.488281,0DA42CF299
1250312337.047856,1250312344.881836,53707B1966
1250389570.921878,1250389583.079345,5F41489808
1250372765.330687,1250372775.375976,F0609FD6D5
1250373127.291012,1250373134.820312,C017784F3E
1250373145.21484,1250373153.289062,5AEF5A65F7
1250390147.032227,1250390155.632812,9179AF97D6
1250311370.487302,1250311378.78125,A2B1838F35
1250392803.416989,1250392810.545898,9F17DE9861
1250391575.3638291,1250391583.949951,9A8C149CA0
1250378466.207525,1250378473.8125,D2620CA202
1250378477.6665049,1250378488.606689,656A6F2F96
1250395850.695802,1250395860.706054,BACE535A09
1250366953.613278,1250366964.910644,3C58553848
1250366980.363287,1250366990.742187,1C532E1AE4
1250399632.9804718,1250399641.106445,99F466D048
1250338122.520999,1250338130.639648,B71EBD3ECE
1250398981.9687471,1250398989.265747,8D6509B7CD
1250394838.926754,1250394847.333496,0387FE59EB
1250395020.819337,1250395027.932617,9AE7528B01
1250395117.725582,1250395127.074218,B949992064
1250395188.539066,1250395197.054931,C6F0C3B947
1250379168.682371,1250379176.370361,2BD421280D
1250379189.543951,1250379197.117187,2A4538B7D6
1250374327.886715,1250374335.359375,34A7E6E8DE
1250341886.052738,1250341894.396484,EDEBF329AD
1250374785.906245,1250374797.318847,3DE19D1126
1250374858.804691,1250374870.977539,535EF1E622
1250374935.9164991,1250374943.75,AAA59726D8
1250398151.372679,1250398158.820312,BDEB14D5C3
1250398380.60181,1250398387.687011,D9B4C7B306
1250365118.394777,1250365127.878906,949B31DFCB
1250365345.4582472,1250365352.580078,726CDD9675
1250371678.0918,1250371687.213867,92C50485B6
1250371752.8398411,1250371761.662597,DE6C815524
1250310998.222654,1250311006.698242,3A6BE95B61
1250363458.808109,1250363467.199218,B345CF280C
1250363507.645511,1250363517.71875,296F1C3BD8
1250363711.0,1250363723.779785,0720C8194E
1250363724.760747,1250363734.515625,051CE8DF96
1250363831.874022,1250363839.813476,6792228C36
1250302374.455564,1250302383.96289,12A0D11CDF
1250364896.954347,1250364905.357422,97312868A3
1250388893.386232,1250388901.940185,0141C69DFC
1250326478.71777,1250326486.710937,11781F3534
1250326612.4570282,1250326619.739257,3A9A8B95A3
1250389130.395017,1250389138.357422,D729D4B7E5
1250389201.082521,1250389214.87915,90AA9C682A
1250376043.0185578,1250376050.110107,4564F422DD
1250309909.399417,1250309917.510742,F73F9D5341
1250397929.455076,1250397938.382568,B343C1DD9F
1250397967.91272,1250397975.297851,8496DC89BC
1250398085.5844738,1250398092.99707,997654B7C6
1250363953.4335911,1250363963.15625,44AFA7E777
1250378059.735353,1250378066.970459,0D3DF5A057
1250378260.943356,1250378269.90332,065F7C9984
1250381502.552242,1250381511.262695,DD7F4D626D
1250381626.0698268,1250381637.228393,50395A5524
1250381639.7910202,1250381648.774414,07A49291E2
1250381689.441404,1250381697.621093,C7F3DC97B5
1250381750.796506,1250381758.870117,EE8C4621B8
1250331032.169435,1250331039.933593,37DAC21234
1250398589.91406,1250398597.291504,1C47D30EAC
1250398620.8388698,1250398627.847656,FD12C6BD9E
1250381266.0293,1250381273.080688,B64C0B0161
1250315524.082031,1250315531.675781,D0227FB9F8
1250331581.583986,1250331590.600586,1F6DECD8D3
1250392080.227536,1250392090.096923,8F71BCD505
1250369305.3164089,1250369315.11792,D338B62B47
1250323698.810552,1250323709.581054,8F762EF00C
1250368307.75,1250368316.333007,00ADBCC606
1250368558.275392,1250368565.712646,A1CEC0B4E3
1250368567.913576,1250368575.484375,25A64F8F6D
1250302902.5253909,1250302911.014648,858F0CA843
1250370610.08594,1250370619.746093,3AC0AF9D83
1250319290.950198,1250319300.007812,7B884D0DFE
1250323842.222653,1250323853.107422,9C6FA349DD
1250323855.3710911,1250323863.3208,5DE2BDF2A2
1250390676.480588,1250390685.891113,D20785D45F
1250393980.08399,1250393988.9375,138C209A97
1250371967.728512,1250371974.833007,CEE2055A26
1250306211.217775,1250306219.294922,FAB8EFC93C
1250365846.9794948,1250365857.683593,40A55CB8CF
1250366059.002195,1250366066.46875,F8539A0C2D
1250366199.28125,1250366210.171386,643AE2FD2D
1250366413.9716828,1250366420.98413,D0F664129E
1250306576.734866,1250306584.464843,6A784A8B5C
1250367174.6875,1250367181.945312,8F6B52E32C
1250367427.6484408,1250367434.769531,CA0783FAB0
1250374567.75708,1250374576.767089,79E11ED90B
1250374672.863284,1250374684.854004,C67B83B6CA
1250330200.875,1250330208.277343,D57639B0FA
1250330250.4492218,1250330257.832031,13B82910D2
1250373339.896481,1250373348.768554,9BE013DA91
1250373497.943357,1250373506.111328,5B0ED36924
1250382086.031251,1250382093.875,2CC61601A8
1250382156.6162138,1250382167.009277,33F1685AB7
1250382225.737674,1250382234.290039,74620F0611
1250316741.737309,1250316750.094848,F3B0CBCBF3
1250305692.1606498,1250305700.759765,D22ED0ECA4
1250399407.8017578,1250399416.618164,E3254B7422
1250399511.180662,1250399523.099853,70DC50D4E4
1250399582.559574,1250399590.709716,EDCBA8CA4F
1250313026.888673,1250313034.280517,8B2A9F9F5A
1250387902.910162,1250387910.735839,BF49BEB606
1250389297.0898468,1250389305.207031,9A6C9AA2A4
1250367699.849611,1250367707.005859,07B6BE6C8C
1250367802.653323,1250367813.34375,77302117A6
1250393690.921875,1250393697.984375,C77542A9A4
1250393745.1586938,1250393752.457031,5102CA1410
1250393900.895505,1250393908.240966,CCA2400E79
1250386326.757444,1250386334.636718,26551D9BCB
1250386337.144528,1250386346.446045,F901D84449
1250300467.763669,1250300477.510254,02BC98A706
1250337431.531255,1250337439.65625,04EC249354
1250303865.452152,1250303872.729736,B467DBD9CD
1250304004.764645,1250304012.37207,D7D489C88C
1250304083.046873,1250304091.989257,3F9BF9FD6E
1250386139.778324,1250386147.030273,84E8C62F8D
1250386154.548825,1250386161.733886,4157F6DB6B
1250308294.721675,1250308302.600586,63ED9BD46C
1250308445.835021,1250308452.895507,EA248436A5
1250308591.717777,1250308601.297851,5CAF841F9B
1250377222.4668,1250377230.670898,D4A6C487E8
1250386887.436527,1250386894.454834,E1E300B0D6
1250386987.15625,1250386994.240234,2CC3CF9A98
1250378819.847653,1250378828.846435,F691B10859
1250343928.1757822,1250343937.354004,E6A8D4669D
1250309529.614254,1250309536.78125,633F2F48C1
1250319848.816406,1250319856.197021,D7A2E7724A
1250321786.87109,1250321794.391601,F8CD9BD28C
1250315202.62793,1250315211.536132,F228BF9CE3
1250315233.503904,1250315243.254272,B86F8263A8
1250380511.63403,1250380521.805664,70D70B4B43
1250380690.246947,1250380697.637695,232470C6D2
1250380851.9477549,1250380859.003906,ED8FBF050F
1250380901.6796908,1250380911.338073,604854C6A1
1250380933.492187,1250380940.603515,D4AF99DEB0
1250304618.18262,1250304625.21875,40D3BAEAD9
1250304728.18799,1250304737.035644,FD6C0125B5
1250404653.728519,1250404660.817382,55C772D1A5
1250423222.966305,1250423230.130371,41F319866A
1250488311.652347,1250488320.095703,71E995B175
1250488587.2236328,1250488596.032959,7F2EECA776
1250488649.135254,1250488656.932617,DB250AFE09
1250416847.228025,1250416857.862304,17FCDB532C
1250416868.808595,1250416877.671875,5DAA16831E
1250452044.8125029,1250452053.431152,E4E3511662
1250412975.500973,1250412983.317627,12AE635E60
1250413363.381832,1250413372.632812,DA5D1067B9
1250404057.241208,1250404065.309082,502D735625
1250491505.3818388,1250491512.692382,87F4ED0365
1250407557.619999,1250407567.831054,9FE2EF1BAB
1250409227.052736,1250409241.214355,4F93655134
1250409294.673579,1250409302.315429,90A524478C
1250477475.987301,1250477483.208984,D44262DE90
1250477525.0810578,1250477532.5,3541A692EC
1250478376.66016,1250478385.184082,F4CF74D84C
1250479517.4599638,1250479526.002441,70EEEC4369
1250499548.006832,1250499558.484375,C5EF85FCDD
1250496816.163572,1250496823.851562,140190450E
1250496967.847533,1250496975.308471,4A9169EAB1
1250479742.797369,1250479749.951172,E1F98FB954
1250417376.821292,1250417387.435547,72C3074676
1250400498.964844,1250400507.535156,B819210B3C
1250400527.085693,1250400538.889648,3D701E4578
1250469945.211917,1250469953.129394,76D326E57D
1250470137.0605469,1250470144.827148,D536F949CD
1250470233.5546849,1250470243.552734,A32E63E899
1250437316.065426,1250437323.881836,7773574237
1250443654.642086,1250443662.007812,1955129E11
1250407293.79687,1250407302.463867,318B4CD731
1250407305.025396,1250407313.719726,8C55DF7E5F
1250407358.682987,1250407367.898437,6F05FFAB2D
1250407371.1337929,1250407379.450195,27A2285EF8
1250469278.292966,1250469285.582031,88B9327ECB
1250484598.800784,1250484606.613281,698ACA4F4D
1250433466.4912138,1250433475.767578,AFF9F60008
1250433480.476566,1250433488.016601,CB09AB5269
1250446367.877933,1250446378.243408,2049E7E517
1250447691.926754,1250447699.474609,4BDB99E1F2
1250481240.50195,1250481248.341308,35BA0A8150
1250481386.556943,1250481396.5,684985DE41
1250436500.766849,1250436507.851562,3AD6B1BB4B
1250436702.950192,1250436710.621093,541FE9C343
1250476718.4209032,1250476725.924804,88BD3547BC
1250476966.1875,1250476975.664062,540C373B99
1250493309.5003638,1250493318.739257,53F4806310
1250493622.7277792,1250493632.709228,00EEF7EB8D
1250493663.145511,1250493676.891845,E2C113F451
1250491892.5742218,1250491899.695312,35EA53D24E
1250491945.1171908,1250491952.902343,AF746D2B20
1250449072.712894,1250449080.109375,CAD095E835
1250402911.9570282,1250402919.422363,D7C0A3F0D8
1250425039.2812471,1250425047.195312,0685092DFB
1250496224.850582,1250496232.662109,1449D65B12
1250496286.456544,1250496294.039062,4DEDD74504
1250401881.018552,1250401888.601074,7B33689396
1250402001.000486,1250402009.418945,9A70004F3E
1250469747.327145,1250469756.201172,7A0D397250
1250486770.156245,1250486779.55664,DA8055DE7D
1250486817.9482448,1250486825.394531,9AA3489579
1250472485.972784,1250472493.681396,AB341EE30A
1250490507.255858,1250490514.653076,F47BC56394
1250490584.083497,1250490591.750976,8C09ECA9DE
1250407115.178648,1250407122.460937,5DDC5C24ED
1250498709.745725,1250498720.121948,B0176BEBDF
1250498779.480472,1250498786.741821,36B817DAEF
1250498828.64624,1250498837.248047,B8529B7B4F
1250471766.611326,1250471774.050293,EA4E730B7F
1250471830.988771,1250471840.226562,3AA5E44C75
1250472000.075197,1250472009.513672,2C62966E93
1250476331.473264,1250476340.710937,BD5FA5FB91
1250474149.9257782,1250474157.082031,DAA1F43BFA
1250485519.124024,1250485527.65332,1BFF72C547
1250485707.3657238,1250485715.238769,883740F67D
1250485953.990238,1250485961.254882,D33C682B99
1250405594.8154252,1250405602.0,C62F017866
1250405902.907591,1250405912.644531,823078569A
1250476510.879879,1250476518.353515,472E4815F4
1250474691.593753,1250474700.096679,F32AF8E110
1250402556.573242,1250402565.693359,EF6B4262D0
1250480986.987794,1250480995.158203,AD07ECF0C4
1250411667.575685,1250411674.838867,50C13CB0F5
1250411687.660153,1250411695.926757,A788241592
1250479208.8244638,1250479218.086792,3434F3150F
1250468029.916016,1250468037.047851,766E89C41F
1250466696.071783,1250466705.848632,A8E5D9E896
1250466912.231447,1250466920.363769,E6D6EBAF50
1250467032.587896,1250467043.452148,95CC75CB30
1250473280.128905,1250473290.883789,E597F08F54
1250473432.071046,1250473440.929687,2424EF713B
1250472738.217771,1250472745.575439,FF705665F1
1250445477.960935,1250445485.375,445B0AFEC0
1250465575.661622,1250465582.739502,938A999691
1250465736.2578158,1250465743.596679,D3243C594E
1250483181.7537222,1250483191.109375,B1A7CA1A23
1250483223.43884,1250483231.352295,54304DDED4
1250483360.40869,1250483368.640625,4CABD2B341
1250483519.003906,1250483528.45288,044B244069
1250483548.0742202,1250483555.079101,52D19A1B5A
1250465190.976563,1250465199.616211,B0921EAFD4
1250442713.489503,1250442720.988281,556B394AAA
1250442808.503908,1250442817.02539,A16708A7E9
1250406591.6070511,1250406601.333007,B9E1BE241D
1250406668.749995,1250406677.963867,4FF43B60BA
1250466018.098634,1250466025.514648,60C06829D2
1250482388.4687471,1250482395.611816,F83AE1F140
1250495392.849609,1250495400.991211,E52C0183E7
1250495443.32422,1250495451.301757,4760785F03
1250423588.3466809,1250423596.575439,F56CE13C98
1250414354.185667,1250414362.064087,ABF2E71A50
1250493782.265627,1250493789.79663,64DC3AE093
1250410792.099606,1250410799.313476,3D576566E6
1250412260.751468,1250412269.552734,72B1198F3D
1250412273.5224638,1250412282.166015,03D1A190DC
1250412392.615237,1250412400.714843,499B557593
1250475303.351812,1250475310.87207,3AD66E84E4
1250475387.166752,1250475396.795349,34FD756B4A
1250485209.567012,1250485217.660156,6279E337DC
1250488829.8945289,1250488838.151123,4C0C48B5AF
1250488848.830075,1250488856.445312,A9F2D9E3CC
1250488994.1357448,1250489006.77832,91046854AA
1250413888.844242,1250413896.056152,5E575C5042
1250464598.921876,1250464607.195556,10C546E304
1250464875.603029,1250464884.459838,3ED231ED7E
1250482849.485841,1250482856.692382,115872657E
1250482862.177731,1250482869.487793,68495D0611
1250482919.223636,1250482935.686401,DB834BD923
1250482980.291019,1250482987.384765,6651CEC984
1250410877.2163131,1250410884.625244,79F6DA8AFF
1250410907.216793,1250410917.714355,CDB55BDF05
1250410982.1596708,1250410989.597656,02BE53C6B9
1250405298.851566,1250405307.829589,74800F1732
1250477132.287114,1250477139.471679,583437482D
1250411710.8051722,1250411721.84082,7FBBA8FDF5
1250490873.598632,1250490882.764648,93FE3640B3
1250486102.462896,1250486109.609375,ADB9CB94E8
1250483727.474612,1250483734.5,8BCC7452ED
1250416588.632326,1250416595.729492,3DED547B80
1250416693.422848,1250416704.813232,8E31F042DE
1250408416.924801,1250408429.375,9ECAB5334D
1250476026.295902,1250476033.457031,AE2B73BCC0
1250401087.50781,1250401095.232422,C58AC416EF
1250422182.728519,1250422190.329101,8974EC66B0
1250464277.115238,1250464284.762695,ADEC604883
1250464298.568361,1250464308.578369,EC82207105
1250470667.1005888,1250470675.58789,FD89215778
1250470754.4477549,1250470764.673828,53276F9B0E
1250400834.6450229,1250400843.166748,329798F46B
1250422462.490236,1250422470.296142,48BC7548EC
1250492397.662113,1250492405.203125,EB06F5FAC6
1250426138.671201,1250426145.74707,09D9924254
1250406283.462887,1250406292.973632,14CF708D86
1250427330.377015,1250427338.568359,78021431B0
1250429932.648441,1250429939.986816,8643E8D40F
1250477832.1357448,1250477839.265625,0EC0874064
1250415743.310057,1250415750.328125,1179D9060B
1250452559.238284,1250452567.0,8544186C99
1250473917.711427,1250473926.209472,D0817C3954
1250445939.867183,1250445948.5,B277D099B8
1250430405.824215,1250430414.765625,6128F4844D
1250480494.94971,1250480501.970703,6E16606F65
1250407956.156738,1250407964.067382,FA3AB875C5
1250408214.0927749,1250408221.782226,2B0F5681F4
1250414205.1650372,1250414212.62207,5DD2321133
1250484413.507326,1250484428.652343,6CD2938BB3
1250415936.8710968,1250415944.136596,E98C853DE2
1250408673.068362,1250408682.454101,BABA32F019
1250468875.129396,1250468883.429687,E6BD372765
1250468903.3305671,1250468911.263061,D00E561ECE
1250468967.453613,1250468977.387695,356A268936
1250479929.353516,1250479938.083007,EF24BAB23F
1250479947.539916,1250479955.582031,547711A1F4
1250436878.410153,1250436885.783447,5EB925E9FF
1250494344.960935,1250494353.041015,D2961D20CB
1250494382.2976031,1250494391.196289,7B60652AFD
1250567756.914059,1250567765.845703,DF93C8B96D
1250567948.506832,1250567957.430664,5934B77FD1
1250510838.615237,1250510845.625976,7BD8AC7E65
1250580517.447262,1250580524.665527,F99CAEEBDE
1250576441.15234,1250576448.623047,B0833822A0
1250576529.951786,1250576539.513672,92DC07CA3E
1250531730.029787,1250531737.135742,E53CD227F6
1250531763.436527,1250531771.775146,6F0068923A
1250529183.002932,1250529194.395507,B375390467
1250529208.152833,1250529216.35791,20925F9AD9
1250506028.337892,1250506036.394531,2C388E658D
1250530723.1689491,1250530731.186523,25C148250D
1250582252.13281,1250582259.238037,0ED150511A
1250579944.2099628,1250579951.803222,9AA1E559EA
1250579985.894535,1250579993.223877,AB1B27998A
1250580125.63281,1250580133.71289,D8A6547339
1250561755.939946,1250561763.401367,A291047CDD
1250561811.9355469,1250561821.200805,F10675D09F
1250593812.8085968,1250593820.134277,0FA3FC7F92
1250504710.3737772,1250504717.67041,62C4B267FA
1250570152.34546,1250570159.93457,0141D361D7
1250570264.250005,1250570272.137451,FB8D75ACF0
1250586249.9101572,1250586257.029785,CFC75D3F7E
1250519159.887208,1250519167.033203,6543F06330
1250587564.543458,1250587573.148437,6A0CD0E58D
1250520111.288576,1250520118.834716,CC2B3BD7DA
1250514749.531743,1250514756.591797,8126351BC0
1250549344.6270728,1250549351.757324,1573CE99D6
1250598663.039066,1250598670.846679,F239F64173
1250598946.292965,1250598953.874023,50206F5859
1250579118.1904328,1250579125.817382,3D5A810028
1250571421.335942,1250571430.375976,7F27B51C5E
1250577370.816035,1250577380.827148,9D9B77FD3B
1250548557.523434,1250548565.364257,8D8D5AF790
1250548686.630124,1250548696.270507,068D689111
1250548699.8984408,1250548708.946289,C0F0D1A59A
1250548936.349606,1250548943.625,B7710F2E36
1250548976.380856,1250548983.648437,D762767DD0
1250570675.347653,1250570684.142578,41499AB7A8
1250553824.175778,1250553831.398437,5A7021BE88
1250513108.59668,1250513116.208007,F99C48F802
1250524443.1162078,1250524452.416992,F3F5E795CE
1250524684.048825,1250524691.11914,2BDB656F16
1250524755.023433,1250524766.779785,D1125C8A0B
1250524930.547855,1250524939.679199,3E4774E71F
1250527584.433165,1250527592.537109,74F71F122C
1250540267.4609408,1250540274.760742,2D828C7052
1250526224.570313,1250526231.894531,FB7EC619CE
1250576073.427731,1250576082.056396,2BFFE31903
1250576276.258788,1250576283.623047,FDB9A4F352
1250521333.715817,1250521341.487304,1B5CF23B38
1250521434.410276,1250521441.917968,78D32D1B84
1250579339.098878,1250579346.834961,C284C8076C
1250553283.912113,1250553291.327514,525FBE3571
1250576974.733394,1250576984.079101,7427C13446
1250507718.0039089,1250507725.486328,F5CE057F00
1250566093.648434,1250566100.712402,4D5A9CF00D
1250566141.920895,1250566151.709106,0FF5C690A2
1250566330.672857,1250566339.02832,D781718EDD
1250504256.125003,1250504265.773437,A5E3B86806
1250526918.6835968,1250526926.114257,46F508BA19
1250576777.0332038,1250576789.094482,9C07E04A1F
1250576872.7890658,1250576881.696777,0FF72F4CFB
1250564804.681645,1250564812.553955,A17ABD3827
1250565039.744143,1250565048.469726,EC4322AB3A
1250557929.57129,1250557938.184204,62CBF6F26F
1250507195.25,1250507203.075195,0DD47E0D18
1250507532.388187,1250507540.882568,C4250CA339
1250597700.046878,1250597709.169922,9DDBA45F47
1250578294.441403,1250578301.625976,121FB31ADB
1250578777.5063498,1250578786.867187,E73AF9C84E
1250560215.75195,1250560223.328125,BF2F70934E
1250560868.132812,1250560875.279297,E802BC776B
1250513334.988284,1250513342.213867,029BA49B41
1250513417.7441409,1250513425.168945,FE44E2C42A
1250548322.232425,1250548329.549804,9E0EE186A8
1250570924.464844,1250570931.633545,36F7DE084D
1250570993.277347,1250571001.780761,4580DF2EA6
1250506550.532839,1250506559.121093,B42CA70F58
1250542162.9140658,1250542169.986328,337627C963
1250592567.417974,1250592575.791992,AFE86D5313
1250508409.846926,1250508417.220703,786C1FD912
1250584956.81299,1250584964.385742,7B4EC278B0
1250574135.757809,1250574145.165039,5FAA62E3E1
1250574493.077639,1250574500.522461,B71CF9C6A7
1250525904.661136,1250525912.949218,ECD9748A63
1250526054.910152,1250526064.389648,4951F2A10A
1250526116.15625,1250526123.976562,BE0AED02F3
1250526752.332028,1250526760.240722,B3B4DB85E6
1250542711.532223,1250542718.828125,1A6B3D9A36
1250553194.3046908,1250553203.541381,519ED6F7B6
1250516267.1826198,1250516275.359375,3A0ACB1A2E
1250568397.090826,1250568404.237304,022727283E
1250568494.052731,1250568502.445312,A03BBBDEAF
1250546942.030269,1250546950.036132,421CF21534
1250501978.547848,1250501987.038086,AFE3CCABE4
1250549639.054686,1250549646.66687,ADB87B1488
1250550098.655517,1250550106.164062,42BFC8191B
1250550130.917972,1250550138.202148,6DED2888F0
1250519718.771487,1250519727.916504,C0E0D205CB
1250519805.31445,1250519813.995117,2E6492F095
1250523462.8642578,1250523474.736328,45B2F86A6E
1250523601.21875,1250523609.471191,D95334BA82
1250546107.875,1250546117.515625,A3C20CF574
1250546236.661133,1250546243.77539,8A55A2A63C
1250546418.4589849,1250546426.547851,418D3BE9D5
1250546463.634276,1250546472.259521,A83CF64203
1250562968.7431672,1250562975.754516,72EAC9D1BB
1250588686.12305,1250588693.140625,DD5ADFB4A5
1250588886.2246149,1250588894.790771,A39E92343B
1250589089.606935,1250589097.841064,1399BAE239
1250599873.276489,1250599880.480468,BB82F2CC80
1250600190.953126,1250600201.588623,AC9BB487C4
1250581152.542972,1250581163.074829,360A1B0EE5
1250581183.508792,1250581193.148437,BF5679D82A
1250577680.083988,1250577688.791015,B881FF0ED8
1250577745.3857448,1250577752.494629,866A62DCBD
1250597349.189699,1250597358.625488,301C8CC4A6
1250575940.858395,1250575949.27539,475BA34165
1250546651.106197,1250546658.162597,7D63EB84DD
1250546786.879886,1250546795.285156,86E7E4329C
1250591688.941652,1250591697.807617,D258D291B2
1250591833.125,1250591840.6875,F8993A73B2
1250501681.164553,1250501690.144531,7E36A35FAD
1250501711.975584,1250501719.879394,B5C8FF5B48
1250501853.942386,1250501861.645507,A1134CDC2D
1250532310.981448,1250532318.35913,11837AF1D9
1250520371.464842,1250520379.572265,DE48E703B1
1250594252.894534,1250594261.980468,D29F4BDAD4
1250573921.420902,1250573929.073242,407B31B735
1250573961.7211928,1250573968.798828,E20C55ADC3
1250566455.259767,1250566463.097656,18F6168EB5
1250583041.7968771,1250583049.955566,50852C8B38
1250584504.529788,1250584512.46289,381573F704
1250558417.173831,1250558424.679687,A2FE81B62C
1250569251.8466802,1250569259.147461,F19ECC9814
1250555173.69531,1250555180.835937,CC513AB7AC
1250555384.953128,1250555392.290039,8FB6ABC5AF
1250572116.415036,1250572123.502929,6199D1F341
1250572304.685543,1250572312.855957,2C97F3C7FE
1250519305.796877,1250519312.833252,BF48AB9C46
1250559584.167973,1250559592.277343,121FC43443
1250559593.613285,1250559600.730713,1CB1EC09D9
1250521577.202634,1250521584.307617,88DF9EB71E
1250521662.385742,1250521669.66748,2C765D65C4
1250521717.570313,1250521725.18811,07CF5D24E9
1250521930.267575,1250521937.691406,8000D05EC8
1250598029.667965,1250598037.328125,7604851816
1250598263.706786,1250598274.994629,6034EB28BF
1250547356.239254,1250547364.265442,076B270CAA
1250547483.965825,1250547494.417968,7657252BE0
1250511717.233401,1250511729.690429,C45F1D59E1
1250511742.874998,1250511753.210937,C7BDACD5D1
1250594817.55859,1250594825.086914,1A88D1F7FC
1250509904.0830112,1250509911.228515,015391E9E8
1250656094.658327,1250656103.080566,91974CE403
1250671862.063477,1250671870.464843,CF9C45A00A
1250628865.6047962,1250628876.98999,54650C5148
1250628994.92871,1250629002.127929,436858E6C8
1250633757.3922088,1250633765.75,D607C589A2
1250633853.263675,1250633860.956054,EBDCFB0F59
1250637172.887208,1250637180.359375,8F9DDC3C02
1250690676.942381,1250690686.583007,928F1223C7
1250668072.739742,1250668081.78125,32FD5F7319
1250653462.087401,1250653469.556152,E192251546
1250653635.921876,1250653644.898437,C75905399A
1250651105.221676,1250651113.739746,00003F89C7
1250634850.5585968,1250634859.738281,03F596A914
1250620811.452152,1250620821.052734,8E58B75AD1
1250668965.210939,1250668972.895019,DB6B3CB431
1250669074.889648,1250669083.819336,7A2AC2CB29
1250696031.954105,1250696039.579589,F0072AA25C
1250696063.240598,1250696070.773437,FB86EC5D7B
1250681908.003171,1250681916.399414,66455D9062
1250643897.5206258,1250643904.645507,92CDBD21F5
1250617407.062503,1250617416.574218,44F3C5284F
1250695250.85938,1250695259.413818,037FC5E9B3
1250676534.223634,1250676543.624023,5FA9B0FDFC
1250676676.050784,1250676683.345703,852193F060
1250623370.2730742,1250623378.772949,F5A4610E3A
1250623428.965572,1250623437.082031,0749AAD2CE
1250623629.570309,1250623638.851562,0047B815F7
1250678530.781245,1250678538.25,F101DA659B
1250696447.277347,1250696455.125,C695FCE9DC
1250660330.81152,1250660340.8125,511824D79B
1250688478.31348,1250688485.871582,4B75DBDC26
1250659610.793458,1250659618.275879,1C1E6AB095
1250659711.823239,1250659719.916015,63C48AA0D8
1250649308.991212,1250649316.118164,7875248AA0
1250613049.270509,1250613057.725097,911F1A1E04
1250634755.215823,1250634762.970703,A7A5450F47
1250626303.074219,1250626310.433105,4EC20CC45F
1250626546.0185578,1250626553.362915,99B63ABA70
1250609742.557614,1250609760.43457,6A18301B26
1250645248.9023452,1250645257.441406,2FE4C4B52C
1250651347.184572,1250651355.845703,0C1937BDFF
1250651479.937495,1250651489.508422,1BF450E204
1250666726.068363,1250666735.794922,FC32511A1A
1250610113.0693338,1250610120.070312,FCDD782A14
1250664786.674806,1250664795.949218,0FD5EFFFEF
1250665062.046872,1250665069.779297,46C6823059
1250680284.731448,1250680292.637695,E23486DFFD
1250640549.100584,1250640556.12207,FBABBDCBA0
1250679092.563473,1250679100.584106,37D0B29779
1250679276.224609,1250679283.763916,58F3282E74
1250679436.944829,1250679446.952392,48697C4E02
1250614510.270505,1250614517.763672,CC4ACAF5A7
1250614603.0625029,1250614612.401367,941E5677E7
1250614673.6874971,1250614681.185547,4BB392831A
1250690051.124023,1250690061.359375,D1E20B3FE5
1250647235.333007,1250647242.694336,3835497E3E
1250664018.376956,1250664028.124023,A3477F49CF
1250652765.1445282,1250652774.533203,4FB5A778A8
1250621586.57691,1250621593.84375,6446959345
1250655684.3212922,1250655694.118164,79C825EE40
1250605125.9121149,1250605133.602539,364B0B83D1
1250602767.882816,1250602774.916992,0D3F51856D
1250600904.820309,1250600912.147461,13BD20456F
1250601208.904293,1250601218.249023,9A8872738D
1250692552.292726,1250692561.245361,C75927C480
1250652318.328375,1250652325.376953,CD0284EBC5
1250639702.186527,1250639709.477539,2D1E4EEB5F
1250619203.8418,1250619211.371093,63675C4B80
1250663625.454229,1250663634.285156,C0496F8859
1250611857.234371,1250611865.645507,F8A25B20F3
1250611928.369388,1250611936.080078,A4D9E0A4B1
1250611987.144531,1250611994.371093,730E0026DC
1250612221.896485,1250612230.285156,2BBEE015E1
1250612266.416504,1250612273.565429,710CA4139D
1250624961.434085,1250624969.407226,D1997C5BAF
1250697881.707031,1250697889.372558,F3B3115A97
1250658621.9687529,1250658629.399902,17B1180B34
1250629955.66016,1250629965.6875,90E3FDAD6D
1250612612.05859,1250612619.174804,9190A0AC48
1250612845.657223,1250612852.666992,C257DF0CCD
1250682285.5346708,1250682292.859863,8BC5902F32
1250614316.2158198,1250614325.038086,4914E80D2F
1250644293.740234,1250644302.566406,2C8E48D620
1250644363.134826,1250644370.960937,1093585EC6
1250692986.556152,1250692994.407226,EBCD178550
1250693016.494138,1250693023.670898,07DB57DF26
1250693216.990231,1250693224.107422,DB2C0E3AED
1250636947.5830102,1250636957.023925,CA5EC3A88F
1250613342.639648,1250613351.960937,4679852F7E
1250613527.5585968,1250613534.738281,ABBFE10A5B
1250664654.640138,1250664662.186523,7DC3B5F038
1250684931.250975,1250684941.411132,D17E49F627
1250624430.8749971,1250624439.585937,47BB4E7A37
1250656426.869142,1250656434.162109,CE532BD156
1250692729.3632848,1250692737.888672,E6AA42BA79
1250615512.332521,1250615519.83789,63B9D9509D
1250615796.06445,1250615804.242187,B964E958FE
1250615849.661135,1250615857.339843,FE1C386740
1250634112.972169,1250634121.948242,9484EE87DA
1250618543.274415,1250618551.325439,87F464327D
1250606619.754879,1250606626.797851,B519493DD8
1250632926.830081,1250632935.585937,24F0C29C21
1250632986.786129,1250632996.324218,7356586BE0
1250603882.223629,1250603890.659179,62E61F3B4E
1250604137.736876,1250604148.193359,D0439D3F4A
1250606542.99561,1250606550.057617,FA5D1F2B2A
1250626943.4482448,1250626950.902832,642CFAD5E1
1250641929.6376991,1250641940.587402,DD6A5C43FB
1250625330.482421,1250625338.109375,EB432AE724
1250698071.21094,1250698078.8125,F4EA28592D
1250690891.6613731,1250690899.039062,F57A1DE457
1250690982.1826198,1250690990.092773,944A6A0171
1250691094.380856,1250691103.10205,7E6D8B17F4
1250645962.312504,1250645969.624511,BBD84E7F14
1250646166.204589,1250646173.269531,5DC695D681
1250619947.933107,1250619955.314453,0BC19D69BF
1250665825.892575,1250665834.768066,BD0EEA249A
1250666212.509769,1250666220.151367,218915BA69
1250688670.77844,1250688680.019531,42DC08584D
1250683377.3818388,1250683385.011718,4108E8E740
1250671260.1573522,1250671272.118164,F8C0D8B7DC
1250671293.847653,1250671300.975097,50D56DB88B
1250623714.3706088,1250623723.878906,80EA12B37B
1250699650.1337888,1250699657.475097,9ACABA8CC4
1250649148.8974562,1250649156.814941,C27F135B4E
1250604834.46777,1250604841.665283,8D46804EE8
1250635628.2900388,1250635637.576294,CDA69A3111
1250683922.861332,1250683931.5,937634D9AA
1250689822.681644,1250689830.30957,AB0579245B
1250615085.1816409,1250615092.447509,B5B0D02E66
1250615096.810544,1250615103.879028,A5FE6B70E3
1250672789.104489,1250672796.589843,5CF5A1247A
1250641593.893556,1250641601.510254,CB7988B164
1250641634.388672,1250641642.211914,3E85A6BD89
1250699926.318362,1250699935.3125,C7CFD17275
1250691400.39063,1250691409.113281,BA2F39496B
1250691459.075193,1250691466.167114,3AE7D571B4
1250610609.25,1250610617.189941,1A58DC796B
1250610655.317384,1250610662.5625,658DF4F7F5
1250662007.65625,1250662014.894531,15285A9A48
1250637950.278324,1250637957.340942,298C42C47B
1250607300.724119,1250607310.041992,EF0137B304
1250607507.431637,1250607514.515625,48C4BAFC7E
1250662098.604489,1250662105.801025,76B2F3668E
1250646354.059569,1250646362.426757,84EDDBFAD0
1250661324.2919948,1250661331.521484,AD451B2073
1250686599.055662,1250686607.321289,98DAB89E94
1250600475.1367218,1250600485.140136,C87D8FBBCD
1250600804.399297,1250600813.496338,F733D2516F
1250623869.699223,1250623881.035156,242A7EE358
1250608875.859374,1250608886.189941,88B0BFB45F
1250627517.107421,1250627525.639892,00F86E0022
1250627561.600582,1250627569.096679,F5E8C2915D
1250627666.550786,1250627673.597656,707E773878
1250627782.40234,1250627789.992187,C2D8B64815
1250687648.397951,1250687656.90625,C96908BBF4
1250603073.0332,1250603080.832763,8AB4BFE7B7
1250616330.367184,1250616337.914062,F7C77D8362
1250647443.233886,1250647451.027343,12853DB8C6
1250654181.755374,1250654190.108398,B717B55E9D
1250656974.300783,1250656982.9375,CD9D69BC86
1250605589.40405,1250605597.074218,FC2DA7B825
1250605761.331913,1250605768.844726,4DD3D293E9
1250679662.1538682,1250679670.318359,BA8FABB26A
1250679843.042972,1250679850.095703,3A6B06DC86
1250670650.867184,1250670658.376953,00720546E9
1250648027.486942,1250648034.515625,4B4A10E735
1250743471.01807,1250743478.077148,518272316F
1250749464.349611,1250749473.037109,3DA8BEA799
1250756399.216314,1250756407.285156,3FCA655BA4
1250736196.598636,1250736204.232422,677D80E37D
1250756945.955322,1250756953.84082,4E8D834FD8
1250724805.718258,1250724813.517578,FF88FF68DC
1250724904.0720172,1250724916.473632,4F483DA6E3
1250725095.5537071,1250725104.417968,CB9B74A15A
1250751437.6943388,1250751445.682617,69B5BFF4BD
1250702971.4335968,1250702979.26123,8479418D88
1250738182.754634,1250738190.321045,A91EA6E3F0
1250753143.163082,1250753150.178711,7239F24880
1250778872.737546,1250778880.992187,3313A40303
1250778945.8974571,1250778954.86914,06668AA4AF
1250778978.951168,1250778986.544922,A5CDCBFAB9
1250779005.964847,1250779018.40625,9BC8BF1A11
1250742384.641598,1250742392.83374,E62585249D
1250764333.1474562,1250764340.725586,B1C62645C1
1250749715.584842,1250749722.726562,8AE5A87B19
1250741305.667967,1250741314.21875,8EDFF25835
1250788513.356443,1250788520.563964,9F4157BF38
1250788594.53516,1250788602.618164,4D76577F29
1250735899.238284,1250735907.318847,BDAD9838A8
1250751973.460454,1250751980.9375,3A4256D02D
1250752133.935792,1250752142.602539,AFFC80A8C3
1250752195.997562,1250752203.211914,C6846EE8C5
1250729870.609375,1250729877.702148,C23268F02D
1250741763.4726589,1250741770.691406,D7B98D2681
1250741780.791379,1250741789.516601,2DEE255B9B
1250799289.019044,1250799297.522461,60F9E1341F
1250799380.03027,1250799387.734375,6E95954336
1250761306.234375,1250761313.24414,207686246B
1250761313.4169948,1250761320.91748,610F45093E
1250745849.409182,1250745856.988281,9EEB27A007
1250758266.3833,1250758275.460937,09498B0442
1250708957.026617,1250708965.812988,60CF98439F
1250768331.6611311,1250768340.361328,5396B9C0B9
1250790078.3752449,1250790086.884765,9441C70372
1250790137.289556,1250790145.470703,BECC0990D8
1250720713.112302,1250720720.167724,D050A4C666
1250771367.5144022,1250771374.980468,D48CD62EDA
1250771497.1191409,1250771507.41333,BA57788D67
1250738368.68262,1250738376.566406,5C14642C33
1250743807.714845,1250743815.22998,7A837F1CD1
1250748180.511724,1250748189.449218,7395E646BA
1250737827.0898411,1250737837.191406,856462D760
1250725700.025392,1250725707.65625,E692C36203
1250761966.2724638,1250761973.34375,71D4EAAAF6
1250780799.8828158,1250780807.069091,2A6801F6F9
1250727466.8750029,1250727474.097412,434BD9CE52
1250719745.138669,1250719754.015625,7D86CE12C0
1250721739.5688431,1250721748.345703,B793F8134F
1250702850.7741652,1250702857.890625,1F94299D65
1250793640.761476,1250793647.996093,0C5D5804B9
1250732410.142578,1250732419.05957,5BB36F0749
1250724307.591793,1250724314.944824,959E6F2557
1250747557.8750029,1250747565.250366,13BFD10EF5
1250747659.6514852,1250747669.540039,1082800D60
1250764684.908575,1250764691.912109,B9BFAC89A7
1250760929.5292969,1250760937.909423,6605E0154C
1250760987.428226,1250760994.708984,FF991AB13A
1250761011.984375,1250761020.93457,53011DC845
1250710374.859378,1250710382.489257,A4974274C1
1250710392.71973,1250710400.057617,DDD6A77D27
1250710446.554687,1250710460.694824,92BE7303B3
1250744057.1787071,1250744064.330078,9F0D811158
1250749856.317386,1250749863.621093,E87163CC1B
1250783502.413085,1250783509.445312,7C622A19FE
1250714360.974612,1250714368.87207,DA54796B62
1250702338.955073,1250702347.264648,694644CABA
1250702377.010741,1250702384.453125,1171C8A62B
1250702427.553218,1250702434.59375,9A389CA0CF
1250702446.266603,1250702455.640625,B648DEA344
1250785868.262208,1250785875.387207,61E6DF7215
1250759173.4921908,1250759182.515625,3447811C65
1250748529.425785,1250748537.239502,604B864D94
1250748555.974613,1250748565.610351,F374A2F880
1250748647.011722,1250748654.047851,A257671150
1250770488.7929718,1250770498.287109,ECCA64441F
1250726822.4833992,1250726829.550781,81A813DC1F
1250731620.126956,1250731627.398925,72C48240A9
1250715621.275754,1250715629.569336,13791B8AAA
1250707273.680667,1250707280.682129,100B950BAE
1250707292.159671,1250707306.480468,E37DDAD9DC
1250711835.3554718,1250711844.447754,93012E3DDC
1250746242.4326198,1250746250.100586,B56AA37492
1250706930.221195,1250706938.048828,53B47EE2DD
1250707046.151122,1250707053.171875,DACE1DB915
1250774999.1015658,1250775006.280761,A7A72C0D6B
1250779792.831055,1250779800.050781,67EF26AF27
1250755650.984377,1250755658.09021,30A70BD4AF
1250713983.196292,1250713990.416992,EAC157B53B
1250714113.611578,1250714122.59082,ED8706B16B
1250739818.7109349,1250739826.423828,8A92C35D94
1250739872.997558,1250739881.976562,5E8D029194
1250739921.029791,1250739930.460937,2A90D67DE8
1250740169.0380888,1250740176.546875,94CB1A652E
1250784299.082034,1250784307.03955,8B6B9A619D
1250780067.453122,1250780076.741821,0B56AB78A5
1250780581.497074,1250780590.545898,E18491889D
1250790952.93994,1250790960.079589,BFF555356F
1250791276.1201198,1250791284.107422,08A01339C0
1250791338.7724571,1250791346.835937,442813B48C
1250762960.1171908,1250762968.023925,615E4933AF
1250754913.682369,1250754922.382812,8A78F57CEA
1250713166.6396449,1250713173.829101,2F75CF924B
1250775912.726076,1250775921.051513,FD32C619AD
1250768773.796387,1250768780.984375,21139F2A84
1250769055.248043,1250769064.293945,BD21EE73AA
1250758517.205076,1250758524.56726,201834E12A
1250758667.607053,1250758675.759765,FC7C51ED51
1250716025.856451,1250716035.160156,D66CCC49CC
1250723093.6738229,1250723100.973632,0A86F4B7CF
1250723184.405765,1250723191.739257,01F4BB7592
1250716680.499028,1250716689.362304,11C4F1EB6F
1250768199.115233,1250768206.771423,24A7EF701B
1250763923.8454568,1250763932.311523,999523BD8B
1250706472.8969738,1250706480.485351,2E68615949
1250730574.0190382,1250730581.364257,F1A6BEDDAE
1250722188.15625,1250722197.513672,072E657EA4
1250787725.196292,1250787732.964843,39F6B83440
1250799603.8410602,1250799612.759765,E8707E90D8
1250799774.534176,1250799782.716797,E07F7ABBBB
1250799943.542972,1250799950.858886,911D1BCA8C
1250799951.490237,1250799958.853515,49A3C6B80D
1250773297.880856,1250773305.298828,59A486094A
1250773353.7441378,1250773361.916015,5A231862F5
1250800021.597408,1250800028.86914,488AEF6703
1250800172.7104518,1250800182.357422,1971CEC2FC
1250763499.7226589,1250763506.730468,8B7AF3CE1A
1250763523.228519,1250763530.256836,2F06BEA237
1250726365.2108111,1250726373.587646,2BC6189DE0
1250726530.036138,1250726537.687866,F9E778F752
1250794696.28516,1250794704.912109,BCFF09CF74
1250712319.487301,1250712326.710937,42380A0B9C
1250712350.922855,1250712358.103515,31E9D19AC6
1250782184.737486,1250782194.225586,EAD32AC698
1250752704.339844,1250752714.5083,FFBCD9D80F
1250758034.8710918,1250758043.074218,A1CFB4D4C3
1250785031.6796858,1250785039.020996,D0F9124EB9
1250877241.342284,1250877250.470703,774BC919D6
1250841394.585941,1250841401.739257,27CA13969E
1250841490.948973,1250841498.717285,8950501192
1250866595.287109,1250866602.613281,34D271F532
1250854936.235843,1250854944.53955,6E91516971
1250826866.0273468,1250826873.796997,F6C8FED36E
1250827366.625001,1250827374.680664,887B623258
1250836253.008792,1250836260.625,A7220AFBA0
1250808984.49902,1250808994.103149,090A2E5180
1250809331.119144,1250809339.744629,C268F3318A
1250868461.512692,1250868469.962646,335CB46017
1250887003.5246542,1250887012.662109,DE509D8C17
1250849780.344732,1250849787.600097,336A7A5DAD
1250850059.512212,1250850066.708984,A4D77227AB
1250838218.442379,1250838228.107422,EE5E1D50D7
1250839744.103519,1250839751.203979,69A460CDA5
1250804913.375005,1250804920.767578,374AC9F864
1250804964.081056,1250804972.016601,A7879BB1F7
1250817624.217777,1250817631.284179,0F19D9AD56
1250817814.045895,1250817822.482422,162D3D7D44
1250854141.1640658,1250854150.530273,BC1A2100F2
1250888489.787112,1250888497.501953,BD7E8D88A0
1250856597.457031,1250856604.705078,E2CD3182D5
1250827601.387698,1250827608.694824,9E2304D283
1250827687.250004,1250827695.353515,B6B71CDFB3
1250810743.4531262,1250810750.8208,408864F291
1250810816.0446749,1250810824.549804,7811921E9F
1250810889.3349638,1250810896.875,320622319D
1250811031.013673,1250811040.503418,03BD127ABC
1250871280.2910202,1250871290.320312,A034D11133
1250852561.447271,1250852568.612304,362BCC7EE3
1250836763.244142,1250836771.739257,0EA859460E
1250836826.9269998,1250836833.999633,C228B06738
1250868970.2741668,1250868977.880859,D75F8AD436
1250869165.875,1250869173.623047,610E7CBBE0
1250830226.427738,1250830234.272461,145FA2E650
1250883005.7373078,1250883014.135742,5E578A8E6F
1250896168.668947,1250896175.757812,D475CFF1E8
1250896244.7646449,1250896251.963867,53668119AD
1250896588.673831,1250896597.28125,9BE555A6CA
1250847848.416989,1250847856.349609,135B6B36D0
1250858175.9726589,1250858183.5625,E6CAF43111
1250895258.2832,1250895265.838867,D93BEED90B
1250805676.419191,1250805683.946289,F8A2380BFB
1250822596.3169,1250822604.327148,E41F2DAF8D
1250822609.980587,1250822619.15039,1783FF10B1
1250815242.958006,1250815249.96875,5F9F4D169E
1250834528.824222,1250834536.567871,BC3E80E364
1250894805.301395,1250894813.209472,419748DE52
1250848166.0664072,1250848173.208007,36C5A0C97B
1250854997.47632,1250855005.602539,C4F56BABAB
1250855089.457036,1250855096.553711,B834A389A4
1250855282.429807,1250855292.835937,C901608FDA
1250870281.461917,1250870288.589355,31BC1C39E6
1250851102.44531,1250851109.854492,499DC1FEA3
1250851167.418947,1250851176.223632,1F3B646FA4
1250851275.4736328,1250851285.970703,4ACF82AAC7
1250859156.439456,1250859167.531738,5DA0989D41
1250800477.382574,1250800485.24414,294AF25890
1250800519.957521,1250800527.144653,38D6A011F1
1250857133.484378,1250857140.745117,E94BBA08EA
1250859717.0102549,1250859724.530517,5C6D5CDDBC
1250878631.597169,1250878639.25,7AD79A13EB
1250801605.920902,1250801614.527343,F5EC78BAEF
1250899614.127929,1250899622.448242,2A9AA530F2
1250861049.619144,1250861057.008789,A5C888BC5E
1250802923.274904,1250802930.558593,4C173D3568
1250835111.729489,1250835119.21875,839EBAAAEF
1250847003.912106,1250847011.430664,06843E4FEE
1250847024.828126,1250847036.401367,4AE48360EF
1250887958.4599571,1250887967.914062,54F6DFFA5F
1250864636.8388689,1250864644.0,B0109343DB
1250875188.989259,1250875196.801757,7ABA379820
1250875627.006836,1250875635.010742,A1C3352396
1250822021.997312,1250822030.093261,456080F554
1250813225.121099,1250813234.40625,94C652CC1C
1250806309.01563,1250806317.515625,6F877583CB
1250806381.070309,1250806389.0,F9F380D1A1
1250873577.0,1250873584.663086,60F3C6B707
1250858018.138675,1250858026.217773,6C685DCB02
1250896018.52075,1250896026.158325,486D550406
1250814606.0380878,1250814618.725586,C66F7C4BAB
1250837763.3671908,1250837770.659362,0C5EA6EDF1
1250841822.021483,1250841829.216308,1C94B90375
1250890784.4125988,1250890791.972168,7654ECE931
1250890927.473629,1250890934.884765,58303E4C27
1250890985.865231,1250890993.011718,95191007BF
1250883290.276368,1250883298.087768,C4E72B6A2D
1250805113.996098,1250805121.0,E4B9B05196
1250805202.2041051,1250805214.306152,F01CA3A114
1250822887.851315,1250822895.052734,7789FAE4E1
1250822995.2158198,1250823003.841797,F7682BD131
1250826146.5034208,1250826156.392822,A89F1037B3
1250881738.175533,1250881745.411621,27C907860E
1250881963.527347,1250881971.707519,69E76D8426
1250803622.790036,1250803630.640625,F0087A1E25
1250867330.275391,1250867338.99414,50654C5E33
1250823508.272462,1250823516.815918,FAF7DE5706
1250840823.932867,1250840831.108398,AF2F3ECE74
1250878398.35352,1250878406.132812,0D2485BA1B
1250878446.206051,1250878456.007812,C98D57C722
1250861665.027833,1250861673.553955,09A523CC6F
1250817031.429201,1250817038.565429,7CB948F108
1250832147.03613,1250832154.042968,CDBFAEBF6D
1250828937.672855,1250828945.610351,5F4E191C90
1250829062.794925,1250829070.082031,84615CD069
1250825183.55469,1250825191.404297,9F94F7C2DE
1250825535.533206,1250825543.33667,6A7647767A
1250897960.850582,1250897969.027343,3E1E29A63F
1250898146.0087922,1250898153.913086,F774B98C12
1250889932.1787071,1250889941.066406,59D96FB852
1250889951.739259,1250889959.739807,DDEA123C78
1250833772.988775,1250833780.940429,214AA882D2
1250833823.201175,1250833831.875976,18EECD1352
1250897370.708982,1250897377.942871,B099E87727
1250897570.7795372,1250897578.71997,0E5B5FF961
1250886314.81641,1250886323.292968,A37911F793
1250829810.7812471,1250829818.060547,D6E6965630
1250885769.0468788,1250885776.097656,DBD48557D4
1250851520.109376,1250851527.341552,514F21FF17
1250832892.233762,1250832899.745605,27560C9A58
1250874458.800778,1250874468.006225,B0048C5372
1250861510.351072,1250861517.360351,FE4E9E5473
1250873265.18652,1250873272.219726,1D8C356698
1250886746.519528,1250886754.204101,2E934C8282
1250860307.761722,1250860316.429687,1930959557
1250860434.806637,1250860441.927734,65E1BD61CF
1250824422.7656238,1250824430.069336,98FF0ABC45
1250822105.765626,1250822114.364257,96CFE4BCF1
1250856390.13086,1250856400.595703,042461EB4A
1250810319.2138698,1250810327.907226,A9DD930552
1250889025.9892612,1250889033.175659,B926CB2E67
1250811260.257813,1250811268.579101,837486C26F
1250898446.110348,1250898456.178711,D2E3524DA4
1250898456.549068,1250898464.155273,7EF17C16A2
1250844418.769536,1250844428.033935,C3D2045B91
1250860810.6582,1250860817.875,4D4DEDF401
1250860976.0849638,1250860983.835937,3684A8EB89
1250851451.360355,1250851458.803711,52BB9048B8
1250890177.466306,1250890185.610351,8C9F84466A
1250839937.7939448,1250839945.15332,0A80F96CC4
1250864966.918951,1250864977.769531,1FEE2C7BA0
1250858456.448243,1250858463.82727,32CE10CC95
1250892072.60937,1250892081.150879,2EE6790833
1250855500.793942,1250855508.917968,397DCBC0F8
1250844721.170902,1250844729.40625,FC6B5E10BA
1250845083.888187,1250845092.258789,E3CABD7EDE
1250871790.5918,1250871797.911132,B60FD201DE
1250933123.960937,1250933131.224609,B056902E56
1250921727.3715792,1250921735.847656,5A49C06E64
1250922045.929692,1250922053.645019,EC6E39F34E
1250900427.0800822,1250900435.871093,4DDD4C4357
1250900501.4634988,1250900509.527343,621F384153
1250935193.580075,1250935200.645996,06F4932E26
1250905997.31055,1250906004.36914,F6CA53C74E
1250906488.7216828,1250906499.088867,8A074BCCAB
1250913762.5966809,1250913769.669922,DAEB3A6216
1250913883.802735,1250913892.367187,50D88F44CF
1250975823.791019,1250975833.626953,76CEDC2CB6
1250975983.963871,1250975993.101074,88FFC772F9
1250929280.205075,1250929288.385254,DEE2A63667
1250935576.2138698,1250935584.377929,8BA5BDF146
1250925438.981939,1250925446.598632,E75C760E12
1250902439.277345,1250902446.414062,436FAFE861
1250902647.027344,1250902654.255859,CBD0994266
1250921687.0624971,1250921695.045166,41A0941605
1250908357.8732872,1250908365.501587,1FB45DC439
1250916793.422856,1250916801.120117,248303C148
1250916983.235843,1250916992.691406,A8A1D7B576
1250917032.6054702,1250917040.594848,6557B4FFC0
1250914542.783206,1250914553.27539,A26B805143
1250908708.7480512,1250908715.875,6865D3A5CA
1250908891.512208,1250908899.276611,5A7EE85116
1250908947.6561868,1250908955.4375,9263387259
1250919043.540529,1250919051.191406,8C30ADE782
1250922913.537106,1250922922.010742,EFFECB716C
1250936190.87402,1250936198.217773,2D75866D0B
1250924837.632512,1250924848.182617,A9B3ABE298
1250912592.0937471,1250912600.45813,2055DDDDBF
1250984369.9238322,1250984377.735351,EB65875D10
1250984387.0268588,1250984395.292968,25A94057E8
1250944607.168942,1250944615.481445,A6A5E0C389
1250944641.3085968,1250944650.085937,3E83C8BA2E
1250946202.929685,1250946209.999023,19EF552622
1250979495.41553,1250979504.404785,5302BC6FE3
1250999221.412106,1250999229.391113,1109F013AC
1250946298.207521,1250946306.957519,816882F1AF
1250946386.772462,1250946394.058593,5E7BAB6B89
1250946416.537112,1250946424.354492,C4DBBFC984
1250946714.936034,1250946723.879882,4AB9332B55
1250927239.18359,1250927250.954101,F12A9181B6
1250999017.4619122,1250999025.987304,83DA3CBF35
1250999040.745121,1250999048.05542,66A866EF04
1250948620.0068388,1250948627.582031,5BA7F80F40
1250986382.1376991,1250986389.618164,EF99155D17
1250986488.785522,1250986496.190673,0E2E071A79
1250976702.976559,1250976712.608642,3C15670955
1250943742.165044,1250943749.552734,1EE620EA1E
1250905577.407223,1250905585.069336,CC8B4C0561
1250983809.028326,1250983822.080078,068E2C9C03
1250983536.037595,1250983544.319336,21E4EFBA15
1250977964.615237,1250977975.314209,453DBF3529
1250903731.233762,1250903738.769531,FB7018455B
1250932453.317379,1250932460.5,EBB668A2F1
1250998462.382815,1250998469.541015,8BF948417D
1250998594.269535,1250998601.609375,F595209D3F
1250925939.537106,1250925947.964843,E39FD9921C
1250937735.182127,1250937745.21289,790214AEC7
1250979990.1066868,1250979998.953125,97B0833621
1250980164.2695272,1250980173.799804,7888BC94DC
1250999768.3857448,1250999776.15625,57193E51BA
1250999778.8857448,1250999786.246093,FE974EF19B
1250999888.039556,1250999895.947754,E7D3C31B04
1250999930.917906,1250999940.015625,034D7453C0
1251000042.829105,1251000050.199218,93FA7C61DF
1250980741.2431638,1250980750.317382,60E26ED963
1250910368.117185,1250910376.75,10B95803D9
1250927732.038082,1250927739.976562,2DD585B36D
1250927753.202144,1250927761.909179,8FFD74D0C1
1250927901.042965,1250927908.524414,F8F63F556D
1250998838.5331988,1250998847.220703,17EF67B121
1250911237.563478,1250911246.532226,88A4C8ABCD
1250945611.6601589,1250945622.96289,3420484926
1250945677.800786,1250945685.15625,ECBA73416A
1250911980.455442,1250911988.793945,565904DDFC
1250912106.33984,1250912114.609863,1B4EEA4C34
1250940769.603514,1250940778.217529,CE8F2574FF
1250909967.393555,1250909975.457031,212D609E36
1250985116.469724,1250985125.691406,C32085F394
1250924550.8466828,1250924558.377929,C85D7BFC1C
1250939291.2265651,1250939299.908203,2181ED26FB
1250942006.296872,1250942013.644531,4A70932CEC
1250942029.460942,1250942037.252929,F938580E83
1250942196.37305,1250942203.865234,5ABA3287CF
1250982027.434573,1250982037.121093,3CA9149EFE
1250930294.568356,1250930302.214843,A80BAF26B7
1250904365.099606,1250904374.921264,5821C7D941
1250929787.2368178,1250929794.438476,4D8747B0B9
1250979045.789067,1250979053.231201,ED8782866B
1250983071.09473,1250983078.441406,2F9E2B7277
1250908115.0,1250908123.114257,76F331E371
1250905959.5957022,1250905967.269531,E2799EF605
1250977241.683598,1250977250.417968,B6A99B2DED
1250977376.922853,1250977385.27832,034CC96947
1250985740.956056,1250985748.197021,FB2209D687
1250939761.228513,1250939770.160156,B1B99BB01D
1250977496.500003,1250977504.018798,C441712D59
1250975606.55859,1250975614.246582,759DDD6F9E
1250975621.268674,1250975628.728515,4CD560DCA7
1250928082.81055,1250928092.229736,EF9C09A3D4
1250945373.558594,1250945381.813964,5AB7E9877C
1250933721.681644,1250933728.901367,CFA68B5819
1250933870.4091768,1250933877.524414,74842CB6E1
1251054890.072271,1251054898.223632,796ABEAB5A
1251008041.230953,1251008050.707031,4B1A6FF08F
1251033844.5459,1251033859.269531,ECBF5618C7
1251033914.5,1251033923.012695,84B16917BC
1251026794.357425,1251026803.717773,3FFC9CE975
1251026817.6245072,1251026827.147949,E3E9E37832
1251026942.086911,1251026951.126464,642359E137
1251098055.793944,1251098064.698242,97987E141E
1251098211.4257789,1251098220.22998,89EA532251
1251079534.796876,1251079543.767578,46B1C3B5AB
1251079569.853512,1251079577.020507,1173FABB0E
1251079669.2168,1251079677.443359,45BCAB08EC
1251011588.461911,1251011596.975463,E771A5AE7D
1251011855.655273,1251011868.541992,A67493CB9B
1251011869.007813,1251011877.619384,8E363F7464
1251052141.436285,1251052150.271484,F3FD8B0F1D
1251004100.857425,1251004109.503906,8D31E4525D
1251013140.8740191,1251013148.395507,C6F17D7D3F
1251013188.4252882,1251013195.894043,CCA2531979
1251013258.9511738,1251013266.320312,D630ECBB73
1251000263.8149428,1251000271.090515,B38B332466
1251089378.992185,1251089387.04895,971DBCACB4
1251089466.41016,1251089473.445068,3134C51D50
1251047684.394161,1251047692.930664,D97863E568
1251023020.332525,1251023031.435547,1F819E95CA
1251023219.367187,1251023228.236328,FD629110BE
1251071338.299804,1251071345.676757,BC28C1E953
1251000633.256835,1251000640.436523,C495A78171
1251043862.07812,1251043869.406982,16951F6EEC
1251043914.051763,1251043923.808593,840FBC8494
1251018243.93262,1251018251.71875,8AFC53C019
1251018444.121823,1251018452.030273,2821537A5E
1251050657.71289,1251050664.830078,674CA7EE65
1251050720.234372,1251050728.75,C3184C4E22
1251043520.10449,1251043528.155273,C778E397C6
1251043653.059449,1251043660.332519,D139ED37D2
1251005451.469726,1251005459.042968,8E7D855516
1251013448.56055,1251013456.133789,77AB5A60B0
1251013495.249999,1251013503.450683,C2158499BE
1251013641.174801,1251013650.390625,B84B329719
1251016336.009275,1251016344.552734,DD354CDEED
1251072845.718753,1251072854.68164,981616BA60
1251033068.29053,1251033077.168945,8C5673EC92
1251033077.171875,1251033084.859375,6F9EC8A5AD
1251033109.0805688,1251033119.79541,85A73F7BCD
1251033181.069336,1251033188.397949,589174499C
1251072491.363283,1251072499.061523,F1FAC3DA24
1251072716.773438,1251072724.478515,D2BD6D0291
1251010751.5205078,1251010759.08789,1446CC45A6
1251011163.2539089,1251011173.823242,A5354373B8
1251023493.71533,1251023502.357177,C6F7DAF78D
1251023699.648435,1251023706.789062,D2B02064C9
1251025552.497073,1251025562.4375,0FE0D7C1FF
1251025680.933593,1251025688.210693,04B77AD88B
1251010480.600826,1251010488.033935,18B97AF3F6
1251088527.914059,1251088536.240234,F38B79EC44
1251088672.745607,1251088681.025146,1D49D7C3A0
1251079726.714847,1251079739.243652,9D632BF2A5
1251079753.918458,1251079761.314453,CFCA9B9A03
1251025141.119145,1251025148.427246,03AC39E651
1251025148.4274862,1251025155.979004,A5105DD51A
1251046825.50098,1251046832.916992,EB87CC0BB6
1251044827.943362,1251044835.118164,1FEC9B2E11
1251018568.282223,1251018575.658691,ED58FA82BA
1251018623.935543,1251018631.135742,E9232D9805
1251001791.51172,1251001800.792968,E763472874
1251001832.8662062,1251001840.452148,E7AB07F624
1251001891.773253,1251001899.643554,EEC4BA558A
1251002082.6796908,1251002092.524414,25EA43306F
1251003429.511722,1251003440.270996,C88A393D03
1251003602.7967482,1251003611.26123,ECBA0C41DC
1251003748.027342,1251003755.109863,42359EE62D
1251003763.317872,1251003770.817382,EB99DC5A0C
1251088767.260251,1251088776.499023,3399A9A9C4
1251088788.894531,1251088796.496093,49A7271EE1
1251089084.526364,1251089093.449218,494083B073
1251089136.613285,1251089144.155761,84340B6C00
1251089162.5918,1251089169.999023,EFFB20B86F
1251003189.984625,1251003197.701172,ABC6FC3EBC
1251021876.450683,1251021886.499023,A68CE15FDE
1251079366.765626,1251079373.982055,3113606DA4
1251003881.285153,1251003888.729858,F23A74A5A6
1251067329.176759,1251067337.683105,839A8A45F4
1251009135.7539089,1251009143.244995,B964680C31
1251009432.302734,1251009439.519287,0205F62185
1251051272.086551,1251051279.550781,896F5FF89E
1251047937.425786,1251047944.742675,D2A126C752
1251008831.589845,1251008842.124023,1527C94ADE
1251027248.180912,1251027259.568359,B0EC939F0E
1251045376.8334932,1251045385.667968,6AAA406E5A
1251045494.477542,1251045502.615234,B9D7311B06
1251045550.211917,1251045557.260742,B869967129
1251012506.7304718,1251012514.303222,06F5AE69B7
1251007148.468754,1251007155.636718,E16A97EBBC
1251007162.358648,1251007169.815429,E123AE3381
1251007236.414067,1251007244.452148,0FD6CA4623
1251049890.597169,1251049898.220459,844E4657A1
1251050102.012325,1251050109.310547,4B316DBE8C
1251050389.077882,1251050396.198242,09BD76F638
1251050520.872076,1251050528.155273,06BEDDEBA5
1251037825.744137,1251037835.159179,3367E3BE00
1251026452.044922,1251026461.105713,3ADCE200C9
1251080400.380674,1251080412.065429,77CFE76122
1251017180.072269,1251017188.5,60C5332190
1251089835.24609,1251089843.162109,862B3A9C3E
1251008353.335934,1251008362.331665,D53786B3C2
1251053021.826175,1251053029.546875,C0A776630C
1251088298.477538,1251088307.344238,F053AA3CA6
1251088339.81934,1251088346.911499,A02D92FD58
1251033259.287961,1251033269.161255,05AB9A8CCD
1251033307.135252,1251033315.344726,6700558BAB
1251033440.954107,1251033448.534668,A4C2605310
1251071925.398434,1251071932.476562,47854461AB
1251037463.909667,1251037473.09082,FE68E8F884
1251066790.530523,1251066797.586914,7B1F288250
1251032658.268557,1251032666.640136,320B14FA0C
1251032729.2368178,1251032736.71582,448B68966B
1251079960.666012,1251079968.698242,0610F87E76
1251080027.510746,1251080036.016601,111168EC60
1251093575.15527,1251093582.827392,BB63E4C549
1251051686.204106,1251051693.224609,7B9F17E107
1251051775.866215,1251051782.958984,02C891A12E
1251051844.469728,1251051852.798339,3A0661E045
1251054131.297852,1251054139.313476,A5B2525343
1251048773.601566,1251048782.319824,E27721D593
1251002624.072263,1251002631.46582,53E38567C3
1251002657.208493,1251002665.092773,9698926EB6
1251001389.185543,1251001396.46875,7B7869B9A3
1251001396.49219,1251001406.174316,BFD851E18E
1251001413.761715,1251001420.813476,428AC3836C
1251092797.511719,1251092805.390625,B38A50AE68
1251073515.13281,1251073522.328125,BAEE9C77BD
1251091329.462888,1251091340.643554,29DF0CC098
1251093110.46875,1251093120.032226,C4EAD4BDDF
1251093145.562253,1251093155.242675,67FFFD206A
1251093197.073484,1251093205.816406,C623154701
1251093207.882442,1251093215.026855,4863467235
1251093243.165039,1251093253.651123,2805D80D1B
1251093354.675778,1251093361.904297,32EF1747D3
1251012015.8749971,1251012023.787109,AE63692269
1251012256.173831,1251012263.926757,5462D4796C
1251010292.875978,1251010303.174804,703F11E88A
1251044059.857912,1251044067.6875,9B3A902C52
1251044130.212401,1251044138.872558,B624CF0B52
1251044511.931644,1251044522.999511,A7BB6A5A4D
1251033490.844726,1251033498.333984,EC13ED4707
1251033576.498045,1251033585.008789,129813F8F4
1251033592.0293,1251033599.564819,5F30F8FE44
1251033659.981935,1251033667.811889,B767197054
1251033701.824222,1251033709.71875,B77786587A
1251090181.2734408,1251090188.419922,C23A492FE5
1251053664.0815458,1251053672.262695,2A1B1FA0FD
1251053704.482418,1251053712.328613,5CAC44F8AC
1251053811.630856,1251053818.947143,423444FF4B
1251023971.1689448,1251023978.725586,3E800EFF3A
1251026258.885742,1251026266.551269,98897E0E6D
1251091832.568356,1251091839.625,2B2CD90D1A
1251091883.481442,1251091892.437011,8E90A91E85
1251091908.755856,1251091917.174804,5DC2F6F08B
1251092071.311586,1251092078.715088,ADB98D7CA3
1251015931.993167,1251015939.385254,FFFE5D4F59
1251015999.051761,1251016007.696289,65FD6B0FBA
1251045908.573244,1251045917.01184,AC31B10C94
1251045942.958986,1251045950.686035,33CC4AE29A
1251046022.289059,1251046030.553711,477454D973
1251074287.055661,1251074295.541015,4898C617E4
1251074360.499997,1251074369.097656,36BEE5BC26
1251074478.149411,1251074486.733398,1FF38F47B3
1251074529.029298,1251074538.656982,16B5C44FCA
1251090700.8358111,1251090708.910156,06DD2BF7BF
1251073784.788816,1251073791.813476,EE1B7A5088
1251073803.9157689,1251073812.935058,CA1D2A3A66
1251024170.132812,1251024179.347656,40DF250705
1251024183.453122,1251024193.743164,6CCF574F79
1251024307.0312471,1251024315.096679,E02896BE9B
1251024349.3000472,1251024356.685547,95F1049697
1251016555.392576,1251016563.162109,0B42CB440A
1251067446.0791,1251067453.929687,18CECA5E59
1251002365.664671,1251002374.107666,9494676CEE
1251002481.846676,1251002490.082519,2901AE663A
1251005644.880856,1251005654.390625,26DF0FF8E1
1251000973.716554,1251000981.021484,353774181C
1251001065.384766,1251001073.699707,17A1757FAA
1251012620.287107,1251012627.896423,A69E79BE43
1251012770.567386,1251012779.49414,8FBE87EDB2
1251012792.727536,1251012800.581543,95F3757BA1
1251005289.703122,1251005301.441406,2C4A3D732E
1251006246.1565,1251006253.929687,E88E508132
1251006290.946227,1251006297.989257,DD3FA4D169
1251023356.5,1251023363.942382,7AAEBF7CBD
1251080586.7646449,1251080596.190429,52D1F63242
1251080694.110355,1251080701.472656,FD721CBF82
1251017836.441896,1251017846.96582,72026EF78A
1251017945.891598,1251017953.039795,69733DCD9D
1251018016.0131822,1251018024.042968,EAB144B72B
1251053436.106448,1251053444.258789,FBC10A7073
1251053522.703122,1251053529.875976,AC44526683
1251053532.033206,1251053539.720703,2EF49F97E7
1251015388.041509,1251015395.29541,22A63E7C3A
1251014496.989011,1251014504.899902,E8BA2BC490
1251056723.0302749,1251056730.971679,CFDEDAF3A5
1251056749.142091,1251056756.84375,95E3D33197
1251056842.934573,1251056850.134521,32DD1856C3
1251056946.4375,1251056954.253906,32C258B103
1251006085.0776398,1251006092.374145,86CA3E73F7
1251032100.148434,1251032109.249023,5B49722A2B
1251032447.3762178,1251032458.404297,CC4461CA68
1251032481.7138698,1251032490.860351,7F4FB57FC3
1251006531.277828,1251006538.768798,2258F020CA
1251009811.018551,1251009818.065429,FEFE4F1D13
1251009871.431644,1251009879.199218,A9F9CB3731
1251010010.468751,1251010017.845214,74B5551EB2
1251025871.256466,1251025879.050781,356AC24278
1251026040.49439,1251026050.725586,80C8778BB3
1251050950.933594,1251050958.269531,AC489FB779
1251048946.870121,1251048954.083984,67EFD8EBBE
1251049025.081051,1251049032.391601,69F47BBC84
1251049036.6455078,1251049044.352539,DBB59836F1
1251049079.539062,1251049086.759399,E8F261816F
1251174676.507817,1251174684.959961,739A3F091D
1251174876.9013689,1251174884.083984,0E0374A5B7
1251140930.437503,1251140939.853271,77658380D1
1251140981.774412,1251140992.412109,9CCF31AB19
1251140999.6503928,1251141008.418457,9000902EE0
1251162560.03125,1251162568.902343,7A53F8B2FD
1251162584.180667,1251162591.317382,4A20291415
1251162596.9638698,1251162605.375976,B21CA2BE23
1251193934.400874,1251193944.243164,CDD5F54F3F
1251188243.603518,1251188255.663574,39DC38008F
1251188384.9213822,1251188393.357422,166D149434
1251146892.421876,1251146900.0,4B00C110C6
1251146987.024411,1251146995.30664,C59D5F6634
1251141609.9726589,1251141620.848877,7E39581908
1251139860.374997,1251139870.190673,4AB92738C0
1251139941.772702,1251139948.894775,486C068856
1251139951.594972,1251139959.470703,CDD7E132C7
1251140150.015622,1251140157.507324,CF69A117F4
1251140359.4453158,1251140367.135742,2FEA11F2CB
1251140428.7515838,1251140436.922851,8C58EDF60A
1251181329.432254,1251181337.109375,9E5B390B64
1251181344.785648,1251181352.388549,421B42464D
1251142768.0537062,1251142775.613281,F917D2C474
1251142780.740231,1251142788.311279,501503F4D1
1251142813.871585,1251142821.110839,880F701751
1251142935.832032,1251142944.693359,B3F9F05631
1251175137.721679,1251175145.156372,475EC73408
1251171649.588132,1251171656.786132,334F2BB6D2
1251171657.2498748,1251171664.773925,D3BF6A384F
1251165918.366214,1251165925.535156,B642AAF46D
1251166189.127203,1251166196.163086,1E2EB75BFC
1251166335.106449,1251166344.591552,DA2952610F
1251183845.050294,1251183852.356445,F500BBBD92
1251177099.8775592,1251177108.106445,820AF6DE62
1251176158.406744,1251176167.023437,471072BE87
1251176468.174805,1251176475.863281,77AD7CD167
1251188818.9375029,1251188830.940918,CD32B8BF4B
1251138393.2108128,1251138402.208007,64FBC4704F
1251189864.4825392,1251189873.677734,809DBBEF8D
1251148561.580814,1251148568.728515,9019965673
1251148582.9118612,1251148590.835937,92DF8CD4A2
1251148600.043948,1251148610.037109,3D95573403
1251148675.711428,1251148684.195678,3E151A2FEB
1251148752.312503,1251148761.667968,FD598496B1
1251194029.681637,1251194037.744629,600339BA16
1251194365.7272909,1251194376.791015,3A6BD3EE41
1251147928.01563,1251147936.62915,B7DCEB1BB3
1251139442.257816,1251139452.470703,065EC8055D
1251143330.883787,1251143338.479492,EFF0C5440E
1251143535.9265108,1251143543.826294,025DA5F39F
1251188051.907228,1251188060.379638,8A24F6BA21
1251188060.379888,1251188068.063476,DBF6AF202E
1251189170.063481,1251189177.750488,A1F2578F86
1251166442.267581,1251166451.60498,FA0D3F8624
1251166604.05566,1251166611.746093,B0028C179D
1251166680.6787138,1251166688.260986,C7F5DD9ACA
1251166749.275392,1251166761.252441,2138CBED89
1251166910.642578,1251166919.571289,650B16F51B
1251166927.62109,1251166936.128906,1C14A41E4F
1251170788.524417,1251170797.953125,9525AEF9FC
1251170803.237301,1251170813.165771,7846E8FBA1
1251171058.587404,1251171065.902343,0F50A8F5FB
1251171080.644535,1251171087.718261,9CCC008847
1251199547.542972,1251199556.825195,28F97A6E22
1251199697.560547,1251199705.251953,BE1C4E1501
1251199827.6523452,1251199835.324218,A83C917494
1251199864.199215,1251199873.003906,469A16D36D
1251179374.0068388,1251179382.305175,70FA989EEB
1251179427.355471,1251179435.289062,273F3EB79C
1251179507.722658,1251179515.266601,057B6B33E7
1251183349.125,1251183356.502441,DBEA0986D3
1251183406.0742218,1251183413.648437,118A81669E
1251183657.848629,1251183665.640747,899FC0F0BC
1251160173.646484,1251160180.857422,30C09DEB9A
1251186036.484372,1251186044.779541,69CBF51CAC
1251186086.703122,1251186095.130371,2151245DA9
1251186170.704098,1251186179.49707,40743546CD
1251186328.599606,1251186337.395507,5BFF785049
1251163976.5,1251163984.888794,589289BAFA
1251164082.730465,1251164089.898437,77CAE77AD4
1251164251.066403,1251164259.30957,AD021C889D
1251190231.964847,1251190239.083007,4D16618A96
1251190264.641362,1251190271.716797,65B9099F00
1251190555.9677708,1251190565.205078,60E801DA2C
1251190589.958009,1251190599.98291,432010328E
1251190669.911622,1251190677.739257,5FD30161FA
1251190754.96875,1251190763.107422,2D101DE97A
1251145297.7456012,1251145305.376709,4EADBBF03A
1251145461.9033222,1251145470.221679,F3A6B8A092
1251145566.97168,1251145575.40625,EA5C986A32
1251145609.775266,1251145617.222656,789862C342
1251160527.505003,1251160535.991699,29B085D16C
1251160860.925785,1251160869.409179,AADEA819EF
1251149954.889652,1251149962.366211,2638C70416
1251149989.1835911,1251149999.83789,553FDDB37F
1251139315.976559,1251139323.573242,8BC0712830
1251162221.492429,1251162232.84375,2D91801731
1251162304.13379,1251162311.779785,44B3546F5B
1251162397.367185,1251162404.566406,7E14446C30
1251182722.56372,1251182729.895507,EFE653506A
1251182854.4357872,1251182867.121093,BB7F5A0B6A
1251183116.466793,1251183125.542968,C5C2674988
1251161381.00244,1251161389.589355,6D92833EB3
1251198948.551268,1251198956.596435,FF02BEFC13
1251198982.9023468,1251198990.513672,7EEC6D12D3
1251199099.617184,1251199107.504394,655B8B4113
1251194954.0410128,1251194961.488037,9407EC28E5
1251195011.9668,1251195020.15625,023BAC997D
1251195184.144531,1251195192.658203,754E372FAC
1251186908.9960968,1251186916.387939,BBFC6D0900
1251186922.400387,1251186929.634765,33F92AC051
1251187120.542968,1251187128.23291,93133556DD
1251187135.708497,1251187146.001953,8512FAE27D
1251187280.339845,1251187293.193603,549AF72D95
1251144727.165042,1251144735.466797,E9EEF81C5D
1251144794.2099638,1251144801.786865,5B403EC76D
1251161035.883788,1251161044.577514,53614256F4
1251161175.093751,1251161182.747558,DFDC33302C
1251161262.416994,1251161271.248047,31BD904B47
1251196225.927249,1251196234.847168,688E7937D2
1251180986.5888631,1251180994.061523,2A8C773BB3
1251181114.604982,1251181124.616211,AAE5FB79AC
1251181146.583009,1251181153.725586,892179D7EC
1251191488.057617,1251191495.096191,7C69EBB474
1251160330.8749971,1251160342.804443,3C95ED1F91
1251160434.7187471,1251160443.300781,2D7B81C879
1251173163.5957,1251173171.003906,B3F5EF6884
1251173334.905643,1251173343.53125,9917C9A61F
1251104571.249513,1251104578.412109,E407EE61A3
1251104607.164555,1251104617.074218,25EC37F661
1251175306.8945282,1251175313.96582,ACF78F7947
1251175318.757814,1251175329.501953,BACE3C66DF
1251175427.945313,1251175437.382324,A1D7C9489C
1251175508.2016652,1251175515.794616,19AD7A1EEA
1251184278.013668,1251184285.224609,62098706F4
1251138551.6987271,1251138559.071777,95752D1726
1251142481.9061248,1251142490.0625,386090E291
1251142522.210934,1251142530.167968,C4E09E73A5
1251142530.173828,1251142539.8125,4FC0855C29
1251189275.2412698,1251189282.863281,2355E22B37
1251189419.1162071,1251189427.587646,6E6745A84E
1251104095.431642,1251104103.515625,0BB895E733
1251104213.737301,1251104222.02539,379BF27B7B
1251150326.4014938,1251150335.856445,2EC2065732
1251197963.6430712,1251197971.599609,9274912692
1251198144.7148468,1251198152.095214,70D50F8080
1251140586.6874971,1251140596.476318,14BD864DFB
1251140709.340452,1251140716.418945,690A16B6D1
1251140737.257816,1251140746.105468,F4F32A544E
1251140844.666996,1251140851.976928,A0344E2C91
1251143020.7607448,1251143028.372314,9C33DD760A
1251143052.132809,1251143059.421875,DED7AA989F
1251143144.718755,1251143152.341797,C18D59BA44
1251143165.6328151,1251143172.710937,D912491B5D
1251143190.912359,1251143199.93164,90D9773796
1251143241.865972,1251143251.162109,8B28236CBA
1251143268.03125,1251143275.634765,077F4546ED
1251185727.6904309,1251185738.738281,DE9C11983E
1251171256.686037,1251171266.902465,D94DA9F79E
1251176582.03174,1251176591.34082,4F9C967098
1251168574.483334,1251168585.091552,4C16553513
1251168738.2304728,1251168745.244629,7A01EBB7A6
1251150793.958987,1251150800.978271,FAC313841C
1251150891.259769,1251150899.361816,24FA4F039C
1251151060.2143588,1251151068.596191,E5791B0425
1251163083.573246,1251163092.773925,E070DEDEB6
1251163152.248043,1251163160.636718,86EF80D813
1251170062.9023468,1251170073.661132,7CCAE03B14
1251165190.98364,1251165198.046814,8B91C3A567
1251165224.960935,1251165235.0,5EDD10E766
1251165313.6875,1251165324.114257,325A455C45
1251165492.1992218,1251165501.058593,F525F65A9B
1251137017.3432572,1251137025.501831,7DC6A5B22B
1251137216.122076,1251137228.28125,01860A82F7
1251168227.361324,1251168235.012695,3FD82A96A6
1251151764.93555,1251151773.9375,67EA3C0276
1251151852.75,1251151865.068359,9904D931F5
1251181652.345706,1251181659.629882,4886F1786A
1251181910.4509249,1251181918.88446,48B1EB04D3
1251192717.236328,1251192724.413086,07A00FAA1B
1251193053.590574,1251193061.912109,CD246BA894
1251163261.679204,1251163269.606445,65D796E2BF
1251163285.505372,1251163294.46875,EA9C41F017
1251163514.2539089,1251163522.0,42D558255B
1251163551.957035,1251163562.404174,FF18192B87
1251163593.576168,1251163601.481445,908C3D0313
1251198562.552736,1251198572.359375,3277A6F3CB
1251139513.403323,1251139520.875,DBA1EF4D18
1251139617.44141,1251139625.211425,43AF30A7CB
1251153308.00781,1251153315.579589,74B548C989
1251153387.034184,1251153394.121093,F8B07EB2DE
1251153431.0346632,1251153438.143554,674BB39343
1251167655.852543,1251167664.098388,0E3B1EE8C2
1251167740.3632772,1251167750.176757,C1EBF66D5C
1251167760.4951198,1251167772.037719,A8FBC8868C
1251168081.065431,1251168089.088867,F9FA18169E
1251168116.6484408,1251168124.279297,7C13006474
1251138648.526368,1251138655.536132,CF715D1C00
1251149324.4482448,1251149332.660156,CAE7E47A65
1251179069.089845,1251179078.584961,734AF4C21E
1251179256.862791,1251179271.395507,A9CF961423
1251197208.2490191,1251197218.11792,2416E8F7E6
1251197307.3500988,1251197317.118164,ABD6433382
1251169073.9999971,1251169081.227539,5136C37857
1251172618.294923,1251172626.450683,3235F84CBA
1251172706.7109408,1251172718.312011,2ECB59F998
1251172727.457335,1251172735.896484,5F3DD68190
1251172823.956056,1251172831.632812,23B5B10D83
1251172895.04687,1251172904.970703,1307BCECE1
1251153650.967777,1251153661.503906,7C4715A48F
1251180612.984376,1251180620.866699,052140946F
1251142129.9140658,1251142138.864257,3FA1999EDA
1251142160.888668,1251142168.18457,F5AC370C90
1251142337.5493178,1251142346.813476,690C83165C
1251142380.25195,1251142387.71875,2279A7C2DF
1251158659.136719,1251158667.077148,C093791D95
1251187409.5195289,1251187417.555664,9C5B4BC9CA
1251187420.0791032,1251187427.084961,9CA47E2E7C
1251187594.496097,1251187601.674072,E400D5B77C
1251167094.796636,1251167104.931152,58CEAF8DEB
1251167537.332031,1251167546.037109,AE02B2CBA3
1251159265.020021,1251159272.875,6FB6A8DD73
1251159393.650394,1251159401.90625,5784D711DF
1251177478.101073,1251177487.0625,D8B0333997
1251196639.701168,1251196646.93457,8DE1CC5CBB
1251147098.7290049,1251147108.553711,E491BA0F5A
1251147195.7325392,1251147203.42041,29152E16E2
1251147223.047848,1251147230.273925,6A0ACE2A02
1251147230.834476,1251147238.90625,8F19A0D910
1251147256.913328,1251147267.764648,CCCC465955
1251147451.9726532,1251147465.625,2B7D8DDD31
1251147480.63281,1251147491.765136,F317E8D5ED
1251147725.9899862,1251147733.341797,44447B4B5D
1251147738.462888,1251147746.882812,2BC73E603A
1251164891.132812,1251164898.257812,4E6C758CAE
1251164946.9583108,1251164957.009765,28170D7526
1251165139.615234,1251165149.609375,2673361D4D
1251151425.164304,1251151433.011718,57C6D0F4A6
1251151581.875977,1251151591.070312,976A777E6A
1251178662.171878,1251178669.89331,CBA30081FA
1251144932.878905,1251144941.603515,11820D9A09
1251177621.545895,1251177629.148437,65FB115BF2
1251177641.856931,1251177649.175293,8C2D6085B9
1251178052.752194,1251178059.955566,1CAE8A42A7
1251159064.1127892,1251159073.692138,BC531714C0
1251148296.482175,1251148306.142578,CACEE14744
1251152286.930662,1251152294.0625,00F2AB7023
1251144276.87402,1251144284.454712,00E3670C56
1251144340.219732,1251144348.231933,BC5DA071BA
1251144360.019535,1251144367.074218,BB7496B393
1251144423.60742,1251144432.762451,5D14C46F48
1251144450.41504,1251144459.0625,6E3D71F7EA
1251143654.333011,1251143662.264648,4772C9A076
1251143701.378419,1251143708.88208,98C3614E08
1251143720.091558,1251143727.468505,6ECCEA2C0F
1251143793.992187,1251143801.790039,91258E9ED3
1251143809.8287342,1251143817.421875,F1539E3FBF
1251144036.992192,1251144045.005859,78B5AFB091
1251144116.8149428,1251144124.417724,041922B4E8
1251144161.740966,1251144174.875,2B10974CF3
1251175762.71875,1251175771.880859,9216463142
1251175823.996095,1251175831.083984,4F4A23A552
1251175855.872074,1251175863.359375,7B12C5E57B
1251175953.180667,1251175961.433593,15B9116246
1251198305.367187,1251198312.457153,93B6C0788E
1251190874.144535,1251190884.18164,3725500B07
1251190931.907231,1251190940.071289,2C234A78BB
1251191035.386232,1251191042.925781,3E7901B562
1251191270.234866,1251191277.728515,125F4C7DC2
1251149014.890625,1251149023.5,BBE78667AD
1251149178.726559,1251149186.402343,72BDEC2CD6
1251149201.622562,1251149209.765625,B508A0A219
1251153826.211917,1251153834.891601,7CCE3C1902
1251196757.2807572,1251196766.090332,3560A2B224
1251196899.62109,1251196908.523925,16FDD71429
1251169413.18848,1251169420.483886,5152F00C85
1251169495.905277,1251169504.859375,EDB4989EF1
1251169617.082031,1251169625.745117,B2BF43BEC1
1251149459.09375,1251149469.125244,FFFEDE7C2A
1251149673.340817,1251149681.03125,0135417A3D
1251179723.285153,1251179730.774902,8BB34D2445
1251179901.9492218,1251179909.359863,5A5348124F
1251179916.2568388,1251179923.934814,966D702285
1251180020.9638648,1251180031.935058,2DBB53B0D0
1251180082.661136,1251180092.796386,8A1F6EFC05
1251180211.284666,1251180218.521972,5BF8A4AE51
1251170269.1865249,1251170280.75,E434B85858
1251170334.854489,1251170341.96289,261FAEC65A
1251170498.557125,1251170510.057861,EABB342C5D
1251170543.18945,1251170551.337402,7B2D871B8F
1251170551.338382,1251170560.571289,BF48386351
1251164523.835941,1251164532.435058,0E823CBB06
1251164766.725522,1251164774.153076,147644B30B
1251182278.980953,1251182286.53125,6586F78963
1251152974.154054,1251152981.335937,F53FE6344C
1251163814.437495,1251163822.794555,332763D77A
1251187837.172848,1251187845.675781,EBB63757B6
1251159669.048825,1251159681.454101,829EE94DE6
1251159698.6181638,1251159705.71289,471076C9D8
1251159731.297853,1251159740.524414,81DE4B2C3D
1251159858.489745,1251159866.666992,EBFBA2EF13
1251158325.6791952,1251158333.614257,62C482B1D2
1251158542.116696,1251158551.224609,F2D3C40C84
1251184800.546878,1251184807.955078,F2C3B382A3
1251178975.895511,1251178983.358154,4D00D43BD4
1251195662.891111,1251195672.839843,4604F8726E
1251150456.493167,1251150468.693359,B4CF0DB5C4
1251150553.516973,1251150560.747314,B5B0721F00
1251150617.0627432,1251150625.376953,169069E06C
1251150652.957035,1251150660.8125,D47213565D
1251150728.675786,1251150738.024902,D8C9415114
1251146360.585941,1251146368.285156,B93298AA01
1251146433.855472,1251146440.998901,4245536241
1251146538.367189,1251146551.314453,979D41FBFF
1251146661.349606,1251146670.347168,E6B74A3B10
1251146795.924801,1251146803.075195,ED8E2975C8
1251145826.538085,1251145834.617126,87108CF2C7
1251145960.594241,1251145968.226562,464E98FD57
1251146211.633304,1251146219.613281,DDED6742E5
1251159584.384769,1251159591.691894,80EE1A669D
1251193340.106447,1251193348.232422,3ED61FAD95
1251193540.654788,1251193547.959716,40352800B8
1251186584.11951,1251186591.579101,C3E60E1222
1251161665.033206,1251161673.085937,CCE8793F40
1251161685.413081,1251161692.90039,5C498A9B32
1251161798.095701,1251161810.462158,95F64A3E6E
1251161933.968755,1251161941.464843,47782AC617
1251161975.93921,1251161983.473632,C66A8ECE60
1251162068.659908,1251162076.143066,FEE5208D5C
1251162165.598637,1251162172.737304,8656BB69E5
1251171414.2515838,1251171421.277343,1A1A4792D7
1251171463.245114,1251171470.738525,719E07197E
1251162688.6874971,1251162696.832031,44E49644B0
1251162697.799803,1251162707.433593,49F21CD771
1251162797.296878,1251162807.054687,6DEFB1F9A3
1251162976.586915,1251162983.84375,D1DF9EEB84
1251163030.180666,1251163038.144531,B1B77F69A2
1251163042.357913,1251163050.250732,4F3CF58829
1251173737.331547,1251173746.791015,D444FDB6C9
1251173804.526853,1251173813.720703,7919351E3E
1251172341.9628909,1251172350.65625,08D3023C1D
1251172362.225828,1251172371.029297,5DEA56937B
1251295447.166019,1251295455.219726,CBECEADA0A
1251295524.323244,1251295531.624755,94E7EFDF28
1251245314.218751,1251245321.508789,A48515F3DB
1251245398.956059,1251245406.279297,9688B0B8A1
1251253087.553226,1251253094.958007,D4150FEEF5
1251204373.179691,1251204382.297851,3417045770
1251294607.0849638,1251294614.520507,A92F1BEA83
1251256575.9691138,1251256583.203125,9D7F9A5848
1251256928.419925,1251256936.523315,B5DD170D08
1251220876.906245,1251220886.550781,04EDCEB3A4
1251211427.702153,1251211435.023681,AD81C62701
1251241645.0,1251241655.671875,9DFC5158A0
1251241806.916505,1251241814.342773,E60C85F99E
1251241923.44092,1251241931.12207,EAC91A044C
1251241969.24805,1251241976.734375,AC4CC84199
1251284151.742184,1251284159.459961,FAABB0ACBF
1251241369.867185,1251241377.766601,A9BCCEEBB7
1251275753.0712888,1251275761.538086,68C1B9800A
1251275803.993166,1251275814.846435,D0BF545D4C
1251257138.648559,1251257145.849609,5092E897C2
1251298802.323732,1251298809.745117,D4C37BD653
1251252392.726566,1251252400.907226,E4D82E6E9B
1251236654.962894,1251236668.0,919DB9E0B0
1251236677.736328,1251236686.093017,26434DFB4F
1251236742.000005,1251236749.927734,D13079B829
1251236756.664059,1251236763.987182,402B55AD06
1251236764.0678718,1251236773.482666,FAB07CB1A0
1251213401.4716809,1251213408.928711,B259338014
1251239920.19141,1251239927.269531,6350354C68
1251240139.668458,1251240149.532226,2005C6F9A1
1251281366.552734,1251281374.070312,ACD0C01780
1251277525.177736,1251277532.558593,07F2A91A2B
1251277866.854864,1251277874.315185,65EE7C3783
1251277970.627929,1251277978.176513,F958475AC5
1251249606.197266,1251249613.640625,B0A9BF96FF
1251244827.167973,1251244834.632812,50BE10EE70
1251244878.508786,1251244886.614257,88106B66EB
1251245108.799801,1251245116.324707,74B093A0C1
1251245142.57812,1251245149.640625,B48589E127
1251250145.443362,1251250153.10791,1DCB8F6D34
1251219723.1018078,1251219731.401855,8779B7E861
1251203183.75,1251203194.6875,252C0340D8
1251203218.780519,1251203227.234375,9E75F58F3F
1251225410.894042,1251225423.508789,7BA450E95C
1251292686.24072,1251292696.302246,89086DC924
1251263222.5068328,1251263231.852539,0E72282F4B
1251263233.421876,1251263243.179687,1203EE750F
1251263365.094243,1251263373.652343,F58088CCEF
1251283476.135989,1251283484.41455,8C7AAE57CE
1251251131.331544,1251251139.193359,C40AA5B7D5
1251269524.767575,1251269531.832031,BE86A1F665
1251244380.1669948,1251244387.958007,97D8FF15F2
1251209661.566407,1251209669.541748,C746DC572A
1251248746.066404,1251248755.070556,F194D5741F
1251248994.571775,1251249002.707031,7EF72E7578
1251259887.48047,1251259895.390625,920C82455B
1251230932.742191,1251230939.831054,E8D395EDAD
1251240320.302247,1251240328.971679,A63FF9D034
1251297642.98633,1251297650.520752,01A1EEBEDD
1251297804.614259,1251297811.773437,08626133DD
1251297939.606937,1251297947.902343,9F68896E91
1251216813.258304,1251216820.291015,8C4D2A98A8
1251296767.023435,1251296777.27124,0727F66819
1251221060.835451,1251221068.730957,85DF5F1FD8
1251281114.052733,1251281121.237304,6BC02FF898
1251281124.4086928,1251281132.592895,01722CF59C
1251226115.750981,1251226127.433593,7FBE8D8BE5
1251239708.441406,1251239715.788086,174267561D
1251239814.075689,1251239824.698242,1A450F5046
1251271976.84375,1251271984.022461,4D8AC2AA2F
1251280326.114747,1251280333.941406,E132E3C298
1251280372.826417,1251280380.557617,289C4D9B7D
1251224013.414068,1251224020.69873,614A519858
1251224059.830686,1251224067.854492,AFBA998CE2
1251234912.4179718,1251234922.134765,B827BF1F13
1251234969.758786,1251234976.855468,418CE717EB
1251235120.053714,1251235133.09082,5C5680251F
1251295556.178711,1251295564.013672,D12300503D
1251221164.21875,1251221171.460693,D9F620AF9B
1251221336.345701,1251221347.714843,1FF84371D9
1251221400.425786,1251221407.620605,44DE198E78
1251221435.2373078,1251221442.293457,B375BE29D2
1251221485.409669,1251221494.124023,94D99AE81B
1251229707.414066,1251229714.530273,44282ED674
1251245479.247073,1251245487.200683,B359B57ECF
1251245765.765622,1251245773.640625,259DF58C70
1251300059.212894,1251300067.667968,DED7011811
1251300362.008302,1251300369.163208,C5634B3DD1
1251251316.948852,1251251325.824707,CF4509FAF6
1251251409.0625,1251251421.077636,FF14B32324
1251251449.244137,1251251456.425781,EBEF5EC523
1251222869.637698,1251222877.537719,D3BE6A2AE2
1251223262.164062,1251223272.000976,B8ECA30974
1251229961.494144,1251229968.742187,4BD2E5A079
1251229977.2055712,1251229988.353027,52968096D4
1251230080.093751,1251230091.630859,6FF1EAB674
1251230251.07812,1251230258.914062,FBB41D248C
1251238454.2221632,1251238462.207031,337CEC9359
1251262190.768307,1251262197.886718,B75BA8B572
1251265086.0937471,1251265094.265625,2171141F37
1251265362.9443388,1251265370.5625,B76E02A074
1251265392.395383,1251265401.044922,20F7119AA1
1251264995.691408,1251265003.542968,5069B27E17
1251265007.148442,1251265015.910156,7FB5323006
1251293820.193356,1251293829.109375,39FA6C72A7
1251293902.281735,1251293910.394531,9B69003017
1251293946.559576,1251293953.630371,20B7536712
1251294017.021486,1251294024.659179,969CCC85C3
1251294042.391602,1251294049.925781,0F507013D5
1251294164.819337,1251294174.1875,2053AD72F5
1251246477.590823,1251246485.30664,0862755159
1251239147.2949271,1251239156.195312,9D8CACBFA6
1251239307.117189,1251239314.124755,68A232F609
1251239402.585939,1251239411.1875,0B836E32F1
1251239415.423824,1251239423.049316,CD0BE2A32C
1251239426.90625,1251239434.331054,FCC46E1670
1251239485.062016,1251239492.290039,0867613187
1251239495.844722,1251239503.277343,2E0DEA24FC
1251221990.41504,1251221998.826172,1CE2D0C1FF
1251257560.0234408,1251257567.719726,FF42A00ED8
1251257688.832036,1251257696.938476,43AB1D211B
1251257779.197262,1251257787.035156,4879C6D61C
1251257835.29004,1251257844.146972,0C785E9BAD
1251256468.540035,1251256476.03656,DD1D0EEA97
1251294206.943362,1251294214.793945,6A2C69D08E
1251225800.8037138,1251225807.992187,ACAC749752
1251225868.312618,1251225875.866211,216D9BD464
1251266293.583012,1251266304.126953,CD4990504B
1251208316.07471,1251208324.060302,F1A861CF0E
1251208614.687498,1251208621.793457,547B358F0B
1251206766.5407689,1251206773.646484,DDDD4CE199
1251206823.974851,1251206832.311523,48CE138229
1251254459.1982448,1251254467.804687,35AB762A8F
1251254703.232418,1251254710.704101,34FE932A60
1251293238.50098,1251293246.225586,953742E2C4
1251293284.153317,1251293292.784668,CF73A3A944
1251293303.224367,1251293310.296875,10056BAAD0
1251293530.2695282,1251293538.085937,1A20752CE4
1251266525.397951,1251266532.457397,2CDD2D6A87
1251266817.406245,1251266826.608398,37471FDBA1
1251286448.9838872,1251286456.821289,7FE51213AE
1251286512.557621,1251286520.012207,0E4EB07A41
1251281807.416502,1251281814.454101,31D3F0C3F1
1251293640.57715,1251293647.658081,A2E9CD815E
1251223742.7700229,1251223751.3125,474E4DF3FF
1251223867.417969,1251223877.366211,F0E0CADEB4
1251267854.99609,1251267866.505859,0AD98411CA
1251272784.2167928,1251272793.423828,2549257C37
1251236079.562495,1251236088.878906,92CB3D2A92
1251236190.396488,1251236198.382812,325706A964
1251236200.758792,1251236208.058593,C69E175AD3
1251236383.966554,1251236392.458984,934E5DD4AF
1251236590.277347,1251236599.545898,D4BDE34E69
1251229290.664551,1251229298.761718,3A45A67CBA
1251229302.910646,1251229310.757812,A4B1BD4936
1251229349.3525388,1251229359.004882,78998A2B8C
1251229565.9501972,1251229573.177734,24322669EE
1251229605.744144,1251229613.535644,401E8F07D1
1251296925.255374,1251296932.991333,A655726E0E
1251297010.41797,1251297018.748047,6F731DA15B
1251243765.25195,1251243772.508789,F9744E0155
1251262739.84168,1251262747.564453,3DA4AAED2D
1251224491.296872,1251224499.285156,5CA904F9CC
1251254994.251467,1251255001.832153,5E3EB90B64
1251255241.863277,1251255254.875122,1C2FE1CA06
1251211120.5,1251211131.46875,B6CD24374D
1251232897.17188,1251232904.284179,49075EAB8B
1251233084.410153,1251233091.673095,6CC50B5B70
1251233170.43897,1251233179.099609,37BBBBC5AA
1251227767.306644,1251227775.652832,C151FD99CB
1251227893.929081,1251227901.88623,2A994AE7A0
1251227908.928712,1251227916.438476,E0866A9390
1251227919.3461938,1251227926.646484,589CE9B312
1251228081.360348,1251228090.315918,02E3E8AD4F
1251228132.9125988,1251228142.605468,74DA29E52D
1251287430.366208,1251287438.890625,FABCFF2E7C
1251287537.192625,1251287544.949463,8DD166533D
1251217241.541012,1251217249.157959,7E4EAEFB14
1251217547.7226589,1251217555.560547,BF5743BEDE
1251217593.466793,1251217605.677002,28DCA3305F
1251217625.838866,1251217634.233398,A70A68B16C
1251276683.745663,1251276691.099853,7909AA5461
1251259025.236331,1251259032.835327,DC348BDE12
1251259159.988278,1251259167.639648,6F8CCD6A4A
1251259221.1796849,1251259229.253906,F30C6D0396
1251259326.145504,1251259333.196289,F8D27B283E
1251259348.961911,1251259358.722656,402B1CD1A7
1251226779.330075,1251226786.6875,2A7DA5EE32
1251226930.3369138,1251226937.98413,6CC7207BB6
1251231576.60156,1251231585.416748,AC83A48954
1251267501.743894,1251267509.508545,66F7AA653C
1251216299.24951,1251216306.315429,426D9180BE
1251230517.377203,1251230524.953125,168B43CEBB
1251230529.43555,1251230536.594116,1812C78196
1251230539.369137,1251230549.185547,94EDFA9B82
1251230654.5273468,1251230666.708984,5848F57BB8
1251230680.162112,1251230687.805664,CB334D4D6A
1251230723.824215,1251230731.967285,76573AE2A4
1251233485.512697,1251233492.648437,231B7D314D
1251233765.49609,1251233773.24414,63502319F0
1251233892.6875,1251233901.368652,F9B6EAC59A
1251235685.141605,1251235692.484375,892E3CA39C
1251200649.150881,1251200657.318969,A6200C2400
1251200702.528812,1251200709.764648,EAB5E8CC96
1251200791.8452191,1251200799.083984,3ACD769A45
1251201456.188965,1251201467.601562,4176772237
1251231836.53125,1251231843.679687,70987A2A5C
1251232028.6992218,1251232036.812011,F5AC51BF88
1251235459.16406,1251235466.54248,17A4B7DD0B
1251238518.393556,1251238536.205078,EA078197A1
1251238600.25,1251238609.913086,868E168A0A
1251238614.636722,1251238623.306152,4EFFA412B4
1251238769.187495,1251238777.191345,3B4E6FC185
1251232204.655277,1251232212.755859,58275D92A9
1251232472.621099,1251232481.428222,E1ACDCA278
1251232526.554684,1251232534.060547,1F2E145E1C
1251232613.302737,1251232620.90625,08EB19FEE1
1251232620.92187,1251232628.421875,4DCA4BD491
1251205013.644535,1251205021.282714,A84E5019A6
1251205140.262698,1251205147.46875,4760D53C0B
1251255639.011722,1251255646.390625,99A6369D0F
1251240616.15698,1251240623.752929,DE0252C5EA
1251240744.9355469,1251240753.964843,D388027B19
1251240760.6826198,1251240770.719482,D04AC9607E
1251240864.105469,1251240871.797851,FAA17E3D2A
1251240974.677737,1251240981.953125,85752B8D66
1251241021.326172,1251241030.304687,86B1E87355
1251241079.3125,1251241087.394531,42F9DC93DF
1251232074.803226,1251232083.576416,F2F06DE0BC
1251294836.701169,1251294844.041992,AB5EEF9733
1251294943.592772,1251294952.631836,0BCCD47629
1251294961.15625,1251294968.93457,727C4A0848
1251292238.926754,1251292247.358398,D81AE74028
1251292318.270511,1251292327.85205,33CD672390
1251292533.039556,1251292543.609375,9A0DB663F1
1251223451.888675,1251223459.151123,CE14281104
1251258180.425778,1251258187.663086,98AAD9C005
1251258416.838627,1251258424.271484,12ADBD3820
1251210912.1167018,1251210920.547851,03C507E76C
1251268736.570066,1251268744.341552,958B6ED576
1251268977.986325,1251268985.115234,8001BDBD65
1251269033.5,1251269041.410156,006C3C135E
1251270961.597656,1251270968.726562,847C42E513
1251271023.06055,1251271031.027343,8E8E84A274
1251243276.499029,1251243287.51416,27406AE3DF
1251286811.611325,1251286819.980468,65A73A7ABC
1251287050.035157,1251287058.770385,2195D89616
1251227591.6743188,1251227600.164062,403AA4D892
1251227617.072269,1251227625.099609,0B65116C36
1251227668.030277,1251227677.19873,DBF6D452DE
1251248372.030766,1251248380.270507,B4760F2CC6
1251238020.400387,1251238028.378906,BC22A37867
1251205714.924558,1251205723.161132,797D68F79E
1251205789.865231,1251205798.694336,98AC9BC441
1251205911.496097,1251205919.207031,1E1B17D784
1251272701.914059,1251272709.185058,59F98893F9
1251246646.330081,1251246653.741211,830C0CBAFE
1251246717.3691409,1251246727.512695,60DE1D0338
1251246765.609377,1251246774.504272,EA5BBAF9DA
1251246818.7119129,1251246826.087158,6F07FFB516
1251228821.004886,1251228828.795898,4A02971D55
1251265874.482424,1251265881.829101,CA0FF7A0DC
1251254763.241212,1251254770.272461,580BEF7505
1251254906.729864,1251254913.868164,CF0071D481
1251254963.1250029,1251254970.268798,D270264A07
1251210193.350096,1251210201.1875,7655DFBC66
1251263698.823239,1251263707.788574,4106836AB7
1251264158.25,1251264165.753418,9272D8D27E
1251281667.90234,1251281676.017578,D08B87BC0B
1251281692.81934,1251281700.552734,88AD950461
1251240270.1582072,1251240279.21582,8A0139B682
1251240294.058597,1251240302.789062,045C3D4302
1251250791.7539098,1251250799.200805,31306188C1
1251222379.416017,1251222386.71875,5BBAF6D726
1251237226.339231,1251237233.404297,2733634977
1251237270.482916,1251237279.75,100C183CD7
1251237388.077633,1251237396.276855,9D46401AFC
1251237519.086427,1251237526.482422,BED1C2CF71
1251237567.0625,1251237575.567382,0C8E3DA83A
1251237609.28906,1251237616.611816,8A624C91BE
1251237718.08594,1251237725.977295,50E0D6DA91
1251237747.877437,1251237756.834961,8414517C65
1251278105.382936,1251278117.371582,90A3DD97D8
1251278312.51587,1251278320.875,69B48BC54C
1251278506.250004,1251278514.608398,46EA150D15
1251278532.7763672,1251278539.902343,F2D5C80827
1251218350.446291,1251218358.710693,C819602110
1251247917.453122,1251247924.854492,6B61AEBE59
1251285746.2636678,1251285753.524414,2D53848EF1
1251210324.095706,1251210331.808349,64D8FF7086
1251234216.700201,1251234223.728515,34282BABAE
1251214101.224608,1251214108.976562,CC1698A2E1
1251214144.312501,1251214154.166992,6776D953A9
1251202519.7929718,1251202527.683593,4D47934DC3
1251204551.537111,1251204560.367187,B744E7A434
1251280619.807133,1251280629.707031,6E54D04962
1251253617.5625,1251253626.887695,22DB9EA481
1251253705.946898,1251253713.392578,848E125BCA
1251253882.822756,1251253890.188232,9A18BC6DFE
1251253995.824222,1251254004.005859,BAF90D4A41
1251258536.006832,1251258544.197265,F9BCBB33C6
1251206032.60156,1251206040.26477,66CF45AE8D
1251248113.298825,1251248122.766418,8AE49EE2EE
1251260232.875608,1251260240.118652,0B78CBA7DD
1251247501.899411,1251247510.996093,AFB47E7E5E
1251247556.072996,1251247563.498047,2312960E9C
1251247567.650394,1251247576.001953,DFC32CE72D
1251201919.676999,1251201927.413086,672A774E05
1251239056.706907,1251239064.274414,7EA2FAAAD9
1251227439.6210911,1251227446.939453,1DBC257226
1251227503.585942,1251227511.35205,B66A8410E9
1251267222.562495,1251267232.796875,098AD41CD8
1251234646.578616,1251234655.550781,1F3A6AAF81
1251234725.9438431,1251234735.360595,9C429B28E1
1251296228.2812529,1251296235.328735,4E51122A7A
1251277180.7316852,1251277189.293945,7546C3CD5C
1251277234.614011,1251277242.601562,F14C051A8E
1251270681.027347,1251270697.033203,3017EEF60E
1251264677.364751,1251264685.395019,3CA9F5506F
1251232764.076657,1251232771.433593,098A56ED5E
1251232788.453122,1251232796.216064,E89AAD5628
1251276213.46484,1251276221.818359,32CC5C86CC
1251276300.382809,1251276307.386718,9C83344A84
1251242827.155273,1251242836.535034,F2ABA82588
1251231095.738278,1251231103.176757,4F2EDE0C86
1251231365.039556,1251231374.666015,501C3C5A0E
1251231397.3252,1251231405.9375,E68D4ABB34
1251244195.844728,1251244206.685547,743819615A
1251217996.7670922,1251218003.822265,315C4E4E17
1251216587.95996,1251216599.167968,C87EE2B9FE
1251216668.196779,1251216675.227539,CA50C06209
1251274562.125,1251274569.366211,C5E13D21AC
1251212737.815426,1251212746.744629,573581786B
1251209911.171632,1251209921.458984,964CCA8B4C
1251210075.070309,1251210084.873047,3C04C9F3BD
1251242405.896485,1251242413.835937,EF94653FDC
1251261124.328122,1251261132.491699,5F7853EEBD
1251274830.618161,1251274838.296875,DD62887FB5
1251244039.25,1251244046.381836,04C1C69D55
1251268118.951662,1251268127.758789,FC45B35167
1251268242.619141,1251268249.748535,283EBB2FAF
1251268290.796514,1251268298.361328,A5F4D46DD7
1251268586.545898,1251268593.622314,2665968514
1251205437.1162138,1251205444.570922,E00856AB3B
1251283827.987301,1251283836.784179,61C8C0A584
1251283924.992184,1251283933.136718,46F429F408
1251228165.888188,1251228174.924804,BF7EF907D8
1251228299.2460968,1251228307.914062,4FFA2817F9
1251273172.245117,1251273179.392578,FB037610CE
1251273447.600587,1251273455.382324,B2CD3E90A2
1251256059.1513689,1251256066.273437,8FC4473130
1251256358.751956,1251256366.482422,936A89F351
1251285290.708984,1251285297.841797,A7192F5615
1251220149.4326198,1251220156.963867,A757D11F9F
1251220173.4775388,1251220181.16748,FD90CBAB16
1251201756.738277,1251201764.257812,E3112036FB
1251226221.211915,1251226229.690429,382F9CC048
1251226523.101559,1251226530.104492,A142E15936
1251226531.210941,1251226538.559082,31875AD6AE
1251226692.695312,1251226701.010254,30E5F14CC1
1251236955.97266,1251236966.955078,A9E1C9A9EB
1251237086.4350631,1251237093.517578,2BA0F79D9F
1251237118.529293,1251237126.109375,DA2D529E55
1251237157.603512,1251237166.473632,D889BAFBA6
1251202794.183355,1251202806.041504,155F0DAE03
1251222620.713132,1251222629.500488,CF7F7E7CB4
1251222683.187991,1251222691.588867,21B52CFBDE
1251228637.6413531,1251228644.988281,1722DB6566
1251228701.7915049,1251228709.695312,1F66AA3364
1251228750.749995,1251228759.128906,06DA0F73F9
1251208960.996094,1251208970.072509,91F645389A
1251207661.2243612,1251207668.390625,02CB6B7E08
1251207809.0693312,1251207816.954101,31890496A4
1251209170.348878,1251209177.482422,953A42C812
1251314268.203125,1251314275.824218,4B1193A252
1251347309.659914,1251347316.99707,24D5D29E42
1251347538.1010768,1251347545.160156,C4728A1E93
1251315931.796879,1251315938.892578,60A6D98881
1251316051.4570289,1251316058.792968,4E6D5D66DF
1251399969.843753,1251399977.554687,D958E706F9
1251305250.615231,1251305258.651123,36B0EE0646
1251312569.324219,1251312576.586425,2CBA79FECA
1251312620.320312,1251312629.846008,E35C6C23D9
1251346009.868165,1251346017.071777,D94E4345B5
1251346048.250002,1251346055.358398,0C4078DB65
1251353631.944576,1251353638.99414,2322805DC0
1251353691.14062,1251353700.219726,C156AF1400
1251353701.592777,1251353709.664062,7EEDD15AF9
1251340869.916019,1251340877.025879,617FFCF772
1251316890.885257,1251316906.627929,85EF0A6554
1251329305.424801,1251329312.46289,6E23DAE1FF
1251377692.953128,1251377700.28125,4A5C96D21F
1251378105.817874,1251378113.357422,9BCABFC002
1251323284.843745,1251323293.0,F9DA88DA64
1251323445.855956,1251323453.304687,5152D2F3C2
1251323570.865237,1251323578.176757,788495865C
1251325093.599613,1251325102.288086,13D73C26BD
1251325161.299808,1251325169.945312,4CE5D46210
1251364778.047849,1251364786.136718,BDC9DA6D9D
1251364936.92139,1251364946.171875,9E6F6549B7
1251334784.7412071,1251334791.795898,0DA1C7319E
1251357519.0961962,1251357526.957519,DE0B9E5776
1251343237.945309,1251343245.760742,6AF370F70D
1251373819.295895,1251373828.231445,39802CF8B4
1251373901.9062529,1251373909.708007,6C1BC2DB4A
1251374198.280271,1251374205.618164,FFBB52A775
1251374280.667966,1251374287.783691,C2382AF337
1251376786.436527,1251376794.261963,C83BFD0646
1251369688.829098,1251369696.354492,9958BF0E22
1251368517.577152,1251368524.610351,8C7A585550
1251373793.268551,1251373802.091064,F92C2B941A
1251303602.507814,1251303610.643554,42598B56EC
1251303660.7207,1251303668.159179,3B7B071B0B
1251333507.15161,1251333516.62207,431B68B906
1251333568.197269,1251333575.673828,397E6EFC9B
1251333728.091312,1251333735.125,75E3DF2910
1251379296.113278,1251379305.663086,649D589E21
1251381357.173344,1251381365.146728,783A28DD52
1251381695.516116,1251381705.294922,D1F7F74EA1
1251324380.32324,1251324388.323242,FF6B4320EB
1251306978.646487,1251306986.867187,09AD447ECF
1251307055.982418,1251307065.0,F150FEACF7
1251307254.89746,1251307262.257812,D041E582D4
1251357341.335942,1251357348.711425,174D1BACCD
1251324880.783202,1251324887.811035,593636EC95
1251377262.878906,1251377270.138672,C9899425A2
1251356146.049801,1251356154.581298,9BB87CD81E
1251356318.5527358,1251356326.06604,A2FB06909A
1251356366.2329102,1251356373.438476,78121AF002
1251304165.581059,1251304172.801757,487EE23C1C
1251304297.28418,1251304305.127929,4B552EBD9D
1251386679.124027,1251386686.364746,BA22A7EA2D
1251314975.537106,1251314986.783691,D92AF2F790
1251337267.398437,1251337274.877319,967F733CAB
1251337318.2832,1251337326.609863,12B760E3D2
1251387774.6679718,1251387784.105957,5F7EFA6F0F
1251322746.397214,1251322754.550781,8FB2809554
1251307442.863278,1251307450.677246,47BD998AF7
1251345465.0356429,1251345476.586914,89F6D0D649
1251303820.778325,1251303829.426269,D919938CE6
1251304020.293208,1251304027.829467,22EBA27853
1251368078.9726589,1251368087.148437,A5C846D0BF
1251368102.704104,1251368110.888183,F0CF00EC0D
1251334247.508792,1251334254.767578,D481B0B1D2
1251334385.4882822,1251334392.796875,C87A9CA556
1251344596.8671908,1251344605.917968,B125F03901
1251395339.355466,1251395348.125244,B5519ACF57
1251395355.740237,1251395364.61914,7133433A3F
1251367896.373717,1251367903.440673,2EC89EDA00
1251367950.633792,1251367960.414062,59457EA4A1
1251310595.859377,1251310604.994873,1BDBDF5D0A
1251310614.100095,1251310621.515136,0180934804
1251310262.625,1251310270.190796,71EF5E497B
1251308006.315306,1251308017.271728,9304E8C256
1251308076.011719,1251308083.036499,61D625ACA6
1251308088.529297,1251308095.855468,090A76A551
1251382911.070317,1251382918.357422,06A0C540F0
1251382951.977544,1251382959.024902,0E7ADF234E
1251327814.750001,1251327822.642089,A980B2ADF4
1251314439.1132789,1251314447.091797,681C15B60A
1251314652.392581,1251314661.224609,91D2257FF4
1251318705.658202,1251318713.800048,45941FEB8B
1251318771.500975,1251318779.717834,081A0BCF9A
1251379119.767335,1251379127.398437,E8FA845591
1251332167.53223,1251332174.645263,343E6EBF28
1251332185.173831,1251332192.436523,C76107C888
1251332199.7763631,1251332208.980957,A07F64B5E2
1251395404.0869138,1251395412.814575,FFF2AE959C
1251395416.907718,1251395424.728515,16EB8A2E64
1251395545.162106,1251395552.853515,58784875DA
1251395590.446292,1251395598.290771,90DD2E1508
1251395840.471437,1251395848.159179,71645EE2B9
1251395942.068364,1251395949.632812,898E6F8698
1251302734.16406,1251302743.169922,8E716D1B34
1251373414.662106,1251373422.884277,15EC5EC283
1251339359.788327,1251339367.050537,DDC7E95022
1251300502.159182,1251300509.917968,F7A512BD06
1251318122.839117,1251318132.625,E3B3B9D35F
1251318229.547855,1251318238.096679,E3E8C04ADE
1251318283.804687,1251318292.252929,09B1AB72D9
1251318425.623051,1251318434.079101,293B95F082
1251310820.687505,1251310830.163818,AFFB81190A
1251310855.049801,1251310863.937988,F5E113A9C1
1251311045.1513698,1251311052.213867,6DB93D2728
1251311143.16406,1251311151.304687,1A90C6A977
1251311231.0,1251311240.045898,033327C9D1
1251328205.71143,1251328213.8927,6BA8BB2AD2
1251325744.28613,1251325753.972656,08C2FF989B
1251325765.1992218,1251325772.429687,5DAAFB74D3
1251302413.2956548,1251302421.357422,71C2632A8F
1251300719.329101,1251300727.763672,5A2EEF2EAD
1251300766.17529,1251300773.942382,265A60DBDA
1251357945.249508,1251357952.350097,C421C5DBC1
1251348408.2486532,1251348415.972656,C733B56460
1251348547.936521,1251348557.128906,B3F990B21E
1251348620.067386,1251348627.33789,D4B55AD037
1251395022.6279328,1251395030.273437,05526AB297
1251327279.0788531,1251327288.109375,F5E3ED01D0
1251327374.948492,1251327382.103515,5B5AB48EF0
1251327384.725582,1251327391.765136,E61E0D0F2A
1251331683.177247,1251331694.0,17261258CA
1251331934.4687529,1251331941.700805,980CAE2D04
1251343433.732667,1251343441.566406,09F77812E4
1251361040.802731,1251361052.3833,3B2ED0AD76
1251361175.9570322,1251361183.120117,011504E2E0
1251333922.4885252,1251333931.973388,3A5C8D678B
1251316168.5229518,1251316176.282226,880ED97182
1251305982.586917,1251305989.813476,2D81919976
1251301703.87354,1251301711.111084,8548AB658B
1251371560.820313,1251371568.234863,C95E289C7A
1251387512.652958,1251387519.958007,8AC444E57B
1251330864.4941409,1251330872.378418,CCF779BB12
1251330983.0830128,1251330990.950195,E76063EEB9
1251335951.5976532,1251335958.664062,7C1790FDF6
1251307694.583004,1251307702.238281,0FF8428364
1251307704.661136,1251307712.391357,3217268709
1251370805.7138698,1251370815.101562,A14E187814
1251369524.3749971,1251369532.195312,DA20DB87BF
1251366849.825201,1251366859.274414,B4CD71B114
1251346923.232425,1251346930.329101,6B567426BA
1251374497.6250029,1251374509.176757,9B0CE58B10
1251374600.95239,1251374608.060058,889C2D5399
1251374855.17578,1251374866.067627,4217A2857B
1251353291.6420271,1251353298.943359,0698FF716B
1251353373.982425,1251353386.9375,C8949C7ABE
1251326584.767573,1251326593.209961,E09F13C085
1251326758.461911,1251326766.801757,02D5EE59DC
1251339049.175784,1251339056.387695,2F5EC8DEEA
1251366577.8710968,1251366585.509765,C786F83538
1251361424.351558,1251361432.71289,7CE64FED90
1251359317.001956,1251359324.267089,BD56CE3E62
1251343680.020512,1251343687.126464,9E460FBCF3
1251336370.07031,1251336377.490234,297E9D47A5
1251336430.552732,1251336440.518676,2D33C1BFDF
1251342504.841062,1251342512.297851,AD57C3A692
1251342552.130863,1251342559.224121,DFACA00553
1251323968.2573268,1251323975.27539,62EC8682C4
1251324016.4399438,1251324024.271484,41CBC747C5
1251356631.469723,1251356638.663574,BE4969E48B
1251344705.889645,1251344713.425781,8382C9BF9A
1251344763.282232,1251344770.501464,054A3903E0
1251344842.460938,1251344850.435547,98616D6CB6
1251345797.798831,1251345804.888672,DA55923762
1251338922.9882822,1251338934.382812,6E90CCCA24
1251365218.932615,1251365226.838379,30FCFFEF7C
1251365278.0689652,1251365288.3208,650AEEEF3F
1251376893.074222,1251376900.431396,1E7F593F5D
1251333330.528317,1251333337.625,4F250CD60C
1251322472.783203,1251322479.916015,8652C5533A
1251383692.557616,1251383701.44873,A90A00D3E1
1251323016.186521,1251323023.300781,8EBB9BA8E5
1251323142.135494,1251323150.116211,E767B517A3
1251323188.900266,1251323200.12207,175E583CAA
1251335686.662046,1251335694.246093,C6B1FD2FB5
1251312939.5063472,1251312948.102172,8DC8B43440
1251394772.615483,1251394781.365234,239A78273B
1251341664.528323,1251341673.710205,09D4021B6B
1251341710.281254,1251341718.319336,6E0BFA6A27
1251303261.812498,1251303268.90332,86D9E159DD
1251375940.15234,1251375947.219238,08E5633F9A
1251343986.693117,1251343993.852539,B6CCAA1F66
1251344115.353512,1251344122.599609,2CA855A7BF
1251344209.882816,1251344217.731445,94015D50B4
1251372877.531255,1251372885.762695,21A3A9A352
1251315624.110355,1251315635.907348,C04F22951B
1251309427.638668,1251309434.883789,9FADD0D969
1251309744.1689448,1251309751.728515,6CF4D44E21
1251370107.82446,1251370115.048828,A2969554CA
1251370115.671872,1251370123.028076,4B5055DC85
1251308666.5576131,1251308675.187255,9672286D7D
1251387146.70312,1251387155.114502,8B972A7C76
1251317404.9143078,1251317412.097168,327F14CF3B
1251341227.914062,1251341234.990966,C65F97E955
1251341448.658201,1251341455.725586,2F3A202176
1251372267.7519572,1251372274.826172,222E4FCFC7
1251372535.6787071,1251372542.763183,139740D8AA
1251308578.237554,1251308587.93164,0B3EAE954D
1251308595.8437512,1251308604.851562,C78BB9BC21
1251317969.727054,1251317977.106445,26312925B1
1251335478.196285,1251335487.271484,7045445846
1251353053.7529328,1251353061.057861,3C6B584A11
1251301997.322629,1251302005.137695,0E08D2FC3D
1251371696.067379,1251371704.285766,ADA8738080
1251354762.86218,1251354770.323852,56B0F10B09
1251354904.567379,1251354912.977539,675ACAC436
1251301189.702149,1251301197.80957,CE7FA1C19A
1251319038.13281,1251319047.027832,29241C317C
1251319117.7109408,1251319124.789062,6EF04AF3EC
1251319277.3124971,1251319286.672851,30CAF4BED5
1251319798.590817,1251319806.96167,3CCA1F511E
1251319913.4414022,1251319925.492187,0BD3781FE0
1251320108.4555678,1251320115.492187,6EEBAA84A8
1251320804.181882,1251320811.605713,9C14F2F7C9
1251321158.333981,1251321168.165039,AA56E5307F
1251321512.981449,1251321520.485351,FD8575AE1C
1251321546.87109,1251321555.23291,8A3A995B0F
1251321642.617185,1251321652.4375,F8DC76DDAC
1251321718.840818,1251321726.664062,14920701CD
1251321802.337892,1251321810.914062,8CBAB8D893
1251322173.395504,1251322180.707031,80173E3C76
1251322191.88672,1251322201.375,3EF43F9557
1251322340.474609,1251322348.693359,F0A57FA4D4
1251322371.958742,1251322379.947021,7DE11FF0F0
1251316622.729982,1251316631.279297,F87B0CF8BA
1251309127.240235,1251309134.926757,1902CC58DA
1251309167.533206,1251309175.913086,AE6662372B
1251325234.259769,1251325242.329101,AF089B01A4
1251325269.807614,1251325279.024414,B3ACDA1474
1251325500.913081,1251325509.175903,9F48D11EEE
1251325634.321285,1251325641.787109,7D8A154BA8
1251329702.9306638,1251329710.271484,781F0393AF
1251329753.097654,1251329760.182129,CDFE54C297
1251304404.800538,1251304412.495117,89EDC7FA53
1251338097.992193,1251338105.220703,0FA4F991DD
1251338361.473634,1251338368.822265,D3B18CDDB3
1251313588.177732,1251313595.356933,04D7D1E630
1251313623.75391,1251313631.201416,C2CBBBC4CB
1251362523.103519,1251362530.107055,C75F1F1091
1251362633.969054,1251362643.617797,8E9813F011
1251363928.644044,1251363936.724853,3D9938668E
1251309784.34375,1251309792.978515,F8960B61A3
1251375527.90625,1251375537.459961,D9514C0752
1251361819.322266,1251361829.96289,58352F5395
1251361878.70899,1251361886.238281,4583859495
1251361886.712891,1251361894.671386,18CD536A64
1251361925.999027,1251361934.664672,9667DE2AF8
1251306412.0244188,1251306419.792968,513FE242E0
1251306770.4687471,1251306777.801757,2BD8A00016
1251317855.75464,1251317863.307617,D892E5060F
1251339964.0195272,1251339971.09375,E575526989
1251340152.8085968,1251340160.835937,27B28363DB
1251329265.972043,1251329274.628418,48351CBDBB
1251353924.6796908,1251353933.543701,6A2988D7A3
1251358726.5,1251358734.246338,0D8786A3A8
1251358938.588622,1251358948.130859,0F8DC7C4C9
1251382183.443358,1251382191.311523,02D612B738
1251305363.200685,1251305373.409179,FA6F2C1F0E
1251305544.769534,1251305553.899414,6730B12FB4
1251495550.949458,1251495558.53125,E2765303D3
1251441653.3212862,1251441660.856445,60501ECC5D
1251489162.460941,1251489169.600586,3C5958D829
1251486785.931644,1251486793.93164,591AB81A6F
1251412893.125,1251412900.352295,FDB850E570
1251494426.0664082,1251494436.41809,A7E3DC5656
1251494845.40723,1251494854.194336,1D39C7F58E
1251494895.103519,1251494902.842529,5B2885DAD6
1251446855.389646,1251446862.63916,1AFAC19BFB
1251446913.937009,1251446922.061523,3F393EC137
1251425441.874023,1251425452.350586,C651BEA48F
1251425520.809567,1251425528.365234,8C94549DFD
1251425779.4152792,1251425787.602539,E8AE25D2DD
1251492328.9648468,1251492336.893554,78449886ED
1251421678.891598,1251421685.891601,4308DE4182
1251488729.218265,1251488736.644531,8DAACA6A3E
1251483054.236327,1251483061.34375,A7AFCD45B4
1251415781.236085,1251415789.0083,0409FD96C6
1251483566.61939,1251483574.528808,5584B46AAF
1251483747.205081,1251483757.448059,EDBE491C6F
1251416532.5205069,1251416540.044922,4219897E0D
1251416612.71484,1251416623.242187,31647072D1
1251416786.603512,1251416793.742187,7C8547CF81
1251491397.008786,1251491405.353515,55404DF0ED
1251491438.9086292,1251491446.410644,9C8C5494E3
1251402194.664552,1251402201.75,523411E0B6
1251423569.03565,1251423576.192138,02DDB5E590
1251423843.5385768,1251423851.361328,5F724C0CDA
1251493794.714602,1251493801.763672,D497D5D79D
1251493819.735352,1251493829.916504,96948EDDAE
1251493875.107422,1251493883.012695,72F6E2C0CD
1251430000.1491652,1251430008.265625,51981D0B16
1251430158.685543,1251430165.848877,060BE83E0E
1251430320.385255,1251430328.118652,B893EC59A4
1251485309.096677,1251485316.265625,E0A32FD1EA
1251444628.938353,1251444636.085937,13970A282B
1251460508.547851,1251460515.558105,0CD88DE59E
1251490706.445316,1251490715.126464,E7E5FE1CD7
1251490721.82812,1251490729.568115,19A349004B
1251490836.864261,1251490844.877441,9B6725195E
1251490882.765138,1251490890.522705,A1D12B2BED
1251490928.735845,1251490935.817382,55A618683A
1251495971.12695,1251495978.856445,0BE89CCA18
1251496057.703125,1251496065.210937,9C9FB9B4E2
1251497104.317386,1251497111.774902,D0BC3AF663
1251449212.625001,1251449221.84375,37B033EBAA
1251400805.368284,1251400815.9375,D04AC98767
1251400853.829098,1251400863.484375,F301140FED
1251404624.338864,1251404635.1875,0D0DF3803A
1251484996.7304718,1251485003.741211,E9255157E0
1251404560.375978,1251404572.467285,0038AD504C
1251402495.028323,1251402504.75,6676020E22
1251424212.835385,1251424222.78125,9DF9B9ABF2
1251424309.244144,1251424316.441406,2D0197D1AE
1251424382.121094,1251424389.526367,EE58565208
1251424492.359378,1251424499.552246,164F3B8ECB
1251424664.001468,1251424671.144531,36CE2606DF
1251484539.663572,1251484546.833007,1726400DBC
1251484672.3488748,1251484679.418945,6488BE891D
1251403608.020025,1251403615.265136,29DB76E9AE
1251427648.954595,1251427656.151367,E6C9F91CD1
1251427779.461911,1251427786.61914,84859239F6
1251402826.229492,1251402834.154785,0BB5ED0CAD
1251403072.8018792,1251403080.056152,2C04CFAC74
1251401289.911985,1251401298.208984,3B3FF9DF8E
1251400214.32227,1251400221.894043,1B64CF97B1
1251400243.0170271,1251400250.809204,E4BB5D1DA1
1251400445.110356,1251400452.228759,EDCEE19648
1251400547.8046908,1251400557.425781,67DF8155E8
1251400624.294918,1251400632.569336,C4563C0940
1251436403.976562,1251436411.861328,1EBA7F996E
1251487692.543945,1251487700.25,73604E8602
1251487779.879879,1251487789.044922,FE5DF4600A
1251493523.257817,1251493532.610351,5646BA35EC
1251483988.561527,1251483995.623657,60B71F7739
1251418081.58814,1251418089.632812,4CD12C1BA5
1251418320.258785,1251418328.602539,CB034754E0
1251490306.718507,1251490314.125,3FB808684F
1251490340.86133,1251490348.697265,7612B6E2D7
1251499201.167974,1251499208.505859,04E062F12E
1251499220.962404,1251499227.995605,17973B2A27
1251441805.75879,1251441815.30664,4EE96549C6
1251456856.167966,1251456863.564941,26A4DCEBAC
1251457093.715329,1251457102.636718,DE5FF116B7
1251455185.391603,1251455193.285156,4A7588130E
1251455378.1054702,1251455389.038208,4B573B49A9
1251455539.224122,1251455546.84375,3417B9D506
1251455561.7734408,1251455571.638916,F9884F41C2
1251408426.171872,1251408436.466797,E48C955DFE
1251459961.7255812,1251459969.67163,02D9126168
1251460231.289678,1251460239.271118,B7EC437D83
1251445719.681637,1251445729.577148,93B5BA61F0
1251407961.991215,1251407969.80664,2D8A16DEE6
1251420313.281245,1251420322.580444,C3CAD083FE
1251432125.8916051,1251432134.830078,DA70F31197
1251417420.220701,1251417427.752929,C41A953A36
1251417621.16358,1251417629.519531,1E675E7255
1251456140.8474722,1251456149.953125,90E226AE68
1251491034.712404,1251491044.390625,CE723662CE
1251404174.145147,1251404182.173828,C503CEEDEA
1251411463.7429152,1251411471.78125,88021777CB
1251431059.769534,1251431071.842773,2E4BA7B977
1251429846.591793,1251429854.374511,CC4B0CA048
1251496145.948247,1251496154.586425,889EE5FC46
1251496717.84131,1251496725.568847,581F23786E
1251496745.8408248,1251496757.921875,BA6BBF81FA
1251496765.895997,1251496774.540954,40487E7869
1251461436.129639,1251461443.136718,5850EA0FC7
1251461576.528317,1251461583.851562,CD9E2817D2
1251461645.916012,1251461653.089843,DF4D32B051
1251462157.9619122,1251462166.130859,A4EE471095
1251462354.960934,1251462363.5,507B9BA588
1251462964.118165,1251462971.137695,BA91638B00
1251463265.2138698,1251463272.992248,8A95EB7369
1251464136.774411,1251464144.144531,3EFB3FBE7B
1251464449.530763,1251464456.562255,AE0200FBD6
1251464519.6202369,1251464526.964843,27D7DC3838
1251464879.697269,1251464888.835937,756E7F5154
1251464918.8994138,1251464927.332031,81D726D951
1251464969.843751,1251464979.120117,629C872721
1251465128.9375,1251465136.296264,BEAA97A9B2
1251465353.823241,1251465362.058593,5066B6459A
1251467012.319332,1251467020.537109,2BA01D10ED
1251467553.195316,1251467563.700195,865C3A4AF9
1251468641.476563,1251468652.324218,A1ED0D01E7
1251469151.491215,1251469159.882812,F02BBA3979
1251469472.178706,1251469479.486816,8F76B867A4
1251470199.2793,1251470208.615722,8185E6A18D
1251470763.585206,1251470771.339599,DDAEAC4E4A
1251470827.2617218,1251470835.039062,828C2F9D68
1251471092.858396,1251471100.085449,DDD3CB8907
1251471352.9130888,1251471360.519531,D2EA19E87F
1251471409.058599,1251471416.271484,FFA442495F
1251471680.03516,1251471687.143554,A71C2216BE
1251472305.278812,1251472312.510742,66C5757ED4
1251472784.1904268,1251472791.286621,AC74BDAD7C
1251472994.8701138,1251473001.978027,9088B7832A
1251473179.070309,1251473186.431396,D0D3887830
1251473391.864749,1251473399.46289,EBBE3E8A84
1251473604.7851589,1251473612.073242,5A09E804A9
1251473666.8945332,1251473674.077148,A20B6DBD90
1251474468.2416978,1251474476.302734,A5FE2C4F2B
1251475199.9775388,1251475207.385742,F054603495
1251476351.94092,1251476359.773437,6FDB92A529
1251476500.4304152,1251476507.78125,BE79F77FA2
1251476748.00684,1251476755.353027,87548A8E93
1251477890.979984,1251477898.188476,6BF060A2C3
1251478325.861325,1251478333.557617,1D7728281F
1251478394.36719,1251478401.601562,33DD261F71
1251479300.3095698,1251479308.438476,6204E1F074
1251479440.646486,1251479448.321289,3C3C5AA55E
1251479606.887203,1251479613.925781,E3CFBFE306
1251479732.2651398,1251479740.976562,69146E40CC
1251479969.0624971,1251479976.318847,87735B0D75
1251480241.234372,1251480249.376953,D924531281
1251480249.675783,1251480256.957519,9EDE026345
1251480613.697262,1251480620.738281,3D824775BF
1251480950.950437,1251480959.073242,A961F685BD
1251480990.819335,1251480999.117187,64AA0C7520
1251481579.1679718,1251481587.60498,DD061A251F
1251481878.226568,1251481886.045898,C8BF2FB169
1251413655.429685,1251413667.945312,B2C110578C
1251413711.694829,1251413719.176757,9EBBCF9ADA
1251416042.50391,1251416049.544922,441AB9D63E
1251492036.540042,1251492044.412597,1C3850D84E
1251492148.508792,1251492155.612304,C7A3A8235B
1251500210.117677,1251500217.224121,B76C71528A
1251500322.71631,1251500331.682617,1C230E4563
1251425347.5839849,1251425357.586914,3AF1BBEE1A
1251419846.416502,1251419853.491699,1775B75E51
1251420046.016605,1251420054.574218,7F1BED0347
1251497522.351566,1251497531.492309,0B869DEA91
1251428700.0612812,1251428709.675781,B3BE4FDDFF
1251498303.008304,1251498310.611328,DFF5FAD015
1251498474.000005,1251498481.214843,FA46ACE7A3
1251416967.9248078,1251416974.954834,C6EDA6D0F4
1251417036.484376,1251417043.844726,3446AEAE2D
1251417071.1279328,1251417079.573486,F09A22F4F1
1251410063.556644,1251410072.407959,DA82982C9B
1251410208.7026322,1251410216.788086,CFA1F27F6E
1251454693.671878,1251454704.496093,68969FC4EA
1251458435.249024,1251458443.52832,2EA7EF1E4A
1251458828.000002,1251458836.197998,5565B72AC0
1251458857.645999,1251458864.737793,D5155B79D3
1251416081.64649,1251416089.041992,D052C86005
1251434240.361331,1251434248.19519,B861BFD602
1251459005.50293,1251459014.46936,DA67DDE731
1251405967.8369188,1251405975.080078,4C5114A1A6
1251426222.005369,1251426229.231933,76CAFAC8E9
1251426254.9599562,1251426263.235412,2F0995C35D
1251426324.971682,1251426332.579101,3C5EC2E433
1251459657.645996,1251459664.96643,C0E830C128
1251454776.086423,1251454784.062988,92271FF3AD
1251454935.125,1251454945.290527,5983FF3FED
1251482329.323239,1251482337.295898,A249CB7282
1251439237.7880888,1251439246.65625,8D2F13205B
1251439250.5825188,1251439258.4375,437F64032C
1251439544.662357,1251439553.11145,FBB4B49FCA
1251439576.62549,1251439583.853271,40B45F3AAF
1251442848.180661,1251442855.519531,D00E35523D
1251437776.9960911,1251437785.195312,D8C963A750
1251423426.902349,1251423434.818115,2E5C927012
1251423470.3300729,1251423478.237304,A307D8609D
1251499618.978029,1251499628.014648,78AFC7BE58
1251499763.683594,1251499776.766601,06196F97F6
1251411922.7763698,1251411930.333007,E03D51DC64
1251412006.84668,1251412016.3125,DE8016C2A1
1251412067.8398468,1251412074.986816,3BEA299259
1251488247.935543,1251488255.160156,89BFFADE65
1251447378.4497108,1251447386.232422,192D6B8A02
1251447494.071288,1251447503.990234,DA72B57CFE
1251447527.498045,1251447535.122558,EA8BEB362A
1251450544.7499971,1251450551.776367,9FDB46E873
1251493188.218752,1251493200.489257,565DEE07DA
1251493303.456059,1251493310.856445,8E021EB19B
1251430658.209722,1251430665.454101,B99D5C3448
1251430712.839483,1251430720.162597,85BFA06507
1251430888.40234,1251430896.227539,EDC739CF17
1251430948.2724571,1251430956.547851,40F925FC6F
1251451314.067386,1251451321.180664,5618A3F934
1251442659.802737,1251442667.299804,DE6959D686
1251432190.273437,1251432198.667968,C1A1849FE6
1251432229.205075,1251432237.153808,6A52995BE6
1251445189.7377949,1251445199.319213,9A734306DF
1251486048.576172,1251486057.702148,ACC6EA5B77
1251486153.464481,1251486161.890991,63F42B7D33
1251446014.7373078,1251446027.787597,EFB261C3BC
1251446148.847653,1251446158.060058,39058A4B42
1251446436.129634,1251446444.674316,55F6150C90
1251429462.621097,1251429469.8479,1836EA2DA3
1251414398.1201138,1251414405.597656,1E6049BC37
1251414643.252927,1251414650.331054,4656A2D6A9
1251438808.8315458,1251438816.297851,BC95D79D17
1251418866.686525,1251418874.190429,0B7A34BDF6
1251498045.8046908,1251498053.037109,20F22C5ABE
1251426913.001956,1251426921.964843,C78D30F6EE
1251426951.813473,1251426960.164062,DA3F65F818
1251421933.34839,1251421940.977295,930303588E
1251489629.0742211,1251489637.236084,2ED903A698
1251489647.177739,1251489654.896484,DA6BA9FAA2
1251489871.5291772,1251489879.920898,213C80E750
1251412221.795162,1251412229.083252,C26DC9DD30
1251412276.494876,1251412283.760254,809315B09B
1251405614.871585,1251405622.565429,1133318D03
1251405726.1220722,1251405733.733398,24C4456D06
1251405782.001466,1251405790.227539,4EE79393BD
1251497738.83032,1251497746.213867,06B6664189
1251406505.207281,1251406514.74707,1D6E445AD7
1251408159.988775,1251408175.054199,E52FBCD842
1251495183.035153,1251495191.543213,83904C8370
1251495402.890628,1251495410.413086,F326A49722
1251495464.536137,1251495471.666504,4479C3505A
1251410673.562495,1251410681.514648,AD6D694ADC
1251457762.135252,1251457770.857422,0F369281F6
1251457790.076169,1251457797.975097,891BFBF64F
1251449609.751463,1251449617.635742,1865372CEB
1251551491.125,1251551498.272216,BE5FA5EDE7
1251551861.490232,1251551869.59375,6D47FDFDFB
1251507613.633303,1251507621.838989,610258AAB6
1251507722.625,1251507730.875976,6A941775F7
1251519761.3505838,1251519768.443359,FEBE90D9BE
1251546015.9304209,1251546026.441833,9C5A4A98BE
1251544254.269531,1251544261.363281,39605FB4C9
1251541056.195309,1251541064.294433,22E5E7DB87
1251549193.572267,1251549202.825805,3F5018A5D0
1251509691.848878,1251509700.84082,E0CE8AD3F2
1251542605.197269,1251542612.879882,BB5B64A1AE
1251527062.2680671,1251527069.392578,7B8E2F42A4
1251518309.774905,1251518317.526367,488411347E
1251508167.612306,1251508174.792968,4BE4B0AEAA
1251512766.177736,1251512775.21875,4CA1D862B4
1251512885.219,1251512893.825195,0FD1D30009
1251530651.4404328,1251530661.240722,6D58E12EC1
1251542505.506348,1251542512.929687,9D924EA5C8
1251544916.971676,1251544924.934082,FF006E5297
1251529268.930668,1251529277.861694,0F9B256BC5
1251528501.348632,1251528508.351562,0B73FD8B13
1251526755.7607448,1251526763.648681,D087F81542
1251526943.199222,1251526952.68457,2E4DEB0EAD
1251550890.333987,1251550897.952148,3ED36EB946
1251585650.2875988,1251585658.518188,37BFF6A319
1251586109.0820282,1251586121.234375,85658677D8
1251586343.3730469,1251586351.765503,0C786BE415
1251586775.9462888,1251586783.938476,6840627C41
1251586805.329835,1251586812.472656,D2BEBFEFA0
1251587242.106448,1251587249.193359,1342C83EDC
1251587293.96948,1251587301.123047,4255EEA6DE
1251587504.17969,1251587511.990234,EB6AC9A5F5
1251587582.452268,1251587591.540649,656114E892
1251587921.968076,1251587930.718994,180D26290C
1251587934.822263,1251587945.179687,8ECAE25B22
1251588003.132814,1251588010.391357,97C33BC915
1251588072.0078158,1251588080.509765,1D2DBFAF90
1251588313.0195282,1251588327.030273,74A5A0572F
1251588953.504886,1251588961.65625,1BC652E070
1251589790.868654,1251589798.196289,0B7973B18A
1251590079.3164089,1251590092.793945,B9AE465432
1251590189.692388,1251590200.638672,E8E3AD565E
1251590249.500981,1251590257.589721,F992FBBF48
1251590410.532716,1251590418.832031,9127AEDB59
1251590523.4140651,1251590530.720703,F0B37CB5C0
1251591212.234378,1251591220.05664,A919C5AA53
1251591282.125,1251591289.678222,0036D15CB7
1251593230.089849,1251593237.124511,B0EC3ECE6F
1251593643.6875,1251593652.502929,E0F38F2BB6
1251593873.025387,1251593880.547363,AD755FF9F7
1251594093.7495072,1251594100.763672,CB2A267400
1251594386.565549,1251594395.1333,3469E035AB
1251594698.954106,1251594705.969726,56873F6953
1251595731.536129,1251595738.974609,4CAE1948C6
1251597264.0952148,1251597271.330078,CCF0F426DA
1251597528.6972702,1251597536.856445,7343F46A0E
1251597835.046877,1251597843.260742,D8CC878D78
1251598011.703122,1251598019.046875,32345AA985
1251598440.723146,1251598448.03125,D85C1D07BC
1251599304.6899428,1251599314.646728,C76D014915
1251600255.288814,1251600263.828125,040F1F6C52
1251600715.791998,1251600723.254882,2856D89493
1251600772.2832031,1251600780.716797,67474DEA9B
1251601157.099606,1251601164.359375,4BCA5C69C3
1251601354.10156,1251601363.158203,F03DF88F86
1251601481.861083,1251601491.706543,2F70E463F6
1251601617.590823,1251601625.020691,E9E4CD468A
1251601822.162106,1251601829.37207,FCE9BCB5FA
1251602039.905277,1251602050.021484,D210A26121
1251602548.380795,1251602555.679931,E7E0507C7A
1251602939.961911,1251602949.30664,C9C36E34C6
1251604182.6542969,1251604190.498047,39166C8CB7
1251605088.5,1251605095.864257,FE283504AF
1251607032.7216809,1251607039.90625,98C9EE29B1
1251607415.106447,1251607423.048828,94A8AD6CEC
1251522906.063481,1251522914.671386,BAD893D5CF
1251511725.946287,1251511733.015625,90C33D8318
1251511920.313478,1251511928.187011,CEA476BC52
1251515504.084473,1251515511.765625,C84EF27954
1251511234.872313,1251511245.133789,39622A46CC
1251511343.530277,1251511353.723632,08F569354D
1251553585.084962,1251553596.179687,652071F0B4
1251553605.5263698,1251553614.816406,788684ECAF
1251525935.294918,1251525942.807617,26D5BB8BBC
1251552584.517087,1251552591.973632,9A40ABD95C
1251521665.891116,1251521673.654297,059ACB059B
1251539804.327152,1251539811.892578,76ABCD66EA
1251539191.145992,1251539199.136718,97ADD58CE3
1251539452.343745,1251539462.209961,85C5A39DAF
1251543364.938477,1251543373.274902,55C5C9FD64
1251516234.592287,1251516242.46289,1BEDB55EF3
1251529839.738775,1251529847.250976,5541A39FA2
1251529950.2529309,1251529958.734741,030AE13A06
1251515816.829593,1251515828.78125,11A6F441A7
1251508236.849606,1251508246.506836,541D72D61D
1251508267.044317,1251508274.786621,DDC4CA3648
1251508355.991208,1251508363.149414,92557A5368
1251540876.8007782,1251540885.740722,57D6631B4C
1251516994.761719,1251517002.398437,FF956C54EF
1251538454.6640658,1251538462.265625,BABF8E94C5
1251528098.286863,1251528106.361206,291D169522
1251529345.201175,1251529352.507812,46550536BC
1251550226.595706,1251550233.830566,1557F57B4F
1251523733.5676248,1251523743.044922,F7A10BA541
1251523913.287106,1251523921.90625,BD5B92D26D
1251531188.906246,1251531196.375976,8DB87D69FC
1251538654.107425,1251538661.627441,8BCBA0C525
1251538777.4916952,1251538786.104492,026B4C58E9
1251538786.1054718,1251538794.687988,104232F3D2
1251538911.390622,1251538921.860351,DDFBE4831D
1251519975.323245,1251519982.3833,C3EE8401D1
1251526135.147336,1251526142.811279,A92E183105
1251517525.630614,1251517539.761718,7E336771EA
1251510339.3330078,1251510346.833984,C2BF94E2FF
1251629864.949222,1251629873.163086,E57486029C
1251671418.7334,1251671426.019531,E194F5592F
1251683895.0468771,1251683902.182617,8918970811
1251613560.0537062,1251613567.574218,1967FAC90B
1251639414.369142,1251639421.845214,83A3F075F8
1251612508.117192,1251612516.425781,F368FA329F
1251681577.456544,1251681585.333007,9144E75E49
1251645963.3447251,1251645970.492187,D6FE5E3320
1251633977.38696,1251633985.10498,FC5AED939A
1251633991.294925,1251634000.289062,8FD7B07C74
1251654542.6552691,1251654550.769531,ADB98C51A5
1251656367.091792,1251656374.647949,7D780115A0
1251656434.763669,1251656444.386718,F973D495A7
1251656740.078122,1251656748.666015,B59B21EBCD
1251656862.3857388,1251656870.446289,E2F47D8DDD
1251691183.630858,1251691191.172363,066D7B658B
1251615253.327208,1251615261.095703,53C55E04F0
1251640364.6926222,1251640371.947754,364C9B9B6E
1251652516.543453,1251652524.96875,725F6AC80D
1251652598.43775,1251652606.072265,E30E51213E
1251659430.515625,1251659439.849121,BB593956E0
1251659556.630861,1251659564.427734,AFF94CBB9E
1251616302.732425,1251616310.807617,DF88F075C4
1251633274.710935,1251633283.322265,8CB518C759
1251656929.662112,1251656936.961914,7231AA2368
1251656953.31836,1251656961.364868,7590F45673
1251653770.498044,1251653777.941406,2F1897A5F5
1251653904.160153,1251653912.222656,EB6F5CBC90
1251609875.98438,1251609885.079101,7DE27071AF
1251656192.706544,1251656199.875,279B149992
1251693256.001956,1251693263.458007,A54EE34E25
1251644452.361332,1251644459.914062,96CC838DCD
1251644794.529301,1251644802.422363,EDAF291BB4
1251608966.8154328,1251608975.506347,F2B7A88A8B
1251609193.167972,1251609203.257324,77BB0FEBB3
1251618150.298823,1251618157.582031,B7991723A0
1251657044.071292,1251657051.264648,9132E085DA
1251657190.6640608,1251657197.982422,2BBD70D463
1251683107.422854,1251683119.70581,2875B87BAE
1251610787.35059,1251610795.592773,C092B23AD5
1251621680.615231,1251621688.924316,7B61CD03E7
1251621807.9125988,1251621815.256591,B38CB732E8
1251621960.460938,1251621969.322265,B88F6C4FB9
1251621977.266605,1251621985.671386,0215D8EC61
1251621028.451906,1251621037.491211,4570726BF9
1251629154.6167018,1251629161.768554,A6976CD2E3
1251618851.849606,1251618860.177246,16956C5078
1251696249.639651,1251696257.005859,A33EDB5D1E
1251638225.233402,1251638233.423828,151CF4013F
1251609504.93555,1251609513.329345,C6813ED01C
1251611371.335934,1251611378.707031,5DCE906DFA
1251628020.642575,1251628027.942871,07B7A88ADF
1251628048.860355,1251628056.418945,755DD058CC
1251635910.969724,1251635919.33789,9E41EBAAB8
1251642108.520511,1251642116.106445,8AAF3992F7
1251631491.873164,1251631500.721679,6209D31762
1251631919.1374469,1251631926.595703,AAE31102E6
1251691764.261719,1251691771.67041,21D68F37C8
1251654858.1088822,1251654866.239502,A9A48E9AE8
1251655157.6328158,1251655167.202758,B7F7CAD735
1251684714.358402,1251684721.570312,DFF40DC8A5
1251645651.901364,1251645659.6875,39E991960A
1251645397.98682,1251645405.427734,5B6F8A2762
1251620412.273434,1251620423.341797,4CA948BF5E
1251619951.448238,1251619958.648437,3BC3B55DD9
1251640722.878904,1251640730.919922,A6F2C82A8F
1251630755.63916,1251630763.394531,CC9214993A
1251630856.4453158,1251630863.505371,D6BA7598B6
1251626358.5625,1251626366.9458,25B5B6D0AE
1251626530.912106,1251626538.297851,CC23ED7687
1251616521.044925,1251616528.567382,6235A8A9C2
1251658214.0605469,1251658221.603515,D86F75CB98
1251636538.673828,1251636546.120849,61110D8954
1251686813.29736,1251686820.688476,70A2638A62
1251611240.2654982,1251611248.72705,45209A0DF7
1251621318.773441,1251621325.788086,6EEBD4C611
1251652209.410156,1251652216.533203,823A925E3D
1251650190.022954,1251650197.037109,264703A448
1251655605.256835,1251655612.453735,3428D9EE1E
1251655817.5214849,1251655824.821289,996C19A91B
1251655841.683597,1251655849.986328,545BCFBC9F
1251612269.6835911,1251612277.537109,1FCB6F8A3B
1251612299.8832972,1251612308.258789,C031B7BABA
1251612336.466797,1251612343.745117,A1C88C17CA
1251612407.744137,1251612415.541992,5A33946344
1251681261.39062,1251681268.428344,11E44F47EB
1251681395.5042698,1251681403.875,D69443A2BF
1251685834.776373,1251685842.595703,AA9FE937AC
1251660237.291012,1251660244.616943,43AAB77E2D
1251660424.835934,1251660431.957031,962901382A
1251607797.1210968,1251607805.446045,7A1EF0F677
1251689023.131834,1251689030.795654,8DE7FB1787
1251718842.651372,1251718850.596679,5D790D8505
1251757526.364747,1251757533.575927,0D492977B8
1251757547.550781,1251757554.611572,1F7FBCD915
1251717974.5468771,1251717982.424804,30BF2C4E23
1251781442.14081,1251781449.828125,62D12F7824
1251784117.484378,1251784125.071777,1A7D60CCBA
1251782357.939572,1251782365.210937,0D8CC6B3F8
1251782663.186519,1251782673.334961,9F5A4BBF64
1251773928.370117,1251773936.02771,874DB57360
1251727875.894781,1251727883.968139,743E716A56
1251777511.725586,1251777518.90332,146FCA2308
1251792869.755862,1251792877.894531,6D42DE8ACD
1251713786.0039072,1251713793.507324,C963C10298
1251725410.74609,1251725418.103027,5D2EE1D8BF
1251725514.5380888,1251725522.867187,DF8417D234
1251713997.6328142,1251714005.084716,D604D6977B
1251716122.063475,1251716129.524414,197C384592
1251791850.083007,1251791857.771484,72F41CA9FE
1251799326.644536,1251799333.762695,677FC07BAE
1251757817.055659,1251757825.682617,68EAFE124D
1251725076.207525,1251725084.897461,F5B1ECB5DF
1251727246.7207,1251727254.768554,89F61FDF98
1251780356.557374,1251780364.279297,E9635543B3
1251797461.928712,1251797469.519043,7A44D6E62F
1251786885.3877,1251786893.195312,4C4B115755
1251751173.331056,1251751186.766845,EACDC6523D
1251784955.556155,1251784962.743164,1DCC47D775
1251714798.029783,1251714806.417968,999B49B8D6
1251711425.654295,1251711433.126953,717A334910
1251703702.456544,1251703713.534546,3C31CF67C8
1251715548.162961,1251715556.0,1801F61070
1251715772.646481,1251715779.685424,29187E16E2
1251715809.189939,1251715816.778808,65719961F5
1251716736.58399,1251716744.447265,47DA1F8F0B
1251791220.483458,1251791228.362854,352FB7A20E
1251704581.079107,1251704588.708007,689808DA05
1251783634.239139,1251783642.803711,D9FC681392
1251757767.637205,1251757778.146728,92330FC1C1
1251725168.623043,1251725182.557617,0F6F8EA65A
1251725246.164554,1251725253.589843,F75EA68CDA
1251725267.3242218,1251725274.519287,6898D3CC75
1251704934.398804,1251704942.234375,D3C72C3996
1251785280.557614,1251785289.625,138ED82353
1251752153.581056,1251752161.138672,BB7581EBCC
1251756810.422971,1251756822.238281,E1F3B50C17
1251756857.407714,1251756865.640625,4D2275CB61
1251756900.152342,1251756909.277343,25E850485C
1251757005.3945322,1251757016.998047,BD4E5FF9D3
1251792452.464848,1251792459.709961,7B65C00AD5
1251703170.9599638,1251703179.885498,E5EE56D09F
1251703197.231205,1251703204.541748,119919CE56
1251778120.598147,1251778129.980468,791714043E
1251788318.271482,1251788325.470703,9285B5638C
1251804125.635258,1251804133.054443,4BFDEF6140
1251825574.8901322,1251825581.908203,3845151AF7
1251878994.032231,1251879001.243164,B5BE92548E
1251879153.635744,1251879163.938964,911C9E4522
1251867133.369137,1251867141.251953,4E454A4F73
1251850667.335937,1251850674.414062,D35FDE3A76
1251834481.3251991,1251834488.904052,3D5D7788D6
1251828761.08984,1251828769.453125,5A1AFE702A
1251863520.865232,1251863528.629638,DF4BCB01AF
1251828409.4643571,1251828417.90625,4B67DF21FD
1251884239.897461,1251884247.691406,A2B10BC7C1
1251829408.7568371,1251829415.8125,38FF5D72C7
1251805925.927737,1251805933.203125,B10BEE43AB
1251819448.167972,1251819457.256591,8ED62377CA
1251863124.041019,1251863132.40332,1F4C220492
1251889050.880856,1251889059.007812,6C55F5D0AE
1251801517.924801,1251801525.429199,A387FE275A
1251871932.458009,1251871940.039062,F158B1FD2B
1251821815.89063,1251821823.123047,32B2157FB0
1251826340.018312,1251826347.562988,6A1135B758
1251802753.2507348,1251802762.100341,C65C1669C0
1251839063.970698,1251839072.130859,5F232F05EF
1251837416.264652,1251837423.488281,8F11277C93
1251837521.9355478,1251837529.864868,0E9C42E64B
1251806091.260738,1251806099.208252,F31E176AA8
1251806555.556886,1251806565.459961,3D29C4A1DA
1251831483.560544,1251831491.577636,CCF4E479AF
1251842431.18164,1251842439.121582,C17E28ABE2
1251825026.0,1251825033.369629,303BADF246
1251896842.6269531,1251896849.691406,4AEC29322F
1251867690.5966828,1251867697.604492,A07C59E791
1251868093.484378,1251868103.116211,8AB05DF9AC
1251865243.309567,1251865250.763672,A73A091720
1251830971.2812529,1251830978.576172,596EB30E26
1251871248.5,1251871256.15625,AF7CA47D4B
1251840765.333981,1251840776.90039,BD7602E761
1251827933.054687,1251827940.655761,BBF390A350
1251828021.16406,1251828028.682617,EE9BDBFC21
1251841123.746583,1251841130.836547,45BC16BF53
1251841155.960942,1251841163.522461,EF2AC3B58F
1251811257.748533,1251811264.797363,44ED9EFFC2
1251824451.846679,1251824459.77832,E16A98F988
1251824830.7812529,1251824837.788086,F59503C735
1251899389.715817,1251899396.84375,EFFDF79A0B
1251839427.082035,1251839435.819824,8EB906E561
1251836154.208988,1251836161.874023,EC8A820461
1251894533.7792969,1251894542.5625,16F831BBF5
1251856845.333499,1251856853.051757,2F51ACE634
1251823882.6894538,1251823890.479004,064C5223F5
1251840003.571286,1251840011.266601,95329CEFC5
1251840425.492191,1251840432.595703,2851FEDD7D
1251830094.708986,1251830101.859375,E83B849D7F
1251897265.9501972,1251897274.845214,C6B49C6480
1251872420.291019,1251872428.500488,97B2123DF0
1251850023.675778,1251850031.102783,57FDC2A20A
1251874802.831541,1251874812.746093,6B5F9DC388
1251854107.962887,1251854115.004394,5F382AC8A7
1251836481.853521,1251836489.0,17D99989F7
1251862846.044432,1251862853.425781,641667D5D2
1251820164.643192,1251820172.113281,C7778A9E25
1251838099.1923828,1251838106.206543,CD2D668450
1251889835.463864,1251889842.634033,612E0D504D
1251823329.9052749,1251823336.91748,EF70916375
1251823512.4653358,1251823519.764648,F8B61893A3
1251891967.867192,1251891975.475341,8CE0CCFF82
1251809826.162601,1251809833.20581,1B060E7761
1251848193.242184,1251848200.932617,5BB8D4E499
1251855128.071781,1251855135.646606,1297643C7E
1251899982.422366,1251899990.575683,2D7041BFAA
1251837147.478512,1251837154.523437,8420F1113B
1251897131.469724,1251897138.769531,AD1E75A015
1251807476.630859,1251807483.638183,53DFD32BE9
1251849572.82422,1251849580.551757,B83083F5FA
1251883049.625,1251883057.393554,56AB7D9DF0
1251883226.797848,1251883233.852539,C9A170E94F
1251877914.3398468,1251877921.567382,BF922BB023
1251852414.255861,1251852421.38623,F2FC66C3BA
1251808589.6225631,1251808597.139648,CDA32E8D80
1251868273.470707,1251868282.198486,9D27A5B6B7
1251816981.023441,1251816988.141601,53C2291683
1251896482.3486328,1251896491.117187,090E4C6869
1251886974.475829,1251886982.363281,3A3706495C
1251817487.391605,1251817494.53125,14587C0577
1251864166.68994,1251864175.049194,79A8D6EEC3
1251855749.7558591,1251855758.374023,06ADF3B642
1251855826.504886,1251855834.855224,1060551DA4
1251876167.357542,1251876174.808593,9DECD63F09
1251989640.697269,1251989648.168945,C49CD6BC0D
1251989911.189453,1251989920.080505,463BDEFFE8
1251932864.544919,1251932872.439453,D87DCE735C
1251936523.332033,1251936531.772949,9549EDC3CE
1251916110.939448,1251916119.777343,15F004405D
1251916119.778323,1251916126.865722,DB8C36D538
1251950966.9169888,1251950975.659179,C5C8697414
1251981201.0061011,1251981208.111328,C0E3613C1A
1251981281.10059,1251981289.037109,037D814C2C
1251920568.341793,1251920575.557617,177E015E96
1251992531.8125029,1251992539.402343,DF4E5A2D26
1251948565.3486362,1251948574.68457,B402912E50
1251945686.40625,1251945694.031738,9377A0436A
1251973633.532229,1251973641.344726,AEA11F2C6F
1251990767.895019,1251990774.964843,ACFEF3AF84
1251990834.74219,1251990842.884521,2A653B6DE4
1251926337.9304152,1251926345.455566,FF42F1C7B2
1251923154.7204602,1251923162.270996,32B592B136
1251923168.832034,1251923176.125,172761624A
1251909569.818362,1251909579.389892,CFAA2FFFB3
1251938235.505863,1251938246.605468,BDB749C6B6
1251938451.308597,1251938458.553711,FE0A4314EB
1251916626.553836,1251916634.171142,F92F87D41F
1251910903.367184,1251910910.511718,F1B00F36F8
1251940626.384763,1251940635.09375,7D78A1F5C7
1251975366.462894,1251975373.539062,FAEC81C7A3
1251936378.178713,1251936385.551757,770CB1E6F4
1251977588.26855,1251977596.773437,EA43E9BFCA
1251977783.524662,1251977790.847046,9F3DA5303E
1251978059.481442,1251978067.834961,1EE1AD4A3D
1251962484.093752,1251962491.99707,2F4AE67BA1
1251962565.55859,1251962574.360351,9954AA3726
1251945066.3935578,1251945074.489257,17431AB8B7
1251908997.08594,1251909005.18457,31AEA53ACA
1251995678.777836,1251995686.571045,8B54385AB7
1251923331.318357,1251923339.236328,88287A71FD
1251917690.3964891,1251917697.59375,DF9489328D
1251926692.6831088,1251926699.95166,C592FB6A93
1251924835.514644,1251924842.98291,0EACDA9AE9
1251925346.648434,1251925353.720703,6344884E0E
1251959911.341797,1251959919.390136,49F89A3615
1251959969.6191378,1251959976.785156,1AE4A0A788
1251990245.8876948,1251990253.911865,65700233EC
1251907905.267335,1251907912.286132,1CC319079E
1251933420.814456,1251933428.77539,E4507A7057
1251996904.03027,1251996911.926269,8871331E34
1251997023.15723,1251997031.835449,C3E49BF848
1251997285.955075,1251997295.030761,15082AC6E9
1251930794.780277,1251930801.825195,05E83B8095
1251908366.317386,1251908376.496093,BEF98C9CF5
1251908457.537602,1251908465.25,58C093DFDD
1251906209.0068312,1251906217.177978,8516AF8CE8
1251906478.607913,1251906486.923095,A2C1C09EEB
1251968824.75,1251968832.169922,5BFC870F7E
1251988048.150387,1251988055.330078,8B9C8CE91B
1251909735.962894,1251909744.636535,9748204B91
1251909788.323976,1251909795.435058,6945D63442
1251982955.5654309,1251982963.303222,9C1EF72AB9
1251998439.4160132,1251998446.861816,A7AB8A8266
1251998515.50195,1251998522.562988,C082F3B2AA
1251945980.812501,1251945989.046997,279A9AFD28
1251936749.39941,1251936757.432251,8CE4576FDA
1251958871.927732,1251958879.561523,91A5423498
1251959009.119141,1251959016.228515,A7CD5BECED
1251918600.5,1251918607.765625,98F2194270
1251918940.327152,1251918948.515136,825E7190DE
1251944184.998043,1251944192.490722,5356EC3AE0
1251952715.719241,1251952723.083984,85A56F257F
1251926050.7246108,1251926057.8125,E4C0C7C788
1251915542.8144572,1251915549.820312,9FDBA9D74C
1251944875.417965,1251944882.965332,97DC32C320
1251968695.914792,1251968704.277343,F6933218CC
1251934522.354982,1251934529.675781,BD48A65600
1251934704.7871091,1251934712.313964,8125E161A3
1251912727.318356,1251912735.24707,DE7794681F
1251944303.2187529,1251944310.696289,58D042D0AA
1251987231.893554,1251987238.955078,A56E249E3F
1251987399.821288,1251987407.171875,6402F0EBEA
1251925688.31543,1251925699.458007,FEABDE4CC1
1251925827.275391,1251925835.705078,8E291269B8
1251974656.516971,1251974663.61914,5BF73F111F
1251912320.560059,1251912328.756225,8C697126AE
1251956790.201292,1251956797.599609,996C711C4A
1251957000.482417,1251957007.901367,E716B1787F
1251918271.402344,1251918279.315429,5129BC50C3
1251918290.984378,1251918298.126953,A3E2AF1269
1251982219.476568,1251982227.451172,F43FD95392
1251993432.341795,1251993440.239257,271C2B764A
1251923838.259762,1251923845.360351,DD25863E87
1251947234.80078,1251947242.437988,CFAA8BAA48
1251992795.076172,1251992802.658691,689BBECB66
1251915646.4335911,1251915656.476562,34D4F9679B
1251915870.2499971,1251915878.516113,05DAB79FF9
1251910229.733402,1251910236.866821,8775FF0F3E
1251962176.842777,1251962184.529297,9D89AE3213
1251993808.459473,1251993815.645996,88DC92194B
1251969526.27588,1251969534.012695,21B031F642
1251969715.1796908,1251969723.790039,F9FF63CCC3
1251953013.351567,1251953021.205078,B5C281B752
1251953055.033941,1251953062.776367,99EFABF31D
1251924431.2744122,1251924439.200683,3B80E0F2CF
1251924779.162357,1251924786.798828,C5BE93FD2A
1251988165.177736,1251988172.515625,68D3F8956E
1251986763.010251,1251986770.432129,859F344F20
1251937724.692387,1251937732.952148,00AB391CE5
1251958223.4882782,1251958233.072265,EA4E3D36CC
1251929995.02979,1251930002.52417,751A224C19
1251986660.857418,1251986668.546875,68F17EBD56
1251935590.207031,1251935597.84375,9639B5B842
1251935964.2841768,1251935971.724609,7C9F508EB7
1251953683.145625,1251953691.5,B7B6FE0B0C
1251994393.437504,1251994401.618164,A5F877305E
1251953221.875494,1251953228.951538,43CC87CB95
1251938831.585938,1251938839.551757,E2D13334F4
1251938936.5913062,1251938944.533203,786031F4D1
1251988935.4999971,1251988942.502929,F2BD0DC116
1251988947.367186,1251988954.371093,578C0E6AB2
1251989162.564455,1251989172.738281,CB3BE3A1FB
1251903877.344484,1251903885.996582,72C395F54B
1251999771.687501,1251999779.101074,F01F5A1A7A
1251951645.653323,1251951652.994629,1D38B7B1DD
1251951954.5087888,1251951962.441406,23C33400E2
1251966862.708981,1251966870.029785,FB8AD85324
1251923447.4081988,1251923454.4375,E580A02083
1251906657.693359,1251906665.273925,5C6B53E69B
1251978465.875,1251978472.876953,0C27D5EDB7
1251927361.157224,1251927370.467773,E42894C4C3
1251927506.5664032,1251927515.686523,D30C0C693A
1251911947.104494,1251911954.819091,50575381D9
1251980650.465818,1251980659.60913,33F69EE3EC
1251966398.62842,1251966407.297851,D2CA581702
1251966443.24707,1251966450.578125,31C7F8DCB2
1251960254.827146,1251960263.072265,173DB3CAD1
1251928446.178709,1251928453.678711,F1AA8434CF
1251934918.741215,1251934925.966797,3B8CCA2094
1251950517.463864,1251950525.116211,71517C6191
1251950770.038086,1251950777.162292,3C768989DC
1251994942.582034,1251994949.644653,DD902ED35D
1251919607.21204,1251919615.61853,7991B451D2
1251958592.956052,1251958600.738769,AA302C8887
1251902863.154293,1251902873.984375,9B9CF4D1F3
1251912892.850583,1251912901.18164,DCC73EFE82
1251913014.359375,1251913021.382324,5EDC19F106
1251914569.616452,1251914578.493896,CA14A4D9B5
1251914636.800294,1251914643.860107,3B7EAE4F3A
1251914704.4218771,1251914713.708984,276F08CE7A
1251927913.936527,1251927921.694824,234D8C3BE3
1251939350.671388,1251939358.375,399D1E5913
1251949823.430181,1251949831.878906,9DCC3A2F89
1251949871.571291,1251949879.11914,229AC9C610
1251950141.1318388,1251950150.311523,5E5659C1D3
1251943621.212896,1251943630.128906,5350A13E45
1251948158.7617218,1251948166.014892,EA54797544
1251972659.953128,1251972667.080078,5CA99E0A74
1251952093.342777,1251952101.763672,10D034C64A
1251961115.0919142,1251961123.302246,6187B6E5CF
1251900234.739254,1251900242.261718,FADD37F7DE
1252025533.765628,1252025548.270507,E0D53D55D5
1252014084.718753,1252014093.072265,4AB264A012
1252084121.982418,1252084130.850097,E7B3BE3731
1252061398.3510702,1252061406.657226,0403C510DE
1252061652.9609408,1252061661.451172,A4CFA40106
1252061883.760739,1252061891.120971,65D212EE83
1252061967.17334,1252061974.9375,EB75DC20D7
1252026024.291499,1252026031.614257,61CC72F48B
1252026330.9453158,1252026339.073242,08591BDC22
1252026347.189208,1252026356.201172,EE29FED308
1252037180.3549762,1252037188.011718,F334F8884B
1252037279.4130888,1252037288.59082,1FAB21A582
1252064356.6210968,1252064363.698242,06252AB267
1252067844.111326,1252067851.721069,72DBA06793
1252070965.855466,1252070973.80957,BE4906171D
1252084249.201172,1252084256.498474,752C3C714F
1252020363.1401322,1252020370.504882,D3CCC86228
1252081519.931644,1252081527.501953,421CB4A83B
1252081698.484623,1252081707.242187,FEC7CD0D61
1252014236.2451131,1252014243.76416,F42819951C
1252014288.532718,1252014297.131347,4BBF6A55E6
1252014415.374027,1252014423.450195,7DE55BC7FB
1252028044.9179711,1252028051.967285,6B59B41E2B
1252098920.208981,1252098927.970703,A2AF46529F
1252056875.545592,1252056884.089843,2A419397CC
1252052631.832031,1252052639.61914,1129AC66C9
1252054097.843511,1252054104.845703,416C59CFB2
1252054117.675291,1252054125.515136,7E44D6A7B5
1252027724.281249,1252027732.534912,1885576C11
1252078186.644533,1252078194.987304,F1B5A57BD6
1252095275.795902,1252095283.112304,92E2A68880
1252027540.634279,1252027548.583007,EADD4F011C
1252030340.945314,1252030348.709472,F845F913C7
1252096984.75391,1252096991.880859,AD8A15CAA6
1252033634.251953,1252033642.041992,B3006A3978
1252023549.496952,1252023561.452514,EB1C1110E8
1252010667.898438,1252010675.104492,004B59D5CE
1252061000.125,1252061007.608398,93FD71CFFB
1252052371.9179718,1252052380.15039,A32B9DF14A
1252062545.543948,1252062552.574218,FB77D18D75
1252087239.254392,1252087246.959961,84FD6422E0
1252056033.915036,1252056042.423339,54DB0FC3F1
1252000687.929685,1252000694.953125,7C01F5CA55
1252000857.737301,1252000864.873535,E0BDD5A005
1252013421.842285,1252013429.487304,BFEEBB65D9
1252013546.021487,1252013555.273437,EE38558BEB
1252035636.098636,1252035643.507812,84CF0D997A
1252035733.8232448,1252035741.548828,1BD644DF5A
1252041161.970462,1252041169.534179,5AF177D5A2
1252059634.96777,1252059642.690429,9F68355D81
1252046713.852535,1252046722.865234,EF4A148FD9
1252019865.62598,1252019873.960693,8AF59BDC0B
1252019943.537112,1252019950.71582,53217C766D
1252083911.917482,1252083919.325195,4BF9F0B83E
1252083923.345706,1252083930.77539,CF412C517A
1252068490.50903,1252068498.256836,D6A5B94490
1252098582.535157,1252098590.648437,D77CF1B6BC
1252065864.58984,1252065872.582519,88ABC5A459
1252089928.072023,1252089935.719482,B7ADF56922
1252086580.456788,1252086588.265625,859CC991FB
1252098225.814454,1252098232.981933,EEB740D11A
1252098314.5625,1252098321.741211,10116482FC
1252043724.731446,1252043731.882812,B68EC310B5
1252022119.289312,1252022126.608398,7A1849562E
1252051453.7548828,1252051462.264648,B2D426218F
1252046960.068356,1252046967.647705,00B49D5A4A
1252006027.040036,1252006034.110839,4804B261E9
1252021346.923701,1252021354.716308,25707CB523
1252074558.437499,1252074567.117675,50EFB98078
1252025108.779787,1252025117.334961,AA7256C533
1252090284.862309,1252090292.066406,BE7CAF3553
1252071897.072262,1252071904.988281,2C54C070F7
1252014748.575194,1252014758.041015,EF848D4F2F
1252014768.020993,1252014776.516601,8AB5F57951
1252031761.1835968,1252031768.300781,F51278189C
1252032057.090453,1252032064.638672,7272250CEA
1252032125.43799,1252032132.647461,712CE37961
1252092810.339839,1252092818.952392,63FDFDE4B1
1252092902.063477,1252092910.794922,29B9F2744C
1252093685.037115,1252093692.956543,7ADDB558D1
1252041803.726566,1252041811.203125,9571239668
1252001738.183597,1252001746.405761,CCEDDCBEB8
1252001883.988282,1252001891.240234,ED6A03FC31
1252049283.052247,1252049290.055664,185AB43CB1
1252049357.1438,1252049365.064453,428A7EBEB6
1252080294.8417938,1252080305.319336,5D11F2099E
1252061213.953121,1252061223.331909,6560B49499
1252061257.056644,1252061264.658203,F3ECEE6363
1252013736.75,1252013745.066894,E1F242C601
1252002662.677731,1252002670.083007,801E685CA5
1252036457.271241,1252036465.503906,289C67C070
1252036770.295902,1252036777.980957,6F93A4A8AE
1252025278.241207,1252025285.435547,09B75D1FD5
1252025329.2187529,1252025337.296875,BE78FA9E52
1252005016.287843,1252005024.154297,D077C6F7E0
1252032601.523439,1252032610.077148,5E63B5BE73
1252047842.5280142,1252047853.274414,1F3EB16D07
1252085756.5761771,1252085763.765869,C7207784DD
1252094413.31152,1252094420.756347,CD08C3AA6B
1252073021.879888,1252073029.046875,90E1E1FE79
1252029967.273069,1252029974.292724,C8D1D85A71
1252030168.13281,1252030176.327148,8F1397B9D8
1252030225.7832,1252030233.289062,5C430CFEC9
1252034503.8337362,1252034511.353027,DB6668EDEE
1252054439.064939,1252054447.210937,094A3A3C57
1252054541.7373078,1252054548.851562,DBF70DB84E
1252019353.846187,1252019361.296142,35E28E3157
1252005445.099856,1252005453.589843,62507B9267
1252005674.12988,1252005681.28125,435FF74A3E
1252086465.7460978,1252086473.309082,BF9E6E9CFD
1252028402.965336,1252028411.409179,43FE0657B4
1252024452.299928,1252024459.854126,E84A3E3B3F
1252042318.720705,1252042326.522461,56E00EB7EF
1252063210.976559,1252063218.693359,72AD5F650A
1252063401.84473,1252063409.65039,A7B6A2D893
1252064713.7250938,1252064720.786621,9F7803BFEC
1252064862.99902,1252064870.344726,A0E168DCE0
1252009224.710942,1252009235.114257,47CE5418B9
1252049179.125,1252049186.885742,DFD3339DB9
1252084807.251468,1252084815.46875,69124EA18D
1252060749.519532,1252060756.608398,024BC8195A
1252028929.176641,1252028936.573242,E67C482098
1252029081.5742218,1252029089.75,1C1A4EE72E
1252041497.630369,1252041505.458984,E3E7FA8BDA
1252041713.009038,1252041721.178711,A096D24B0C
1252097632.391605,1252097641.667968,C24BE69C18
1252044557.541994,1252044565.638672,7A96F541E9
1252072351.375,1252072360.908203,221D20F482
1252072443.261838,1252072451.36914,9C83DF00AF
1252072498.1309772,1252072505.686523,1634A7A593
1252072781.32471,1252072788.458007,D9D0015E11
1252095867.813108,1252095875.739257,E0F09C75D8
1252095987.347658,1252095995.075195,61AACB48EA
1252009693.341797,1252009700.490234,F74126EB0A
1252006895.047855,1252006902.05664,AF830BFA08
1252039901.214849,1252039909.05957,206EAF3503
1252089750.665044,1252089758.879882,48A2E088CB
1252060177.290044,1252060184.394531,FE239D4926
1252018993.3056638,1252019000.602783,A6AF714B3C
1252082629.825196,1252082638.368225,91DC532E99
1252082757.4287138,1252082765.49414,55AFBB59F2
1252082810.393192,1252082818.783447,3A788FD9B2
1252023005.988283,1252023013.68164,E31E43E479
1252004133.6445289,1252004142.714843,798E9DE9DC
1252085312.277344,1252085320.907226,76DBE6C428
1252032782.62647,1252032790.345703,F51E06602F
1252079711.050784,1252079719.334472,4A0EBA7809
1252010783.687261,1252010791.496582,3260CA34EC
1252017739.22266,1252017746.255859,118E0F65CF
1252018073.838867,1252018081.726562,9C75A1BFE9
1252011857.2841828,1252011864.818115,7CD93C2BF1
1252024134.815917,1252024142.88916,E7A083DA9A
1252092416.603512,1252092423.702636,66D5ED3251
1252051736.458005,1252051746.125976,13C9B09CD6
1252073568.623537,1252073576.469726,8CF91F56BD
1252077389.355473,1252077396.769531,9013C067BD
1252065009.835941,1252065017.134277,2D2B853759
1252067943.534176,1252067950.828125,DA2407C530
1252044125.234378,1252044134.917968,EC636EB58F
1252044241.8290992,1252044249.130127,784256C89F
1252071336.317386,1252071346.15625,5A016C2A38
1252071440.1726031,1252071447.779297,4BB82CD694
1252040502.50293,1252040509.849609,BA7D7B8D19
1252012841.5068388,1252012849.179199,EB61A9C6C1
1252013000.727536,1252013009.191406,A6C6A0FA27
1252088322.542972,1252088329.624023,3B758B05E9
1252067160.2456012,1252067167.570312,469333026F
1252003123.839839,1252003130.892578,27A7AE3FDA
1252087066.819826,1252087074.397461,14D556485B
1252039764.768551,1252039772.553711,7F43953E39
1252003221.339847,1252003228.640625,529FE8B862
1252003275.808597,1252003283.035156,AC4E93076B
1252003341.678712,1252003352.043701,49CD4C14B6
1252043081.221682,1252043088.258789,C4E8A3FFC8
1252043150.458987,1252043157.891479,BAB999CFA3
1252054686.075201,1252054693.347656,F3556FA8BB
1252054765.4101589,1252054773.24414,2D4737A585
1252127623.415042,1252127631.167968,CB142E9D28
1252100737.605226,1252100744.777832,0BB5A787B9
1252122518.264648,1252122525.833496,0D9EA6E574
1252106759.811772,1252106768.721679,E2DA46ADCC
1252106989.165037,1252106999.742675,2935FE81C1
1252106477.716793,1252106485.538086,189D0A89BB
1252116326.558595,1252116334.022461,D913BE93CB
1252154745.954103,1252154754.477783,DB4BC9CFE1
1252119823.879879,1252119831.155273,B8F212637B
1252118044.971196,1252118052.923828,FA78C6F50A
1252118140.4121122,1252118148.226562,790293EE25
1252118204.737306,1252118211.991211,54C5E9C4E1
1252150520.934573,1252150528.866211,45D18F2869
1252129196.84863,1252129205.247802,141BF10300
1252129276.90918,1252129283.963379,BBC59FDB61
1252139851.712887,1252139859.060547,6AD8FD94F3
1252139867.345707,1252139875.927734,BCD357F6F0
1252143953.5317378,1252143960.656738,4099AAE65A
1252152174.572267,1252152183.103515,E9D268538D
1252117029.362304,1252117036.724609,6E26B29ADA
1252144389.397706,1252144396.424804,CDA86C30FE
1252144470.7191138,1252144477.909668,801BB9C61B
1252144627.987306,1252144635.658203,F5C1FE0E27
1252144795.7294948,1252144802.937011,5A5D509DF4
1252130002.692383,1252130010.141845,D14DD41AC7
1252146817.170895,1252146824.632812,E779AE488A
1252151803.204102,1252151810.516723,03295C126E
1252151955.316534,1252151963.165039,941BCE731E
1252104428.912106,1252104437.305664,C8DAC76CC8
1252125531.8681672,1252125539.5,87D1AB391B
1252123395.456907,1252123402.6875,B9570AC482
1252114474.3876948,1252114481.887695,80A485E73E
1252114732.18555,1252114741.628662,326CADCBC5
1252153361.239259,1252153368.552246,2DEF655A13
1252133774.715822,1252133783.571289,0E6E524921
1252101435.169923,1252101442.352295,98987B9B5F
1252142753.52734,1252142766.638672,37034A1A36
1252142864.859372,1252142872.64917,C9D9099501
1252111213.373049,1252111221.253906,7580178504
1252128015.531491,1252128023.405761,4BEC553A17
1252128110.735838,1252128118.677734,E1F0FF8439
1252128155.689456,1252128164.269531,94BEE803C1
1252146004.023443,1252146011.747558,570AEBCDA2
1252127101.965328,1252127110.009765,1B2C962440
1252127111.756837,1252127119.055664,F16454EE75
1252102584.673825,1252102592.976562,C812F3C1C0
1252124965.6943388,1252124972.892578,F9D66884DD
1252115550.30371,1252115558.535034,BF246AA36F
1252118819.0859408,1252118826.418945,E37003C0D5
1252145838.489256,1252145845.996582,7B4CEE869F
1252151070.931644,1252151078.479004,3306BA0491
1252124551.116212,1252124558.740844,0C8A06AE81
1252141655.753903,1252141662.816406,AA133B22AD
1252132084.118167,1252132091.260254,361EC5508D
1252140536.967773,1252140546.299804,3A840C2377
1252140190.875973,1252140198.200927,9E099A1714
1252183540.206542,1252183550.204101,74B608E0E3
1252183684.769536,1252183693.365234,F9A33E5922
1252183788.308835,1252183795.480468,F39A6E892F
1252183893.546872,1252183903.447265,50ABFFA155
1252184039.2150831,1252184047.390625,C2E512692A
1252143093.1113322,1252143100.75,5AAEBA2082
1252135082.65625,1252135090.802734,D2DD52954F
1252133256.2333992,1252133264.253662,FB698BCBF5
1252105239.0576198,1252105246.601562,DEB3E683EC
1252124217.703741,1252124225.956054,01EDD5C22A
1252157457.189456,1252157464.914062,5747D03E48
1252157652.305661,1252157659.373047,F3808D172C
1252108940.078128,1252108947.569336,9EA5AA3119
1252103116.544918,1252103125.742187,5060F267B7
1252103177.298825,1252103184.936523,E9DD3F3C80
1252189477.191158,1252189485.664062,8CC271DE1F
1252189685.316158,1252189692.971191,A40BE8670D
1252190172.3574271,1252190179.866211,5E04086386
1252190211.659183,1252190218.784179,F5BC0FDD19
1252191074.8505888,1252191085.180786,6776A970D4
1252191737.173704,1252191746.46875,BFC2D75238
1252191857.3674371,1252191865.455078,BE1C8502D6
1252191932.4152849,1252191941.177734,2DAE218537
1252192159.700323,1252192168.884765,CD55FFCD94
1252192541.3164089,1252192549.783203,28207C7099
1252192558.8520489,1252192570.08789,1151AFC82A
1252192577.043942,1252192589.387329,A955B42962
1252192756.790533,1252192764.580322,60AF69EE19
1252192782.853512,1252192790.168945,02397DAB35
1252192791.5293,1252192800.08667,409CE9D076
1252193027.353032,1252193041.585937,BB7B861F93
1252193131.872068,1252193138.874023,9E502D40F1
1252193212.406245,1252193221.769531,CB04475940
1252193223.53272,1252193232.394531,DD71F2144C
1252193236.953122,1252193247.630371,2963454DD7
1252193329.28919,1252193340.040527,06DBB111B8
1252193607.992188,1252193616.262695,A5B131BF50
1252193686.1943388,1252193693.531738,C1E0077DC7
1252193718.263675,1252193726.270507,A835CF1C71
1252193759.088374,1252193766.289062,D3689440E6
1252193806.035276,1252193813.265625,40C8480C14
1252193845.0,1252193854.204101,6F80AA65E7
1252193901.841798,1252193913.236816,07B292C55E
1252193975.603516,1252193983.298828,D6816DC90E
1252194006.249273,1252194020.001953,77441A5AFD
1252194145.746099,1252194154.832641,C51C18110A
1252194190.817384,1252194200.116211,42ACD1CD48
1252194206.8085911,1252194219.448974,1E08A2C0D6
1252194235.296875,1252194245.626953,AE8F7597B7
1252194362.6044888,1252194370.283691,D70E1A8A5C
1252194440.40625,1252194448.546875,4CA945216D
1252194457.125,1252194467.728027,B5F35E56E7
1252194495.126468,1252194502.183593,B70C2594EC
1252194513.96875,1252194521.56958,3B0CDA8409
1252194545.775882,1252194555.960205,16745F509F
1252194573.286138,1252194582.313964,0A03B22741
1252194723.914364,1252194732.864502,14B08B0BD4
1252194779.252927,1252194786.745849,574C54E40F
1252194963.043942,1252194971.952026,E1213EE712
1252195007.641603,1252195016.533203,F04858677B
1252195044.006839,1252195051.193847,E5A8B5D81E
1252195143.506717,1252195151.788086,A1FDD8C832
1252195223.8710968,1252195233.224609,8DF3FC5F35
1252195333.371097,1252195340.421875,1953B5B35C
1252195500.060548,1252195513.323242,A33DE0CFCE
1252195514.44043,1252195522.57788,74D2B70882
1252195589.740237,1252195600.035156,BB44D9A0D4
1252195625.545902,1252195633.409179,34C2A6BC59
1252195647.656245,1252195655.360351,123655EBC4
1252195758.100586,1252195766.96875,69E459FB9D
1252195781.641605,1252195790.682129,9B91911AD5
1252195875.489263,1252195885.489257,C1060F57AF
1252195924.602542,1252195932.797363,C2221D3B92
1252195956.150392,1252195964.197265,0901A67FEE
1252196088.8291,1252196097.246093,46618125E7
1252196137.416017,1252196146.74414,B108FF4AF7
1252196155.60938,1252196171.120117,3D840B47CC
1252196382.120114,1252196392.99414,F9D32A6421
1252196393.57129,1252196400.752929,D5ADE8AB61
1252196450.016598,1252196458.342285,A594E16E71
1252196459.074949,1252196467.319336,9C0CE9C1FB
1252196587.4091828,1252196594.611328,CDB29772DE
1252196627.273441,1252196639.606445,145F8C1F5E
1252196701.853273,1252196709.026367,F3E4FF392C
1252196727.649411,1252196737.740234,05F4A7711B
1252196772.83032,1252196779.985351,BA6F90B630
1252196861.872072,1252196874.665527,F5B22F78C2
1252196955.62525,1252196965.925293,448C72719F
1252196972.2355928,1252196979.330078,4FA03BE866
1252196979.333988,1252196986.405395,3DDE865AC5
1252196990.604244,1252196997.867187,219A0EF658
1252197095.2572,1252197106.487793,2CFE9931E4
1252197337.0607872,1252197348.307617,98288AE09B
1252197356.5039032,1252197364.460937,93F1B23786
1252197488.740237,1252197497.518554,EB23FAC7B1
1252197610.703122,1252197622.625,8320A642C9
1252197741.666012,1252197751.050781,95E7D326F8
1252197977.325193,1252197984.917968,7CDE2EF2D2
1252198027.951662,1252198036.299072,D045093490
1252198340.543948,1252198347.71582,E0D4ECCF28
1252198413.628908,1252198420.880371,B30C91C6D1
1252198532.363033,1252198540.27539,C0D975EB6E
1252198584.6386771,1252198592.252929,52D33DA77A
1252198620.822262,1252198629.195556,09B4A1B91A
1252198723.959234,1252198731.0,173992761B
1252198773.1735878,1252198786.496093,11CDC7D995
1252198917.896487,1252198925.823242,1FE0F326D0
1252199036.983394,1252199044.634033,BCDF08FFE1
1252199242.751098,1252199252.224609,B0BC21F3DA
1252199294.995117,1252199308.253906,2274079205
1252199378.511719,1252199385.648437,3499DA0DC7
1252199488.726566,1252199496.114257,213DDDCC3B
1252199506.041996,1252199513.158203,10AE8FAFB3
1252199563.1640658,1252199573.046875,4FF194937A
1252199573.050785,1252199581.202148,A10F96C147
1252199660.160276,1252199669.888672,7965138842
1252199777.168947,1252199785.765625,A7B0166000
1252199827.752437,1252199838.791015,703BF97731
1252199886.760992,1252199894.020507,156CE02015
1252199984.013672,1252199993.671875,9878B78B87
1252200006.109372,1252200014.476562,2EF1C3339F
1252200050.179691,1252200057.21875,423F0C6984
1252200107.117185,1252200114.657226,112B71AABA
1252200132.9257772,1252200139.984375,DF26B5683D
1252200202.804201,1252200210.208984,C8DAEFF227
1252200233.483402,1252200240.505371,6AF32353E2
1252200288.9335911,1252200296.421875,16F7E69E70
1252200314.7376082,1252200321.824218,750ACBBCB3
1252200345.666012,1252200353.949218,C32681C39E
1252200413.19898,1252200420.474121,7DDCD9921E
1252200485.351076,1252200494.923828,8DC80A5BEB
1252200509.196779,1252200516.582885,F4FA662977
1252200530.602542,1252200549.296875,FD43FE30CE
1252200612.6019242,1252200619.880859,42A2EB8E4B
1252200638.843753,1252200646.441406,64177326D9
1252200654.720216,1252200661.971679,7493FF080B
1252200675.2998078,1252200687.767578,947AD5E252
1252200753.4789991,1252200760.784179,F2898F84C2
1252200764.497562,1252200771.941406,FDCFFC9623
1252200778.0293,1252200788.15332,A3CFFBCFAF
1252200809.658203,1252200817.11914,C598403F5C
1252200893.3254352,1252200903.995605,286D86A8C3
1252201058.230474,1252201070.3125,E98ADF4E19
1252201200.8789072,1252201207.890625,195234A030
1252201461.136719,1252201472.005859,B9A403CD5B
1252201507.909184,1252201515.493164,B70D24BFC0
1252201543.399905,1252201554.735351,6CC30AA997
1252201644.489747,1252201652.748047,CCF48FF8F8
1252201668.55933,1252201677.249755,AEDAE312D5
1252201682.080565,1252201690.5625,06CF9178B6
1252201950.578121,1252201959.878906,6C15150198
1252201987.6132782,1252201996.207031,8278701013
1252202028.961431,1252202038.168945,5ECD466654
1252202081.7087371,1252202092.77539,21E59A7598
1252202099.971441,1252202113.296875,31FD19F325
1252202174.765628,1252202183.082031,3B43FBF246
1252202188.367184,1252202196.748047,C55CBBA0F8
1252202208.158199,1252202219.726562,8F545C7BE2
1252202225.143555,1252202233.864746,BB45A91093
1252202251.419918,1252202260.541015,CD403A3573
1252202295.678218,1252202303.330078,C8A7C231B8
1252202303.337888,1252202310.542968,01C5BCC54E
1252202495.544925,1252202503.461914,27103EB7C3
1252202527.8749971,1252202537.442382,F51A2F9395
1252202566.23437,1252202573.666015,A81FF1C8F6
1252202584.560543,1252202593.241211,37FCC4B6AC
1252202605.859372,1252202615.384277,6F299F0FA6
1252202718.684446,1252202731.207031,0032490818
1252202764.671878,1252202772.271484,B4937AB84D
1252202819.925783,1252202827.523376,B629E5EAC5
1252202912.190672,1252202922.334472,CE5AAC00A1
1252203050.910649,1252203063.155029,2057C2A74B
1252203063.603516,1252203071.198974,26FDD1C892
1252203081.0385768,1252203088.21289,2C0F1B141E
1252203125.93555,1252203132.985351,5ECD9BD984
1252203221.161502,1252203229.185791,7DEAF9A9A2
1252203257.740231,1252203266.446777,6E79A766AC
1252203277.513675,1252203287.144531,5273B40C9A
1252203339.560056,1252203347.141113,03E1531C43
1252203450.6132782,1252203458.121093,19521AD329
1252203498.0,1252203505.874023,39DD4AF284
1252203589.029542,1252203597.234375,4068DD5628
1252203612.902344,1252203619.910156,B18E3BAF2F
1252203625.835941,1252203633.047851,FBF37820CF
1252203679.4265149,1252203689.317627,C0FE905C16
1252203714.316656,1252203723.269043,A5959BA163
1252203739.121095,1252203746.624023,2694DC3AFB
1252203759.511718,1252203766.757812,BEE7B41C1B
1252203774.922853,1252203782.368652,569DA7D818
1252203797.861324,1252203808.664062,23E72D2C7F
1252203818.483402,1252203830.996093,8E77804B8D
1252203896.817384,1252203903.953125,FE0993ADE1
1252203926.237308,1252203934.163086,268EC1CC65
1252203978.507328,1252203986.399841,B6DAE57154
1252204035.707035,1252204046.657959,F2E5CF0A56
1252204090.736325,1252204098.09375,D003DD47D1
1252204160.93897,1252204168.067871,D3DF8D7CA2
1252204177.759276,1252204184.912719,ED17D33F8B
1252204202.3037138,1252204209.435547,4159C47964
1252204217.673825,1252204227.941406,F41E8214D3
1252204294.035158,1252204302.803711,6B61733AB7
1252204319.894535,1252204327.780761,1A722D535D
1252204481.387697,1252204490.601562,9E205DA603
1252204552.5664032,1252204560.702514,0E7881E8E3
1252204631.237301,1252204640.872558,6785192FEE
1252204720.10254,1252204733.530273,19DAD758C7
1252204866.520753,1252204874.787109,C38436BA97
1252205088.723636,1252205097.717285,E12F306F16
1252205114.13965,1252205121.808349,9261273E1A
1252205151.5,1252205158.675781,5D0FD6167C
1252205169.94592,1252205182.572265,AF88E76916
1252205203.54492,1252205217.861328,C217F33385
1252205236.512698,1252205248.292968,90E042A587
1252205341.687503,1252205348.859375,5DF354C1AE
1252205356.929688,1252205365.602539,0B9B286DA0
1252205408.364263,1252205416.724121,C790BC2C3B
1252205497.314453,1252205506.794922,56098B07DF
1252205614.7416952,1252205622.414062,B2580E81CC
1252205649.536378,1252205657.512695,88ECBDFD79
1252205713.116701,1252205720.721679,165DD1FE3A
1252205743.74219,1252205756.328125,B55817A594
1252205784.9863322,1252205793.867187,BC1BA69E90
1252205849.4804718,1252205856.806396,1ABCD7179F
1252205877.096187,1252205884.1875,AC45608D88
1252205899.093745,1252205906.371093,C5E82427BC
1252205991.152347,1252205999.923828,1578DB5F6B
1252206015.5776398,1252206023.519043,D2AC2A1802
1252206063.485357,1252206073.146728,4B6430CA83
1252206145.680667,1252206153.770752,7BCF7B58B6
1252206283.75,1252206292.656738,B8D6D9BF23
1252206293.247076,1252206300.955078,3E569E3329
1252206331.863285,1252206339.117675,CAE9343E8E
1252206350.6977491,1252206358.235962,17BA7C4F47
1252206430.839842,1252206439.280883,8B0586864D
1252206472.901609,1252206483.993164,9E736CC495
1252206593.03272,1252206600.617187,0584FA6EBD
1252206603.168462,1252206611.688476,9CC87D8DA8
1252206611.689696,1252206621.194336,08AA481EF7
1252206650.178403,1252206659.643554,1328724335
1252206733.25,1252206742.898437,7E053F85E3
1252206880.0567598,1252206889.072754,9EE116955F
1252207007.4404328,1252207015.865234,D75DBBF311
1252207088.412107,1252207098.057129,3BB217B74B
1252207622.099606,1252207629.593261,06ACF7590B
1252207740.2651398,1252207751.175293,63D2BA9E0C
1252207777.6479452,1252207792.608398,EBA6C6FA64
1252207850.3784208,1252207858.888672,05E42D4BB0
1252207932.536747,1252207945.058105,F0BEF4535A
1252208000.5636568,1252208010.539062,FBCA94C92E
1252208037.5537138,1252208044.96875,C6720FB86A
1252208163.730958,1252208172.166015,AF9ADDDC5E
1252208262.117191,1252208273.46875,D1558BD14F
1252208282.615237,1252208299.459716,E31A3CA5C1
1252208332.32031,1252208344.566406,0D9BB602C6
1252208412.919677,1252208424.383789,886CF9D048
1252208465.272462,1252208474.361328,80189C36F8
1252208503.199217,1252208510.599609,A11F42AE08
1252208517.378419,1252208524.574218,F9ED85A2A2
1252208733.715818,1252208743.633789,C8CD1F1645
1252208777.024905,1252208784.4375,699E3A5916
1252208838.520999,1252208845.794799,F4F6D3EE9D
1252208901.4338388,1252208908.845703,473620832E
1252208933.80713,1252208941.441406,BB8DD6E2D4
1252208989.5664032,1252208999.888672,F5AEFF887D
1252209029.638668,1252209037.757812,B23AE2AFC8
1252209172.224609,1252209181.239013,6626B67159
1252209190.544919,1252209199.40625,3EBB921274
1252209260.703615,1252209274.388183,59354A1C14
1252209315.374027,1252209325.772705,B7029DD65E
1252209392.206846,1252209402.611328,3711281FD4
1252209414.842776,1252209422.5,F09387D6B8
1252209434.101559,1252209448.041259,28BF181231
1252209755.5185578,1252209766.484375,0099C2C76D
1252209808.015628,1252209825.003906,032E61F7A3
1252209894.355465,1252209901.998535,CABAA0D84E
1252210027.576177,1252210037.661132,B2FA3A587E
1252210038.044437,1252210045.40625,830B6CFD9D
1252210066.543946,1252210077.769531,7D59DCF938
1252210106.424566,1252210114.232422,24F1D70665
1252210184.5693388,1252210193.649902,CD60D25A44
1252210256.610348,1252210266.239257,BB89E60AC3
1252210346.152341,1252210353.152343,6AE2BB00AE
1252210364.092777,1252210375.015625,A3A2C7468D
1252210376.575198,1252210386.343505,95509C56D2
1252210508.660153,1252210516.042968,00477E2D33
1252210599.849122,1252210607.222656,DFB65F18F9
1252210652.997073,1252210660.485962,462D1D5A8F
1252210660.4860818,1252210668.668823,D8A25C91B1
1252210833.370114,1252210844.10791,1A87A7C0C4
1252210854.20313,1252210862.375,6C2B8881F5
1252210942.059322,1252210951.592773,6035050017
1252210973.056644,1252210981.773437,FA30B4C6C7
1252211018.0820282,1252211026.90625,4270D10D99
1252211115.16016,1252211122.446289,EEE8371667
1252211199.3823268,1252211210.414062,B89EB5DA86
1252211257.699222,1252211269.917968,23C55FDFF1
1252211336.037112,1252211345.945312,3B994CF639
1252211362.303468,1252211371.544922,C643955870
1252211391.1665,1252211401.25,977D526899
1252211443.65381,1252211454.367187,ECFA67EE99
1252211472.6214552,1252211480.148437,99ACD9134B
1252211485.701172,1252211500.898437,213090AA01
1252211821.648435,1252211830.454589,C09FE57D62
1252211873.367188,1252211880.584961,0DE6277C0B
1252212102.82275,1252212111.416015,611282C38E
1252212135.575198,1252212142.832519,D8A2B828AA
1252212224.624995,1252212231.810424,4882C2D815
1252212352.9299338,1252212360.288574,DFDD3F9020
1252212490.1484408,1252212498.77124,51AFF380DB
1252212525.263675,1252212533.191528,3A2ABC21F1
1252212609.197511,1252212617.480224,FDC031C8F0
1252212662.567502,1252212670.620361,0F6747C440
1252212688.5654328,1252212699.25,2351881FC4
1252212774.5,1252212785.768066,725DCFE6BD
1252212907.2768588,1252212916.851562,61D09BC76B
1252212938.875,1252212946.036132,6055C121E8
1252212965.2578158,1252212978.082031,CF4B9C0807
1252213359.562503,1252213370.851562,BB4F068EE2
1252213446.875003,1252213454.274047,5DDFE7A281
1252213473.7236362,1252213483.919433,A98AFAD00B
1252213512.8398468,1252213522.433593,1FAFE1DE06
1252213786.313479,1252213798.864868,BD6944C337
1252213957.75,1252213965.78125,A6F8FDD9AB
1252214026.3837888,1252214040.940918,62C0EFFF10
1252214050.333985,1252214060.398193,4CF34EF8C4
1252214076.631351,1252214084.826172,F54E670026
1252214130.644535,1252214140.222656,8221CB6884
1252214195.964477,1252214203.311523,DC3BF6F118
1252214421.046878,1252214428.830078,BECFAA6408
1252214444.394536,1252214452.116333,8083D80454
1252214510.399411,1252214517.737304,50707657A2
1252214551.109372,1252214569.637695,5C961D049B
1252214613.4140658,1252214622.14685,B3D6655D4D
1252214719.354489,1252214726.795898,9E521E6DBC
1252214758.150394,1252214766.003906,6FB0B2FCBF
1252214778.188473,1252214786.212402,92FCC15DBC
1252214789.535153,1252214797.620544,679EF03A01
1252214823.353519,1252214831.241699,FFC10BE606
1252214892.554691,1252214902.178466,EFF33AA745
1252214912.5019572,1252214919.74292,F186C2BD47
1252214989.769528,1252214997.378906,E6E9ADCAD0
1252215061.7412078,1252215070.453613,AD00AA31DB
1252215079.916012,1252215097.374511,0D0CB7DC1F
1252215231.546872,1252215239.162109,4663020EB5
1252215298.42187,1252215307.664062,6C059ACDC4
1252215507.955081,1252215515.535156,050CDB350E
1252215675.6826198,1252215684.735351,1789EE8E2D
1252215729.504154,1252215737.441162,DC4AAA3025
1252215972.646481,1252215980.645507,83230BEB60
1252215983.0078158,1252215991.032226,0673B06B9F
1252216092.112548,1252216106.807129,7561ABABA9
1252216161.809573,1252216171.164062,C52DA84644
1252216217.429692,1252216225.421875,E4CAC06E70
1252216328.597653,1252216337.608398,B293C989EC
1252216387.128907,1252216394.351562,EF8463A91D
1252216427.172848,1252216440.197265,4EF4A7AF06
1252216526.095152,1252216534.480468,2DB43E7484
1252216710.144534,1252216723.15625,B74DAB4414
1252216843.703128,1252216852.802246,E1733047BB
1252216908.606445,1252216917.273437,B99E85C379
1252216974.349425,1252216983.984375,D7CBB22ED1
1252217057.937495,1252217068.21875,7E2B0A7AB6
1252217085.449223,1252217097.393554,25F60885E3
1252217103.007817,1252217111.265625,B857E38D3C
1252217259.110837,1252217267.005127,5B60A2FE88
1252217329.81152,1252217338.206176,64932A507D
1252217338.206356,1252217347.59082,1E78610222
1252217381.8667,1252217392.939941,6A99182794
1252217392.9400609,1252217403.311157,C780A4ABCA
1252217515.0884988,1252217523.946289,F77A6F153A
1252217607.7207,1252217617.565429,F881B7A1BD
1252217628.013675,1252217636.278808,94CDD27F20
1252217641.125,1252217648.472168,2F1586B12E
1252217695.03125,1252217707.808349,430911C4CF
1252217707.8084688,1252217715.935791,708D3DB977
1252217741.7954152,1252217752.530761,EFB481BF4C
1252217870.875,1252217880.238464,466F7F77E4
1252217909.384279,1252217918.599609,CE2D624262
1252217918.603519,1252217927.269531,646E9EC86B
1252217965.430662,1252217972.52832,9EDDFBFB6C
1252218116.110479,1252218126.59375,D83FE00D05
1252218132.265138,1252218140.090088,1A2355669E
1252218164.089843,1252218175.982422,0E42262FCD
1252218410.325198,1252218422.828857,6098B95B19
1252218455.269528,1252218468.714843,6C5F72E329
1252218568.944577,1252218579.35791,DAC34CEF36
1252218639.679692,1252218658.502685,B7C338CF0A
1252218698.890628,1252218706.28125,A7B6827E58
1252218834.4086962,1252218846.327636,817B2B3406
1252218905.642575,1252218917.59375,2BDE2CC9AA
1252218952.388669,1252218959.660156,64757F6341
1252219040.029293,1252219048.706054,EFB0F1CFDA
1252219111.955078,1252219122.773193,BBE227473F
1252219159.058592,1252219166.735839,FC417E1185
1252219181.531253,1252219189.947265,8CD844D3B7
1252219190.002935,1252219197.614502,CDB310C90D
1252219307.450559,1252219318.519531,B91F506381
1252219416.2065458,1252219423.876953,261A038CAF
1252219496.484376,1252219505.342773,ACBE411CCF
1252219575.456053,1252219582.90332,83D42F79CB
1252219587.125,1252219598.97705,EFF0DC7283
1252219691.036619,1252219701.187011,325A6CFF31
1252219713.408203,1252219722.599609,B12ACE4333
1252219735.005862,1252219743.445312,7A8F523D5C
1252219754.241211,1252219762.205078,DDB7F37334
1252219855.183599,1252219868.571045,DB5EC63E9D
1252219930.464357,1252219939.725586,C04741F354
1252219951.310545,1252219962.652343,3C2F5608ED
1252220037.3588898,1252220045.070922,87F892114E
1252220085.9492218,1252220097.822509,BF166E98E8
1252220129.008786,1252220136.15625,4B3F332286
1252220165.601076,1252220173.401367,6862DA24E8
1252220238.516605,1252220250.326416,60CD8DF537
1252220317.660157,1252220325.361328,ED844C4343
1252220352.9130888,1252220360.954101,C74EABBE77
1252220576.484378,1252220585.046875,8AF72EA7FC
1252220656.700192,1252220665.107422,AB5513603A
1252220708.0,1252220716.862304,6C85B944D6
1252220726.354374,1252220743.722656,55C9B63845
1252220784.867191,1252220792.491333,A8122369AB
1252220863.797855,1252220874.022949,1B7D21C9CF
1252220967.8945282,1252220975.351562,BADD35FD63
1252221002.546878,1252221011.859863,A8CF32F681
1252221071.389159,1252221080.642578,DEBFFDDFA9
1252221298.322262,1252221305.668823,6E1DE081CE
1252221393.514652,1252221403.02539,CDF27DEC67
1252221403.0293,1252221413.046875,3A7A279F3E
1252221428.133302,1252221435.573242,AA800B0E7B
1252221450.5102491,1252221457.673828,EAFE98DA7C
1252221696.25879,1252221710.145996,5A33DD201C
1252221822.3789022,1252221831.042968,F26F8C386F
1252221927.121097,1252221934.867187,97A48B0BA9
1252221942.3930688,1252221950.971679,D2780F9AA4
1252222039.5866652,1252222050.549804,46FD71FB56
1252222060.176759,1252222073.204101,D73A3DA53F
1252222146.3710968,1252222154.016601,386FE87100
1252222166.912106,1252222175.71582,3C6FAEA589
1252222182.780035,1252222193.100586,DD6F548201
1252222193.1015658,1252222200.285156,C1B6AD52C0
1252222322.076168,1252222329.74707,2239BF2998
1252222343.674806,1252222356.486328,4B26811C60
1252222371.59033,1252222383.168579,B03F0BB4B8
1252222408.4335968,1252222417.121093,7C6DA4D9B0
1252222438.745725,1252222448.615234,56BB6BB970
1252222531.011722,1252222545.142456,183113F73C
1252222693.794918,1252222705.731445,B12D4983FA
1252222905.617192,1252222912.767578,439DC89664
1252222941.5649428,1252222949.25,02BDDD030C
1252223047.994137,1252223057.264648,3A46212404
1252223057.265628,1252223066.518554,34F715C57C
1252223110.325197,1252223117.550048,99BDDAB37B
1252223135.6445282,1252223143.780517,283F1B08B1
1252223165.625,1252223176.102539,8BD37BAF5D
1252223291.937009,1252223310.740722,858CF00195
1252223435.03223,1252223442.315429,C3B7421588
1252223697.132816,1252223708.050781,F76DA1CD4F
1252223804.25,1252223812.228271,641D400B96
1252223927.99316,1252223935.234375,B4B979429F
1252224096.757809,1252224103.958007,2BE9D610A3
1252224143.583985,1252224150.750976,C59B1B73DD
1252224272.6782238,1252224284.296875,2A52213058
1252224331.2456012,1252224339.908203,E4406CB58C
1252224413.931637,1252224421.296875,84E49DED35
1252224565.6542938,1252224579.742187,A312621989
1252224632.3701138,1252224640.953613,57FBDB2124
1252224715.931644,1252224724.469726,A4BD91DDC7
1252224761.972653,1252224770.507446,0308916D93
1252224806.673585,1252224814.792968,E3012C64EE
1252225013.696292,1252225020.830566,92447DE690
1252225053.639652,1252225063.436523,5C6F97DCB5
1252225231.92407,1252225239.908203,31F74BCFA7
1252225286.960935,1252225294.142578,2446A9C51A
1252225398.6223178,1252225407.710937,A487B3BD6C
1252225525.445316,1252225533.589843,8160CBE6FC
1252225533.620603,1252225541.585937,2EFFC57B4A
1252225637.956051,1252225648.816406,A62D4A323C
1252225716.796878,1252225724.260254,0BCF159F52
1252225746.232907,1252225754.179687,F327E49DE8
1252225770.3110402,1252225778.324218,464236EB26
1252225862.1245072,1252225870.445312,B68165257F
1252225887.671872,1252225899.746093,04095221E0
1252226002.457035,1252226011.736816,2ECDE47AD4
1252226049.761724,1252226057.105468,BD4E9076F8
1252226087.984625,1252226096.75,A783847610
1252226297.541012,1252226305.553222,7842EA85B9
1252226389.7429152,1252226400.232422,B9DDA60B64
1252226473.540036,1252226480.84375,AF691EE82A
1252226565.064456,1252226574.323242,7BA118FC46
1252226581.504034,1252226590.707031,16FFE21620
1252226638.080075,1252226645.151367,430BB55D42
1252226703.565426,1252226711.385742,B879C97BDB
1252226736.929684,1252226744.047851,13838B8B7E
1252226773.5971658,1252226781.858398,7E97605BC7
1252227291.7582972,1252227299.425781,AB13FBC981
1252227303.146848,1252227310.909179,88E342DE4F
1252227320.70312,1252227328.505859,141D62575B
1252227371.076173,1252227378.704834,B3973A63FC
1252227399.396481,1252227406.410156,F2C0AF5C02
1252227446.402344,1252227455.006836,31303485C9
1252227481.297365,1252227490.983764,BE96F58EB2
1252227498.332032,1252227507.183105,28863BCCE4
1252227560.56445,1252227571.079589,A2F5A0D230
1252227638.517575,1252227646.718994,A634153442
1252227805.655759,1252227816.124023,E764CB4F75
1252227887.615234,1252227897.46582,1BE62A5A16
1252227902.7187471,1252227909.93164,510702C645
1252227937.069093,1252227944.363281,C20AE55A73
1252228053.0263698,1252228060.818359,1D7DA8D605
1252228063.501953,1252228073.257812,043DA6F8EA
1252228087.509769,1252228096.664062,63FFCECCF6
1252228202.224117,1252228210.217773,BEE56FEBA4
1252228210.2187529,1252228217.640991,FE47174C78
1252228284.9638698,1252228292.43457,B7BBCC1B38
1252228331.192388,1252228340.390136,BD21FEA2E3
1252228441.791684,1252228450.191406,CE57178FC2
1252228450.192386,1252228458.646484,5333CF81D5
1252228560.377926,1252228567.785156,5B7D9C2E14
1252228617.1474571,1252228627.599609,5D0FE24543
1252228707.1933572,1252228715.277343,C8C4BBEC79
1252228729.15625,1252228739.901367,26952E9227
1252228803.74024,1252228813.604492,15E0A292A6
1252228998.32812,1252229008.081054,5FFFDE6BDE
1252229051.304685,1252229059.988281,CFB19994AE
1252229072.480342,1252229081.553466,90D278C683
1252229133.654293,1252229143.1875,B83E0BA218
1252229158.722173,1252229166.201172,88C13653D9
1252229169.857425,1252229178.035644,4F59FFAE11
1252229295.847653,1252229304.588867,CA36AA9052
1252229344.285641,1252229354.77539,A9BE5D854B
1252229398.508792,1252229406.78125,E09328B268
1252229471.646487,1252229482.998047,5EFB6CA28E
1252229664.783692,1252229672.677307,CC9C44BB51
1252229731.317134,1252229738.445312,7FF01EC446
1252229955.806637,1252229962.96289,9F7C5B7E2A
1252230077.525394,1252230084.977295,CA8A4A7A13
1252230158.824949,1252230168.807373,912AA2F457
1252230174.009762,1252230182.607666,4FDD87692E
1252230241.774411,1252230248.779297,4BB680A4AB
1252230282.4804678,1252230293.918945,70E4254B7B
1252230303.265628,1252230311.272461,30A3F75CCB
1252230323.1992218,1252230330.734863,3BE633E85F
1252230373.00757,1252230380.289062,CA463342DF
1252230428.954105,1252230445.284423,DD9574EC88
1252230511.373537,1252230519.503906,89641A1AAD
1252230529.816403,1252230537.443359,4AD1F52B24
1252230585.0917969,1252230593.063476,381EAE9FA7
1252230671.430177,1252230683.668945,9103793971
1252230683.669435,1252230692.695312,C451858EA6
1252230735.806644,1252230744.126464,E9C56B5807
1252230897.080081,1252230908.037109,F43F46758D
1252230914.343752,1252230924.614257,41ECBEBC66
1252230931.768062,1252230939.298095,6992B50795
1252230961.013185,1252230970.236328,D38B39EEFD
1252231015.70947,1252231023.948242,776DC12F00
1252231037.8215292,1252231049.861328,8766F06E71
1252231164.138668,1252231173.46875,E08E42E65E
1252231232.0459,1252231240.317871,E9A732C531
1252231306.671877,1252231317.169922,59EDFEAFF4
1252231408.052731,1252231418.121093,9A48FB50A3
1252231541.193359,1252231548.540039,FED076C946
1252231647.822629,1252231660.966797,E99EAEE626
1252231744.468753,1252231752.055664,99CD72ACA3
1252231932.941407,1252231943.220214,4A22EAF53F
1252231958.582032,1252231967.0,2CC897E072
1252232020.9514122,1252232029.199218,9E4E1191F3
1252232073.5820282,1252232083.767089,C054A8FD87
1252232098.30859,1252232106.394531,84C7A02DE2
1252232179.7282672,1252232190.425781,3955F6B884
1252232230.6523411,1252232239.648437,C441A3322F
1252232312.806637,1252232321.001953,81437D06DC
1252232365.211545,1252232372.915039,A38AF59F61
1252232439.269528,1252232447.385742,85E5049041
1252232455.437503,1252232464.593505,9DA5FE942B
1252232471.541012,1252232478.917968,F90D8CF12F
1252232553.884766,1252232560.904297,4457EC775A
1252232715.25,1252232723.601562,14F815BDE3
1252232764.357425,1252232773.088379,E15B6F4968
1252232905.833624,1252232912.843261,AEA1C8D33A
1252232938.854492,1252232947.270019,9DD82A47A7
1252232956.7221632,1252232966.191406,F848170927
1252233001.941407,1252233017.070312,12FD2941BC
1252233074.9999971,1252233086.302734,17B1A5132A
1252233108.4799838,1252233119.978515,F7D712F2D2
1252233201.485349,1252233208.565918,BD175C370C
1252233264.040287,1252233273.555664,DA1957B650
1252233302.5332,1252233312.361328,FA59A0BE42
1252233464.56641,1252233472.980468,55AC65BC9C
1252233549.0854452,1252233556.509277,5D9ABB76EE
1252233559.652951,1252233566.825683,0F3F69EA48
1252233668.953128,1252233680.182617,187974E778
1252233706.2470691,1252233718.971679,EB3CA920F6
1252233786.3852491,1252233796.988281,0B8278BAE0
1252233973.47754,1252233984.571289,96359B581B
1252234012.811523,1252234025.25,744294D6AD
1252234027.000003,1252234036.464355,EE77D303CF
1252234067.584476,1252234075.248413,89FFF0461C
1252234143.776914,1252234151.716797,19864F43D0
1252234151.720947,1252234158.927734,53F8706B2C
1252234343.00195,1252234350.216797,C463182ABC
1252234450.093745,1252234457.453125,B71DA89639
1252234520.53125,1252234527.996582,2B34516B01
1252234529.769533,1252234539.83789,83B7265703
1252234596.124513,1252234606.457031,C65DDCF49E
1252234692.2812471,1252234699.608398,80B22D6371
1252234700.820806,1252234710.40332,48712AC387
1252234745.010739,1252234752.34375,78A9259480
1252234825.7460911,1252234832.789062,4F9476B7E6
1252234924.7187471,1252234932.139648,E8FECC2765
1252234944.54566,1252234952.010742,983EDFFCB5
1252234952.281252,1252234964.257812,417FCA5082
1252234987.6909208,1252234997.3125,C48645CB14
1252235077.8745131,1252235086.160156,D45FFB9073
1252235105.180667,1252235116.875976,286C0518B0
1252235131.193851,1252235140.399902,7A4F6B502C
1252235167.96875,1252235176.626953,6FF47B328E
1252235303.6864002,1252235311.159179,D0C759EF48
1252235362.51074,1252235371.687011,D0A48EF2A4
1252235722.2959,1252235729.643066,BD34D1D849
1252235769.828122,1252235777.759765,B4F32107B2
1252235777.7602549,1252235787.037597,D9E464D02A
1252235847.830075,1252235859.175537,F81BD91B02
1252235864.175778,1252235875.966797,1580E2C686
1252236011.121098,1252236018.453369,19FAFBBABE
1252236053.1318388,1252236061.21875,C32B2B80C6
1252236091.579593,1252236098.832519,4CBB55D1B4
1252236147.8750029,1252236156.119506,32374ACDB9
1252236232.250494,1252236243.63623,A248C1CEFF
1252236260.0,1252236267.297851,BE64C7F20F
1252236267.90918,1252236275.27539,700DF0FB5B
1252236294.302731,1252236301.35498,CDEB199366
1252236392.793948,1252236403.748657,9522132921
1252236403.748777,1252236411.204101,0176354062
1252236476.990236,1252236486.463623,6F0C50439C
1252236536.536136,1252236545.916992,542849E825
1252236818.6357448,1252236827.949218,A38FA03F78
1252236952.356442,1252236961.812866,16E540ED81
1252237049.475646,1252237058.847168,663961365C
1252237137.4009988,1252237146.456787,79D83EB0FD
1252237214.387697,1252237222.223632,0AEED19963
1252237298.056644,1252237307.71875,E61F74A849
1252237311.8076189,1252237319.375,C7E5DB613B
1252237364.1562529,1252237371.674926,13C1170540
1252237532.579715,1252237540.152343,9125CD8B2D
1252237550.5905778,1252237560.727539,6D28A16E45
1252237641.501712,1252237649.248047,B404C30455
1252237805.54004,1252237818.90625,5B42D0FF8B
1252237818.91016,1252237826.452636,C21148E13E
1252237835.986085,1252237843.378906,D6F65D8F9B
1252237997.421878,1252238007.263672,7E958DD267
1252238062.25781,1252238070.364746,DDA2CCF020
1252238139.958981,1252238152.313476,A1AC6D169D
1252238191.78027,1252238199.368042,83CF57A1A1
1252238416.851559,1252238426.289062,68E6659245
1252238474.273441,1252238482.375,0FA80E9210
1252238487.937499,1252238495.571411,65E8BEF22D
1252238668.946593,1252238676.595703,98EA41829E
1252238726.883792,1252238738.898437,91E7FB7472
1252238861.105471,1252238873.015625,F8929ACB4C
1252238946.459476,1252238954.509216,E29D1AB755
1252238966.173828,1252238974.138672,D9EE382F8B
1252239036.891605,1252239045.170898,2ED7763E1D
1252239109.840573,1252239116.883178,EACF406B28
1252239118.44544,1252239129.578979,909B0A89DE
1252239318.625,1252239326.400879,CB0AE4821F
1252239386.599611,1252239393.837524,05376B157B
1252239393.837644,1252239401.821289,4A79EE3C3C
1252239461.952148,1252239470.543579,E83C901271
1252239568.874027,1252239576.597656,9016D98158
1252239587.263181,1252239596.492187,D49695D1AC
1252239678.6201198,1252239686.26831,88154A2A65
1252239833.3437529,1252239844.354492,8142E97A79
1252239866.120855,1252239873.156738,7CB8D296D0
1252239921.7695282,1252239930.019531,C9E06E9351
1252239936.647464,1252239944.397461,612742CAE3
1252239953.786626,1252239961.409179,C8C352DB24
1252240011.258786,1252240018.629882,DBE915156C
1252240235.76562,1252240243.071289,A60006CD75
1252240269.8457072,1252240278.894531,2ECD9BE7EE
1252240292.0397902,1252240301.5,0528F95415
1252240305.609375,1252240315.992187,8436D7AB89
1252240445.50391,1252240452.968261,AFDB9F1B65
1252240482.0957,1252240491.578125,E188F5B343
1252240495.18213,1252240503.77539,5CF882F24F
1252240508.367191,1252240516.304687,1024D60935
1252240675.366451,1252240685.938476,96340B36D6
1252240863.1956758,1252240871.232422,A1FF4E7601
1252240882.1738322,1252240890.524414,F3C0528F86
1252240910.0375352,1252240919.75,DB10F11EB1
1252241244.840574,1252241254.191406,2241EA3E2A
1252241440.2499971,1252241447.980468,F4B08BC860
1252241449.266603,1252241456.751953,18C08C8F8B
1252241587.809573,1252241594.83789,2BA1957205
1252241601.421148,1252241611.022461,39031448A2
1252241695.630369,1252241703.99414,52ED8AED93
1252241808.968753,1252241816.167968,ECE364CE20
1252242031.048341,1252242043.394531,77AB2CFA6A
1252242249.0664089,1252242256.316772,0A919B03B9
1252242276.8107278,1252242284.927734,DADAE93C36
1252242565.197262,1252242572.616211,67C84EE86D
1252242576.6914089,1252242583.982422,9C3D48C89F
1252242585.020504,1252242597.570312,DE9D491546
1252242670.875,1252242680.796875,DD3ED41B44
1252242737.96875,1252242745.796875,5570605D0A
1252242899.260742,1252242908.502136,B715CC7594
1252243206.4143078,1252243216.953125,485B3E0522
1252243222.765622,1252243233.230713,4487D9A3EE
1252243241.334476,1252243254.243164,38555AD46A
1252243348.2187471,1252243357.739257,66C47E0F7C
1252243401.169918,1252243408.835937,7F15DE6097
1252243495.0129418,1252243506.428711,3963C4F561
1252243535.523441,1252243544.835937,8B1313CE0C
1252243696.6875,1252243707.391601,8273C847E1
1252244331.474606,1252244340.875,12E5485EAD
1252244348.271484,1252244357.53125,633ED7AEDE
1252244486.878536,1252244495.592773,F4E2233C81
1252244562.095698,1252244569.714355,73102A4273
1252244611.415647,1252244618.676757,22E747B3E9
1252244669.7119138,1252244676.768798,778CE691CC
1252244685.546872,1252244693.107177,3B5AD35A54
1252244773.198239,1252244780.412109,CF4885E26A
1252245054.742192,1252245062.256836,8E5D6BEFD2
1252245139.639647,1252245147.875,11605FDC1C
1252245210.351567,1252245218.203125,3FA4A884D0
1252245439.317501,1252245449.15039,ACA2AAC2EF
1252245451.327146,1252245465.323242,76FEEF8FDC
1252245636.382817,1252245643.996093,FB31EED648
1252245932.824215,1252245940.519531,77579ED671
1252245949.247073,1252245957.288208,975CC6A409
1252246024.523434,1252246037.125,16E0AC7199
1252246153.4687471,1252246164.484375,046C709F0A
1252246190.6064491,1252246198.485351,63C91271D3
1252246208.4765658,1252246215.667968,1E93AD3E33
1252246249.778324,1252246257.333007,A2192382FF
1252246302.458981,1252246310.024902,C5CFB19FD8
1252246312.750001,1252246325.70166,5A2041D4F8
1252246444.785406,1252246453.476562,464FA75B8C
1252246496.809447,1252246504.012695,8ACA93AF80
1252246523.0830078,1252246530.896484,2E7A102AC4
1252246614.40625,1252246624.136718,D1137B5E82
1252246634.331056,1252246644.926391,ECEF04B2D0
1252246927.3327608,1252246935.609375,D17975AD74
1252246938.4033198,1252246945.918701,E8A93CF225
1252246974.089849,1252246981.548828,FAEF5FA610
1252247013.5195282,1252247020.551757,2C6B0E31BC
1252247153.393799,1252247162.128906,E372C4C5B1
1252247274.670902,1252247283.448242,4D1D6E4E7D
1252247286.013668,1252247293.303711,98974232A2
1252247298.494144,1252247310.787109,CB4634CCB1
1252247363.484373,1252247371.5,E36E656126
1252247383.149899,1252247390.919189,1B4CAA8B42
1252247462.28125,1252247469.480468,C7C0304EE3
1252247521.206058,1252247528.806396,FCA52BFC78
1252247604.768558,1252247613.395507,F4AF9723A6
1252247742.601566,1252247751.71875,D4814BE465
1252247803.68652,1252247810.749023,A58CEAD25B
1252247849.55701,1252247857.28125,82BB240B46
1252247886.691403,1252247894.271484,0FFA39BCF7
1252248264.919923,1252248273.642578,2E4670DCAD
1252248328.513668,1252248336.284179,43D090C8DC
1252248362.7128909,1252248370.052734,5BF48A2E5A
1252248437.0509071,1252248445.149902,347D821BB5
1252248446.039556,1252248454.34375,13A8114FEC
1252248454.35156,1252248463.695556,9F8E5E14F2
1252248521.473752,1252248529.4375,C10AB71A10
1252248727.080075,1252248736.009765,6C1F153164
1252248763.69214,1252248771.294922,AE4B09F3A7
1252248896.277344,1252248904.05664,DD9EA1E67E
1252248931.9199271,1252248939.785156,58E62C32BB
1252249030.82324,1252249039.164795,8A7CC7B2A9
1252249070.727048,1252249078.927734,27F406459D
1252249124.81152,1252249132.484375,E52F020CAB
1252249137.153323,1252249144.457031,0C52B65FD0
1252249155.782718,1252249164.438476,9B81642C7F
1252249217.315425,1252249226.269531,3C561869BE
1252249435.710941,1252249443.085693,A3288CEB63
1252249468.413695,1252249476.513672,0DE0894654
1252249538.589114,1252249545.652588,A860D97228
1252249738.306637,1252249752.836914,0542038E48
1252249752.837894,1252249760.53125,88FA255B9C
1252249814.3125,1252249821.533203,2F9C03FE85
1252249850.5624971,1252249858.422851,FF9B86EA60
1252249893.193362,1252249901.796875,6B775031AF
1252249974.9013689,1252249982.679687,989F0C0CC1
1252250082.297848,1252250091.161132,FA13D99646
1252250100.03516,1252250108.411865,AE445F3E16
1252250133.093753,1252250144.511718,F25EAF3F7A
1252250410.535154,1252250418.486328,496965448D
1252250508.427731,1252250515.549316,F9810592C6
1252250558.62549,1252250567.548828,6A26C8AF2E
1252250579.15625,1252250591.354492,D6FC41C93C
1252250602.72559,1252250610.92041,48FBC500B1
1252250675.839357,1252250683.021484,CB516F0B9C
1252250832.375,1252250841.912109,D46E3DC6B8
1252250966.940917,1252250974.082031,08FA50B4C6
1252251061.563966,1252251071.066406,4BB760A22F
1252251071.067386,1252251078.257812,D4EC7CA272
1252251135.859378,1252251145.226562,849F003BE3
1252251184.119138,1252251191.421875,5D5FDD4EAA
1252251301.427734,1252251309.425781,8865D85ACF
1252251530.7876,1252251538.514648,9EE83FA74B
1252251540.648434,1252251548.315673,F29288E438
1252251779.1318388,1252251790.010254,769B4F7BCD
1252251896.159669,1252251903.28125,816C8BCFDF
1252252055.71655,1252252066.599609,F21DDB853F
1252252351.416019,1252252365.09082,DF35A7F09B
1252252432.749998,1252252443.5,DB72A99FF3
1252252735.190427,1252252745.671142,89955E2B3D
1252252760.945312,1252252768.723632,E816E9A4BD
1252252780.46973,1252252788.136718,84D43CB394
1252252833.273435,1252252841.243652,780ADBF1F8
1252253016.882816,1252253025.441406,12C721B901
1252253082.427003,1252253090.504882,633DD47A53
1252253098.1875,1252253105.859375,91EB2F1D88
1252253137.391847,1252253145.863281,017314AD6A
1252253154.292972,1252253163.053711,E3E037ECCB
1252253232.96484,1252253242.0,9185EF2778
1252253283.842777,1252253291.49707,FB09F65CB2
1252253302.2216809,1252253312.913574,09F98CD2B7
1252253375.95215,1252253383.324218,E0978833AE
1252253491.04688,1252253499.75,2A96AACFE1
1252253538.129271,1252253547.225586,1C64B21B4F
1252148134.51563,1252148141.841797,28470C2457
1252157738.400882,1252157746.469482,9CEDFFD48F
1252108248.278323,1252108255.442382,8EAAD74D6D
1252108288.802736,1252108296.263672,EBF68A836A
1252107959.5761712,1252107967.0,72C0650C13
1252136701.228517,1252136708.480468,38779EBB6A
1252152535.3886738,1252152543.167968,81DDEF62DD
1252145013.03125,1252145021.872314,AB1A19BA24
1252145192.688292,1252145199.783203,A9D786F6C2
1252117297.5624971,1252117304.5625,5F88C88AC9
1252134617.963259,1252134625.540954,FB13210523
1252116629.248532,1252116640.5625,09C27FDE0B
1252118658.201168,1252118665.544922,EC0B155784
1252137893.292965,1252137903.167724,9CFB785BA7
1252137990.487301,1252137997.75,718FA41E1C
1252105417.666994,1252105426.881836,AD9A481FBA
1252146922.167115,1252146930.859375,29FABCFFD2
1252132414.7519538,1252132422.15332,33F324B39C
1252132500.208013,1252132508.540039,C077894929
1252255860.666012,1252255868.595703,E1273E3E2E
1252256189.0394258,1252256198.964843,8AEB297084
1252256323.787108,1252256333.228515,0900F392E3
1252256443.484375,1252256453.838867,DCD933B1B6
1252290413.436038,1252290421.333007,F82509084E
1252290672.6782272,1252290679.720703,7CDFBD4C3C
1252290745.207276,1252290752.29541,63BCA2D6E3
1252290775.289062,1252290782.384765,CBDCABE92B
1252260818.25,1252260825.851074,4EED385605
1252260830.32812,1252260839.108886,3F667D04EE
1252254144.9650831,1252254154.824707,3BDA08CE3E
1252254185.242187,1252254192.828125,406BE72184
1252254194.507078,1252254202.232422,170F36B845
1252256563.292972,1252256571.019531,063D2274AE
1252256591.209356,1252256598.603515,F668AF8B4A
1252256660.169925,1252256675.200927,B053F79808
1252256871.978512,1252256880.831054,5F3156709C
1252292179.338869,1252292186.599609,4B82D22B48
1252292319.215817,1252292328.185058,70D42EC9F9
1252293716.838871,1252293725.093017,BC2AE6B832
1252263611.824216,1252263619.515625,509C9A866E
1252263651.578125,1252263664.046875,6C2B23EB85
1252263758.718745,1252263766.083984,7570A5A213
1252262126.3926978,1252262134.0,BB3FA2C11E
1252262197.47022,1252262207.477539,3C3D6CAB6A
1252262331.582028,1252262339.787109,B6D15A2917
1252262465.126461,1252262473.845703,D7F2168F5E
1252262482.81641,1252262489.856933,BF1BF1E1F6
1252262521.240231,1252262531.557617,5EA4DF4337
1252262531.559087,1252262539.0625,FAE14B5880
1252261594.669925,1252261603.822265,E88425D636
1252261633.419925,1252261641.447265,6CFC6D4D15
1252261745.625,1252261752.910644,88D567FC66
1252261802.348384,1252261809.660156,BB3C9F822F
1252261809.662106,1252261817.531738,7613062FD7
1252261846.455074,1252261854.404297,635B24FE4E
1252287464.230469,1252287471.820312,E39DF060D5
1252292945.0185578,1252292955.316894,AE33158D52
1252293278.3313,1252293285.887695,7B98DEA979
1252293321.18799,1252293330.626953,78D4457D6F
1252284941.1796908,1252284948.819336,728EF56567
1252259071.1249971,1252259079.218261,8B82843AF8
1252262741.7519572,1252262751.636718,E3A384DD52
1252262983.529298,1252262997.328125,8EDB1AA56F
1252263105.810543,1252263113.205078,0F37EAD0D8
1252264182.078125,1252264191.333984,174EC8F0AB
1252264583.311037,1252264590.93164,1B53750F73
1252285715.958499,1252285723.105285,3D1EC7C621
1252285742.6171908,1252285753.607666,58AA424E12
1252285929.136227,1252285940.322021,F42067C921
1252298445.115111,1252298453.771972,3216255709
1252299711.806643,1252299724.238281,6489E69C91
1252264905.479742,1252264913.512451,7CF77A8703
1252264915.934567,1252264925.677734,F3565866B5
1252265057.349606,1252265064.393798,AB8220418B
1252265182.447269,1252265195.222656,ED2A4E3DBD
1252299012.341797,1252299020.473632,718288212B
1252263903.5698218,1252263910.904297,A851B4999C
1252264036.8935578,1252264044.388672,C2A288577B
1252264056.5517578,1252264066.205078,23F4E9A7AE
1252259196.786134,1252259203.880615,59DA5AB26A
1252257633.562495,1252257641.0,0461614D87
1252290966.463863,1252290975.640625,BB2EA6271D
1252263299.2625709,1252263308.073242,FC92CB7605
1252264768.682864,1252264776.736328,2F75A79DED
1252264801.66797,1252264808.671875,EDCB9873E0
1252253646.365231,1252253654.780273,F95F33E399
1252253716.801759,1252253724.367187,2C8891873C
1252255152.599493,1252255160.023315,4038B5707A
1252255218.8476589,1252255231.78125,A7B4548FCC
1252255296.012698,1252255303.720703,F9FAFC3C6B
1252289758.4487271,1252289765.907226,52C04FD88E
1252290069.307127,1252290076.395507,71CEF246AC
1252265504.697269,1252265512.582031,8FD96A977D
1252256958.19287,1252256967.245605,8565F3923A
1252256967.247075,1252256978.883789,F6CF99A996
1252257015.4799838,1252257023.632812,6D065A2B39
1252257104.7373078,1252257114.143554,A0ED526D96
1252294350.53223,1252294358.704101,38A252B59C
1252289488.798825,1252289496.968505,2BC60ADA9F
1252266760.0625,1252266770.125,5129230AE8
1252266914.1691868,1252266924.416015,54AF1D707C
1252267247.477542,1252267255.375,120D03E0F7
1252259792.97266,1252259801.00122,D260527998
1252259882.648921,1252259890.125,0602C2F620
1252258620.499995,1252258631.691894,7C7C81A600
1252258676.09424,1252258685.070312,ADEA8A3061
1252258806.059574,1252258813.076904,52F29EE313
1252258856.983402,1252258864.461792,47C2C0D4C9
1252281031.478519,1252281038.55957,917CCC928B
1252281907.0112271,1252281914.223632,3A553C77DD
1252257208.427732,1252257216.494506,E1E8E94AA6
1252257464.703122,1252257476.442382,54FE9F1C35
1252257496.430665,1252257503.611328,C689B5B4C1
1252289671.670902,1252289678.924804,07212C668C
1252266516.608394,1252266525.90625,F5E42F073F
1252287014.96973,1252287024.971069,1A668036DE
1252286435.194332,1252286442.513672,02DADFD9BD
1252297777.082031,1252297784.437988,060439A16F
1252260953.669923,1252260963.0625,81E0F8BD3A
1252260985.325688,1252260992.84375,73BDA6DBC1
1252261005.575198,1252261014.597168,3DB8B8991A
1252261060.576175,1252261069.3125,487E0C6A72
1252261234.335934,1252261243.981689,A731F81A49
1252254397.205324,1252254404.257812,81DCD5EFF4
1252254495.4062471,1252254503.921875,56FC2414D4
1252254504.9013698,1252254511.929321,866092D89B
1252254597.488284,1252254607.057617,59CCFF4202
1252254696.116704,1252254709.876953,F3C7B233FD
1252258173.10156,1252258184.216552,038FA672CA
1252291417.4492218,1252291425.828125,414BF0469E
1252296112.421872,1252296119.637207,5C68279556
1252296153.014652,1252296161.614502,9D3BC3244A
1252294670.817386,1252294678.051269,FACC41395A
1252257913.545895,1252257925.287109,78AD16A888
1252258042.1298828,1252258050.691894,6390F1A99D
1252282449.886232,1252282457.228515,36F02CACE6
1252282512.53906,1252282519.992675,DC76F85CEE
1252262663.977542,1252262672.460937,0B3F97EB18
1252254983.771485,1252254991.460937,59EFF741E6
1252253837.192867,1252253845.96875,9CA9913B99
1252291528.955075,1252291536.754882,B829E00FE2
1252292412.090823,1252292421.107422,CE223483D7
1252292468.778322,1252292475.86914,6762668BBA
1252266243.384769,1252266254.901855,5B85F669BC
1252260216.952145,1252260225.199218,00E5084179
1252260265.932614,1252260275.823242,40A813AEEF
1252260495.297848,1252260504.039062,E67CB39033
1252260720.863282,1252260729.028808,784B70509D
1252260730.148923,1252260738.405517,22199EF2CA
1252299240.4218788,1252299247.541015,E8DBEBDD3F
1252299418.865239,1252299427.018066,0CDB58DFA3
1252265300.0293,1252265307.765625,F6C410FEFA
1252373624.5332,1252373631.797851,598E712ED3
1252373658.0624971,1252373665.791015,8D9BEB38D2
1252311738.02734,1252311748.011474,A158FB00E7
1252311824.644407,1252311833.241211,17AD0779C9
1252397315.9082,1252397325.530273,CB43AC32D7
1252348500.1774862,1252348507.958984,BC94BA32FC
1252383274.525394,1252383283.615722,8AFB122CA6
1252383380.8476532,1252383388.481445,461A14BFD2
1252336325.104008,1252336332.862304,8A45F5F55E
1252397050.744144,1252397059.705078,11FCAA4CD4
1252397100.3124971,1252397108.566894,B1B4D40B23
1252381631.125,1252381639.660156,4B4BB3E8C7
1252381656.191403,1252381663.424804,98703960EB
1252381678.4687529,1252381689.324218,3A7380C756
1252356128.863284,1252356137.207519,CBB26019B0
1252356203.268065,1252356210.449218,F4ED9130AE
1252356386.4343278,1252356394.206054,D0957277E3
1252390786.9113722,1252390794.236328,D284C53C78
1252390840.52734,1252390852.413086,7DAB24423E
1252362359.945316,1252362369.535156,AA03281E8F
1252311246.6367218,1252311254.685547,3C1049BA90
1252311308.662106,1252311316.040039,9DA9692774
1252311355.130372,1252311364.709472,E793692F62
1252369028.192872,1252369036.095947,C89638F437
1252346631.059085,1252346639.109375,53A0688BEF
1252346686.484378,1252346694.171875,00269162B1
1252347092.24609,1252347100.367675,58223E2985
1252333159.998048,1252333167.316406,45EE5982DC
1252357428.306644,1252357435.876464,3C95C5C790
1252357597.583004,1252357604.849853,77B295A9ED
1252357675.363282,1252357683.970703,DB0F14DBCD
1252394648.521122,1252394657.65625,430C1BDFC7
1252394727.0000029,1252394734.414062,4A82844401
1252395610.820315,1252395618.082031,2A6918961F
1252395761.316405,1252395771.691406,9D83E5591A
1252365461.4101572,1252365469.066406,61D4799902
1252365469.101566,1252365477.578125,55E4F26771
1252386708.263672,1252386715.565673,B7DFF0DF25
1252388764.6894538,1252388778.081665,F06A71C231
1252389067.805784,1252389075.813476,68E0E50C50
1252389092.3588898,1252389103.264648,EA642E33E4
1252352638.004392,1252352645.060547,11EBEE812A
1252352673.666012,1252352682.017578,A7F52C7FBD
1252314276.843751,1252314285.407226,CCCF3C24E7
1252314287.350586,1252314295.239746,C93EDC27C9
1252331033.640622,1252331042.473632,78C94323A5
1252380413.835941,1252380424.450866,E453CCDD03
1252380459.6483111,1252380468.103515,FBB5A00124
1252381017.259283,1252381025.304687,01586987AC
1252322714.385013,1252322725.058593,5DE3731C3B
1252322773.4390838,1252322780.503418,49A9A031BF
1252376944.8125,1252376951.971679,283588E80A
1252377138.593745,1252377146.255371,D1D24B9F8B
1252379259.5312471,1252379266.669922,DC9116C6A7
1252379353.333013,1252379360.725586,667D52A647
1252379400.6015658,1252379410.002685,A38F68922A
1252379415.900633,1252379423.085937,30112FEF7A
1252379438.4317598,1252379446.561035,A0DC884507
1252393539.127805,1252393547.239257,4FAA4989AA
1252393695.815435,1252393706.123047,FD8E728194
1252393775.174801,1252393783.477539,BECB67A85D
1252393811.453128,1252393821.856445,70316CB0D1
1252393911.2793,1252393918.585937,DD88FF5149
1252302467.3398468,1252302474.537109,F00BA10FC1
1252302553.202145,1252302562.011718,66187EF96C
1252329724.2299838,1252329735.589843,9CA196EC7B
1252366613.051756,1252366620.078125,54DEE31690
1252391172.391605,1252391183.048339,782DA694B8
1252391187.077145,1252391194.871093,941AD2E1C6
1252347400.493655,1252347408.953125,24A00B3666
1252347710.438473,1252347719.214843,BE792372BD
1252358683.99805,1252358691.65039,8578EA1CB1
1252382736.039063,1252382743.120605,75A7B9F015
1252382799.433594,1252382807.148437,BD7D7874EB
1252338874.185062,1252338881.625,2B3533BF0F
1252338901.75,1252338909.329101,63D297D938
1252338948.5361378,1252338962.016113,2F1EB1955D
1252333095.0507789,1252333102.177734,4623DEA785
1252342302.036129,1252342309.316406,4FFF10789B
1252342485.50977,1252342494.161377,80360A5030
1252363533.080816,1252363543.940429,C65818773B
1252363600.4799762,1252363612.454589,5DCEDA4AE3
1252363631.888675,1252363638.995605,6061363869
1252363723.484372,1252363731.942382,CC73C89E85
1252363873.15234,1252363881.504882,A9ECF0B641
1252363916.951903,1252363931.186523,3F39840640
1252354042.363277,1252354050.05664,66266C0E70
1252385657.337888,1252385665.435058,0DA1BBF96C
1252385670.727535,1252385680.355468,D41F0D295D
1252385725.7519538,1252385733.5083,59CBB1F6F6
1252385818.227542,1252385825.247558,7A92392465
1252385917.164066,1252385924.893554,93DA79BCA0
1252345582.847653,1252345590.984375,37E6A59D54
1252377290.7539082,1252377305.574218,0A578826A6
1252377375.7724571,1252377383.196045,AD0F015F35
1252377449.681644,1252377456.795654,4D892F6E0B
1252377478.347837,1252377488.960449,0AFFB92480
1252377702.464847,1252377715.981445,4E11C580BC
1252377751.4453158,1252377758.828613,D0611F4758
1252377775.8544948,1252377784.725586,4E9910968E
1252315192.328124,1252315200.855468,95778F77E0
1252384856.1513722,1252384863.533203,609D91E4CE
1252385201.480226,1252385208.67395,B09D9D6004
1252385252.979244,1252385260.277343,0A02A127AB
1252384401.987301,1252384409.990234,F78A2D2D88
1252384532.640628,1252384539.84375,9262125AEB
1252399624.356077,1252399631.576172,F1B019009C
1252340525.759769,1252340532.979492,FC4A0A5F15
1252336895.471676,1252336903.687988,8EA935E45F
1252372154.466798,1252372162.398437,6F7964CB9B
1252372550.25,1252372558.731445,062EF47B0B
1252372671.349124,1252372678.870117,53B7602324
1252304657.501096,1252304664.782226,5310391E83
1252370586.782231,1252370593.796875,6B7A3B076B
1252370593.797855,1252370602.998047,2FFA1601CC
1252349205.0625,1252349213.260742,84203BE427
1252301066.269536,1252301073.46875,D3DB2391C0
1252310080.231442,1252310088.261718,8CBBB73B01
1252341884.392575,1252341892.233398,0854E1956E
1252341942.478391,1252341949.748535,607D1A841A
1252396188.9189448,1252396198.020507,954EAE9965
1252396292.859372,1252396304.763672,30FF30F41D
1252368360.289068,1252368369.560791,6FA973A3DD
1252368463.429689,1252368471.883911,7C45A78801
1252325198.205079,1252325205.734375,EA13119C7F
1252366222.453617,1252366230.656738,52A84F60F4
1252366287.897706,1252366296.409179,5F21F794C0
1252373019.609372,1252373026.936523,C89C4BA0FD
1252355385.609375,1252355394.019531,172093832B
1252355448.653566,1252355458.876709,9FB9494A99
1252355567.205324,1252355576.113281,7A8CFF3853
1252365844.394773,1252365854.530761,29CBF7F1B7
1252345942.880865,1252345950.65625,CD979BBC70
1252389207.4619172,1252389214.500976,3D8DEA9AA9
1252389259.714847,1252389267.958984,790EF7D359
1252389267.962894,1252389280.13916,0A57B2D661
1252389495.9013698,1252389505.363281,2E2D5CAEA0
1252389513.785161,1252389523.573242,679A8E321B
1252389525.947266,1252389534.487304,799CA0F757
1252337364.014159,1252337371.28125,29418FBC11
1252339542.3876948,1252339550.334472,6A6102575A
1252398405.3124971,1252398413.470214,F5298DB249
1252398452.836913,1252398462.273193,119194D8E7
1252377876.394534,1252377884.750976,7E799DFDE2
1252378140.4738722,1252378148.823242,DAC0DCF267
1252378184.3554718,1252378192.708007,A4B81EA43B
1252378217.3398468,1252378228.773437,E7466C843D
1252378237.488531,1252378244.516601,3F488AFFDF
1252378266.8398411,1252378274.630371,15FDD04A5B
1252359185.4094238,1252359195.296386,7498FD5AEE
1252359312.386106,1252359320.565429,46307D79E4
1252357088.774418,1252357098.514648,0ACB15DDBD
1252310640.449955,1252310648.388916,BBD78455AA
1252310886.6874962,1252310897.015625,F95C2E8AB3
1252310901.287111,1252310908.683349,B271C08AE2
1252385352.065919,1252385359.17041,875F48EBDE
1252312458.779294,1252312465.789306,62F7E0D7DB
1252398511.666989,1252398519.002319,9E6F80B862
1252398872.633786,1252398884.522461,BE2505BE32
1252334686.937505,1252334694.176025,68A412713F
1252335079.6181622,1252335087.370117,13A744CFC3
1252388180.2011738,1252388191.140625,5CAF14ECDA
1252388201.9160151,1252388211.585937,AD6EF1611A
1252388219.147951,1252388229.185547,F35ADE96CD
1252388247.837405,1252388257.974609,3A3FC0A2D3
1252388268.394528,1252388275.572265,8EBDE2E345
1252388301.3457038,1252388308.445312,74D0C109B3
1252307469.2211928,1252307476.785156,BFFFE21A03
1252369290.770995,1252369300.255493,44AE58D1B1
1252369324.9501948,1252369333.84082,2C7879D2F3
1252369410.734861,1252369419.078125,B9FCC40111
1252369419.083985,1252369430.283203,855757ABC3
1252369499.667969,1252369507.483398,A7F4C9B8F1
1252380841.762698,1252380849.334472,D940F362D1
1252380877.59766,1252380885.410156,7A17F2BD0D
1252367121.935056,1252367131.472412,73971F62EF
1252367146.108401,1252367154.979492,CC2A13DCFF
1252367486.181524,1252367494.416748,B9F8F2E466
1252354479.16504,1252354491.128906,D480F3829D
1252307158.34473,1252307165.705078,3C0F6D9928
1252337587.3288589,1252337594.378906,9CD68D05B0
1252392241.2394972,1252392253.439453,181ED3DD77
1252331598.745117,1252331606.161132,4550B1CCEC
1252331778.1002152,1252331785.123047,B19D8BB27A
1252357768.933597,1252357775.96289,DBDD325BD3
1252357958.918946,1252357968.632812,B56450F288
1252358020.574216,1252358029.671753,592DD2BC93
1252362048.3623078,1252362056.713867,8BFD3119C9
1252365017.733395,1252365024.97583,901993AC5E
1252365147.384762,1252365154.694213,684B2E379C
1252348187.867191,1252348197.442871,B9A820A201
1252348266.742184,1252348275.933593,473A6A6DEC
1252399818.058595,1252399827.677002,583BA3BEC4
1252399853.414062,1252399862.268798,36265C10BC
1252399888.071291,1252399900.626464,E762D9ABB1
1252399950.498532,1252399960.225586,AFCA8A294E
1252400153.746583,1252400161.938476,6696B71DDC
1252364230.1430678,1252364238.52478,646AE8852C
1252364483.240238,1252364495.166504,7DC671692A
1252365550.113278,1252365558.734375,D6891F9295
1252365575.646481,1252365584.416015,AEA5ECF598
1252365624.0620089,1252365631.886718,410CC0E01D
1252365761.972658,1252365770.135742,2DC1844958
1252394070.726682,1252394079.546875,E70F546855
1252394079.550785,1252394087.039062,344C1735B5
1252309477.496583,1252309485.520019,F9D29F0133
1252309569.113284,1252309576.769531,97F3030FF5
1252322172.82031,1252322180.046875,014F48ADCB
1252386114.007809,1252386125.871582,39E8572DF1
1252386141.8798828,1252386156.372802,83CD9725AE
1252386218.180661,1252386226.515625,CC6E655AE8
1252386388.215823,1252386401.024414,829E1A9A0A
1252333586.757809,1252333594.133789,8EBDEF097B
1252321578.261722,1252321585.515625,ACA82DEE1C
1252321914.1157238,1252321921.318359,B5F038EA5B
1252389743.206054,1252389751.175048,88D3C98E99
1252389901.9668,1252389909.082031,1347ED937B
1252359042.5415049,1252359050.272216,295D40FBE9
1252387167.927738,1252387175.770507,2188D728E1
1252398207.518126,1252398215.255737,28DE4AE6B8
1252398258.302735,1252398265.865234,52B8DA47C5
1252344646.8632782,1252344654.079589,A265F31AA3
1252344939.90674,1252344947.237304,F1C5E43121
1252361029.8718278,1252361037.240722,D55047F80E
1252361169.884279,1252361178.477539,00466F769E
1252337918.451419,1252337926.914062,F0C8619271
1252370875.508302,1252370883.726562,65BF98109D
1252353087.0754368,1252353096.460449,64813F54AA
1252330561.063477,1252330569.743652,1D6783BF1D
1252330640.31006,1252330647.633056,212829C0C5
1252397440.186765,1252397447.261718,88DE008D0C
1252397460.68506,1252397468.306396,CE17F4B483
1252397554.341802,1252397562.688476,A5A627F6C2
1252397697.4335911,1252397707.093261,271AFC9BDD
1252397838.4462888,1252397847.464843,7D27188543
1252387348.887453,1252387358.889892,27810957B5
1252387634.655277,1252387641.857422,8D7DB45317
1252309100.172366,1252309107.773437,7010856657
1252372885.7490191,1252372892.792968,DD6723982C
1252352510.201175,1252352518.805664,E262AEFF78
1252394960.699222,1252394969.688476,2B6068522C
1252395087.208988,1252395096.036377,238718424D
1252361573.0624971,1252361580.148193,5B4B0F7BC3
1252361884.5029309,1252361895.682861,A200FBE3FB
1252368813.895513,1252368822.15625,CE9AAF27BF
1252368851.757081,1252368859.050781,CA914DD5E2
1252396420.81641,1252396428.339355,0D9FE973BA
1252396864.266607,1252396871.277343,B5D65B708D
1252396927.259275,1252396934.705566,03DDDF9822
1252325107.083007,1252325115.516601,F74D36D908
1252392864.960938,1252392872.242187,3B40C67822
1252393047.844481,1252393055.073242,040C86D1F3
1252393334.65625,1252393343.189453,43BC183E83
1252326089.523198,1252326096.887695,0835129DC8
1252326345.875002,1252326354.984375,A51D7E30A3
1252313147.7832038,1252313155.211181,E243F7AD27
1252313184.5654328,1252313192.135498,1DD63334A0
1252342927.734128,1252342938.186523,823847B822
1252340068.539309,1252340076.608398,836E1225E2
1252340146.791012,1252340154.214843,F0F467950B
1252314682.0048838,1252314689.017578,0FE9EA8D66
1252392080.042242,1252392091.117187,7884C7F047
1252362993.729982,1252363003.323242,E93A3ACAA2
1252363236.875003,1252363246.349609,B8262CE83F
1252399152.457034,1252399161.911621,9C42E68354
1252399222.81543,1252399230.242187,E78EA28E47
1252399266.525388,1252399276.009765,97A812AD2D
1252399411.281007,1252399421.391967,FC528385A3
1252387848.968263,1252387856.390625,5DA9CA68B2
1252387859.436527,1252387873.990722,8230E2BDEF
1252305264.349606,1252305272.180664,C333A9E278
1252305318.7919922,1252305326.085937,E33AF9039A
1252343602.738286,1252343610.39508,99023E3ECB
1252383836.9790049,1252383844.664062,381ACAF333
1252383884.251956,1252383892.804687,1A76690891
1252383924.843747,1252383932.255859,4A9F4BEE26
1252383990.7442598,1252383999.384765,A0620E6E56
1252353791.679692,1252353799.313354,775FA259B6
1252353818.364261,1252353828.21289,FE30A33381
1252390983.206056,1252390990.270507,4F54A6D138
1252373310.6383631,1252373318.948974,EEADB36CDF
1252373385.8749962,1252373393.821289,0E237B9D08
1252301971.6044888,1252301979.383789,1FF116DE59
1252302016.897457,1252302023.986816,4552D3C495
1252354985.249881,1252354995.71582,E7FA1CF53A
1252355089.2675822,1252355096.597656,14AFF00A5D
1252355170.585935,1252355179.486694,8AE4560F03
1252324621.280277,1252324628.658203,040589AAFA
1252345286.996094,1252345294.058593,C62D35BBBC
1252371038.578125,1252371048.255676,7F4B5503EF
1252371053.7615938,1252371060.860107,527880BB69
1252371195.3437529,1252371204.095703,2349F2A60E
1252371321.398434,1252371331.439453,1AC76EA6D8
1252360122.628785,1252360131.015136,1623E9E600
1252330216.203125,1252330224.21875,EB4D01B6A4
1252306646.468751,1252306655.852539,6A96A437CF
1252368119.2255838,1252368126.673339,88EEF837F9
1252301317.4062471,1252301325.096313,93130E8F89
1252343780.334958,1252343789.341797,B04E9C2DC6
1252309910.068363,1252309917.131836,8005A6F964
1252359561.5097702,1252359569.874023,6326D6A194
1252359578.3710968,1252359585.732422,B904E4901E
1252359800.96875,1252359808.000976,876A169D0B
1252359824.928953,1252359832.798217,ACDCC7E971
1252379010.7978508,1252379020.452392,58FAA3DDA5
1252379148.638668,1252379157.276123,994460ADC8
1252303056.949947,1252303064.342041,FBC7404B02
1252303194.2304718,1252303202.183593,06EABCA7D2
1252378440.064329,1252378447.640625,86D2F88EF8
1252378486.905825,1252378495.636718,156039A959
1252378505.1494138,1252378515.304687,1B02BD6D2F
1252378543.967777,1252378552.385498,0E6AC1117E
1252378597.863528,1252378606.803588,8CEC340B38
1252378669.394773,1252378676.432617,C131DAA5B7
1252378689.693356,1252378697.387939,3BC31640DE
1252378772.343755,1252378781.21875,EB8E31110E
1252378815.134764,1252378822.300781,451082EF13
1252378929.979982,1252378938.738281,99382E03F3
1252378991.344236,1252378998.555664,222FAD6ACB
1252340965.90723,1252340972.938476,02591AB7B8
1252341105.109372,1252341113.871093,57B524AE4B
1252341277.75,1252341286.234375,7EE9C5D8D1
1252384691.9746149,1252384701.479004,13BDCD222A
1252392335.4526398,1252392344.900879,23301821FF
1252392708.403323,1252392715.527343,AACABBAAD4
1252367650.411136,1252367662.55249,1C81172A3C
1252367817.7539098,1252367829.447265,F16ACAE679
1252371829.00098,1252371838.403808,FA4B3D506B
1252371908.657226,1252371916.018676,EC098769FF
1252372008.37952,1252372015.429687,96DF286CB2
1252350461.187495,1252350469.626953,855227436A
1252380493.106077,1252380501.183593,E449E78916
1252380574.357418,1252380583.84375,5C31AC2341
1252380666.3750029,1252380675.435058,49DAE4110E
1252380745.0273468,1252380753.697265,9BE0412103
1252321024.080081,1252321034.609375,1A01F572BB
1252321154.265626,1252321162.188476,DD1B110B1B
1252323359.422366,1252323368.151855,077FF59D76
1252344029.401124,1252344037.867187,474ACDA2E7
1252344090.753658,1252344101.091797,133B7AA4D7
1252344169.807614,1252344177.513672,61E4150F3C
1252344192.955076,1252344203.96875,8D2A93B945
1252313998.126466,1252314006.160156,C12DEE51BD
1252321516.309082,1252321524.495117,CBA2FB85DB
1252397920.931158,1252397929.26062,C24744D116
1252370160.248047,1252370167.970153,8FA058796D
1252334411.3813488,1252334418.498657,54682760F8
1252381805.130857,1252381813.429687,4F4D6DAB13
1252332487.583005,1252332495.207031,B44ACC968F
1252394279.053714,1252394286.526367,87E364EA3B
1252394478.185548,1252394486.166992,3B02804BAA
1252394566.421877,1252394578.208984,2F0D88A7EA
1252394594.7996202,1252394601.833984,91ED6D6600
1252386868.100584,1252386875.581054,EF38A2678C
1252386877.0698268,1252386884.678711,8C770F3E4B
1252386900.1931112,1252386907.375976,D1A77DC34E
1252474923.41016,1252474931.270507,02E9E5C059
1252453079.35937,1252453087.284179,F41192768D
1252453095.502438,1252453103.426757,8D2F5F9416
1252453139.701172,1252453146.771484,20EC282216
1252438027.68555,1252438038.37207,6179594DEC
1252438239.221683,1252438246.51416,1A7ED5F4BD
1252404226.9668,1252404234.8125,62942D8557
1252404330.22266,1252404337.819336,678EA0434C
1252404468.148436,1252404477.245605,323CB9B325
1252410628.250001,1252410636.5625,5BD963DF30
1252450298.808347,1252450309.214843,69A4A64B85
1252450535.36243,1252450543.410156,6587C9A97A
1252450550.362798,1252450557.856445,4A43169DEB
1252450562.886717,1252450574.230468,8FC26532CC
1252450606.6328158,1252450615.268554,36CDC6F148
1252450663.896487,1252450670.973632,85D04DF0AB
1252450731.0288072,1252450743.533203,EB94790C18
1252450769.337887,1252450777.784179,5BAFB4EA7B
1252434725.1093712,1252434734.140625,EA19585BA6
1252434778.714357,1252434785.727295,295B43DDC3
1252434876.2607472,1252434883.942382,3C2E1BB017
1252434940.514653,1252434948.401855,A93D97479C
1252429398.569219,1252429405.580078,CBD94C119F
1252482256.186285,1252482264.24707,43E7A9FCE2
1252482355.935543,1252482364.374511,B7806E115C
1252482500.026609,1252482507.766601,654EC33325
1252482660.805665,1252482667.985351,3FC60E8CFF
1252481390.684083,1252481401.392578,C3094E93EA
1252481478.3007782,1252481486.633789,6AD3CDF971
1252481548.329839,1252481556.355468,34E23B7BA9
1252475761.3120072,1252475769.200195,14008E69B7
1252475837.515621,1252475844.890625,1168A01338
1252463129.7812529,1252463139.480468,805D899743
1252432034.318359,1252432041.903564,51A5B26DEF
1252418997.629886,1252419006.272949,B04F2654DF
1252466658.454102,1252466666.449218,DECA40B4B4
1252449424.1088898,1252449433.648437,52E1C4A565
1252449442.5,1252449451.5,EA3713B972
1252433633.3935578,1252433641.541992,58F1E73585
1252405610.637941,1252405618.291748,3038B1921D
1252405662.608033,1252405670.4375,610F56A488
1252452210.905273,1252452220.703125,BC545FB584
1252411425.551271,1252411436.169922,A87965A00F
1252411436.170902,1252411443.890625,41A446948C
1252439256.6474628,1252439264.892578,9C65B65612
1252402582.868292,1252402590.280883,135BBD7859
1252486835.028317,1252486844.920898,D79674AD41
1252469413.870855,1252469423.232422,1C5D849F94
1252444802.170898,1252444809.920898,DDFF4BFC20
1252444914.816526,1252444923.672851,1FAB134FCF
1252483085.358396,1252483094.928466,4F937D0A9D
1252483136.8584,1252483145.0,240E026FA6
1252448582.464844,1252448589.891601,71E02B67DD
1252448603.055661,1252448610.484375,4DDB6379B4
1252475415.289066,1252475425.320434,5BBCF8FE40
1252475481.80274,1252475491.284179,C8236FD9F3
1252475491.750734,1252475500.499023,DF73DC379C
1252461052.19043,1252461062.251953,5363FA980B
1252461062.253903,1252461071.359375,3E722C83DE
1252409676.7148478,1252409686.458007,99EB49A422
1252431293.612306,1252431300.905029,539EF69030
1252405124.431822,1252405132.597656,503079754F
1252405183.41504,1252405192.716552,D23EB7809D
1252405239.8886728,1252405251.058105,6A9BE71FDE
1252405339.820316,1252405347.054321,3E5EF6D542
1252439610.180667,1252439617.777343,D4E89AFA47
1252439740.355954,1252439748.751709,11A15152EF
1252439889.603032,1252439897.5625,83D0DCDD45
1252411770.119144,1252411777.202148,167068FF27
1252411893.8662078,1252411902.683593,F9BB7C5679
1252423080.100587,1252423087.950195,2F9651B4D3
1252409826.593745,1252409837.817382,06C237D7CF
1252409847.8662138,1252409855.638672,5C981D8735
1252409958.895504,1252409968.41455,C26642E7C3
1252480520.697757,1252480528.066406,F1F7077329
1252480582.622073,1252480590.625122,B4E162D99B
1252480841.5537138,1252480854.490234,3D9D63232C
1252454677.9252958,1252454685.948242,EE1E3E11FB
1252454729.719846,1252454737.003662,D9F26BFB47
1252454834.488284,1252454843.227539,593B23BC88
1252487718.54968,1252487726.749023,6686FD51CF
1252461239.1757789,1252461246.832519,655DE18C60
1252461418.667968,1252461428.043945,A67E34703D
1252461526.296875,1252461535.230468,ECC43C4495
1252463521.204103,1252463528.827392,D1D8CACB30
1252463581.9079568,1252463589.83789,70A77EE8E7
1252463686.3007772,1252463694.466797,02F346A686
1252463755.144659,1252463762.945312,B9988042C3
1252463780.305661,1252463787.699218,897AEFBE59
1252465378.453122,1252465386.625,C6C50FAB4A
1252465476.25,1252465483.368164,3B34B9E5AC
1252429075.162112,1252429082.712158,39C5ECD184
1252429134.048823,1252429142.159179,0813B0C084
1252429235.349609,1252429242.722656,17B4C7F74B
1252446512.32111,1252446519.930664,3D1E33E4A8
1252416746.1914032,1252416754.366211,2F33EB7972
1252416777.977048,1252416789.952392,36FC0F1D87
1252416873.636232,1252416883.25,06551C3E4F
1252416978.80615,1252416989.523437,7F835A13D3
1252485306.613282,1252485314.452148,A6D299D3CB
1252485435.626952,1252485443.375976,D3CD6C055C
1252485565.210935,1252485573.201172,0F560AF0C0
1252485620.271488,1252485628.199218,D2E16AFF95
1252422213.4617898,1252422222.381836,F13D3FADCC
1252422579.941403,1252422588.582275,95E0BCD63E
1252403052.461914,1252403063.956054,F356BD06BB
1252489030.020021,1252489038.695312,45317E78BC
1252489117.929691,1252489125.179687,E72FDB853F
1252464352.77734,1252464359.862304,5B2675C43E
1252464360.734376,1252464368.860839,CA54A1E2EC
1252464411.613771,1252464418.96289,ED75EF23A6
1252464529.1496558,1252464540.375,480D7A95CF
1252464724.033203,1252464731.636718,A233FCDBA6
1252485197.426757,1252485205.502929,4FBCD48240
1252413325.7111828,1252413332.961181,64B63F168F
1252402762.984372,1252402773.689453,8953EAF4A3
1252459185.75,1252459196.820312,D74C5049AE
1252459208.330075,1252459218.850586,615AE5108E
1252459273.855472,1252459281.974609,DEB8D3547F
1252459315.668942,1252459322.875244,298356F5F2
1252459446.365238,1252459455.494873,E6DB5C945B
1252459479.032228,1252459486.972656,0280710635
1252457255.5293,1252457266.042968,D010CF1BEF
1252406942.282227,1252406950.130371,0388C1AC1B
1252419297.773931,1252419305.326294,C3FD3BBEF6
1252472851.2167969,1252472858.457031,54C9FC5D6D
1252412333.235349,1252412341.230468,7A7D9C9A2A
1252412412.076172,1252412420.53125,4A287CDAC6
1252412542.667966,1252412550.346801,D8184DB434
1252412611.6874971,1252412619.488769,D2327EEA39
1252412752.849606,1252412760.78125,64A65270C5
1252420230.386229,1252420238.529785,585DDF7E04
1252420342.102047,1252420349.515503,61F5D3A9F3
1252488163.0644572,1252488171.554687,EF4177C0D5
1252488179.837887,1252488189.691406,0AE70DDD97
1252488225.925779,1252488234.557617,0399CECC06
1252401767.556637,1252401776.027343,090B0066D0
1252448155.7919948,1252448163.416992,D79D8FCE68
1252448184.1953158,1252448191.716308,BB7C91E265
1252420798.802738,1252420808.252929,0C8D7FC8E4
1252420830.62891,1252420838.260254,C3937A38A4
1252431506.0078158,1252431513.231445,497502D001
1252478425.787113,1252478437.172851,DA5948DFFD
1252478502.879886,1252478509.93164,80BEE83444
1252466393.908447,1252466404.416626,D378C5890F
1252466443.203129,1252466451.25,A931086A8B
1252438571.292967,1252438582.99707,863FCE7D23
1252409399.868161,1252409407.971679,5738FB6ADD
1252409475.225958,1252409482.787109,A24BEE33D6
1252409579.078122,1252409587.116211,E8B4E7A8B6
1252459524.172852,1252459535.546875,1E1EC08393
1252459587.28711,1252459596.956909,70AE48B7D0
1252459669.868161,1252459677.049804,3027FB0E81
1252412178.254396,1252412187.171875,0D99B43A55
1252412194.744144,1252412201.752929,18D4CD9179
1252446610.797365,1252446617.84497,E30B1D40B5
1252446978.115236,1252446986.015625,E270261D64
1252447040.404787,1252447047.870117,8CE7FE49FD
1252488794.452144,1252488802.536865,13391D5DA1
1252488831.000001,1252488838.164062,8E51C8E14A
1252436616.5,1252436623.642089,812E6525ED
1252440487.9169948,1252440495.237304,ED8A752D8E
1252482018.62256,1252482027.402343,1CDF204A69
1252482027.527343,1252482038.995117,5A70EBCEA4
1252402995.6635718,1252403003.052246,A5057C63C0
1252407710.037115,1252407718.270507,D90D411EE8
1252459735.148437,1252459744.19757,8226DE7B28
1252459786.044918,1252459795.501464,C8A87B982B
1252459803.223629,1252459814.804199,19D307A568
1252459927.2060502,1252459934.518066,6AA1A9CE7C
1252459954.963619,1252459967.87207,EC1ADD0DB2
1252460024.796872,1252460033.375,009B6343A7
1252460043.0029328,1252460060.839843,19BD966563
1252461652.291265,1252461660.411377,FEB2D53DD8
1252461746.062139,1252461753.970886,0E6F2CC7D8
1252461827.284185,1252461834.342285,3799E61101
1252466882.140875,1252466894.382812,929A99D847
1252479485.879396,1252479495.739502,4AA13B21F5
1252479505.117184,1252479512.666992,AD66214565
1252430899.3125,1252430906.754882,2562077505
1252431049.196779,1252431058.541015,D336430B4E
1252431091.731205,1252431099.099121,791210AC77
1252401029.388675,1252401040.223144,8816F1549E
1252401099.078125,1252401108.116211,105E4E79B0
1252401324.037111,1252401335.214111,07DCADEBB6
1252401407.909177,1252401418.390869,F76464380E
1252462741.58984,1252462749.925781,E5953790AE
1252462761.137697,1252462769.28125,232D24EFF2
1252462883.3745072,1252462892.390625,7966271C45
1252462961.066656,1252462968.754882,B661BB9810
1252478393.229742,1252478401.269531,A4D4984D1C
1252471411.56458,1252471418.578125,FF3DEF22AD
1252477436.423338,1252477443.76831,1AA2BD16A1
1252477452.221929,1252477460.417968,E77C984951
1252477504.552731,1252477513.5625,2C7A86D80F
1252415155.362554,1252415167.166259,BF61A5981F
1252447655.224606,1252447662.476318,A67E31CB89
1252427415.081053,1252427422.226562,235735DFB5
1252408309.736325,1252408317.113281,2D0F0D3848
1252408465.291012,1252408474.338379,B77E4BA6C9
1252470701.925778,1252470709.760254,FF947B229A
1252470744.122318,1252470752.159057,F3CC943266
1252433057.122067,1252433064.487304,564A4D1DAE
1252433257.906253,1252433265.291015,287DF3F62F
1252421878.087891,1252421886.683593,E09D9958B8
1252421962.779298,1252421971.172851,46FED8F1B0
1252422027.1269538,1252422034.577636,4D0AD2F408
1252400357.445313,1252400366.5,7E003E185C
1252400612.30176,1252400621.695312,F181FE728B
1252400765.556644,1252400776.470703,13C0EA9D5D
1252410953.879886,1252410962.380859,BBC05625B0
1252410982.85523,1252410995.270507,95A98AE619
1252411043.775387,1252411051.914795,09FF0A1C70
1252473654.231451,1252473662.061767,4EC6086FB5
1252473920.065191,1252473928.1875,4ADEA9EE6A
1252473976.1162128,1252473983.464843,2C391345E3
1252474406.92578,1252474416.449951,F1E8E7E327
1252474423.757329,1252474431.530273,34DCCCE614
1252474579.441656,1252474588.489013,3ABD9760EC
1252424207.693851,1252424214.75,B49F64B4C1
1252424333.16699,1252424341.123169,7D8F833C2A
1252472501.403318,1252472508.815429,5C17488613
1252472633.597653,1252472640.960937,B971CFDFF0
1252467044.60937,1252467053.249511,2B26E7F44D
1252473189.595698,1252473197.044922,CC9C7FD0A2
1252473277.18848,1252473288.592773,F3A96ED8CE
1252472255.361085,1252472262.546386,ABCDBA1C19
1252412808.9834,1252412818.421875,B5C5326EA2
1252413136.906743,1252413147.871093,FF31DA4CA9
1252453466.625004,1252453473.759765,4A25604DC9
1252476697.8613288,1252476704.936523,AE625B6834
1252476786.0380888,1252476794.313476,E14006FA15
1252476839.957035,1252476848.338867,750688104F
1252445212.5466309,1252445221.142578,04EFB196B8
1252439304.376462,1252439311.427734,096197C941
1252403613.773442,1252403621.15332,F5F69921C1
1252403809.408198,1252403818.315429,3E171A3105
1252404105.051998,1252404112.817871,B1D4567B2F
1252470833.7275429,1252470840.776855,38EE69DA23
1252408569.046875,1252408576.342285,1DDC7CCECB
1252408667.422856,1252408676.480468,062E09586D
1252471629.390626,1252471636.488891,8512B1D7B9
1252471665.5156238,1252471674.396484,F88156B561
1252471960.580816,1252471968.0625,903C4DD9BF
1252408000.56006,1252408008.28479,F2EAE7AB02
1252408147.4335968,1252408155.265625,5833E91412
1252464871.626096,1252464881.773437,5E672B5D55
1252465070.4882822,1252465077.489746,66800099AD
1252468422.645504,1252468430.033691,0B62892854
1252468670.23895,1252468678.580078,F07F923A64
1252426923.821294,1252426931.34375,252D034330
1252427017.568541,1252427026.059814,62C4E698F5
1252458115.5102491,1252458122.564453,BE215EFB1D
1252458137.337889,1252458145.4375,AAD05E3D54
1252416465.529302,1252416473.960937,209868D2C8
1252404544.771481,1252404552.503906,80A47D7604
1252452447.607912,1252452454.986572,F12D708C56
1252452612.688966,1252452622.10205,5FDF401DEA
1252452633.429075,1252452642.429687,5E56F9A9B0
1252452647.40723,1252452657.51538,A279DB3F7A
1252452717.825201,1252452725.145019,F32980CED5
1252452786.82422,1252452794.574218,DC8D129AA1
1252451773.491949,1252451780.643554,237C37B9B2
1252453896.211913,1252453906.322754,11D1074C19
1252454213.8212938,1252454221.853515,F7CD23B1DA
1252454310.197269,1252454317.290039,9737014673
1252454421.7451189,1252454430.473632,1DAD19F0FE
1252425269.733395,1252425277.091797,268333CBE1
1252465755.215823,1252465765.467041,0280E03C5A
1252465891.040039,1252465898.773437,89DBBB1734
1252404700.7998002,1252404707.823486,D7B274A2A6
1252404722.1899428,1252404729.724609,C05F13EDFE
1252404881.015626,1252404890.394531,4F9775A4EA
1252405042.234865,1252405051.665039,D9B6F4C198
1252460419.1787071,1252460426.770507,635B80A872
1252428026.32812,1252428034.38562,100204E37C
1252428100.181644,1252428108.377563,1A46CD936F
1252415501.170895,1252415513.236694,07DA2A66A1
1252415651.53369,1252415660.537109,B2315EDF92
1252415707.90186,1252415715.554687,B92136217F
1252415818.398434,1252415827.085937,30D967E9C0
1252463973.211667,1252463980.953125,8E901CAB0A
1252414281.003782,1252414288.510742,F7B4275368
1252414831.666019,1252414841.971435,B24B05B359
1252414874.6269538,1252414887.273437,2B77DFC76C
1252411558.18359,1252411567.34375,1162A8C0DC
1252411628.804075,1252411636.043457,26BFC6CEC8
1252417516.595706,1252417526.697265,13C422C7B2
1252417689.6826198,1252417698.943847,D66B03B887
1252451058.8818312,1252451069.318847,9FFCAE2B56
1252451157.609375,1252451164.726562,6AADFC3CC6
1252451403.09766,1252451412.301757,624A98E78A
1252487140.919925,1252487148.88623,2E52D32CF5
1252487193.671876,1252487202.045898,A7F2CD257D
1252453623.225767,1252453632.953125,5C61744384
1252488544.089847,1252488551.735351,0B2851D8C1
1252435750.440919,1252435760.507812,3BAA46606F
1252436069.4687512,1252436077.658691,C0FDFB3059
1252436554.190428,1252436562.26538,22E535E35B
1252477744.5937529,1252477756.58789,A3BF754D63
1252478749.359376,1252478758.07788,43DF8BFBE4
1252409252.78223,1252409261.327148,5BE0490179
1252406199.833007,1252406208.092529,78949EBCEF
1252406247.787111,1252406255.432617,98C6D5BAA2
1252406308.1352491,1252406315.390625,7EE0803AFA
1252416269.974606,1252416278.03125,4CAE232455
1252416325.125,1252416333.449218,0DFDE3BCB9
1252416371.113285,1252416378.943481,B3E2EC7B7F
1252423252.248047,1252423259.286621,4F9BEB9A25
1252421175.08838,1252421182.424804,C514A5CC65
1252421222.792965,1252421230.69873,73B0739BE8
1252421277.512208,1252421288.125,751C202517
1252485816.4912138,1252485826.1875,220C0C5C6C
1252485879.186527,1252485888.720703,279BFFB836
1252485987.872196,1252485995.662719,184C5BC61D
1252435115.705076,1252435124.657592,AD675A2DEC
1252435329.206057,1252435341.902343,4E82198FAF
1252489368.829591,1252489377.913086,E56147AD62
1252489556.133785,1252489563.777343,369CCD40B9
1252489622.320314,1252489629.875,7F58DF757A
1252458393.701173,1252458406.829101,6CD995E982
1252458431.606197,1252458440.124023,8FAB3657FE
1252458457.0541952,1252458464.992187,907414ED46
1252458542.533206,1252458550.55664,61B6809898
1252458578.886226,1252458587.1875,CB903B8705
1252458638.582525,1252458646.17041,9EA9049DC4
1252458654.070312,1252458661.79663,BC2AFBF868
1252451975.891598,1252451983.09082,B965CE416F
1252451994.4018512,1252452002.847656,A5839BB2E1
1252483991.208987,1252484000.620605,0D843ADE3D
1252484054.364256,1252484061.800293,B87EC30AB7
1252484245.3110378,1252484252.877929,B993D00578
1252484451.539059,1252484458.95581,290F6ADBC6
1252484461.754634,1252484469.542968,ADE475153A
1252484473.806644,1252484480.829101,9267390303
1252484529.520997,1252484539.612304,0D94ED4753
1252484560.3969738,1252484569.767578,55B0685F69
1252446074.480472,1252446085.185547,ADA54ED634
1252446085.7155778,1252446093.659057,509A6F2081
1252428383.9257832,1252428391.8125,060C41562C
1252460348.885738,1252460356.449463,B22A9FCD03
1252418259.758788,1252418270.228515,C1E20199FB
1252418288.621091,1252418296.249023,C71BE58918
1252458995.8398468,1252459003.526367,7E4CF80909
1252459078.28272,1252459085.657959,5F89801AA9
1252483778.1328158,1252483788.128784,FC4AE192C4
1252483937.863278,1252483947.782226,077FB8091F
1252483949.324222,1252483956.548828,69B383CEDB
1252483558.684569,1252483566.596069,EACF995FC5
1252483660.354978,1252483673.651855,0AC93A5D3D
1252437248.780523,1252437256.736328,59D7BA60B0
1252437262.515622,1252437270.048339,096B54229B
1252437457.676275,1252437465.038574,1AD63B9448
1252466263.375003,1252466271.081054,13B4F66A01
1252449191.2810042,1252449203.003906,698180FD5F
1252434604.75,1252434613.46875,FC1F52D18F
1252407261.268186,1252407270.041015,30DAB6160B
1252407285.403323,1252407294.228759,BA2D55E65E
1252420502.162109,1252420509.749023,D92C087D71
1252420538.4687471,1252420546.65039,C9D8A9DBC5
1252480191.079102,1252480200.586425,A2E407D4D8
1252480258.5090349,1252480265.512695,212904BC75
1252480371.642575,1252480379.365234,CB9E0840F2
1252428555.008788,1252428564.810547,C34FFA3C62
1252428685.2958949,1252428692.331054,D48E195BC9
1252446204.812501,1252446211.970703,C0A3BDB473
1252446227.1875029,1252446238.063476,259C37A609
1252446238.754396,1252446250.233886,764939B602
1252446390.1874971,1252446398.985839,086D3A25DC
1252457317.552247,1252457326.734375,72A3399DDA
1252457351.54785,1252457360.993896,155935DCFC
1252400974.574224,1252400981.602539,EB643919AF
1252580642.886722,1252580650.289062,789E0AB1C5
1252580667.581055,1252580677.767578,4568E5ACAC
1252563632.414062,1252563641.785156,92761EFE9A
1252563917.75098,1252563928.736328,9083498D72
1252561362.415036,1252561369.548828,3F654C55DE
1252594779.653136,1252594789.902343,B08D70BE17
1252580083.390875,1252580090.572265,39ABACF53B
1252580298.5664089,1252580306.862304,D2A5F22CD8
1252561473.4726589,1252561483.691406,8096FE3E04
1252561565.315428,1252561575.4375,904C543A30
1252520521.157223,1252520528.375,1F2E6B710A
1252542581.000003,1252542589.90039,A6A9E46225
1252530036.442872,1252530043.542236,8B381A9619
1252524781.267573,1252524789.069336,F1EC55BFB8
1252525069.255862,1252525077.054687,DEAC7F3D0B
1252546154.58399,1252546162.324218,D4287A1623
1252546288.9088109,1252546296.199218,16B3E60984
1252585316.718753,1252585325.618652,13E797D288
1252585576.779297,1252585585.015136,01EB139E59
1252585661.125,1252585668.318603,00E20B2BBE
1252506828.3227549,1252506836.960937,83A1396065
1252594475.462161,1252594482.545898,8B38CCA700
1252594715.10937,1252594723.821289,3B8FF13D08
1252508959.42004,1252508966.999878,A4A97B6CF1
1252509706.50244,1252509716.264648,BF9F2AC510
1252509798.506346,1252509807.096679,DDE317EB4B
1252593129.10101,1252593140.08789,72DD79E28D
1252533994.5849638,1252534008.245117,5F93651023
1252590119.668948,1252590129.625,1800E3F81B
1252527523.720763,1252527534.333984,607ADD28A8
1252534767.837894,1252534775.171875,2FF207CC59
1252535029.172366,1252535036.505127,E08C0350D1
1252584024.771487,1252584031.960937,6A3C73CBE4
1252584032.368405,1252584043.242187,E0D67318A3
1252584324.7529252,1252584332.914062,26B03D2192
1252593779.871583,1252593787.901367,8FBFCA6EF8
1252550076.718263,1252550085.707031,E2072EA40E
1252550115.673345,1252550123.792968,7B394E58FA
1252550124.109378,1252550134.861328,0F6C98997D
1252507410.4348118,1252507426.484863,0C9C92C4B4
1252507571.56641,1252507578.797363,B59E4EA92C
1252507641.827145,1252507648.833007,BBD8200502
1252507078.00781,1252507085.544677,E0EAE15CED
1252503567.972653,1252503575.007812,B3D4854BA4
1252503752.0783072,1252503759.942382,3835486C05
1252503811.734378,1252503821.254882,CC0E3E9657
1252549186.34375,1252549195.517578,AE2CB3D6E8
1252549223.575198,1252549233.984375,E2E2CC7E5F
1252549347.059574,1252549359.352539,3F892DC620
1252549475.414066,1252549485.646972,92B3A5B2CD
1252541000.071287,1252541008.046753,610A6E6260
1252541244.835941,1252541252.832031,8086F97426
1252541373.552736,1252541381.173828,1C0087838B
1252593881.1474638,1252593888.885986,4101C74CD3
1252593935.192381,1252593948.462402,2BCC633599
1252594019.973878,1252594028.660644,6729313915
1252513722.1474562,1252513729.473632,A6EBFCB19E
1252513880.8124971,1252513888.0,373CCA7B8E
1252555668.453128,1252555675.771484,06C792B553
1252570223.8974562,1252570231.25,E27BE1CC18
1252570331.070128,1252570338.550293,ECADCA2DED
1252538441.583492,1252538451.625976,F7D5FE6217
1252538543.644534,1252538550.861328,B2878A82A2
1252538633.4980462,1252538644.65625,DE9B91AAC5
1252538668.0,1252538675.834961,CCA0068725
1252509899.4658172,1252509908.221557,43919D7A46
1252509966.029172,1252509979.161377,4C4C70CA6C
1252509983.51562,1252509992.967773,808022F3A2
1252572493.6064422,1252572503.318359,2305115958
1252572609.26563,1252572616.756347,3FB355033C
1252571201.470704,1252571209.234375,BC16CB8915
1252571496.6425788,1252571505.102539,F342896614
1252550585.9404328,1252550594.52185,AB7DFBF163
1252550617.594478,1252550626.693359,0BAD4DA6A7
1252550709.1123052,1252550716.769531,70E9511EC5
1252550723.9374971,1252550731.067871,A7AB1D1447
1252574302.1201198,1252574309.835937,435B3A186C
1252564900.824458,1252564911.275879,554115CB92
1252544579.266598,1252544586.43457,D07F857C77
1252544813.879886,1252544821.316406,EC152C4266
1252544922.857912,1252544933.505859,E983CB5C40
1252554965.742185,1252554973.022949,9580C6E028
1252555190.324947,1252555199.264648,D8399B08A4
1252571662.7548828,1252571670.321228,94238C44C6
1252571728.701662,1252571735.9375,D1B40B2320
1252519885.494139,1252519894.504394,3000E62260
1252519979.0341768,1252519986.419922,1834EF9025
1252520240.3418,1252520247.688476,F87AA69285
1252570794.715336,1252570803.879638,D9CD5DAA1F
1252587034.054692,1252587041.361816,ED7C711E85
1252587112.800781,1252587120.148071,BD6429A6DF
1252553701.797849,1252553708.943115,542BC8643E
1252564678.733396,1252564685.765625,4E74E02A3F
1252564766.336669,1252564773.875976,2206A2A97E
1252515495.7812529,1252515504.21643,DFA24564B9
1252515870.0625,1252515877.741211,F20359CEF2
1252515881.746092,1252515888.84375,4AC6304DEA
1252583784.79395,1252583792.5625,00FA126F04
1252583926.099606,1252583934.578125,CDE9C162D8
1252583947.920895,1252583955.393554,CEACEDAF8C
1252552500.816656,1252552507.930175,7148D26F72
1252552525.191282,1252552532.875,E441B4911D
1252526789.059942,1252526796.279297,7BE3F8727D
1252526961.661132,1252526972.772216,8F0FD29285
1252578061.430784,1252578069.524414,9B07536B99
1252593151.704107,1252593159.108398,05E3411F35
1252593393.311519,1252593400.481445,3B90EF85A0
1252557934.925778,1252557947.160156,4475D72CC3
1252586489.000002,1252586497.233398,E00CCD9CEF
1252586631.775395,1252586638.8125,B7DA64DB33
1252560677.619632,1252560686.795166,EFD8D8E135
1252561057.575198,1252561064.996582,D92203536D
1252553215.376222,1252553224.512695,A61D7456F7
1252517923.1982431,1252517930.829834,18F141DA09
1252517970.621099,1252517978.71875,9DDB3F73B3
1252567470.056888,1252567478.22998,5B6AFF7235
1252536779.364261,1252536789.801147,766591FA0D
1252536958.532224,1252536965.901367,15EB275B59
1252567856.740231,1252567866.469726,C453D6B5B6
1252567870.159425,1252567879.5,9F9E23AF78
1252576974.496099,1252576984.253906,EEECB22953
1252577118.641598,1252577127.372558,48C7748BB1
1252512678.290042,1252512685.368164,9BC35E2618
1252598875.415037,1252598882.745117,707C034E5F
1252579215.6192598,1252579224.977783,271E91DC1F
1252579516.328122,1252579525.132812,C7A19242EE
1252510636.3735402,1252510644.623047,7BF0A2E414
1252510721.569822,1252510732.302734,AECDF5BDC2
1252560223.253414,1252560231.233886,B784D50D67
1252560281.489747,1252560288.839843,034ACE0B9F
1252521306.375,1252521314.735839,210C7E2FA4
1252596105.71875,1252596113.182739,61F2C5CD41
1252596246.954105,1252596254.488281,AE764F951F
1252596299.754879,1252596310.108398,CB2F65E23B
1252596465.52466,1252596474.469726,AB1A9EDA74
1252600055.4324331,1252600062.955078,BD8A5CD4F4
1252552851.24219,1252552867.658691,5195D66C06
1252552867.7734408,1252552874.985351,8790D95FE5
1252553078.1289089,1252553085.248047,B2FFDB94C0
1252504572.950681,1252504581.23999,D0F065E571
1252504637.661136,1252504645.333984,DE720B89EB
1252504648.522948,1252504655.525879,3C9860FA77
1252579721.708005,1252579728.975097,C8805DB20A
1252514961.998537,1252514969.524536,F08243881A
1252514975.678715,1252514985.05664,6A65C7D3A6
1252515218.916265,1252515226.245605,8096043EAB
1252515324.053956,1252515334.664062,FA73FD379F
1252515406.273437,1252515414.407226,A6B9E74B92
1252568110.6245072,1252568119.873535,B024675F64
1252568260.4760718,1252568271.066406,CC0477298D
1252514276.367191,1252514283.879394,DEB2C92B8A
1252573827.388669,1252573834.818603,E8C53C6F44
1252574057.426761,1252574065.464355,C39EA52D19
1252574196.880861,1252574205.215332,DE022FE1BD
1252561788.9687529,1252561798.592529,7F9CA8A413
1252562165.77344,1252562172.84375,EBB8C45AAC
1252562188.4082048,1252562196.834961,382573E465
1252562321.284178,1252562328.699463,E92BE049F9
1252562425.731937,1252562433.625976,6A71ACA8F7
1252562440.7578158,1252562448.296875,D34C7C6ABF
1252562476.639286,1252562484.578125,D9CB186882
1252527644.73828,1252527651.801757,023FE2C113
1252597270.301763,1252597277.827148,D1539CBE9E
1252597280.574224,1252597288.378906,64E9D33AE3
1252597387.6743188,1252597394.752197,78BEC4E71A
1252597597.6713898,1252597609.019531,96692F9B15
1252574600.0737338,1252574607.149658,96D6D21AEC
1252531519.052737,1252531526.799804,E0B66FE5BC
1252531526.800784,1252531534.01416,D437C04147
1252547666.957518,1252547674.954101,0E995ABD85
1252547813.558594,1252547828.554199,628B22CDBE
1252547898.490484,1252547906.663086,D0F26CF637
1252585186.301028,1252585195.173645,307EAC3115
1252582975.33301,1252582982.408813,9FC60D5495
1252538315.9152808,1252538327.124511,FCDD811878
1252538412.457028,1252538419.762695,2131D9B279
1252516106.6523468,1252516117.348266,0D5FB9ABFC
1252516334.1557572,1252516341.703125,416A0DABE3
1252507795.1513689,1252507802.351562,9A85A87937
1252540035.221193,1252540042.440918,861F082E05
1252553969.238278,1252553976.356689,C92DA78A1D
1252588896.115238,1252588903.333984,007F21982E
1252588919.5063522,1252588927.169922,CA3BD3BEA7
1252523665.937257,1252523673.188476,9C5E83101E
1252595374.188482,1252595381.921875,D31CCA99CF
1252525571.437495,1252525578.771484,7F1463DF9B
1252587311.3544948,1252587322.725097,D772417BCA
1252587464.359372,1252587473.36914,80B7E5968B
1252587620.635743,1252587629.582763,AC8CD8FDDC
1252587644.2202148,1252587652.960937,FC50F689C9
1252558201.774419,1252558209.195312,17D7A76369
1252534602.380862,1252534610.501953,2BD8871F2E
1252578878.670902,1252578890.799438,C4CEE01D7B
1252579000.797855,1252579012.798828,B8D09656C4
1252565354.8671908,1252565364.226562,93A7F5547E
1252595668.244137,1252595676.289062,9D1C34DB82
1252575500.107418,1252575507.84375,A69D3F8A36
1252520301.710934,1252520309.428711,841AD034B5
1252503257.535153,1252503264.565307,7D0E64ED44
1252563186.8476589,1252563194.444336,1178BD2102
1252563225.686033,1252563232.891967,EBE1373964
1252563398.79687,1252563406.083007,37955983F1
1252502873.074222,1252502880.625,894F05F83E
1252502929.74609,1252502942.301757,9FFE5BF4B7
1252502942.373047,1252502951.140625,F2BE011D52
1252502970.8752449,1252502985.15625,8F9CE0EF53
1252503006.50781,1252503014.135742,7B48B26112
1252503155.3320272,1252503164.673828,21CD354518
1252528575.735355,1252528584.682617,281F39CC5F
1252559472.847653,1252559481.28955,827C4DFC22
1252559573.52734,1252559582.622558,BC6084647A
1252526050.053712,1252526057.821289,81A1A9DD71
1252526076.512447,1252526085.570312,028FC88EFD
1252526139.242191,1252526146.823974,71F3926A87
1252526195.010256,1252526202.752685,366AC79B81
1252526277.84766,1252526285.123047,51149B1D2B
1252516632.246094,1252516640.444336,BCAE42CA08
1252522117.820309,1252522132.676757,B1025D06CA
1252535113.888668,1252535124.820312,222B787B2A
1252535268.931644,1252535276.378906,C45AA66534
1252587904.947265,1252587913.232422,3C4DC686F6
1252588180.887207,1252588190.007812,ED4A36D1DE
1252591474.044918,1252591481.78125,2F50446290
1252591493.343752,1252591501.319336,4F4A5452F8
1252591779.292972,1252591787.25769,6C7168FD56
1252591965.8432572,1252591973.411132,1E3A9B7DF8
1252508457.109372,1252508465.697265,036CB1817B
1252576336.707028,1252576344.205078,A71ECB3368
1252576344.726562,1252576351.875,CE7CFA5440
1252576418.0810578,1252576427.699218,A67CFE680A
1252576702.348508,1252576711.311523,6D62287836
1252576717.889652,1252576726.135254,B0C9B32F5E
1252576799.459234,1252576806.888672,81845E101A
1252576883.879879,1252576891.297851,823F81432C
1252592645.119137,1252592652.628906,3287745105
1252511647.023442,1252511656.765625,59965EE766
1252511704.346187,1252511714.269043,06235387DA
1252574839.85742,1252574847.240234,0F93F1A1FE
1252575104.013668,1252575113.467773,41EC7BB24F
1252545322.861019,1252545330.057129,8945CFA1E5
1252598971.466915,1252598979.230468,ADA4EAAEB7
1252599229.677737,1252599242.772461,EB9289BF65
1252524000.857425,1252524010.092773,B9D8981650
1252599765.399419,1252599772.613281,7BAE2464F0
1252543662.036134,1252543670.558593,A89416D76B
1252543671.640622,1252543679.65332,F1F55B746D
1252519728.875,1252519736.43164,6D27943FC0
1252519787.46484,1252519794.552856,8FA36287DB
1252590277.578122,1252590287.114257,31BF15478B
1252590584.894288,1252590597.9375,24CFC6DFDC
1252555996.390628,1252556003.601562,49BD750C8F
1252547433.071046,1252547441.637207,9D954B2035
1252540289.411129,1252540297.201172,536112E4B3
1252540321.140622,1252540328.512695,352F984CC7
1252540453.091314,1252540463.53125,A306A21704
1252540726.8749971,1252540735.643554,531A262D14
1252540794.234375,1252540801.311523,B491D9AC04
1252540928.221437,1252540935.906005,A8CD5BC3A6
1252575615.590335,1252575623.147461,AE14C956A5
1252575687.665533,1252575696.65332,DCB57B3A2E
1252566695.497072,1252566707.71875,B55C3F1884
1252567085.53125,1252567094.173828,8BC95E938A
1252548079.250982,1252548089.515625,3E2EAFB48C
1252548259.1118212,1252548267.493164,6FC795619E
1252565754.105958,1252565762.6875,C1558FA5F6
1252537891.3574178,1252537898.734863,E8C361D514
1252535934.2429152,1252535941.536621,0DCEC7DA2B
1252581430.810549,1252581442.257324,55C640A13B
1252523332.214844,1252523342.574096,25D3412108
1252568878.964357,1252568888.149414,918242F36F
1252572886.3691428,1252572895.870605,42126AC208
1252572968.835935,1252572975.963867,96A249F743
1252572980.292966,1252572991.954101,3DECCCE593
1252573222.3671908,1252573233.919922,47CD3752D9
1252573280.167964,1252573287.324707,1E06F8868D
1252573375.2939491,1252573382.321899,98E9EA1965
1252573421.699215,1252573431.671875,E12A23B6F4
1252536165.46484,1252536172.905273,BCCEA26436
1252561720.152344,1252561727.690673,1DF92D9418
1252518646.6328158,1252518653.875,A7048A03E8
1252518686.576175,1252518696.401489,416E5B7ED7
1252518963.190919,1252518973.638183,DE02BE4FCF
1252519122.452145,1252519132.622558,3CED9D9879
1252519296.703122,1252519304.262939,ED766A3EDF
1252519333.825198,1252519341.75,AA7AC49ABE
1252558466.869144,1252558475.596435,4596D90A8E
1252558889.710941,1252558899.167968,A75CB46754
1252517344.216797,1252517352.521484,2A044534C2
1252584832.7763698,1252584843.07666,B779373F7F
1252584920.5498078,1252584927.731445,675A652F45
1252584995.053342,1252585004.126464,D3A04B6A1A
1252585008.794921,1252585016.100097,98B28A809E
1252585060.61719,1252585067.940429,B1B7A315AD
1252542105.915035,1252542113.197265,8D077E67A5
1252542162.961917,1252542171.790039,3537C63E51
1252596734.5915482,1252596742.299804,C04129FC6D
1252598709.7939491,1252598717.068359,6E244695B3
1252556844.577886,1252556853.336914,D0596FD794
1252557012.994142,1252557020.029297,31EC94633A
1252557179.4453158,1252557187.61914,44CD182364
1252557353.136715,1252557366.882812,139E5F543B
1252557488.593753,1252557495.804687,55181F190F
1252557657.825198,1252557665.873779,320F044456
1252557729.953125,1252557737.286132,F3CCD7CCB4
1252512864.575192,1252512873.124023,9FF4A3955F
1252511153.867185,1252511162.237304,C8E845D122
1252592404.8124988,1252592412.923339,78E77B6CF0
1252592550.5048828,1252592559.326172,6286F2A67D
1252555518.1757782,1252555526.663086,6E309B39C7
1252508899.6162128,1252508907.27539,049A9D645A
1252504852.021116,1252504859.308593,64C2F56C54
1252504917.588138,1252504925.015625,EE47377F21
1252505102.67285,1252505111.776123,D1602B82C8
1252505236.2924838,1252505244.601562,FBFAB0C9D8
1252543304.316403,1252543312.020507,2E389FD7D3
1252570369.945317,1252570377.473632,867D49A079
1252570381.048831,1252570389.041992,E7AB22DA0B
1252560396.234679,1252560403.882812,6D05FFB203
1252560444.303832,1252560453.225586,044848E983
1252560470.199708,1252560477.425293,0AAB5833B0
1252531903.3983111,1252531911.286621,86E9A01702
1252532044.1201198,1252532052.514648,F2E306D093
1252532052.514898,1252532060.03833,DD2947F927
1252532128.921878,1252532141.113281,20B0A87EA2
1252568485.2451198,1252568493.046875,C341CD5001
1252568663.244144,1252568673.073242,012C3ED0B3
1252539229.336427,1252539236.625,4D6A30EBDD
1252539499.635257,1252539509.460937,D7003EDD31
1252554694.951169,1252554702.003906,4400BADADE
1252589536.562504,1252589547.392578,F6BE668C6B
1252589573.7963822,1252589582.723144,84FDA6EA5D
1252589739.06445,1252589746.770996,378A97AE9C
1252589779.3037071,1252589786.742187,D665167AAF
1252548724.661129,1252548733.305175,50E4DA10A2
1252545555.0859358,1252545562.257812,4BAD4BD32D
1252545834.566652,1252545847.801757,BCF9DDE4F8
1252546061.210935,1252546069.999023,227ECC6972
1252521721.743104,1252521733.498535,00FF1363DD
1252569643.203125,1252569656.674804,3A50EAF832
1252570025.126956,1252570033.470337,22E3B5DBCD
1252559221.157957,1252559230.232666,1E5CF2C618
1252563974.256836,1252563982.13916,867DFBDA8C
1252564099.5740938,1252564107.910156,3E61FE2FAB
1252534268.830079,1252534279.888183,1E9E8F1B78
1252534490.750974,1252534498.378906,1D18D94E0E
1252578798.646484,1252578806.854614,6E263190B5
1252551903.55469,1252551913.637207,9FFCA3C89F
1252566100.169247,1252566109.938476,5B15C3EFC4
1252566118.5585902,1252566129.953125,BC4EA166C0
1252566215.512208,1252566222.74414,443BFA29A5
1252566290.6118178,1252566297.617675,6E445205A5
1252566304.342777,1252566311.467773,BE61DC66A4
1252577525.8164048,1252577532.846679,82C447866F
1252510469.857423,1252510477.093628,6D9EC7125B
1252586207.411617,1252586214.581054,B474734F5C
1252586237.1583228,1252586248.564453,53477A62D3
1252576013.479742,1252576023.05664,A7592E6866
1252530204.5649428,1252530211.702392,39CD6775A4
1252530329.46631,1252530336.838134,F27B0879BB
1252593516.960333,1252593524.022461,57B0061285
1252525457.92578,1252525468.851074,8912E5C655
1252528396.658449,1252528406.936035,7712E2459F
1252551247.955075,1252551255.558593,220BB4EBF6
1252551355.2265658,1252551365.753906,D63C438FEC
1252551525.572269,1252551533.561523,F0BCDDBD1E
1252518109.0498078,1252518116.084961,E5EBA996E5
1252569404.695432,1252569413.290039,D1EDDBF4BF
1252569486.713867,1252569495.141601,E4DC44976C
1252582028.812136,1252582035.967773,CB508BA5B6
1252564527.6904328,1252564535.606445,7DA020F3F5
1252584647.310304,1252584656.36499,B012F722C6
1252513041.848393,1252513053.202148,0BC498A8A5
1252513053.202638,1252513061.362304,9256077D93
1252513091.28125,1252513098.307617,D10FCCFCE0
1252597886.307127,1252597893.355713,9A8FFCA1A3
1252597954.744869,1252597967.99707,1B3F7ED891
1252598389.650391,1252598398.773437,9971B5E4D7
1252598462.582034,1252598470.118652,AE5EF120DC
1252598566.9101572,1252598574.649902,796C17D61F
1252543898.432617,1252543905.507812,5E0434DC7C
1252544075.463866,1252544084.131836,84766A5F61
1252544253.3613229,1252544260.857422,A3C3FF466A
1252546529.531131,1252546536.953125,031F8E018A
1252546610.923828,1252546619.053711,629C41EBFF
1252638530.673828,1252638539.044922,AD9956E617
1252634024.6171842,1252634032.229736,396F1E7240
1252634099.641603,1252634108.1875,3FDF0B322E
1252634158.099608,1252634166.44873,679996946C
1252634340.609372,1252634347.805664,BE1A53F963
1252694251.498043,1252694259.974609,0E84839383
1252694271.7373078,1252694279.822265,74E50EB067
1252654810.934573,1252654818.579101,BCA412162A
1252668330.870114,1252668341.235046,62574273FC
1252668363.054684,1252668372.08789,929A479958
1252660393.1289032,1252660401.241211,0215F52D97
1252660482.153324,1252660489.270507,510E7EFD6C
1252660849.5825171,1252660857.297729,B7EECD588A
1252646951.921872,1252646959.263977,B4A88F7AE3
1252646977.44922,1252646985.743896,637DD739EA
1252622494.401854,1252622503.552734,BCBFF0D410
1252622522.490718,1252622531.666015,360482A5D1
1252669916.3159158,1252669926.396484,21C4C63825
1252669965.3325229,1252669972.566406,FF8B293DD6
1252670021.848629,1252670029.194336,92469727AA
1252670029.194826,1252670037.435058,1910916B94
1252672514.419925,1252672522.231445,D7A8AAAA3D
1252684838.956416,1252684846.409179,23E32031B1
1252636378.048828,1252636385.735229,F7A3157427
1252644048.926761,1252644057.49707,7F18280501
1252621243.3110402,1252621250.355468,9DCE553BB7
1252621534.4804718,1252621543.887207,C10C9F1A9A
1252621633.4453151,1252621642.835937,C0EF8E2FBE
1252674399.38281,1252674407.131591,F9256A31D9
1252674515.923825,1252674523.288574,6BF5E09FE3
1252659143.3227508,1252659150.373352,A3FFF87404
1252659458.2851589,1252659466.03125,F1D437D29C
1252659473.609866,1252659484.333007,A24FE1BA02
1252694631.921872,1252694640.004882,5FBE094B05
1252604671.004514,1252604678.765136,89ED086C5C
1252603837.032228,1252603845.554687,7F21B21530
1252603870.124995,1252603877.450195,F7A93806D2
1252651170.19336,1252651178.324829,6AB78DF24C
1252681554.017577,1252681562.595703,6282D0E8E1
1252608439.5537138,1252608448.987304,C41BE18FAB
1252665889.517575,1252665898.357177,FE30AB541E
1252665927.902833,1252665935.456543,6116362AE3
1252665965.472654,1252665975.249023,34D91F91B0
1252603244.38611,1252603255.933593,D061CA4CE4
1252625622.991695,1252625630.886718,B905F9FF5D
1252618073.542965,1252618080.568359,53E68A91CE
1252675033.982418,1252675046.097656,3CFF870426
1252675171.943356,1252675181.195312,48AE165489
1252675342.13342,1252675355.112304,BC2753437B
1252675360.947267,1252675370.29541,9977E6E08D
1252600766.0185502,1252600775.331054,DF6ADA1AD8
1252600886.8227491,1252600895.716797,A95952C5A7
1252682662.895753,1252682674.476562,AD2FAD8CCA
1252682735.671877,1252682742.895507,D57B73BC6E
1252689894.9052758,1252689902.046875,04531099AF
1252690014.689454,1252690021.947265,E8EFC0105E
1252655981.05859,1252655988.835937,0375EAD4AD
1252656156.177494,1252656164.869384,2D204E9223
1252656169.808596,1252656179.942871,85371CAA3A
1252656190.1301231,1252656197.927734,E100BBAD48
1252656320.9223678,1252656329.936523,85E2FBAD4C
1252656476.142581,1252656488.205078,579A11673D
1252667791.401978,1252667800.029297,16620FA866
1252667985.3492491,1252667992.723388,6831B263A8
1252670736.185543,1252670743.279297,8955BD7402
1252657988.429685,1252657996.162109,757F98281E
1252658124.197262,1252658131.367187,E8CC1A2CBF
1252658150.35937,1252658159.569824,8F48AD979C
1252635401.7490249,1252635409.857605,3DFC470722
1252635463.7851589,1252635472.830078,F067042CBC
1252635638.447262,1252635645.578125,3AD9E9E563
1252607775.501466,1252607782.831054,7579897717
1252683503.9799762,1252683511.854492,5CB1730134
1252626026.652835,1252626034.236328,DE1047E63B
1252626104.787106,1252626113.379882,6728D18681
1252611199.0556638,1252611206.697387,6C046B7AD6
1252642323.1435518,1252642333.072265,CA81DF3B49
1252642449.364263,1252642457.542907,63D51A8433
1252642504.672853,1252642513.355468,232D55D663
1252607305.82812,1252607317.001953,1611AC8A86
1252611586.838867,1252611596.021484,6886E556CB
1252611645.16846,1252611653.109375,8100A8CD69
1252611732.503903,1252611740.576049,7F5E4E740D
1252643294.173825,1252643302.977539,79C8DF3A79
1252691197.3388698,1252691204.857422,19EAB7C569
1252624789.911495,1252624797.313476,8D9D5D8C77
1252624834.594241,1252624843.212402,5DF96774B9
1252624940.758786,1252624948.595214,207C293861
1252609493.184574,1252609500.595703,C670F04815
1252630282.916507,1252630290.255615,667E596811
1252630646.975587,1252630656.095703,648A21F25C
1252623045.962894,1252623057.524414,3752E99412
1252615299.108402,1252615308.567382,7F551E4CB7
1252646424.970703,1252646432.5625,C8D8F7A377
1252641827.677735,1252641835.172851,1D65DE011A
1252642017.279296,1252642024.44873,10C0C8AE27
1252680921.741704,1252680929.816406,17310F8364
1252680999.8251948,1252681007.953369,16CEACD4E5
1252681048.2104518,1252681055.877929,846C630F0F
1252681145.0156229,1252681153.785156,21001820F7
1252681214.208738,1252681224.289062,2EE3CF8C40
1252685556.468755,1252685563.539062,5FF3A8B5D8
1252647237.936527,1252647246.033935,02D7C7FA61
1252635239.480957,1252635247.375,CC18DC6151
1252655128.997562,1252655139.416259,875A567557
1252655150.791988,1252655158.17041,1340C72000
1252655185.119137,1252655193.160278,6B75BD69B2
1252655228.4043,1252655237.202148,0CCF6E762D
1252657279.0,1252657288.329101,254A2974D2
1252657370.3076189,1252657383.079101,55EAA41B73
1252667602.445682,1252667610.65039,6BEA2C5F50
1252622644.7924838,1252622652.998047,1135C1A34F
1252622747.231449,1252622754.673828,0A1F454D38
1252617063.4248018,1252617072.945312,55C3FE6674
1252659918.955811,1252659927.212158,910B6ABAEA
1252660017.704105,1252660029.028808,589592858F
1252660030.284176,1252660037.408203,E250730B70
1252649885.6591809,1252649893.850586,1E9AEB9764
1252649896.76758,1252649905.311157,42C66EDA36
1252699816.8862329,1252699825.990234,7F16ACD7E5
1252613401.824708,1252613409.419555,86DF39502A
1252613604.3527849,1252613615.335693,8576D9C4C0
1252645969.076168,1252645980.301757,350D6533E7
1252646083.812503,1252646092.711914,8C52E2DF99
1252641282.898443,1252641295.678711,E178CD3AA7
1252696980.171875,1252696987.419922,0E74CCCF47
1252697005.675784,1252697014.0,D4EFE8F3C3
1252697097.2700229,1252697105.736328,1598422B40
1252626309.430661,1252626318.062011,34D174BF3E
1252626346.652832,1252626353.896484,6F867AF451
1252671746.423832,1252671753.474609,25C8641B51
1252672033.960325,1252672041.555664,3D7843482B
1252671268.9894378,1252671276.733398,CD6157CFE9
1252642880.630369,1252642889.579101,5BF1361D9D
1252643006.633786,1252643014.591797,C05873DCA9
1252669146.142575,1252669153.652343,979A6F37D5
1252698687.316407,1252698695.526123,D1C37C26CA
1252698886.108888,1252698893.777832,B2200AF59F
1252698915.949215,1252698924.046875,23263FA802
1252698960.248043,1252698967.918945,A88C1EC0D9
1252680409.4287138,1252680417.445312,5A21B9FE0A
1252632731.687016,1252632740.408203,2FCA413857
1252605973.859372,1252605982.547851,7B31A46295
1252648022.25195,1252648032.625,E6290B2699
1252648363.2359588,1252648372.330078,836C5F4D3C
1252662278.446048,1252662286.007812,553942282C
1252604244.423582,1252604252.870727,C86AF42045
1252604363.822266,1252604371.637939,1A61F3B689
1252604526.192565,1252604533.8125,AD245C011E
1252683087.389889,1252683095.284179,CAD1890CB2
1252683172.4985402,1252683181.773437,7C08C2A1AF
1252683191.3327591,1252683198.858398,5625686380
1252683224.749027,1252683231.784668,28356A756F
1252655663.29687,1252655672.974121,525F80D4B5
1252619610.109372,1252619622.999633,1A89BBA23B
1252619769.703125,1252619776.824218,DE3D75FB56
1252619902.446105,1252619909.986328,535EE6FBF4
1252650591.0078158,1252650598.7854,C3B9F61896
1252650615.5087862,1252650622.631836,EFE1AB4E99
1252650796.4274862,1252650803.789062,6BB4521BAB
1252650918.99609,1252650930.236328,67D977D00D
1252651050.225582,1252651057.826416,DDD848CE00
1252615983.848637,1252615993.973632,8C7E78BDBC
1252610809.7373078,1252610817.100586,CFC918D77E
1252668760.167965,1252668768.411255,45829970BA
1252668886.8124971,1252668896.191406,86A82B30CE
1252627873.839843,1252627881.22998,5E85D7A3B4
1252627953.531248,1252627960.959961,597385970D
1252628199.03711,1252628206.079589,A557D0D4E9
1252628210.140628,1252628217.152832,8CBA86B455
1252692815.17187,1252692822.27539,D8F89EACA8
1252693035.874995,1252693043.296875,E6442C6996
1252693281.552737,1252693288.670898,AB988A65EF
1252618767.7160602,1252618776.033447,27893A0489
1252618960.101563,1252618967.5,A14FB5C3B7
1252668692.181888,1252668700.050781,DF6EE77C09
1252638021.7841828,1252638030.05664,3AE6382732
1252638102.546872,1252638110.783691,B27E03FC77
1252605317.585941,1252605325.515625,418D302C2E
1252645368.246097,1252645376.034668,C04427F88C
1252677233.7258348,1252677241.092285,2130CA8228
1252677278.361578,1252677285.512207,556266A3C7
1252638979.642095,1252638990.446289,1A7DC573BB
1252639045.133306,1252639054.908203,F2EFFA5792
1252639063.76367,1252639072.366333,1C7528147E
1252639232.413578,1252639245.683593,3710D1BF0E
1252649041.306642,1252649049.930664,59732ED2AE
1252649195.067386,1252649203.21875,80B58B0C91
1252649343.634771,1252649352.748474,14DA617626
1252629387.843259,1252629395.624023,E2682C333F
1252687962.710935,1252687969.839843,F44A52F540
1252688021.787106,1252688031.44873,15637C4A55
1252669260.076662,1252669267.460937,B351F57085
1252669608.819952,1252669616.888794,FA2D9D833F
1252664630.75,1252664639.304687,D9C8D5EE8C
1252664663.5519998,1252664671.415039,5C08C6E162
1252664770.566899,1252664778.38623,38A8A55748
1252629689.911138,1252629697.623291,8A9835131B
1252678641.3125,1252678651.554687,635A52B57F
1252617350.2168,1252617358.0,FCFF90BF1B
1252617524.317379,1252617532.46582,C9EC17AD4A
1252617534.203125,1252617541.359375,D789EF3C7A
1252634662.958987,1252634670.128906,B86D024F3A
1252634687.9863322,1252634695.10791,2EEC7AFAEF
1252635061.839847,1252635071.378906,0DCD873896
1252635121.75195,1252635129.420532,16EC6EA030
1252698603.864742,1252698611.932617,37D407E500
1252682445.123043,1252682452.793945,5D7B540169
1252625572.375,1252625579.875976,11DA02A1F0
1252619094.792972,1252619103.939453,9EA3C1A9FA
1252660308.298825,1252660316.034668,AB474E6B8C
1252611881.582035,1252611889.25,0C408725DD
1252665065.85327,1252665074.446777,B24ED81B79
1252658343.891602,1252658353.762207,3DB36E7A5F
1252658556.130002,1252658564.798828,23BF67CC33
1252658627.446292,1252658638.329101,7AC8F560CC
1252658832.468751,1252658839.550781,424D337691
1252607943.10937,1252607954.23291,5EBEDA0BBE
1252614944.571286,1252614952.305664,EC559B8FD3
1252615140.4765658,1252615148.0,9F0A93B6A3
1252650116.028326,1252650123.803711,D5407B1055
1252650177.38721,1252650185.246093,CFF296EBBA
1252690685.9399428,1252690693.783874,6A5F1952FD
1252690817.658692,1252690824.75,90627EC1F9
1252671592.082028,1252671602.423339,E9A4465ABB
1252601122.8642578,1252601129.913086,11F22E6AB5
1252699435.243405,1252699444.530761,FC8BF8C6C4
1252631492.533207,1252631500.60791,AD232D56A8
1252624131.5937529,1252624139.15625,2CD9D09878
1252624330.5,1252624338.665039,C33773069B
1252624641.3505888,1252624648.882812,A7DEE90C3E
1252661297.178953,1252661304.586914,0B109043E8
1252661351.142339,1252661362.542968,FFBE39F46E
1252661402.9801,1252661410.771484,17B6D00F80
1252661461.0869138,1252661468.265136,0A2EFED986
1252696091.359378,1252696100.013672,4C374D259B
1252623520.7265592,1252623528.577148,B47102B0F1
1252623544.500003,1252623551.594238,37B04D66A3
1252661659.1252449,1252661666.885742,F38D666F75
1252644369.375734,1252644376.765136,ED84077D9A
1252644623.203122,1252644630.722656,735E5D79C9
1252644652.370909,1252644661.726562,8C23EF6439
1252644727.6738288,1252644735.647461,5578C4F040
1252689313.076663,1252689321.196289,19CD13B92B
1252637613.574215,1252637620.752441,630C956CFC
1252616281.3215308,1252616288.399414,5239BCC1CF
1252616389.505372,1252616396.535156,63CE60A0E9
1252616508.5554152,1252616515.652343,52E9BAB7D4
1252665312.3024862,1252665319.659668,DEC5767514
1252665392.2741668,1252665399.845703,726AFA27B8
1252665476.482418,1252665486.918457,64397D15C3
1252665777.6113288,1252665784.735839,D54F1F4FC9
1252610010.072384,1252610018.359375,03CB75F4EE
1252610121.391233,1252610129.96875,8CEE17BE8D
1252610160.859865,1252610168.07666,71F9A8A778
1252610241.367184,1252610249.478515,F14BA01730
1252614463.675054,1252614471.682617,5B2C4F6890
1252610313.806154,1252610322.546875,698E7F89A9
1252610398.096679,1252610406.797851,3168CED21F
1252661824.226566,1252661831.638672,B694A9BFE4
1252662028.754886,1252662037.165039,F7646C34E3
1252696546.916995,1252696558.534179,A7885B58AD
1252646332.9960968,1252646340.839538,13BDD55485
1252683756.34375,1252683763.657226,A341A51587
1252683781.053711,1252683788.808593,3BB23E5ABB
1252683913.37109,1252683929.806152,EDD548CD5D
1252683970.140622,1252683977.379882,BAAFC31365
1252663273.771487,1252663282.512695,8EFAEBBCF1
1252663550.929685,1252663558.6875,2553C45A28
1252640225.8203151,1252640234.281738,2EFA7BDD51
1252640510.1249971,1252640517.521484,135A97F26B
1252700014.941409,1252700023.118164,AC9494D55C
1252700136.595212,1252700143.664062,67C69FCEAC
1252673009.111328,1252673018.601074,9EA709359C
1252673448.0,1252673455.015625,309493B349
1252601664.340148,1252601671.484863,273B537865
1252659832.781252,1252659841.936767,910A66DECB
1252627522.998046,1252627531.568359,DDB7406F10
1252627650.934816,1252627658.522461,3375697D65
1252606256.611815,1252606263.891723,CAA4DDF25E
1252606291.445804,1252606299.123047,CD83A0ADD1
1252608799.835935,1252608809.322265,5C6F0F8B70
1252608902.9013698,1252608910.171875,10DF16B015
1252609112.5673869,1252609120.098877,5275A8A675
1252609144.8045628,1252609152.101074,232F7C4742
1252639781.477052,1252639789.904235,D73E6098F8
1252639896.384762,1252639903.812011,16A7D70FB5
1252640002.541504,1252640010.04248,6724696572
1252633627.97266,1252633637.774414,81C6C5C102
1252648756.554687,1252648764.130615,9C977DF913
1252657616.077146,1252657624.194336,E3F7D51963
1252657663.3261688,1252657671.314941,0199573C44
1252657697.001956,1252657707.541992,FB6282AAE0
1252657834.4418929,1252657842.304809,8068B0B81A
1252663776.0439448,1252663786.591797,66DCD77AF1
1252629813.082035,1252629822.374023,03C20E9881
1252633392.519535,1252633403.801757,74B511F569
1252661078.7468278,1252661087.133789,10BE61D5B6
1252647628.6835968,1252647635.731445,6A040E7B33
1252618651.590823,1252618660.234375,CF7E1CB1B5
1252679634.912112,1252679644.134765,C87A586D95
1252679685.407228,1252679693.169922,7B622EB5C9
1252696345.627933,1252696354.121093,E0BBA18207
1252696424.916012,1252696431.941345,43FF39DB36
1252676657.062503,1252676668.367187,43FD75AE06
1252676759.050785,1252676769.682617,C039451F93
1252626796.812503,1252626804.350586,4D8C90FC32
1252627050.641607,1252627059.753906,19C53DD5C7
1252627177.4999971,1252627188.70166,CB55D7E5CA
1252617259.139406,1252617266.65039,01AE682105
1252621020.379396,1252621028.430664,E1E0C96A47
1252621030.166507,1252621038.275634,635CC56799
1252638798.6578338,1252638806.13269,B73F2E0BB4
1252638851.1874971,1252638859.271484,2C1FB70661
1252638875.980596,1252638884.455566,25989F1881
1252638895.145025,1252638904.812988,65333AC05D
1252609604.1782238,1252609613.570312,ECD5D404BB
1252609808.270025,1252609815.963867,EDA6CCC441
1252613805.291263,1252613812.779297,F7A7B11E13
1252698377.633786,1252698385.708984,62733BF765
1252698460.322996,1252698468.154785,0A7E89F153
1252698475.6831071,1252698484.592773,C3A72F40C3
1252620525.875977,1252620534.438964,1E985BE65A
1252620802.9599638,1252620811.082031,505941CE4F
1252693858.8437471,1252693867.323974,7821507AB1
1252601144.294923,1252601153.43457,BA8D3EF732
1252687569.502926,1252687576.628906,C06802DB2F
1252685977.568362,1252685985.875,C9585423D0
1252628809.5341828,1252628817.644531,46592ABD74
1252629161.329839,1252629168.973632,C56AB31C5A
1252692503.944097,1252692512.414917,2FDA18A64B
1252692739.550294,1252692747.037109,1FC766DC95
1252619286.3627958,1252619295.423828,CD04F06EC1
1252619309.09375,1252619317.652343,54B8F75D40
1252619431.974126,1252619439.049072,EC212EFADE
1252619528.72461,1252619537.628906,74E96139BA
1252612775.012692,1252612785.246093,D08A0FE4E6
1252687150.6057708,1252687158.84375,FCAEEEB08F
1252691926.006834,1252691933.195312,306211E0AA
1252620358.169922,1252620366.835937,7DB0304091
1252620381.546878,1252620389.172851,5FADE64DE5
1252620419.61133,1252620427.373047,76EB9468AA
1252631860.230472,1252631867.752929,193B3DC58F
1252675422.464844,1252675431.741211,238C79C28D
1252750299.674315,1252750308.454101,322DD17ECF
1252742488.791993,1252742497.274902,5E1A6F6EE2
1252742628.105107,1252742636.756836,69D36A38F0
1252742767.532227,1252742775.452148,62D1202CBF
1252742855.171879,1252742863.149414,E59C7DA0A4
1252761645.852048,1252761657.402343,BDF344FA95
1252761793.12549,1252761800.126953,F652E85653
1252761840.982423,1252761849.703613,707E5689B3
1252761857.579526,1252761864.942627,22EB6668A9
1252731896.526364,1252731904.641601,84C5682CA0
1252710919.153319,1252710932.189453,9E1C267627
1252734551.226567,1252734558.644531,032B533817
1252734646.879886,1252734654.328125,C4914BFDB4
1252734673.630856,1252734680.774414,DD26BC0D34
1252726750.390625,1252726759.007812,9CBD950D31
1252740978.1523468,1252740986.93164,B1AAB6A652
1252741258.249995,1252741265.428711,9F673CE9F0
1252741284.448239,1252741293.03125,F5FB9904FB
1252755786.226563,1252755793.683593,8F7C6FB03B
1252755957.043946,1252755965.395996,51CA57C033
1252751490.1132782,1252751498.125488,ED14426AAA
1252751527.061527,1252751535.628906,067DA04CFD
1252737684.057614,1252737691.821289,0036B70F3F
1252728529.0341809,1252728536.78125,D5BFAE9E07
1252728563.044925,1252728573.328125,33E5742E10
1252740169.850586,1252740178.148437,84E8951A80
1252746504.472653,1252746512.34375,A5D2B36CD3
1252733051.893804,1252733059.399902,4DB19B612D
1252714111.901854,1252714119.002563,007F5D4C71
1252741407.700689,1252741416.308593,521244B318
1252741581.003904,1252741588.636474,F60AF5A6C6
1252741672.656251,1252741682.375976,1B9BCB9E0C
1252739806.003419,1252739814.439453,58D411E3FA
1252740039.1562529,1252740046.444824,A57D156C3E
1252706992.688474,1252706999.759765,7D7B7FD307
1252707178.715823,1252707186.453125,FE06DBDAB6
1252755341.671876,1252755349.853393,A2DB2F66E5
1252755653.082035,1252755660.959961,678296EB9B
1252729983.7070282,1252729991.851562,FDB0E18F09
1252730103.321417,1252730111.892578,A044705DE8
1252703333.222658,1252703340.280517,3E9D965450
1252703492.552734,1252703500.346191,6268D56338
1252715452.852536,1252715463.572509,EBEAA3D265
1252711935.5085402,1252711943.169922,BE9DD7640A
1252739622.535406,1252739630.921875,C14ECFD68F
1252722634.762692,1252722642.005371,6258104CB5
1252749938.7805772,1252749950.909179,E82F236856
1252750034.7929718,1252750042.536621,5727B81ADB
1252750058.884762,1252750067.618164,BE30DF252C
1252722243.132809,1252722250.656982,25D69AF353
1252745347.343755,1252745355.5625,2D60AA54F9
1252702879.892339,1252702888.847656,2851BF9F47
1252703219.166992,1252703226.26123,AABDAB6C29
1252752408.655272,1252752415.805908,0462A8107A
1252752688.637333,1252752696.457519,2F61F5C2BD
1252701222.400389,1252701229.797851,E73E4135E0
1252701342.984376,1252701352.974609,D005AC6E1C
1252724641.278196,1252724649.198242,4553924C0A
1252745009.595706,1252745017.886718,704B24479A
1252745167.815191,1252745174.96643,7AFAC11C50
1252745174.96655,1252745182.367859,C7B34D022E
1252745182.62891,1252745191.85559,6242259DD4
1252745243.9821732,1252745252.832763,EB5DB7520E
1252721993.47168,1252722001.002929,9C5A0F6410
1252736918.531252,1252736928.348632,50F1A8A851
1252737021.744624,1252737029.057617,926288AB83
1252748048.561527,1252748056.509277,4346EFB366
1252748159.450192,1252748169.437133,14F31CB327
1252748333.851559,1252748342.738281,834CED797C
1252733399.3974571,1252733407.783203,C115DA716E
1252747499.346068,1252747508.85913,BAA1DF2556
1252741772.48462,1252741785.590332,F860B3E970
1252741785.590572,1252741794.773437,0E3156620C
1252734435.481937,1252734442.48291,6CAE54F2FB
1252721227.962894,1252721237.117187,A85CD6724E
1252714281.866212,1252714291.079345,0FBF25291F
1252714418.804684,1252714426.566406,C43EE99E4B
1252714088.781741,1252714095.99414,1736075267
1252744215.422971,1252744225.039062,E34F3CE1C4
1252744346.474612,1252744358.322265,09BAE0018E
1252744390.066402,1252744397.211914,EDA36A42DC
1252718914.967777,1252718922.094177,83CEEA6AE5
1252719000.503423,1252719008.424804,332161430B
1252719139.645511,1252719148.471191,8BEB9609B1
1252756335.517574,1252756343.0,97712C6413
1252750465.195802,1252750474.173828,6EC2B02E08
1252732329.558108,1252732338.516601,983E313A3B
1252732345.6817598,1252732356.108398,3154A4A7E4
1252729529.087399,1252729540.685547,EF62670110
1252729808.960695,1252729818.417114,6C4B22353E
1252729919.339847,1252729927.03125,11F5DA4A8E
1252737858.121095,1252737866.203125,DD128A698B
1252747193.725347,1252747201.246093,6E8A230C34
1252738450.46094,1252738459.5,690AA74143
1252738659.2343712,1252738666.320312,E1869CF240
1252738738.630862,1252738745.726562,78813837C4
1252745444.756837,1252745452.065429,58E9783025
1252745553.8662071,1252745561.341797,2F70617ACC
1252745806.400394,1252745814.277343,02ECC8F8FF
1252745872.001464,1252745880.136718,C9E50BC4B5
1252745942.446783,1252745950.695312,E112A984BA
1252745974.179684,1252745981.228515,443D461881
1252758897.2851522,1252758904.609619,8B742425A0
1252758984.120116,1252758992.312622,674A3C1CCF
1252758994.40381,1252759001.453979,66078F3040
1252714712.599609,1252714720.140625,EE12956F23
1252714733.9609358,1252714742.936035,D60915CA3A
1252750978.8037138,1252750986.421875,12BDAD440B
1252751051.7421908,1252751060.21643,9EB747D6FC
1252751176.0039089,1252751183.008789,D7D77FC0CE
1252734818.567386,1252734825.582763,477CF2BFED
1252734858.2998052,1252734866.161132,5B1BA84725
1252735150.809083,1252735158.520996,954B57BFBB
1252735262.981448,1252735270.115234,09C791CD80
1252735319.701902,1252735326.976562,166BEE551A
1252719928.551275,1252719935.892578,DC64E20AC0
1252720138.234375,1252720146.706054,2BBF9A6F50
1252720163.208011,1252720170.273803,E123C2099C
1252723816.744144,1252723823.930664,7DD512373A
1252724185.275394,1252724195.213867,AEFF14962E
1252712310.5788622,1252712320.717529,7CE7607C7F
1252712499.827024,1252712508.574218,9DA86B23C5
1252712690.947269,1252712697.994629,0FEF9852A1
1252720589.5,1252720598.943359,A62A4040F9
1252755170.2048929,1252755177.297363,E3BE37544D
1252755222.601564,1252755230.886718,389292E002
1252717217.13281,1252717224.360351,6F500149F5
1252744121.340822,1252744132.192505,F41E209A0F
1252748718.026121,1252748725.135009,A052B1FE70
1252748761.342287,1252748770.907714,D2BA3E9FD8
1252748781.668208,1252748791.095703,A2F34C6CD7
1252748962.2338848,1252748972.173828,985E5A16C0
1252749019.0517569,1252749026.371093,CE9D95F139
1252749142.676031,1252749150.095703,988F7D9051
1252749163.829102,1252749170.958007,25129CD6C3
1252716657.1664991,1252716664.627929,C1BDF226FB
1252716911.134524,1252716918.828125,A6B007929D
1252717009.3300738,1252717016.791504,1F52002802
1252717046.9152849,1252717055.896484,15EDFF7812
1252788023.610841,1252788032.342285,AB294340D9
1252788226.440191,1252788234.092285,0AF2278E82
1252788626.0246582,1252788635.824218,C94D3EF506
1252789134.912106,1252789142.039062,6DB4D93F98
1252789633.4140658,1252789640.909179,1CF3C04C0C
1252789641.668942,1252789649.883361,99751D5959
1252789792.080442,1252789800.889648,B711EF6B8F
1252789860.137327,1252789867.299804,0EC1F1FB25
1252790069.52734,1252790078.736328,925A315A9A
1252790629.220706,1252790637.667724,F1FA0CAC10
1252790762.130374,1252790771.116211,E5EC3AA7FA
1252791240.3544948,1252791250.479126,D472AFBB8B
1252791285.480465,1252791294.28125,653C0107E7
1252791473.083125,1252791482.490234,B40525F42E
1252792023.850586,1252792032.28125,C0DCE29449
1252792220.25,1252792227.444336,2261911CD3
1252792516.87634,1252792524.277832,4F8018E862
1252792718.321292,1252792726.717651,11E176258F
1252793058.813966,1252793066.585937,931C80D7E4
1252793405.162112,1252793412.328125,64F231009B
1252793767.518551,1252793774.566406,905830C040
1252793814.208984,1252793822.764038,1714F1BBD6
1252793984.648434,1252793992.438476,F0370662D7
1252794085.597286,1252794094.531005,8548C7F376
1252794694.661135,1252794703.091064,764E25E706
1252795012.845216,1252795020.265625,8B32C96F9F
1252795308.136722,1252795315.864868,44572795E3
1252795484.53223,1252795492.71875,782BA7BD1A
1252796295.013675,1252796303.095703,9AA2A57C18
1252796840.93359,1252796848.217285,A183802976
1252796925.59375,1252796933.18164,960CC34DDC
1252797326.6842642,1252797334.798095,BB75A97408
1252797358.205564,1252797367.499511,4A185766F3
1252797384.05274,1252797392.297851,7D311113EA
1252798273.732422,1252798282.547851,0B1979B93B
1252798450.2773428,1252798459.886718,A42CFFDC0C
1252798998.014645,1252799007.749389,73247A0BAC
1252799350.725582,1252799358.773437,C42603ACC0
1252799504.357915,1252799511.359375,342F459997
1252799565.793702,1252799573.174072,30523E143F
1252800160.06836,1252800168.106445,C6E42C6908
1252759625.525392,1252759633.242187,C33A9BC377
1252747128.449215,1252747136.070312,84DB3005A4
1252731082.551761,1252731092.981445,4FE4AB356C
1252731505.295902,1252731513.792968,E0BAD3B880
1252731740.108398,1252731747.71582,A3891FF541
1252704868.439939,1252704875.875,0528123979
1252700346.477535,1252700354.744384,959425D5B3
1252746067.4374971,1252746074.675781,4300D91E3C
1252746302.960942,1252746310.763672,A300A2F519
1252746316.9755888,1252746327.183593,3A382B54FE
1252727990.238278,1252727997.377929,9ADB0A736F
1252728416.680665,1252728424.880371,2423CFE242
1252728477.166994,1252728485.048828,4EA23988E1
1252717467.826172,1252717474.895507,C753B0E944
1252763039.2543929,1252763048.766601,C6F521ACED
1252763054.211545,1252763061.35498,E7C6D11644
1252705632.673825,1252705640.000976,ED0E17C04B
1252721598.021488,1252721607.601562,EB81D3E7F1
1252723711.826662,1252723720.594116,5D463F6C3D
1252708063.8588822,1252708071.268798,13098FFCB7
1252708100.187502,1252708108.219726,9362DCFA62
1252738026.697262,1252738035.595703,B14FF4A6FD
1252738091.9169948,1252738099.8125,314073CA6A
1252718569.12647,1252718577.76416,6BC94CB0B8
1252718595.76562,1252718602.890625,B1F8D14DA2
1252718610.6132782,1252718618.632812,FA746B7F24
1252752792.878911,1252752801.536132,F6CAFA64BD
1252752872.761722,1252752881.054687,690E2729D5
1252752994.28125,1252753002.761718,B7F08907A4
1252718282.888185,1252718291.422607,FF9750ED78
1252733648.7968771,1252733656.313476,C2732F0943
1252733852.244146,1252733865.300537,2634358634
1252733869.110357,1252733876.256836,6E8F9A6C8C
1252734112.106447,1252734121.521484,D7B8364506
1252708813.7250988,1252708821.269531,346CCEA19F
1252708914.7594578,1252708923.051757,4C14D12E8E
1252762106.471433,1252762116.376953,CF5432EA64
1252762147.41797,1252762154.642578,4BF03A84D3
1252719363.2458482,1252719370.448242,C08EFCC9A5
1252719389.497562,1252719397.232422,229E9620B4
1252740832.25,1252740839.288086,6B1CCDF87C
1252703867.291994,1252703875.702636,EA5AD1B4A6
1252710760.9990191,1252710771.618164,4FDDE8B7C0
1252704502.5937471,1252704510.75,9E7B49CFCE
1252752257.2353508,1252752265.065429,97D2293520
1252749265.8564448,1252749273.623169,8E6D5E2926
1252730576.706054,1252730583.814697,86CC6573EE
1252730588.239742,1252730595.365112,30ECFB1930
1252730694.9873078,1252730704.78247,3B728E0AF4
1252730798.28125,1252730806.783203,A8ECF27F38
1252730810.815427,1252730818.824218,CACE060A1B
1252710371.665159,1252710380.096679,1038C8E3D2
1252710430.073732,1252710437.965088,BD921093A9
1252743445.311037,1252743454.577636,337602A2A3
1252753797.080081,1252753806.042968,C627FFE22E
1252753958.620114,1252753966.716919,4F8BDEB4AF
1252723121.988284,1252723133.731445,648FB21C01
1252723189.125,1252723197.509765,3323476196
1252723314.008794,1252723325.514648,6AA700F600
1252723325.515628,1252723334.135742,5495E15F88
1252743632.982423,1252743643.487304,79AB4CC535
1252743710.746578,1252743719.089843,43BB5143EB
1252743788.594235,1252743797.800781,4B81C071F9
1252709113.730472,1252709124.24707,75A5502CB4
1252709390.203619,1252709398.140991,E0975BE788
1252709426.224973,1252709435.103027,748535D1B4
1252709466.099612,1252709473.474121,33E5C5698E
1252705947.958253,1252705955.228027,D07ACA58A1
1252706528.4448278,1252706537.926757,C5B8BF69A3
1252705089.835695,1252705097.855468,911324E938
1252740713.6328158,1252740723.876709,7CB872A14C
1252728772.9599571,1252728780.165527,41C64B6B2D
1252750699.545412,1252750711.137695,80500212CB
1252710250.987302,1252710258.488769,F7D0E607B3
1252710293.105474,1252710301.259277,DD49FF62C9
1252710315.0161731,1252710325.15625,ED159EA9F3
1252758125.8930688,1252758135.970459,C52C2B9654
1252758137.0056129,1252758145.32666,FE0CA69D23
1252758273.641598,1252758282.324707,F04462F4F8
1252701990.639652,1252701998.24414,C432431A8E
1252712979.233395,1252712986.679687,43D6EF8132
1252753517.047856,1252753526.79541,883C968FF8
1252742000.807125,1252742008.369629,06B21A8916
1252758528.568363,1252758535.964355,E4A1981D33
1252758554.562502,1252758564.351562,A96E02C2BC
1252761078.820315,1252761086.020507,7B0E1E8121
1252761114.75781,1252761122.503418,A0C4F88054
1252759833.797365,1252759843.334472,E236A9767A
1252760431.1914089,1252760438.620239,A07BB24662
1252760476.3974578,1252760483.689453,5601C50B75
1252725159.66016,1252725167.810547,8387082120
1252756821.6926222,1252756831.514648,80E25CF60B
1252756845.958987,1252756853.574218,49E4EC2501
1252757071.8125,1252757078.96875,1A401F1E8D
1252757139.723758,1252757148.199218,50F8041C59
1252757284.113285,1252757293.782226,ACF04D4E49
1252725792.335942,1252725800.084472,49083C0932
1252725905.964847,1252725914.840332,38F8AE4266
1252725934.471677,1252725944.015625,7C145C6787
1252726059.3002949,1252726066.679687,5430C13E70
1252754232.393312,1252754244.681152,66EC3AC659
1252754344.550293,1252754353.366211,F3E19D8591
1252754382.583868,1252754390.311035,88378DFD17
1252754414.958497,1252754422.262695,D8FECB9559
1252754462.638671,1252754470.599609,F4F4F5E34A
1252757765.581542,1252757773.706054,05FCB5C474
1252716295.365964,1252716303.21582,3A45ED77D6
1252716315.871336,1252716323.498047,558D75BBDC
1252732504.3457,1252732512.786132,C27DC77201
1252732531.279293,1252732540.226562,83432281E1
1252732591.34412,1252732600.117187,FE1B0114B0
1252732659.547855,1252732667.380859,837BF09AFC
1252732919.351076,1252732926.507324,658E8044E1
1252756540.0673811,1252756547.22998,0D000C38BB
1252756644.7045891,1252756652.35913,1186C08387
1252754705.119137,1252754712.811523,7A712BE516
1252754777.167482,1252754784.284179,D211C02459
1252727433.270381,1252727441.056152,57E1338A4B
1252727760.460935,1252727768.822265,3C03602A5E
1252726854.0849562,1252726864.089843,10BBEF1B5F
1252726906.082035,1252726914.499023,D34700BDC5
1252707627.25,1252707636.135742,03B1A629E9
1252707684.622068,1252707692.199218,19A273CA9C
1252783003.082519,1252783010.916015,5867C23AC8
1252783424.125,1252783432.4375,B8C6F5FFA4
1252783708.035649,1252783718.625,35B5DDB32F
1252785219.961917,1252785227.718261,642883E5D3
1252759269.190426,1252759276.771484,3ADFEEE67D
1252739148.724606,1252739158.039062,1BB93DAAE3
1252739304.65674,1252739314.527343,D5A5030786
1252739330.035161,1252739337.854004,E544926680
1252739438.634762,1252739446.368652,4C0FCD99C4
1252721529.826168,1252721538.411621,0D486AD478
1252713261.188477,1252713270.246093,4F0E64B292
1252713589.813478,1252713597.368164,613517B180
1252713760.048341,1252713767.448242,C065D4858E
1252729332.296873,1252729340.585937,6349677F0B
1252729385.785153,1252729393.253906,554D377399
1252892691.133306,1252892699.101562,2C1E6A80EC
1252892705.872072,1252892714.355468,A357C6CB03
1252892762.384764,1252892769.647705,E5E6F2B65D
1252892773.048342,1252892780.618164,9F9D783838
1252892785.40918,1252892794.260437,F8005A0BC8
1252892838.775387,1252892848.621582,B61B9B2A4F
1252892908.200804,1252892920.424804,56EE80920A
1252853868.882816,1252853876.75,E76AB6D6B3
1252853879.25,1252853890.416015,AF209ABCDF
1252854019.09082,1252854026.142578,BC93E86F2F
1252823638.671388,1252823646.9375,9C050EC090
1252868594.081055,1252868603.410644,9D1814A5BE
1252897595.72656,1252897604.4375,2A85785FE0
1252854146.4375,1252854156.502441,14DCCA611D
1252898336.216794,1252898343.875,F13B9B0AB1
1252824532.3505812,1252824543.46167,323215EFAF
1252897965.801271,1252897975.358398,AF1FF3589A
1252898200.676152,1252898208.21875,D0F91E9635
1252863050.925778,1252863059.066406,DF2D25939E
1252870750.0,1252870757.967529,29A1681A28
1252891145.961431,1252891159.18103,FD37DC9319
1252891204.472661,1252891211.582031,9DA8AA8CE8
1252891352.59131,1252891362.470214,27E108B789
1252868952.4769242,1252868960.790039,3E97746EB1
1252866405.125,1252866413.048828,4AC8BC82B7
1252802697.851436,1252802705.003906,4ED44D1A9E
1252803357.353514,1252803364.409179,C3D42B9569
1252803684.803709,1252803693.083496,750C3EDDE5
1252891551.4999971,1252891559.467041,19980CC571
1252891686.723636,1252891694.928894,47B32B2814
1252891700.0976532,1252891711.926757,37E4EBA732
1252891718.850469,1252891726.739257,214D84725D
1252891801.574219,1252891810.229492,E92C584BFD
1252891839.371463,1252891846.841797,73682E568A
1252891874.9837,1252891883.24707,E71697B798
1252838855.473636,1252838862.558471,952E29BBFD
1252838895.466796,1252838903.517578,28DCEC10AB
1252852819.4326198,1252852828.230468,A8E5155B32
1252852917.442388,1252852925.333984,6F74FA4849
1252852929.65698,1252852937.235351,3E9CE998AC
1252853080.665035,1252853087.737793,82C6732B5B
1252849797.235355,1252849805.201172,7E8F6A2530
1252849844.928951,1252849854.811035,1D84ABDC64
1252849984.240231,1252849991.485595,AA6A31D1EF
1252859224.840823,1252859232.632812,C91D0EC86E
1252859469.035153,1252859477.224609,CA6BB6A136
1252867388.93652,1252867396.219726,5901FE965A
1252871918.308594,1252871928.230468,64C445E992
1252856627.436526,1252856636.812011,ACE0008F74
1252856644.541507,1252856653.813476,DC71189FFE
1252893793.5937471,1252893801.941406,F44CD938D3
1252894025.9707,1252894033.314453,CA92F36E6E
1252855419.5263698,1252855427.433105,B27793B5D6
1252855439.2502449,1252855447.197998,C38AA12BBF
1252860858.629884,1252860866.859375,2C30F91F0A
1252863650.34375,1252863657.480468,8227D2D0B3
1252900122.636232,1252900130.395507,749634BA1B
1252900394.27441,1252900404.327392,C4300E72E8
1252859608.509769,1252859616.53125,7E3456235D
1252833383.327148,1252833391.371093,09CB580C97
1252896300.9985402,1252896308.534179,076EE32A89
1252844482.611325,1252844490.335937,78546AFC0D
1252890038.668454,1252890047.53125,B80A799A9A
1252890202.199949,1252890209.314453,C0C56C8C5B
1252857124.9248078,1252857131.96875,F85EBA4132
1252857269.404293,1252857276.832519,687E869930
1252857531.195317,1252857538.498047,78757579CE
1252823999.732418,1252824007.861328,B73C4AFA9B
1252851870.353029,1252851877.772461,94881698E2
1252852164.122067,1252852171.561767,F9D95965A3
1252852314.627926,1252852321.665771,11C93B2CD8
1252852388.1328158,1252852395.640625,7076D92393
1252843018.537839,1252843025.721679,F256177AC3
1252843037.460934,1252843044.88916,5DC4F95487
1252843200.449712,1252843208.836914,BBD9256356
1252899006.885738,1252899015.270019,7F13864161
1252899170.4355469,1252899177.540039,26C879C1F8
1252870090.125546,1252870097.666015,534C7CD095
1252860158.173829,1252860165.552734,1C42D46C05
1252860194.7812529,1252860202.695312,CC5F7E2287
1252816060.752926,1252816068.402343,95FBE20C93
1252816963.7705078,1252816972.313476,C4D4CB2BCB
1252818764.820309,1252818772.848632,6194C48420
1252820337.892582,1252820345.810547,E9FBC507C6
1252820383.159429,1252820390.424804,38E4B04109
1252821126.817386,1252821137.524414,73857D684B
1252821643.1227982,1252821650.529297,665E216F43
1252821826.270513,1252821834.899414,435EDF1C62
1252855751.1123078,1252855760.550781,3974CA3296
1252835826.9772918,1252835834.822754,2B7EAB1A30
1252899333.851567,1252899342.24707,0336B7F44A
1252899420.990964,1252899428.174316,B16ED35186
1252851289.5273468,1252851296.703125,86F69AC9A5
1252851331.720211,1252851339.006347,0744361B04
1252851385.836427,1252851395.391601,E64DE8A14C
1252895318.5810578,1252895325.662719,02C443ED91
1252896182.652345,1252896192.013672,2AB4C46B30
1252833647.2294948,1252833654.644531,965C0A60F1
1252833937.295408,1252833945.084961,7235A5A1DC
1252896864.4514132,1252896871.567871,D27A4D8A35
1252897002.874027,1252897009.956054,5DC4391543
1252897184.921872,1252897192.405273,5A4E246363
1252894303.230464,1252894310.924804,E021AEDD40
1252894340.656253,1252894349.059814,F18822C3F4
1252894384.525395,1252894393.955078,19F2E48BE2
1252894576.8647418,1252894586.046875,6B897643B7
1252854717.026371,1252854724.60205,810E1C28EB
1252861760.078122,1252861767.968261,0811EBECE7
1252856020.751956,1252856028.791504,3EE9903EC4
1252893299.083986,1252893306.128906,2B1267D39F
1252893449.504888,1252893461.963867,965358865B
1252893526.917482,1252893533.937255,DAC54C6415
1252854393.715826,1252854404.577148,2F1DC328C0
1252854445.765628,1252854456.100586,0531C69D36
1252854466.2250931,1252854474.191406,C816B59919
1252836611.579593,1252836619.96875,837349709B
1252895517.088624,1252895525.3479,BEEF316819
1252853420.2841828,1252853427.312378,8953209284
1252853456.5488229,1252853464.003906,1200CAC8B5
1252853553.6298862,1252853561.791015,7B5008E277
1252892587.332521,1252892595.178222,83D316EC20
1252858781.781253,1252858789.159668,B1A2D27EBA
1252869783.4150388,1252869791.020019,FE29D1E605
1252869102.51807,1252869109.637695,6384C4E14D
1252805713.233395,1252805720.508789,CADD66DB13
1252806324.019534,1252806332.953125,7F3482A696
1252806482.9999971,1252806492.525024,21FA73CC25
1252806588.02771,1252806596.262207,A2344694A7
1252806845.933594,1252806854.505859,3210D69171
1252806900.572271,1252806909.03125,4CE3074A81
1252806982.295412,1252806989.381836,49E26685AF
1252807181.453122,1252807188.777832,30BC571FC5
1252807436.5163531,1252807445.078125,6CBCD56BE3
1252808609.238285,1252808616.921386,AC7A18C715
1252808735.1992218,1252808746.092773,34EEBF4636
1252809041.3007782,1252809049.1875,BCC701B297
1252809191.829839,1252809198.847656,1D468A5F3B
1252809841.186529,1252809848.557617,F9E0BF5080
1252810018.756832,1252810026.219726,6339AD673B
1252810740.805173,1252810749.634277,05CA92E307
1252811050.7099638,1252811058.243164,9780A3A18C
1252811904.4375029,1252811911.695312,293DCAE1AA
1252811973.7602549,1252811980.921875,5E76A06844
1252813005.000973,1252813012.224609,CFB42E7B51
1252813053.2099638,1252813060.583007,21BB068E6D
1252813395.724606,1252813403.517089,495B266728
1252813563.917974,1252813572.780517,C5E6388FB0
1252813594.192379,1252813602.055664,65370057D2
1252814648.634769,1252814656.341797,4F4DD0422F
1252843831.800778,1252843838.834961,9C64F38DAA
1252822085.449708,1252822092.766601,43409FAE1A
1252822626.447881,1252822634.430053,E78F5DAAB2
1252890576.614258,1252890584.797851,C2A10D236E
1252890916.812501,1252890925.28125,183B878809
1252890984.277471,1252890991.46875,32936CB0CB
1252860272.968752,1252860280.37207,70969790CB
1252989283.418942,1252989293.101562,3FCCD65594
1252944325.48438,1252944333.27478,C37D7587F1
1252942281.643003,1252942294.094238,F273120E05
1252948192.4242,1252948203.958984,2B7AE346F3
1252948306.349609,1252948314.231933,678FF89DB9
1252906316.346195,1252906328.15747,1AD6709C6A
1252925309.018551,1252925320.279297,4BC3B9B0BF
1252903637.492184,1252903646.121093,BD71F744A6
1252903756.57031,1252903765.792968,2E156DC737
1252957153.212894,1252957162.625,DC7EE0549F
1252943107.000977,1252943116.339843,7E9951614B
1252940550.541014,1252940559.052978,35F98B73E9
1252940681.484376,1252940689.282226,E97A09844D
1252940703.477542,1252940713.475341,A5F373300F
1252940780.318362,1252940787.373047,7BBD0C40E6
1252940886.7168,1252940897.098632,40AC33F75B
1252997777.890628,1252997785.453125,B679B4D0DE
1252997797.998043,1252997806.996948,6459D92896
1252998009.93945,1252998018.007812,A4DD343E29
1252919872.917484,1252919881.582031,C08329EB21
1252919956.793942,1252919964.191406,7435F2B1E7
1252938190.2812471,1252938198.121826,F2E43165E0
1252938225.6992211,1252938234.046875,D29D37F2A1
1252938429.500003,1252938440.605468,6B69C0A128
1252938443.178712,1252938451.428222,A92E1436A9
1252938455.894291,1252938466.351074,26A4A0DACE
1252938726.965819,1252938734.137695,86CDF518A3
1252980641.017092,1252980648.773925,C1AAF6C62C
1252980861.723629,1252980869.379882,6CDC9D8490
1252977928.4711928,1252977935.678588,979515F717
1252978194.475587,1252978204.536865,EF0F5EC7BB
1252942494.500001,1252942502.250976,DCDA24E565
1252942609.676268,1252942617.378906,00E5237226
1252942620.361325,1252942630.890625,6C3FE20F79
1252942955.083987,1252942964.273437,892A296BEE
1252985554.982418,1252985563.475097,3083B5DBE8
1252999892.59375,1252999899.614746,4DD6A7939F
1252999899.615726,1252999907.613281,45BB7001B8
1252999998.507816,1253000006.291015,70DFDBDE6D
1252975589.936037,1252975597.289062,98E873B698
1252975624.5498078,1252975632.924804,416834F94C
1252975702.771483,1252975710.374755,B42F5FDC0B
1252985752.673826,1252985762.154297,BF5A0F20A1
1252985875.7070272,1252985886.252929,AE616127B5
1252986021.366391,1252986031.756347,CEB77EF6C3
1252934739.431642,1252934750.484863,21ED0E8D95
1252981126.206051,1252981135.728027,167973AFE1
1252981151.118165,1252981158.199218,A65220E4C1
1252909073.567386,1252909081.457031,C3E773FE05
1252909134.784666,1252909142.103515,3E5A05A932
1252909142.1044948,1252909151.818359,8386ECABA7
1252957579.2412062,1252957594.105468,976A460119
1252916296.102056,1252916303.612304,3BB04DBF23
1252916574.18848,1252916581.781738,DF437EF8B2
1252969429.788824,1252969440.487304,4423B00F8F
1252916688.884762,1252916703.463867,A2116AC106
1252916709.44531,1252916716.564453,9488B738EF
1252916744.718753,1252916751.810547,5A5D0B36FD
1252932256.114259,1252932266.5,91A2EBCA31
1252932311.068356,1252932318.630859,C66B4F60A3
1252903382.791012,1252903393.096923,92E05FDD57
1252993068.771481,1252993076.334961,D7BBC4FF01
1252950147.329106,1252950154.5625,FBDCB93C73
1252923211.4326198,1252923219.28955,AF3EDB9D0B
1252923222.234376,1252923229.588928,E058992216
1252972680.544919,1252972691.134765,47A65A4A46
1252972708.048825,1252972715.838867,0081655850
1252927837.933835,1252927845.757324,71DB0FE042
1252927970.029293,1252927979.866211,7A27CB8D3C
1252955712.7685578,1252955725.999511,631502091B
1252955804.271488,1252955816.015625,87634E2B76
1252988033.523439,1252988041.856445,1263C26AE6
1252918125.439697,1252918143.644531,7DE78D02B5
1252993686.9392068,1252993694.710937,FB73934A44
1252959474.840823,1252959482.183593,7D53E2DA7A
1252959542.527344,1252959550.519531,2A67125570
1252976916.835934,1252976927.061523,E00D4B530A
1252976978.214849,1252976987.178711,04258C84FF
1252928865.124513,1252928875.168945,BF0470EDC1
1252986593.68066,1252986600.765625,B093C69DF0
1252947454.445066,1252947463.457519,A0AB97B98E
1252975145.195317,1252975152.605468,642A984E33
1252975216.823484,1252975224.305664,72F49A2166
1252971997.90527,1252972005.707031,49F0D560FA
1252972122.420896,1252972133.3125,D282722873
1252972318.193362,1252972326.954101,0C38EB1EA5
1252900737.4066138,1252900744.737793,C15DB241BD
1252926875.3955078,1252926884.257812,89290C09B3
1252941928.4755888,1252941936.46875,31CABFB2B2
1252960011.363285,1252960018.443359,C374D0E996
1252937336.52734,1252937345.764648,0466A981F5
1252944938.609373,1252944946.453369,0965F5528E
1252998131.712894,1252998139.026367,95EABF5AE8
1252939480.8457038,1252939488.110351,85DB55F9BE
1252939568.10937,1252939577.943969,85233F07D6
1252939591.208982,1252939598.536193,2C69C78A6E
1252939598.774417,1252939608.130859,C747225CFF
1252982028.1357448,1252982036.545044,542B1608FA
1252982156.2187471,1252982167.289917,7111FF1536
1252919313.320308,1252919320.40039,2B101BD454
1252986209.0,1252986217.25,E0E5CCD4DA
1252986239.86426,1252986248.352539,FCDA10A45E
1252986443.988278,1252986453.166992,F9DCFC5A1F
1252936988.076175,1252936997.971679,FFE0D07D42
1252937179.686527,1252937187.016601,D4F951E144
1252937241.62305,1252937253.645996,DC0B9ABE11
1252960449.819825,1252960458.125,B75B00426B
1252964486.180665,1252964493.189453,E08095C2C2
1252963607.828122,1252963618.118164,EF4D0D771B
1252963658.228512,1252963665.323181,39C0973640
1252963888.980467,1252963897.001953,E1A18FD8B6
1252937565.612792,1252937575.245117,838A7F2D4C
1252940255.18652,1252940262.296875,BFE72B517D
1252991746.552488,1252991754.10083,865CC04EB8
1252991762.548345,1252991769.566406,4A607C551A
1252918321.5664089,1252918328.625244,0FE11D258D
1252918411.419679,1252918418.956543,DB7F61503E
1252918638.6914089,1252918646.307617,A0D3901F1E
1252918776.639165,1252918786.267578,59F0B01D4D
1252918985.865237,1252918994.702148,9F138ACC36
1252929259.757816,1252929268.446045,FAF6525267
1252908258.170895,1252908265.503906,ED98A5B01B
1252988157.423824,1252988168.329101,D016403F49
1252988221.496095,1252988229.495117,3A7B01F26F
1252988426.585934,1252988435.952148,433BB7F88C
1252988516.626096,1252988526.943359,21299F0FDB
1252904424.1484408,1252904431.326172,38E304F156
1252904497.046873,1252904506.76416,53486E86AB
1252903045.683599,1252903053.760254,840F547619
1252903174.626954,1252903184.270507,30ADB90C4E
1252903267.997075,1252903275.036621,3AA3D88D19
1252927236.050782,1252927245.78247,1C88E5B28B
1252927322.556152,1252927330.881836,0B5CD8BE4C
1252968541.535157,1252968553.271484,4A386AB261
1252968599.69141,1252968606.787109,DC3ED12339
1252968690.508786,1252968697.814453,89F7FCD6A7
1252968817.2993188,1252968824.305664,96AFCC46FF
1252968903.205075,1252968911.906494,FD08C233DC
1252968984.402828,1252968992.221679,1A7A3EA4A1
1252969110.559567,1252969117.625,29A3F5C5A4
1252969322.077638,1252969330.142578,2CF7E4A872
1252931784.851566,1252931793.43164,7F7E277FE9
1252931924.3877,1252931932.935547,AFBAC948F3
1252932193.06445,1252932200.319458,6E675CAC59
1252920212.982424,1252920221.71997,7ECB47D6A7
1252920230.001096,1252920238.27832,B3499834B7
1252920290.09424,1252920297.491211,FCC9837A3B
1252920342.0488229,1252920349.187011,C056D68CE6
1252949403.025882,1252949411.992187,88CEC21AC2
1252932855.98437,1252932863.909668,95380D729E
1252932983.386472,1252932990.397705,B063DE4D1A
1252933055.63672,1252933062.64563,68D18833FE
1252931145.608395,1252931154.030273,BED17FEDD9
1252931226.321286,1252931233.792968,530192D848
1252931465.5625029,1252931473.871093,B045737ADD
1252995906.1113272,1252995913.332031,248DE4D586
1252996045.430667,1252996054.933105,5810CD8C78
1252996058.07129,1252996067.03125,2DC14EEA92
1252939030.363286,1252939038.259765,F2721769C3
1252939109.942873,1252939120.483398,698D87DE94
1252965787.769289,1252965794.964843,6ED533B056
1252910021.076173,1252910028.941894,7CC8AD4EA2
1252936080.24219,1252936087.418945,F4A19E7F79
1252936164.617185,1252936171.753906,75B083B267
1252936183.7089891,1252936190.972656,331F6AB385
1252929920.458005,1252929928.103881,E394AC15B4
1252929980.162106,1252929987.2406,95A96BB0B3
1252930182.95313,1252930191.310547,F5DF004D29
1252979387.931154,1252979395.589843,8B870E1706
1252979469.8457,1252979478.652343,4308E3EB92
1252979625.847653,1252979634.078125,F8B31C9F38
1252979742.181644,1252979750.821289,4D87FF58F3
1252979856.760739,1252979865.78125,C1C83F5874
1252979980.534179,1252979988.124023,2EE47313A1
1252980002.033206,1252980009.255859,D7CD5D8013
1252922461.994138,1252922470.242187,79FAC7828B
1252922561.968753,1252922569.078125,23DFD8AF0C
1252922572.870115,1252922580.898925,22019A2130
1252922610.998541,1252922618.085449,6596F178AB
1252922778.8076138,1252922785.850586,DDA640BF2A
1252966296.7851589,1252966304.017578,050F7D0393
1252966530.614263,1252966538.260742,16B5CE8AF5
1252914320.357422,1252914328.039062,604C0586B1
1252914564.8554718,1252914574.290039,763C4FEF20
1252914684.6701632,1252914692.215088,342DFA72E4
1252907453.308597,1252907460.381836,1AE3B00B98
1252904656.458013,1252904663.979004,656C5E47C0
1252938113.041019,1252938120.944824,F3442E9669
1252950482.523441,1252950490.400879,C00C697AC8
1252902591.855466,1252902600.530273,B01B301FBD
1252902789.958981,1252902799.846191,91DBB9CE47
1252902941.62402,1252902951.694458,9F920F4D93
1252962292.398437,1252962302.632812,DA006C2C31
1252962325.568362,1252962333.784607,165A4B0E37
1252953743.373537,1252953750.409179,7F822034F1
1252953778.344723,1252953785.357422,83BE605434
1252953856.048827,1252953864.013672,ED081D48B4
1252977426.412112,1252977433.888672,B20222220F
1252906974.03516,1252906982.226562,79B18BF441
1252941279.625,1252941287.984375,56BAA9A006
1252936336.815426,1252936344.945068,1F16D2C2DF
1252936541.568362,1252936550.875,189C8AA12E
1252936623.474606,1252936633.067871,E30543A0C4
1252936656.0,1252936663.648925,0907B21707
1252990804.398442,1252990811.967773,B80E65FD9D
1252990884.855466,1252990892.393554,90DE350FBA
1252990928.217288,1252990939.77539,8B2AEBFD52
1252964109.923831,1252964117.646484,2915BDBF6A
1252964161.088619,1252964174.913208,32DA9785D2
1252901813.4830298,1252901821.565429,7C6A7D3E64
1252982942.3125,1252982950.893554,5ADBF025DC
1252982998.233402,1252983008.203125,715938AA8C
1252963459.685543,1252963466.891601,DAC9139617
1252963466.892581,1252963476.008911,40AA13638A
1252911293.416995,1252911302.241211,334F61A24D
1252911495.010742,1252911507.804687,6242BCF486
1252978773.7941868,1252978782.249023,F2053C7F07
1252982584.450198,1252982593.053711,C42887FD9A
1252982655.926763,1252982663.3125,D2E8A647C4
1252921282.164792,1252921289.924804,91CB85399F
1252921461.337706,1252921468.610351,EE413BBA5A
1252935155.0664032,1252935162.292968,C679AFE515
1252935375.40759,1252935383.269531,41F3A44102
1252935393.5312529,1252935402.318359,863E5AB91C
1252973744.824708,1252973754.717773,36C1371ED9
1252973890.028814,1252973897.36914,6B3FDB94C8
1252974059.476566,1252974068.201172,04DCDE10DE
1252919677.44336,1252919684.821777,33FBC6B2BD
1252999793.115238,1252999801.256836,FB9FB17F98
1252901124.763675,1252901133.214843,722956C6B1
1252986821.0312529,1252986829.029785,9B4D53A894
1252986861.099612,1252986868.243164,4FAB42B239
1252987206.66107,1252987213.885742,1D04972AE8
1252913116.516603,1252913124.189453,2A3851BA89
1252993841.2460911,1252993854.948242,59B0F1635E
1252993987.999999,1252993995.163086,5CC9825227
1252994022.568729,1252994029.83789,0575C0D03C
1252994047.936525,1252994056.757446,7BC0795942
1252994470.734868,1252994477.765625,94D78489F9
1252912800.39649,1252912807.545898,8E3536AAB8
1252912834.5195282,1252912842.143066,7109C45D77
1252912868.3133502,1252912880.000976,231E1FDA26
1252946476.858518,1252946484.249511,0B1115DF29
1252946530.25,1252946537.640625,A4491FD391
1252957468.911252,1252957476.022949,51D419CF0A
1252946797.931154,1252946806.001464,C7FB3950ED
1252946897.824216,1252946907.666504,D5059EA035
1252954194.34375,1252954202.449707,5E00A410D3
1252954203.679688,1252954210.873535,F5B1365899
1252954359.228391,1252954367.886718,6C78EC079E
1252925430.739261,1252925438.445312,43ECDCCB51
1252925903.7724562,1252925911.722656,08C3AC8517
1252926125.771968,1252926133.728149,A1EB1C746C
1252973650.8818388,1252973659.873047,7CEC6CB67F
1252999091.636716,1252999099.398437,1EAF750D1D
1252945972.0107448,1252945980.593872,547DA2F88C
1252979219.982786,1252979228.610351,0D8D3E11DB
1252930466.639645,1252930473.684814,5E2914114E
1252930476.225582,1252930483.382812,53986F26A9
1252933977.653324,1252933987.279297,6D1B71277A
1252987515.88281,1252987525.331054,C2A5AE1BE3
1252987731.914065,1252987739.517578,F9800E3843
1252995085.416021,1252995093.010254,17DBE7277A
1252995324.304692,1252995331.756836,3ADC592B56
1252924574.0078158,1252924584.591797,BC9400ED08
1252924586.056644,1252924593.639648,51C3BC9239
1252924635.919922,1252924643.873047,52FC127A5C
1252924714.289554,1252924724.013672,B98F62CFB2
1252913680.331542,1252913692.676757,A62C2E86F9
1252946064.03906,1252946072.759033,220708563A
1252913486.504884,1252913494.589355,4D81817216
1252913506.65381,1252913513.849609,9D166541B8
1252976336.099615,1252976343.362304,E28C260886
1252930758.9812,1252930767.427734,938EB5F59E
1252923481.915042,1252923489.273437,0A9F575F1C
1252923576.69141,1252923584.518066,4E19E51757
1252941614.742189,1252941626.963134,841AB4A4E8
1252941658.893316,1252941667.026367,6A71CE6B8B
1252992618.769291,1252992626.744384,28C4E57AED
1252956269.728512,1252956277.859375,C5473774DA
1252956662.5703158,1252956670.326172,22621ACE2A
1252910408.274534,1252910416.449218,42D425B68D
1252910518.413572,1252910529.644531,2477521E98
1252910706.813482,1252910714.591552,EE37D3EC1D
1252928242.944826,1252928250.762695,0143F6D76D
1252928327.950193,1252928334.972656,DA730ED95E
1252974428.374998,1252974436.283813,C7C2B3E7CB
1252934090.229496,1252934097.375,98506896C3
1252958260.10816,1252958268.855468,15641F9BA5
1252912018.602539,1252912027.164062,71DF36AEB3
1252921851.58691,1252921859.664062,B750E63903
1252922094.5703158,1252922101.929199,B4866DC94A
1252922152.918946,1252922160.197265,3CA0B3B5FA
1252922226.369137,1252922235.499023,B4B9DE0DC7
1252990115.2548852,1252990125.826172,3FAB6CC608
1252924806.851566,1252924814.383789,FEC8B2F156
1252924840.0493188,1252924847.251709,DF31ACFD5F
1252901574.6640658,1252901582.409179,951D4A2603
1252966759.942386,1252966766.972656,3856B4E7DA
1252978443.4062471,1252978453.304199,8DBCB2C19E
1252978568.180181,1252978576.15039,FFDF6E6BE9
1252978661.857418,1252978669.172363,72B5308B88
1252924170.637699,1252924178.447265,B5F807ED4B
1252996268.754886,1252996275.830078,3E017937A3
1252996317.424807,1252996326.371093,E54ED2A66F
1252996405.202328,1252996415.984375,3FE77E6D2C
1252996545.183597,1252996552.922363,930BB71CE2
1252961314.015626,1252961322.703125,8A381D7D43
1252909821.4531202,1252909832.083007,2B19811D64
1252909909.1301222,1252909918.420898,46F20FD4CF
1252961634.692624,1252961644.105468,94E1AF75D4
1252967998.707036,1252968006.149414,98B1DFEF78
1252968021.1689448,1252968029.67749,1D536E7C66
1252968163.101561,1252968170.118164,76AD719F05
1252968391.107424,1252968398.334472,3E2CA18B02
1252988798.450685,1252988805.527343,757E478649
1252905529.752691,1252905537.397461,518A7ABB73
1252996872.422368,1252996879.985351,B2AD605DEE
1252997129.58984,1252997137.226074,5BB587484D
1252997182.620117,1252997190.249755,2DA6493B62
1252977543.855465,1252977551.59375,22EC202137
1252977586.271488,1252977593.277099,5782D9A007
1252977597.206544,1252977604.333068,31B82659B8
1252980199.707028,1252980207.568603,9A6AFEF5F1
1252972842.0039089,1252972849.365234,DF00ED16D5
1252972955.495118,1252972965.395385,7FB9B13934
1252909190.197271,1252909200.340576,89576AB418
1252909492.544923,1252909502.936035,D1C67A463F
1252914923.585941,1252914933.314453,66412FABF1
1252915157.52734,1252915165.233398,7C4EB2A76C
1252915259.091793,1252915266.198242,CC5307D240
1252965359.800785,1252965369.371582,B6A2D2EFE3
1252990541.7187471,1252990549.826172,508E813CA4
1252946182.386719,1252946191.932312,CD4A7AA2F9
1252901951.889652,1252901964.641357,9EDDB36A19
1252902230.936038,1252902238.616211,23A9AD23C5
1252935775.453128,1252935783.378051,806727AD94
1252963209.531251,1252963218.606445,75EB5A933F
1252963240.6430688,1252963250.27832,6B7054AC23
1252966989.7128952,1252966998.092285,50819CA0AD
1252983038.290042,1252983046.755859,B9CA411869
1252983164.632812,1252983172.271484,A06C93163D
1252983244.1865208,1252983253.246093,6B960F72B1
1252983356.798341,1252983366.939453,23D0D57A43
1252983706.106451,1252983716.746093,B96B4766C5
1252983890.458987,1252983899.15625,30D1B0E260
1252983986.360353,1252983994.046875,94448A55AF
1252981773.844732,1252981781.815185,7AA2EAB84A
1252998470.828733,1252998486.750488,18B75927BD
1252998574.1953158,1252998584.393554,6342116D95
1252998588.4794948,1252998596.012695,0BF20EF68A
1252998647.453122,1252998654.943359,FB22D33143
1252943610.132817,1252943617.536865,8DE576A925
1252943795.220701,1252943803.499023,3F783E68CC
1252944010.087892,1252944018.416015,B2B0DD3CB5
1252910848.55371,1252910857.443115,3C875667EB
1252910938.330075,1252910950.001953,AA949C2FDA
1252994610.6904328,1252994619.794922,182A075E50
1252994777.114259,1252994784.748047,780D485E79
1252902533.631832,1252902540.840088,FD5DD375B6
1252954962.4028358,1252954970.810547,9FED3F1343
1252954979.75,1252954990.933593,52FB00643A
1252955160.644044,1252955167.6875,086C6B08A1
1252991017.610353,1252991025.060791,B19B234D3A
1252991359.213741,1252991368.763183,C070936931
1252988874.640625,1252988882.106445,0C3565966B
1252989134.353757,1252989143.46875,E4557E20EF
1252948993.107418,1252949000.52594,7CCEC9E432
1252949093.916992,1252949104.023437,4959541C9C
1252976295.000978,1252976302.225097,8596D2A4EF
1252984522.922848,1252984530.90625,B632FC3B70
1252984598.578122,1252984607.171875,6736C79056
1252984681.928408,1252984689.574218,684E11B78A
1252953368.0048878,1252953380.147461,5E7E9DC349
1252953497.163091,1252953504.505249,5A59DF3A1D
1252907718.014894,1252907725.206054,B50EA677C7
1252908099.6367218,1252908106.722168,162D6295BD
1252926671.4924371,1252926678.833252,AF68F06883
1252961063.593749,1252961070.724609,24D734FAC1
1252920682.1064448,1252920690.84082,63EC5DE896
1252920714.854982,1252920722.265136,2B7FB1ED9F
1252920781.084348,1252920789.364746,8EBB6A0412
1252984857.586425,1252984866.869995,6BCC78B803
1252984943.9125988,1252984951.36914,083C39D30A
1252947680.705564,1252947688.231689,1A6BE62DEB
1252905784.538576,1252905796.090576,FF3135ADFC
1252905949.514648,1252905957.224609,E3E73F337B
1252906031.456052,1252906039.983398,5CE17D4BEA
1252906102.036134,1252906109.801269,4441411801
1252967700.161134,1252967707.367187,B52E55580D
1252967732.167974,1252967741.253906,AC21FE21FA
1252967767.2446258,1252967774.411743,5B8641A282
1252967865.3012712,1252967872.404663,CA1483864A
1252930706.9668,1252930714.680664,607731D5C3
1252917535.6801789,1252917542.6875,F22B80ACFD
1252917639.7099562,1252917647.733398,89DCEC3824
1252917721.8019972,1252917729.69812,2FF072C35B
1252917926.369626,1252917935.662109,5E648DE0DA
1252917993.8210418,1252918001.103027,3410B7F6C1
1252921145.6977549,1252921154.412048,CB0C0A478B
1252997407.990231,1252997415.625,EB3ABAD789
1252997515.171872,1252997522.592773,A94FD6EAF9
1252997534.205081,1252997541.847656,F2CD4EE57F
1252945269.78027,1252945277.621582,D403ABE193
1252945351.7275388,1252945362.002685,AC4FB67A8D
1253079220.036865,1253079232.886718,591EA528DE
1253003929.401119,1253003938.173828,854CC2BBD3
1253004919.7812471,1253004927.246093,2C30D393E3
1253005270.0371091,1253005277.120117,2FE681430E
1253058441.574215,1253058449.425781,8D85B2BE3E
1253058608.8813488,1253058616.142089,BC5E4B4FA9
1253062992.586919,1253063000.511718,5038E9F593
1253070795.359377,1253070805.692382,7EFAC11942
1253009561.775148,1253009573.34082,44CAC0C1C9
1253042016.471679,1253042023.835937,5DB99FB132
1253006085.0402808,1253006093.661132,17C29820A9
1253011772.73242,1253011780.5,935A015A89
1253067364.367187,1253067376.375,F27ACE4F71
1253092707.621095,1253092716.624511,2219023173
1253092834.183594,1253092842.588134,C131E7B208
1253092867.250731,1253092875.892578,C6BAF4B1DB
1253080500.65625,1253080514.668945,BCC3854373
1253080874.87891,1253080883.297851,C017F8F1AE
1253018779.53125,1253018789.527465,1E4B069AAA
1253018815.083982,1253018822.984375,CE4647BE71
1253018842.703367,1253018849.842773,25914AA845
1253050374.400394,1253050381.473632,2458CFCE4E
1253028269.281245,1253028277.501953,50B8C3C377
1253066668.998785,1253066676.627685,39CA573ADC
1253008314.5688431,1253008325.773681,2ABDB6CF91
1253008329.2451198,1253008336.325683,2127347DFD
1253008431.393375,1253008441.286132,92BCB9330F
1253008498.965823,1253008506.125122,ED7EE5EC18
1253008567.238278,1253008578.390136,387DE82C44
1253008905.299076,1253008912.835327,9684EF9B93
1253073828.2753909,1253073837.029297,8D2682FFB5
1253094905.992192,1253094913.638916,01BDD5BB20
1253054555.821779,1253054563.323974,19BD2F9814
1253094294.76562,1253094303.443359,2E2E0E559F
1253094647.733398,1253094654.762695,AA5D5EAFDE
1253050757.84375,1253050766.1875,4D0A5406EC
1253051044.9873078,1253051054.203369,79544F6EC4
1253048597.262697,1253048604.465576,C45C1C2368
1253009963.5644572,1253009971.629394,59B47A9279
1253010027.4772918,1253010038.75,13A6A53735
1253051427.6665,1253051437.146789,D53ABAA066
1253085410.2587922,1253085418.082031,CE59C5E216
1253061958.815432,1253061967.239502,090DB9D8C9
1253062084.6213331,1253062091.8833,2D207EE383
1253074633.5849571,1253074640.996093,892203FE04
1253072948.5537071,1253072955.613281,BC4884BEAB
1253073003.072265,1253073013.40625,58A5C19CAA
1253007923.750001,1253007935.372314,C11909B722
1253008045.4599571,1253008053.332031,C91DC3BDDE
1253031253.417969,1253031260.550781,DDD70C51B0
1253002028.0377169,1253002036.147461,08F7D8560D
1253002054.075198,1253002061.164062,11738D5F1C
1253002110.778624,1253002119.746093,48269719B8
1253002235.16797,1253002242.847168,2B08A71AEE
1253076753.742184,1253076762.603637,2FB05EA6A6
1253076851.045902,1253076858.560547,15E2C28A96
1253077108.050293,1253077122.134765,5911EB8D4B
1253077266.849242,1253077273.950195,B329D23A68
1253077273.952145,1253077281.75,EC702DF243
1253010785.703122,1253010794.248535,4B50DEF337
1253010826.74512,1253010833.887695,236CDDF4F2
1253070554.2802749,1253070561.297851,95A9999921
1253082673.226564,1253082680.828125,C566C7C5D5
1253082975.841793,1253082986.68396,393DF57D5B
1253069626.85156,1253069635.863281,D6AA2E3D37
1253086839.59375,1253086847.139404,0AFB1BE070
1253016675.4062471,1253016683.666015,65C0347E90
1253016713.386723,1253016720.749023,8D2DD54D53
1253016787.202638,1253016794.57019,802B3A0CE0
1253016811.009769,1253016818.17749,31794BA51F
1253016838.8015149,1253016845.908569,4D6F49DC1B
1253016550.833497,1253016557.921875,CFA8667C4D
1253083858.6450229,1253083870.226562,E47E33E0ED
1253019654.805661,1253019666.192382,2EFBEA9FA5
1253019728.123785,1253019735.125,1ADA4B171F
1253019920.108402,1253019929.868652,E1611BD114
1253000959.29785,1253000966.707031,66E63D4F92
1253000969.642272,1253000977.905273,0CDDA6B67C
1253091894.835938,1253091904.436523,3CDABDEE9F
1253091913.758304,1253091921.722656,0A6369F7AC
1253092043.112305,1253092051.393554,3CD742C213
1253092109.5649428,1253092116.879882,8A3D7C9F90
1253049008.1718762,1253049015.33789,E15A8274EE
1253075207.81738,1253075216.809082,EB81D8B375
1253052292.4589849,1253052299.599609,34C81AB776
1253052488.492681,1253052495.884765,BF157E2F70
1253052664.245365,1253052671.761718,333C3D10A1
1253053209.3725548,1253053217.5625,13F309335C
1253090819.416989,1253090827.391967,371D24522D
1253090941.750001,1253090949.077636,95BA2C330C
1253088710.113033,1253088717.178711,13EF265D12
1253088804.062991,1253088813.27539,C661E8924A
1253064319.788577,1253064329.889648,A956BB069A
1253064427.567872,1253064434.580566,D6C56A0DF7
1253064580.5537138,1253064588.586547,3CCB0B0E90
1253064723.201176,1253064730.921875,229C1853EA
1253054079.067379,1253054087.463867,9F6D983E6E
1253054265.585935,1253054274.709961,AE2E86B7DB
1253002324.25,1253002332.963562,74C1658F5A
1253002337.840823,1253002345.957031,2C03957B3F
1253002387.127691,1253002394.236084,D0D0925FEF
1253002420.947269,1253002428.832031,6B06EA8813
1253002475.5859408,1253002485.072509,049AB929A4
1253047146.638181,1253047154.166992,6CFDDF3FD7
1253003018.58984,1253003026.129638,C63F3B6710
1253003101.508786,1253003109.09375,3DC2F9917A
1253013751.7741652,1253013760.305664,C6018CE220
1253096958.066158,1253096969.468261,1EC9E4C9A2
1253087454.706544,1253087461.87207,961BC47D41
1253087655.4951138,1253087666.4458,F9FD94FF7F
1253007530.772951,1253007540.240234,2B97568709
1253007583.222656,1253007591.895996,9A8A334265
1253007735.490231,1253007743.143554,1F2369B985
1253097274.110348,1253097281.722168,92D9A90AD2
1253097561.261715,1253097570.681396,E3F96A0672
1253097684.3388698,1253097693.36914,53A4992292
1253056365.771481,1253056373.827148,C2061CDCA4
1253072326.666017,1253072334.717163,4949DE97EB
1253072383.2421908,1253072390.3125,CDC3D12312
1253072562.211423,1253072574.863281,BE5E6937D1
1253006200.066898,1253006207.233398,4FE44C689B
1253006228.268551,1253006235.570312,025FAD2FC2
1253006235.571292,1253006245.206054,8A1840A4B8
1253006355.535284,1253006364.037109,06869EEC53
1253006559.248043,1253006569.49707,30087F5CEA
1253048522.931637,1253048534.954101,BBBF5B5161
1253022112.607418,1253022120.915527,102E6FFB57
1253011111.201664,1253011121.957031,60B753ABE6
1253000202.015138,1253000209.821289,AFEE7B5AF4
1253000286.0078158,1253000293.983398,5C64752817
1253011423.505862,1253011431.93457,FBA6125FFE
1253011459.25,1253011467.787109,9BE7B3E805
1253011491.5605469,1253011499.769531,26B51A8359
1253064923.640622,1253064931.074096,60F5ABABEF
1253064999.465823,1253065006.944336,765C373E6E
1253013316.095706,1253013324.810058,302B26BFBB
1253013476.457032,1253013483.80664,82665439B4
1253066453.914063,1253066461.225097,D55CAA8737
1253013978.7304718,1253013985.733398,9CEADF9FBD
1253014324.1249971,1253014331.837402,E1097552FA
1253071877.345706,1253071885.167968,ECBF09141D
1253053873.338374,1253053880.566406,7C0E0A1354
1253054030.497555,1253054041.107422,DE69A1358A
1253016259.833011,1253016266.894043,0EA73E7294
1253016302.56848,1253016309.627929,A33674A8DA
1253097978.215826,1253097986.953857,6DFF8306A0
1253098045.79907,1253098054.210937,0D9B405F0B
1253079636.039304,1253079644.885742,3D256E798E
1253079759.691282,1253079768.148437,7DF1D86555
1253008970.078128,1253008978.696777,D1FD0431A5
1253009160.343755,1253009168.346191,51E08E6FA4
1253095903.6782272,1253095911.058105,2BD5564E09
1253095951.2490249,1253095961.107422,54DF424F45
1253070253.768556,1253070260.866211,A8FDAE6C4C
1253021112.743651,1253021121.992187,AFC50B0B3F
1253021250.0952132,1253021259.927002,D27EDD09B6
1253021544.774169,1253021553.322265,7441FE23A3
1253021597.218745,1253021604.466308,709E2ADE7C
1253096349.91467,1253096357.880859,F6BA2A28F0
1253056640.19141,1253056647.905273,943435CAEE
1253056863.4707,1253056871.764648,F41C507303
1253058798.545902,1253058805.938476,C6EECF4561
1253090641.5888698,1253090649.757568,069655AACD
1253003644.0444932,1253003652.929687,D5A2A6C32C
1253003680.761722,1253003689.490234,E25B174963
1253049837.3796358,1253049845.625,5DCCCD9F22
1253087182.9917018,1253087190.43457,F71752300C
1253087338.071286,1253087345.258789,5B69A919CB
1253085712.2832,1253085725.204101,4C856ABDF9
1253085893.2197251,1253085903.630859,54F3A7C283
1253091047.123043,1253091057.208984,A58E4A7993
1253091433.880124,1253091442.622802,35A19E3E80
1253083367.061527,1253083374.211914,712B0FE8AA
1253065709.535153,1253065727.333007,6D35A8A290
1253065771.483888,1253065778.672851,1DD0872FDB
1253067275.65088,1253067283.144531,799D4E2961
1253049173.20312,1253049182.030517,522299CBE9
1253055452.937505,1253055460.183593,FBF36F126A
1253076305.793455,1253076320.591797,D4C87EE692
1253076520.953126,1253076530.472656,DD033BE071
1253015955.083987,1253015965.352783,FAADFA6562
1253029205.3769538,1253029212.582031,B3FDD69225
1253029679.152347,1253029692.117187,45B94D4A25
1253017868.109983,1253017876.85083,DBB03C7637
1253061329.505856,1253061336.546875,954DE1CFBE
1253061389.8447282,1253061400.170898,312E50A6A2
1253093464.430661,1253093474.438476,45722DC1DD
1253063132.6523468,1253063141.729004,12AED7E025
1253082203.646483,1253082212.186523,F20E264ACB
1253068389.5429718,1253068398.267578,D7256AD821
1253068656.585942,1253068665.037109,0101A4A718
1253068672.138668,1253068680.063476,5FDF2AD7A6
1253021072.621097,1253021080.817382,A7772AA9EB
1253093749.475101,1253093757.088867,E32C601D1B
1253093777.3862338,1253093787.068359,ABD60DA0A6
1253093924.1953158,1253093935.984375,9A827EE26D
1253021724.1552749,1253021732.821045,42AEB3EBDD
1253001399.528323,1253001407.957031,8ECD5C2749
1253001477.574461,1253001485.565429,ECD388762A
1253001604.9326198,1253001613.364257,431D8C9956
1253001630.217285,1253001639.125,B376C6DD1F
1253001779.6494138,1253001787.354492,7E3BA917E2
1253012000.1562529,1253012009.09082,1E91E4E9AF
1253012151.472661,1253012158.654052,1E8B6E03CD
1253052807.244137,1253052814.804687,375F01B3B7
1253053080.995117,1253053088.331543,2B060177E0
1253075668.3024862,1253075676.048584,36BC774313
1253075871.2187471,1253075880.892578,148A4E2C36
1253075948.69922,1253075962.859375,0301389704
1253098441.06323,1253098448.773437,ECDECF6FC0
1253098583.925783,1253098591.070312,F80F3359B2
1253098661.955075,1253098669.054687,5FE31B49D3
1253089828.737063,1253089835.820312,58064EA1C6
1253090062.230959,1253090070.888672,A6DCB25424
1253055946.804685,1253055955.083496,C6511C7752
1253059850.574222,1253059858.224609,BD6DA461B0
1253059933.680661,1253059940.71289,C6631D0877
1253086559.843753,1253086567.708007,63130494A5
1253086750.583011,1253086759.09082,38FC1C2065
1253042663.996097,1253042671.321777,E2C6DB230B
1253084884.929684,1253084892.852539,AA3B84A2E3
1253084927.669918,1253084935.166992,15A6D59267
1253090340.210938,1253090347.316406,1C19D0301A
1253098889.960941,1253098904.746093,7372B44490
1253099109.978512,1253099117.033203,D677FCB24E
1253078921.0205128,1253078928.793945,37DBA21A64
1253078972.968931,1253078980.146484,1E8A3F18C3
1253034673.218752,1253034680.669922,183BA4B51D
1253004530.294925,1253004537.530273,F2270F3D2D
1253089678.9843729,1253089688.829101,4EDF6521A6
1253007383.371097,1253007391.217163,810920CFE5
1253018962.132329,1253018969.539062,58D731A256
1253018969.828122,1253018976.908691,E179A90BBD
1253018992.6914022,1253019001.158691,B1178AF7D2
1253094124.276368,1253094132.812255,4EDA17609E
1253094234.979366,1253094242.048828,E319D450FE
1253033149.992677,1253033160.096679,696FBE9A88
1253005586.6274438,1253005595.710449,9B37B853D4
1253005741.094723,1253005748.224609,F70EBC7CCD
1253024268.770812,1253024275.956054,64990E0316
1253050066.68897,1253050076.412292,F782BC984D
1253050129.81323,1253050138.289062,846A949033
1253047852.4951189,1253047859.703613,7F576442A8
1253085331.7812471,1253085340.332031,12D49200A6
1253064013.619144,1253064021.305664,9A953C5BBA
1253064035.874027,1253064048.253906,8FA8BC18F9
1253060094.4755828,1253060105.066406,ADED2877A0
1253060135.493161,1253060143.376953,DE55330627
1253060295.4189448,1253060302.850586,A35AF45E8B
1253060400.726566,1253060408.419922,2A92488DF6
1253060583.083981,1253060590.893554,F65909ACDE
1253045793.259279,1253045801.928711,2DEBBB647D
1253014676.518552,1253014683.59497,AE37564E85
1253014818.098629,1253014828.228515,2D7814EB52
1253078645.8852549,1253078654.345703,FCB1246E01
1253003430.769528,1253003441.893554,A9B4B0FB37
1253060973.8149428,1253060981.498047,9FBCA67D88
1253079845.014652,1253079856.154297,9B28C53A67
1253005479.294918,1253005489.075195,87113F2DF9
1253060613.145509,1253060620.915039,25E4A9CBC3
1253060726.109372,1253060733.865234,81A85494B4
1253060751.31445,1253060758.643554,E89AB06056
1253060805.242191,1253060813.1875,73E68B2E91
1253059594.667973,1253059605.724121,EEB9BF18C5
1253055702.985843,1253055714.053711,9AA3562FD4
1253055848.193356,1253055856.879882,40207F0131
1253067646.849606,1253067653.884033,ADCEF9F9D9
1253067673.618658,1253067680.833984,9611D1D753
1253067806.505862,1253067817.759765,5FFAF56AFC
1253049650.3076148,1253049659.284423,86C35890FD
1253068840.9794948,1253068852.323608,C161821EEE
1253069250.294438,1253069258.282226,D54ABA6599
1253029842.693361,1253029852.870117,720368EC4D
1253030248.78906,1253030256.866211,5495627C44
1253030298.8544948,1253030306.958007,83E76CE652
1253078113.020021,1253078126.310547,7AF65CBD40
1253078214.1582022,1253078221.3208,57AB9180CD
1253073291.392583,1253073300.065429,B0C0A0D550
1253073337.43506,1253073345.506713,B18AA48245
1253073390.25,1253073397.324707,093E84B133
1253028500.564456,1253028509.037109,FA2CC8E321
1253071262.841312,1253071270.328125,B613CC7E34
1253071517.820806,1253071526.323242,E947F1952B
1253071575.438478,1253071586.764648,8CB052DC0E
1253019512.6113322,1253019521.057617,3BE2D3E985
1253057091.912847,1253057099.21875,B4F54CBD9A
1253018173.64062,1253018181.09375,874AB2A807
1253086394.755862,1253086401.979492,2C223D9133
1253058030.64056,1253058037.868652,258E00469B
1253057505.494632,1253057519.761963,7C5E0FBF8A
1253057521.070316,1253057531.779297,F77A553BE5
1253057699.771481,1253057709.068359,056A86B950
1253057861.988033,1253057871.642822,2F82ABAA18
1253089072.715817,1253089082.818359,69DF220229
1253004027.539059,1253004037.464355,D63F4DC48B
1253004284.986325,1253004292.015625,F5BC591D38
1253004461.999996,1253004470.55664,BA8302DE41
1253026308.69922,1253026316.976562,319A72E07D
1253026625.570318,1253026632.974609,A051D698E8
1253026689.212401,1253026699.233398,4A299607D3
1253028666.101568,1253028674.543213,38A3EBFF81
1253161554.585935,1253161562.527343,C2B7EC4A1C
1253199922.0898468,1253199929.600586,2815E5CCF4
1253199933.407231,1253199942.540039,9A2FFA472D
1253199268.2138672,1253199279.724121,D710FA50BE
1253188084.7587922,1253188092.5,4BE9B1D2B9
1253186443.581304,1253186452.166992,E5E8B01345
1253161763.679686,1253161771.75708,1098B9AA6D
1253197636.2226522,1253197644.668029,CA9C5ACE5D
1253197668.550778,1253197676.760742,9A4E395BA9
1253104446.5664032,1253104455.537109,F36DC9EA26
1253104483.152036,1253104493.180053,C8F0B59681
1253104569.676759,1253104578.011718,CF0CB55006
1253193456.942135,1253193465.383789,8D24081C9E
1253179195.544435,1253179202.563476,306417F0A2
1253179371.585934,1253179380.762451,385B108EA7
1253175964.607423,1253175972.785156,C91C028F0B
1253176038.735348,1253176046.897461,649400FE60
1253175031.3679209,1253175038.573242,A86295FFFB
1253175155.403323,1253175163.8125,DCB9CDB1A6
1253177273.3124971,1253177284.383789,51444335D8
1253177352.937503,1253177360.073486,7ECA5C84B5
1253100718.060545,1253100725.52124,FF00DFB974
1253158046.954835,1253158054.015625,9C72FB6AA7
1253189357.566403,1253189365.270507,C0B1B956AE
1253189482.56348,1253189490.597961,DCAB749649
1253158809.367187,1253158817.290039,243323BC00
1253159093.565489,1253159101.135742,EC9A363EDD
1253159197.999995,1253159206.290527,D587A3B5C0
1253102411.6464808,1253102419.226562,4449CDF5F7
1253102541.004886,1253102550.204101,BBAAAD3056
1253102786.082521,1253102796.957763,238E706A8A
1253192285.9934058,1253192293.069336,FA21B79606
1253194643.427737,1253194650.517334,31D795BE41
1253196798.013668,1253196805.34375,9811588067
1253196994.205324,1253197002.96875,E4E4DA9B1E
1253197016.741209,1253197028.576172,37F43F92BB
1253197227.256466,1253197236.345703,326D942FD3
1253100240.429685,1253100252.439453,C40597CB90
1253100253.22168,1253100260.226562,22BC02EBB0
1253187066.298345,1253187074.832031,E4454778D2
1253187188.641598,1253187197.013183,A0369F9A4D
1253171601.255856,1253171608.359375,EC471E038C
1253171764.632809,1253171771.636718,B895C8B3E6
1253101609.568356,1253101617.348144,1F8824CDDB
1253101687.5273468,1253101696.21875,EC0B8C0C99
1253103936.930177,1253103944.527832,F9C8D4F62F
1253104066.826168,1253104074.866211,F5687D0F0C
1253188561.228512,1253188570.341797,28CF3CCFC1
1253196643.532716,1253196652.285278,59BBBC1802
1253196668.712888,1253196676.398925,A928DDF90D
1253196717.813478,1253196729.111328,3EF5EF6269
1253181685.513668,1253181692.602539,17122BB6FF
1253181761.73535,1253181769.331054,643AEA112B
1253181769.589844,1253181776.625,FC84143898
1253181859.954349,1253181867.024902,EF1547F6B4
1253192580.0493212,1253192589.741211,E5739E43F8
1253192632.537106,1253192641.412109,760B2D4496
1253186623.161622,1253186630.844726,B650E35C3F
1253183165.804684,1253183173.228515,FC4D15E32D
1253183046.1943328,1253183054.301269,1F632DC600
1253105509.414063,1253105517.841797,E3DF14057E
1253174142.375,1253174150.288086,DF6AC33949
1253174178.634769,1253174185.90332,80DD871211
1253174257.416012,1253174264.675781,0A96D99443
1253160296.302251,1253160303.669922,0F632E9484
1253198087.6640608,1253198094.702148,9E98A6DDBF
1253198256.261476,1253198264.50415,46FD0DF831
1253166068.3251948,1253166075.448242,AB8FD87B44
1253166121.0893538,1253166129.193847,8449B0F104
1253190984.292476,1253190998.846801,7D2EC58773
1253163961.457031,1253163968.569336,DCBBF72E68
1253190524.054201,1253190531.922851,1DA9DB367C
1253164464.4873078,1253164471.975586,69AA68FC3E
1253164658.432617,1253164665.990234,E7D1BD0B04
1253176816.086911,1253176825.289795,4CC823C6CF
1253196301.587887,1253196308.841308,3C35344121
1253162004.512693,1253162011.76123,492FE71509
1253179773.703128,1253179781.603515,5193472449
1253104264.595705,1253104271.867187,ABC8A53E60
1253104369.25,1253104377.780273,B4A8DE4874
1253104877.538086,1253104884.908447,AEC8E35044
1253104957.253903,1253104964.49414,29E658BC12
1253105048.0307648,1253105056.09375,7CBB3CBAA0
1253184712.223384,1253184720.238281,50E66CD362
1253184735.176761,1253184743.668945,81B5FA9299
1253184804.599613,1253184814.310302,3B0E2DACD4
1253100567.313482,1253100574.51416,E68E36D574
1253194089.2080112,1253194097.269531,F4180E12D3
1253107531.0361369,1253107540.735351,49AE60570A
1253107674.1699271,1253107685.013672,B32BE78A32
1253195232.455081,1253195240.660156,7569C2A581
1253195351.350828,1253195360.483886,89D67506F2
1253195481.444826,1253195489.226806,3C1D97DD17
1253198666.291989,1253198673.332031,2D59C2464B
1253105785.18213,1253105794.480468,E2EFA25565
1253178543.654293,1253178551.59375,31A80B8ADC
1253178575.7368178,1253178584.916504,204D866B25
1253178603.735355,1253178611.599609,7058F279FD
1253178800.010745,1253178807.044922,93EAA6E2BC
1253194164.900882,1253194172.273437,BE1884D077
1253175270.813479,1253175281.074218,8A20318E02
1253165031.500977,1253165038.71875,AEE54CB855
1253161202.4042969,1253161212.476562,7324B85FBE
1253167264.666016,1253167274.482422,06DDA11AD5
1253101834.433597,1253101844.916259,B8B66B179F
1253101987.7526848,1253101995.20166,9394F3C54A
1253102047.5898411,1253102054.907714,E27C709C56
1253102206.528317,1253102224.40625,D79F5ACDF5
1253185850.241214,1253185857.425781,0D60FBC9FB
1253184996.2861328,1253185004.063964,8FBD96264D
1253185090.653323,1253185098.123047,651580F126
1253185108.170409,1253185115.28125,88AAA229D7
1253103166.004886,1253103173.392212,C5260CCD05
1253103327.765628,1253103335.089355,97CD404BB7
1253103413.7832,1253103421.366821,155D09C3DE
1253169621.070309,1253169629.034179,CE419ADC63
1253169765.003175,1253169772.421386,C2023001C5
1253106710.862306,1253106718.940429,9B8FBF0157
1253107017.51172,1253107024.695312,75AF421755
1253180742.3974571,1253180750.257812,D6ABDFC2D8
1253195623.90625,1253195631.463867,963A718F4E
1253195689.333985,1253195696.485351,C4A456C31E
1253200133.396848,1253200140.60791,17334109B0
1253167928.717777,1253167937.25,F735F8EF6E
1253187403.460939,1253187410.75,C116F01D19
1253187410.932369,1253187418.283691,050A57C736
1253103499.6523468,1253103506.714599,49E1E13F29
1253163234.4131448,1253163241.804199,342F685BAC
1253166542.0156212,1253166549.489502,254F13D7B0
1253189937.62598,1253189948.883789,04A2CC947D
1253173354.09766,1253173361.482422,9D6A7FADA9
1253159515.81006,1253159524.220214,963B100AFA
1253159570.829106,1253159578.791015,C84128B582
1253198288.7928438,1253198297.048339,AAF19DEFDE
1253198359.506836,1253198371.564941,5DCEB0D9B8
1253198441.379882,1253198448.515197,05D50867A3
1253198538.1318328,1253198545.40332,6DF0047716
1253172925.8670628,1253172937.180664,1C6DBCB1A9
1253185549.3007822,1253185557.137207,B49B53001B
1253183708.478337,1253183718.878906,A86F4A95CF
1253189770.164796,1253189778.323974,40D2E30B43
1253180448.00098,1253180458.666992,50A681A892
1253170501.5537071,1253170509.188476,2D5CCCFD90
1253198880.07471,1253198887.470703,4A6EA994FC
1253199153.391112,1253199162.013183,BBDDF4FFF8
1253199178.359617,1253199186.265625,BBFF7A73D7
1253168731.217287,1253168741.287109,19DAE08EE9
1253174337.732424,1253174346.256836,1F3C424DFB
1253234099.879396,1253234110.242187,A5556876EE
1253234134.4724138,1253234144.663574,7B291123B3
1253254227.386715,1253254234.513672,F99AF0D733
1253225627.271486,1253225634.728759,4D6B3D572C
1253225709.3457022,1253225718.46875,5DF45269F1
1253279828.561034,1253279837.015625,2A67CAFB79
1253202285.804684,1253202294.019043,8F041B1D2C
1253202434.781255,1253202441.832031,30D889E769
1253235920.6982388,1253235928.546386,76B84A0609
1253262038.148434,1253262046.03125,0C876A99AB
1253262236.40625,1253262245.51831,77E14FC741
1253235045.369144,1253235052.519531,FB82FA6C52
1253235203.648442,1253235210.886718,6B3414FBAE
1253235279.609861,1253235286.848877,6D3616989F
1253235496.233888,1253235503.320312,AADE340425
1253288708.929689,1253288718.28125,02B9B07F27
1253288857.599606,1253288864.654785,5546D2604A
1253288914.251462,1253288923.455078,E432D71D21
1253289028.253908,1253289036.130859,13B90712FA
1253236914.6552749,1253236922.618164,C48ED24596
1253237216.955075,1253237225.396972,80BC792887
1253245789.4560578,1253245797.768554,F4A2FA35E8
1253245837.943359,1253245847.875244,F5B2319BB5
1253245209.464849,1253245216.5,1C186D1D7C
1253245226.098082,1253245233.366211,4CA43E9F5E
1253297671.39062,1253297679.076172,7380C4BC00
1253297833.568364,1253297840.988281,85EA2C4FD6
1253283004.117189,1253283011.527343,2322473EFD
1253283059.5625,1253283066.916015,35AAAEF3A5
1253283312.9825432,1253283320.813232,1C4C967725
1253246418.5976589,1253246425.847412,E2931F3939
1253246598.46875,1253246606.542968,7F4BEA7146
1253246623.210942,1253246633.179687,E83D595D42
1253246749.3056672,1253246756.46875,78A56F924F
1253246868.692873,1253246875.716552,0DE6105C5F
1253277529.568609,1253277539.148437,2A21012D22
1253277596.0625,1253277604.24414,E8A1D56B61
1253265663.742187,1253265670.895507,CE8914F88A
1253265712.69434,1253265719.854492,87A3A15310
1253265726.438108,1253265734.485351,8EB6A5CFF1
1253265829.173343,1253265841.260742,44DD851DB2
1253244149.1132782,1253244156.217529,51BEF8F063
1253276555.4609408,1253276562.527343,DCCB055EA7
1253284177.251218,1253284184.726562,4E9A408274
1253284203.243655,1253284210.902343,5C5F030FF6
1253272537.724609,1253272547.164062,7ACA7EAAA3
1253290119.182614,1253290127.757812,7EDE2F0F65
1253290407.584962,1253290417.078125,A541570523
1253290518.579103,1253290526.02539,FCB13EFCD5
1253290588.27441,1253290598.349243,6901A698C5
1253290599.333011,1253290610.896728,72394595A3
1253234384.101563,1253234392.139648,DC469C908E
1253234531.609372,1253234539.090942,639DA9784E
1253294624.298338,1253294632.430175,76BE9A00F8
1253294662.12598,1253294672.720825,F7BAAE5F7D
1253237811.477054,1253237818.480468,D5BD050C50
1253245660.154297,1253245668.355835,B680B6B223
1253289560.957028,1253289570.804687,1B1C9FFB31
1253289577.708981,1253289586.140625,EE88424204
1253295865.890625,1253295875.061523,4ACF85CEC4
1253295968.6289089,1253295976.125,47C1488702
1253216363.227721,1253216370.359008,B4874EBF19
1253277379.668027,1253277390.824218,58FC2236F6
1253210882.532227,1253210891.926391,71C29EEB14
1253241335.416012,1253241342.852539,8AFBABD587
1253283601.515386,1253283610.208984,6FDB701141
1253283761.361323,1253283769.879882,A758E7E12E
1253265035.4869342,1253265047.513672,9FACDF8E62
1253265109.5419948,1253265119.818359,5BD7C5B808
1253253558.296878,1253253567.069336,E3BAC31C3B
1253253710.184568,1253253720.371521,A5CE4D1BAB
1253253721.414058,1253253730.530517,516F4AAD8F
1253253854.879392,1253253867.588867,B1F76CF666
1253253937.5085402,1253253944.660156,FE277DC8A3
1253242272.52783,1253242280.253418,FCF9182972
1253242432.543948,1253242440.4104,23EC546F1C
1253242449.212888,1253242457.85852,82C8709F12
1253242593.263668,1253242600.288086,3BD6C2ECAF
1253240701.48682,1253240709.55664,2C03BD7EF3
1253240735.796872,1253240743.984375,3BEC6ACB14
1253240823.16992,1253240831.299804,3C55107FB7
1253209543.979489,1253209556.5708,BFCF2F4505
1253209680.8112772,1253209690.073242,F5E54F95A3
1253209715.488775,1253209725.526367,84C6C2D951
1253208264.302734,1253208273.407714,A2068AE4DD
1253227757.8457031,1253227765.111328,D444AB6942
1253227929.6469698,1253227937.154297,1306153201
1253224207.05859,1253224214.446777,92E3A470CE
1253220070.403317,1253220078.10498,6303E9B9BA
1253260425.2434042,1253260432.481445,C011ACB81E
1253260497.304685,1253260505.095703,70C8D86C45
1253260595.071046,1253260603.069336,9000B2448A
1253260738.00025,1253260746.484375,01CDADED05
1253260923.505856,1253260932.333007,3F02924DA0
1253233451.867186,1253233459.059082,64F598C352
1253255910.829099,1253255920.652343,5E2A50F2A1
1253256031.77734,1253256040.937011,BF61AAA53A
1253238093.250979,1253238109.694336,BFFD25EDFC
1253238175.3767068,1253238186.49176,86C3A04A4F
1253238261.319211,1253238269.649414,F2EEDA89A8
1253238272.712894,1253238280.023437,F81FD6A895
1253238350.9506822,1253238358.880859,8616198CAB
1253238393.6757782,1253238402.230468,0476EB28E3
1253269316.763188,1253269324.477539,BEB9FEC86C
1253205421.338864,1253205430.051269,7299E70A3A
1253289245.9868171,1253289253.970703,A167A10D22
1253231368.268553,1253231375.847656,4559100A1A
1253231752.935062,1253231762.27832,4B59166A24
1253203043.9912071,1253203051.301513,F6C5AC491A
1253255077.629881,1253255085.874023,B7F73F81F8
1253255105.65527,1253255113.790039,A636EEC473
1253255131.547848,1253255138.984863,561B2819FC
1253255146.969723,1253255155.881347,4D870E5A11
1253230203.7519498,1253230211.506836,7CB7FA777D
1253293548.023435,1253293555.416992,4F168CB79D
1253293703.3164022,1253293712.5625,4F2AD49E6E
1253283813.654545,1253283823.569336,F72FEE4F25
1253233191.544918,1253233199.059326,61E2C03BCB
1253238564.478516,1253238571.519287,08611A24E3
1253221258.791989,1253221265.877441,D7489791B1
1253221476.503908,1253221483.775879,6C6432CB37
1253261565.059452,1253261573.808593,0BE0B82E55
1253261687.944093,1253261695.039978,4DB14885A9
1253261761.375977,1253261771.112793,6C97B1A4BE
1253241955.910406,1253241964.584472,ACAD8158E1
1253242110.91016,1253242119.104004,C55BF32741
1253242143.809573,1253242153.739502,19D819C0B8
1253250812.343753,1253250820.080078,5B54C78816
1253250820.082028,1253250827.193359,10505352CA
1253250997.44922,1253251004.890625,BDB01AC414
1253248849.91504,1253248858.227539,8E3A99B4EF
1253248929.46875,1253248937.655029,0529DF4053
1253248951.761722,1253248959.40625,07686EE799
1253269082.7294972,1253269090.687255,E44567B7BE
1253266044.980474,1253266052.733398,A81EDC8FB0
1253226937.0185509,1253226945.71875,29CC9B7B77
1253251715.8437471,1253251727.179687,7996F75A3A
1253251777.648438,1253251786.322876,EE8A15E20D
1253251792.687505,1253251800.076172,B0182901D4
1253251875.525396,1253251883.591064,A651ED30F7
1253251942.880864,1253251952.745117,64238E4151
1253211409.6191409,1253211417.326172,799FB7B11A
1253276925.322262,1253276933.049926,8A25BF8EF7
1253277020.452394,1253277027.894531,FFE0A4B981
1253277044.675784,1253277052.8125,996782FABF
1253251487.910156,1253251495.320312,DEB9251D08
1253251656.197811,1253251664.581787,BBC3513FA9
1253220715.7392578,1253220722.983886,67B05C46F8
1253215379.4326148,1253215387.301757,DE5CE43C02
1253215466.113278,1253215474.87207,DD30FC5BB2
1253263248.9655778,1253263261.286132,A282C08282
1253263312.1445272,1253263320.493164,963920E5E6
1253263455.60864,1253263465.533691,405C13529C
1253265528.598636,1253265536.15625,1A1248BF5C
1253230810.424805,1253230817.770019,11FFA2A777
1253266464.9487262,1253266472.791992,AA9988F1E5
1253266472.7929718,1253266480.844726,00BF77291E
1253266503.66058,1253266513.026367,1D3D336B74
1253223626.8046908,1253223635.69873,5C2643D060
1253223879.555176,1253223887.790344,38FA632A50
1253219857.568359,1253219866.391479,E57CD3B540
1253223171.753904,1253223180.777343,CEE33F38E9
1253270079.013553,1253270086.246093,E116B12AC1
1253270097.59277,1253270105.201172,CC91C5D5F9
1253270147.45312,1253270157.871093,CBE0D6CAD3
1253270220.368778,1253270228.060302,6446E761DA
1253276168.699215,1253276178.126953,8EEE17ED6F
1253276178.9218729,1253276187.434082,F3486043C3
1253295020.126466,1253295027.204345,84D1BBEFB6
1253272847.3994138,1253272855.915405,5EC6A6E8F2
1253230477.892581,1253230486.484375,581610C872
1253296244.353026,1253296255.594726,7DC5D72011
1253259519.5957,1253259527.086914,46049BE63F
1253259565.431638,1253259572.620727,01E9A13CFB
1253259641.23438,1253259651.014648,5289E5DA1F
1253205708.927733,1253205716.1875,7735074859
1253205814.207521,1253205821.964843,9CE0A03A4D
1253244406.172857,1253244413.324707,885F89DA1A
1253244632.436281,1253244640.18164,630E616A00
1253263840.856448,1253263852.149414,B428460F0B
1253264080.052734,1253264088.047119,E9DFE1FC90
1253264237.420895,1253264246.118652,69299C1420
1253264344.093748,1253264354.536377,4D5B21D28B
1253264383.671878,1253264393.166992,F937735356
1253266939.926027,1253266947.666992,9B354B8118
1253298872.192386,1253298881.200866,664CF0F973
1253218284.7734408,1253218291.929687,4C4F0E3089
1253263589.0793428,1253263596.981445,4BED1E2CCD
1253284501.087894,1253284509.273437,E8C6CE089F
1253252106.046878,1253252113.472778,764FFB3435
1253252325.543698,1253252333.226562,582FD56514
1253206644.660642,1253206651.688354,944DADBA77
1253206852.84766,1253206862.603515,BA9BA6A11C
1253256295.7168,1253256306.207031,5460C5AAAC
1253256356.925778,1253256365.121582,BDD2E50BAE
1253231983.174805,1253231990.607422,7A78858AD7
1253232023.81445,1253232032.468261,B8E044ABF5
1253232114.5068378,1253232121.511596,63D4CB8998
1253232241.1925,1253232248.245117,098C5AFA13
1253228811.5,1253228819.196289,694707958F
1253229053.202146,1253229061.52832,865AD086E8
1253226344.745114,1253226352.723632,4989C42CFB
1253226405.6201198,1253226412.868042,FAA13FA52E
1253236619.80859,1253236627.375,91A55202EA
1253236701.6540482,1253236709.001953,3FE7B06D57
1253293983.7001948,1253293991.516723,1009EB2E3E
1253294069.980465,1253294077.425537,87F930AEF4
1253294279.427249,1253294286.58789,E8C3A91497
1253294293.918948,1253294304.916015,8D5B21263F
1253262625.862305,1253262632.904297,C16C0B27C6
1253281434.0419972,1253281442.355468,6F74A4FAAD
1253281611.7719772,1253281619.777343,C6BCF5ADCF
1253265395.884279,1253265407.21875,FBC67F2710
1253203325.984378,1253203333.755859,9F88BB4344
1253203692.48853,1253203701.4375,8ADDF794B8
1253208121.74719,1253208129.348632,04D6326524
1253296475.458492,1253296482.543457,C26306E06D
1253296517.307369,1253296524.724121,FF7A149874
1253296789.1230462,1253296796.727539,7001A9694E
1253296798.333981,1253296807.290039,D894FE9737
1253229548.8476572,1253229557.257568,F9322B5ABE
1253286406.006593,1253286414.731445,F60B943B7F
1253229288.3681662,1253229295.375976,B9D4582AD7
1253229449.294071,1253229458.026611,6837A25FB5
1253286838.864261,1253286847.146484,31477C4C39
1253260380.285276,1253260388.284423,500A0B08DA
1253249449.377194,1253249465.986328,6EE8F32355
1253249465.9873078,1253249473.018554,59D13DF21F
1253249607.154787,1253249617.723632,DF2BCDC310
1253249788.5993612,1253249796.289795,CCEAAA4E10
1253221717.272462,1253221728.28125,C8DB10F368
1253285847.364258,1253285855.7854,B09A780F32
1253286071.375005,1253286079.580078,CE57C2341E
1253286092.815191,1253286101.617187,2119C65818
1253212363.664066,1253212371.803711,77FA1E40A2
1253270718.71875,1253270727.17041,EDEDE1037E
1253270814.497067,1253270833.552734,C60B0DC19D
1253270877.3457072,1253270886.532226,48DB88AC69
1253270967.716793,1253270975.179687,0FECC636FC
1253256818.072757,1253256826.292968,026C9F513C
1253256867.509769,1253256877.963867,B25275AD61
1253256904.38086,1253256913.8125,735069D94E
1253280174.461917,1253280182.767334,2896BBE455
1253280368.361325,1253280377.121093,4C295EE8A0
1253280380.6892068,1253280391.372558,E49BA6300A
1253280429.94898,1253280440.939453,1B56DB7C36
1253243338.7265658,1253243354.844238,3A9254C899
1253250183.431644,1253250193.243652,8F18E64703
1253250378.77857,1253250386.728515,2496A46D15
1253250414.734861,1253250422.120117,6B9FD25A90
1253250422.2951622,1253250432.565429,BB5125A5A1
1253250466.92187,1253250474.366211,90EEBB9640
1253219738.807132,1253219745.891601,80EC35AB6D
1253293350.493168,1253293357.65332,BF46244FAD
1253299094.818356,1253299102.070068,2CD5B7EB07
1253248450.5018272,1253248459.668701,CC4392EDF9
1253248541.8305678,1253248550.171875,5B39BA25B8
1253257696.676754,1253257704.326416,3E58A1F3FB
1253271381.4995072,1253271388.773559,EC922663EF
1253271592.438478,1253271600.458984,987DA017DA
1253271679.96484,1253271694.813964,DD14B0F495
1253271726.37036,1253271733.637695,10DB467DCC
1253247489.102542,1253247497.128906,43C280FB18
1253247609.114262,1253247616.228759,B37078354D
1253267444.684087,1253267452.99707,70B1DD602C
1253267484.404788,1253267497.459961,381DB899AF
1253267698.990727,1253267711.776367,8D60EEA2E4
1253268177.9755888,1253268186.182129,176EF4BE56
1253214911.5727549,1253214919.804687,16E041D602
1253232618.2910202,1253232625.920227,EC8CD53B96
1253254609.958981,1253254617.03186,86F08F6EE7
1253230527.681637,1253230535.211425,1773A3154B
1253276323.165042,1253276330.381836,DDF86E794D
1253276358.367189,1253276367.224121,020E236803
1253276439.375005,1253276451.536132,2E58511B85
1253276508.540037,1253276520.996093,82685ADEAC
1253276522.2568388,1253276529.774414,B16710C81E
1253208760.890626,1253208768.723877,AF84067374
1253224937.339846,1253224945.84375,DC44E08574
1253225044.296876,1253225054.605468,2BA5FAE080
1253233255.330081,1253233266.761718,723079FA19
1253217136.296873,1253217144.353515,F0A1A9DF53
1253217461.337892,1253217469.172363,1ADEF7C7C6
1253256575.335943,1253256585.582031,65D2A21ED3
1253256619.884769,1253256628.143554,4AEBAD79B1
1253269437.999027,1253269445.325195,2B8072658B
1253269451.7026322,1253269459.610351,C10C3DE324
1253269601.080812,1253269615.683593,D8FD9371E4
1253269690.0151398,1253269698.270507,80021909B2
1253269876.81055,1253269886.560547,ABDDC6269B
1253269927.8974571,1253269935.634765,085DF89C9F
1253258508.875003,1253258519.664062,1318F26ADD
1253258627.2168,1253258637.336914,7B86B34E00
1253258718.747073,1253258727.582031,DB1CE6B80A
1253258797.137698,1253258805.307129,54EF2EF4B9
1253239288.912115,1253239296.097656,4D3D60208E
1253239398.1948211,1253239405.505859,1E5753D2E0
1253239407.087887,1253239419.577636,0469ED49F0
1253219055.269536,1253219067.051757,0A5F47D2CB
1253222693.547849,1253222700.762695,E704E10FFD
1253222850.117189,1253222858.695312,EC33A18E8F
1253298495.551754,1253298502.760742,AE91A0F193
1253280854.1875029,1253280863.625,8A84746B2E
1253234756.963871,1253234766.929687,538A7D7569
1253295325.294918,1253295336.252929,3C887F0375
1253295444.161617,1253295465.132812,DD5EEBF5A6
1253295528.10938,1253295535.80664,F14AC70322
1253295639.438474,1253295650.453125,1D5F4A62F2
1253295712.478519,1253295720.484741,68AB8CE387
1253272132.62891,1253272143.808593,C884C05105
1253272309.418949,1253272317.082763,003E09E8F2
1253287134.348384,1253287141.542968,383C7F6275
1253278207.523434,1253278215.873047,95D9AB5CE7
1253278287.348629,1253278295.171386,ECD0A77080
1253278351.6418428,1253278362.147461,141AE4FADB
1253278383.7168,1253278390.796875,D12D2B31BF
1253259013.766846,1253259024.383789,C667393E3E
1253259057.140625,1253259065.584716,A4CB3FE5C6
1253259207.2685578,1253259219.809448,56A52CD923
1253259391.9960968,1253259401.384399,559882D43F
1253259402.5961928,1253259419.280273,9206D34381
1253268602.7819831,1253268610.581543,9A1EEE7593
1253239573.061649,1253239582.078125,48962CD5F6
1253282878.78516,1253282887.644531,7520ACE305
1253261011.5332,1253261019.03125,E621850085
1253261067.423339,1253261075.75,854C860467
1253208791.212894,1253208798.52417,958AB0CB07
1253209285.5,1253209297.4375,958622E7F0
1253232917.257567,1253232925.650879,661637A78F
1253282020.257809,1253282028.306152,AB8815785D
1253282063.006109,1253282071.262939,58169C1639
1253282367.805665,1253282375.232422,52CA21086B
1253317604.71973,1253317612.305664,41C5FEC578
1253317684.704471,1253317691.727539,A9DC89874D
1253317759.21875,1253317766.726562,ED8A01F13E
1253317834.968745,1253317842.189209,DE3F788F9A
1253317916.9438522,1253317925.734863,66A861CDF5
1253345816.853765,1253345824.512695,1873F1FA24
1253345946.550778,1253345955.064453,1078E2FB17
1253346041.0,1253346048.810547,687D37B216
1253346071.7663531,1253346079.511718,C5DE5A0122
1253346115.225582,1253346122.467773,1DD7423345
1253362493.4707,1253362500.713256,FDAB42E6B1
1253362774.234372,1253362781.68164,91EABE62B9
1253311711.2811248,1253311718.988281,AD6599710D
1253311824.657228,1253311832.353027,22DA39C53A
1253311876.9145498,1253311885.1875,A5942296F6
1253345579.872196,1253345589.976806,6AD891FAA1
1253345603.320312,1253345610.90979,C63592CE90
1253311296.166019,1253311304.624023,919F7DD81F
1253311333.883548,1253311340.933593,C05BB2CBB4
1253311446.315191,1253311454.118164,D5EA4912C4
1253311587.728512,1253311598.263672,C2A073256B
1253326232.829105,1253326240.35498,6242050C63
1253326377.405277,1253326387.482177,68CA73D310
1253330749.376828,1253330759.022705,4C883D7EC2
1253327111.6601589,1253327120.266845,D2B8D6EC26
1253363739.638668,1253363747.030273,90B8D236A7
1253321656.353519,1253321663.553711,47414AE318
1253324851.586917,1253324858.890625,8649021640
1253348697.0805712,1253348707.621093,2D31159E59
1253358232.398925,1253358239.915283,0C2FECF9A3
1253358620.5937471,1253358627.855468,17F4F24166
1253358700.3662071,1253358712.825195,5B8894B898
1253356836.65625,1253356848.499755,822C080CF1
1253357041.219602,1253357049.46936,3C52013C7E
1253357086.46875,1253357094.74707,B192C24C88
1253357155.478514,1253357165.277343,C0FB278E35
1253319084.411129,1253319092.975586,03C02C2768
1253326908.673831,1253326915.995849,D5AF4FB585
1253326660.517575,1253326669.019531,FC64C4BC28
1253326696.373044,1253326707.211425,794149C83C
1253348302.994624,1253348313.155273,3AB5227E45
1253348323.516598,1253348331.481323,F44B2C997B
1253348444.2182622,1253348451.90039,8FC5A355D6
1253348451.90234,1253348459.096679,EFA272228A
1253314992.46973,1253315000.890625,047870FDEA
1253348070.839844,1253348079.097168,A076E91B07
1253348157.353765,1253348167.636718,6F380C4ADF
1253348176.031253,1253348185.386718,6A30134FE4
1253348254.5224638,1253348261.625,B87955492C
1253318558.688481,1253318566.616211,0B01788193
1253364064.300784,1253364073.86914,07AA233F49
1253364103.732422,1253364112.017578,E46013CCF5
1253364428.3177469,1253364437.648803,793052C951
1253325090.1835968,1253325097.362304,E022A501D1
1253325762.2539072,1253325769.300781,8A3366BCB1
1253323506.767575,1253323515.831054,DE5912E70C
1253352788.070317,1253352795.871093,2E578E84CF
1253352876.62695,1253352885.683593,00C87C4B95
1253352945.0654309,1253352955.776367,F0F52C2F67
1253353044.018551,1253353051.296875,6784339C06
1253316559.6982472,1253316568.11914,3BC250B45B
1253351251.1767578,1253351259.607422,9699FD1A16
1253363152.8085918,1253363159.865722,C488A82149
1253303425.4130888,1253303433.287597,E3BAF645B2
1253352273.1591802,1253352282.396484,61F1CFEC2F
1253354454.711911,1253354463.175781,49A7BB71D3
1253354603.065435,1253354612.09082,5F22D407E5
1253354833.421872,1253354840.696655,23C41CA2EE
1253354921.13989,1253354929.939453,C0B1C999E7
1253353298.4865708,1253353305.583007,BA5283DBDC
1253353579.7431638,1253353588.162109,02F4984655
1253353594.743654,1253353606.958984,6A9CC64BD5
1253356376.254886,1253356383.589843,E9C3D91249
1253356423.659665,1253356431.868652,D17BC90205
1253349222.0039089,1253349229.027343,CC2A32040C
1253349281.770509,1253349291.372802,B0D6A44FC2
1253349460.469724,1253349468.116211,BA310CFC74
1253351009.595699,1253351019.110351,C1A17A92AE
1253365854.162108,1253365862.337158,5782AD4857
1253366241.979985,1253366250.888672,73CE5224A0
1253330942.425783,1253330951.125,A3057AEA0E
1253349689.7773452,1253349697.527343,98C6E14DCF
1253349714.113285,1253349721.980468,AB345D795F
1253349818.023437,1253349827.605468,D46C48898E
1253358925.438475,1253358933.357177,4CFCAC1233
1253359189.165036,1253359198.64917,51FCCE7A0B
1253359210.539067,1253359218.969726,A62FC9ED2C
1253359254.086917,1253359262.456543,D4D11DC58A
1253349532.605472,1253349545.234375,355B043B9A
1253349612.84277,1253349620.422851,A136B4F668
1253329694.569337,1253329702.028442,EA3BB23F83
1253361111.554691,1253361118.761718,6883F2710C
1253361127.595949,1253361134.988281,EC644A59CA
1253353704.65625,1253353713.557617,0A87025FFC
1253366357.96875,1253366368.300781,9FAE96C23B
1253366423.9082038,1253366433.82666,F4DC412C4C
1253366472.112674,1253366479.310547,4A722BD6B5
1253304359.5537078,1253304368.548584,944700E6D6
1253309003.769535,1253309012.015625,076797CAC2
1253309213.919925,1253309221.107422,11DEEE5B4C
1253359549.7187529,1253359560.046386,6980DA2CD9
1253359609.36865,1253359616.764648,F4C4237BDB
1253319354.672848,1253319361.74707,8B92BF1CA2
1253319410.829103,1253319418.110351,EF93964AD2
1253348857.527347,1253348868.193847,86B6751C98
1253348966.81397,1253348974.383789,F8E5FD88F6
1253349022.65991,1253349030.724609,71F7C83041
1253349039.43555,1253349048.487304,F90C61FF16
1253349107.976564,1253349116.088867,DC57DD24A7
1253328872.154791,1253328879.488281,0436E93314
1253329018.044431,1253329025.072509,EF96BD29BE
1253329343.233394,1253329356.808471,F0114FBF66
1253312658.379148,1253312666.253906,59DAE275B6
1253312848.670292,1253312857.574707,51A993C20F
1253312857.664797,1253312865.238281,E50076AA85
1253345098.1071749,1253345106.628906,BDF2D0687B
1253345213.950198,1253345226.021484,A36702365D
1253345273.445317,1253345282.237793,6936E85E27
1253345324.9707,1253345332.433105,40B5A86712
1253394325.853516,1253394333.241699,A37CD3C75E
1253394757.930177,1253394765.591797,8710D67B09
1253394949.445317,1253394958.466552,CF96D4B7EF
1253395241.487301,1253395251.409179,5D043527B5
1253395609.4326222,1253395618.047851,1599CFC6E8
1253395694.703609,1253395702.632812,C4329DF8F8
1253395720.048832,1253395727.402343,B561330635
1253396392.787845,1253396400.885986,2733CC692B
1253396480.666992,1253396489.55957,DCD0D114D5
1253396969.18848,1253396977.774414,8D785E4606
1253397100.756593,1253397108.626953,EB4142F779
1253397120.364262,1253397128.183593,47E1E20F77
1253397256.536862,1253397265.548339,B77A6178B4
1253397941.7451138,1253397950.517089,871A5D7F9A
1253398128.322266,1253398136.436035,3F93156691
1253398722.29004,1253398731.178466,D47004A1AE
1253399853.199219,1253399860.535156,317C3EFE08
1253399950.57812,1253399963.250976,88C03FD02A
1253400739.156741,1253400748.577636,D8ACFAD93E
1253401318.3601031,1253401326.325439,44DFCA13E5
1253402276.6875,1253402289.229492,299063E0EF
1253402535.885739,1253402543.720703,453114893C
1253402713.5541952,1253402720.841797,35DDAEE6EF
1253402743.416012,1253402750.782226,C354D7E01A
1253403571.06006,1253403578.476562,23DC22BA5F
1253403578.477542,1253403585.708007,1C5A182FA8
1253403725.0029328,1253403732.242309,AB3BAA0F7C
1253403792.5410202,1253403799.852539,18B09EB9A2
1253403947.2602549,1253403954.354492,0694A2CE7B
1253405197.850584,1253405205.568847,15E65FB9FB
1253405205.569337,1253405215.65625,973F915EAD
1253406871.55127,1253406879.580322,D45CBEDD01
1253407534.449215,1253407544.780395,6AA4503692
1253407802.243168,1253407811.160156,FC5499D756
1253408137.326417,1253408145.024902,AE51835A77
1253408336.953125,1253408346.036132,ACFA11F2D9
1253408568.2890658,1253408576.77539,A4ED2869AF
1253409825.534176,1253409833.101562,C8C6EDAD34
1253409984.962887,1253409992.402588,ED04567AD3
1253410115.14984,1253410122.726562,71F9480ED4
1253410151.980955,1253410159.956543,E12A4CE0A2
1253410297.677731,1253410308.374023,276B9ED0D2
1253411451.966793,1253411459.175781,4C06328A94
1253411629.1162138,1253411636.926757,ABB56F99E4
1253411922.616208,1253411931.519043,7066D88FF3
1253412389.806645,1253412397.836914,272EE22E23
1253412434.7499971,1253412444.000488,2D6F520F5D
1253412460.217773,1253412467.433593,F90EA59970
1253413960.623047,1253413967.807617,E2CBE90A2A
1253414434.3730478,1253414443.15332,12B923A513
1253414890.630864,1253414898.329834,772B189AF1
1253415097.170902,1253415107.519531,D28AFDD415
1253415208.444332,1253415215.628906,D53377A078
1253415339.817386,1253415349.625,F9AC2BD4D1
1253415376.2377958,1253415384.932617,8E51B86B26
1253415508.19043,1253415515.542968,2FAA006459
1253415682.7390149,1253415691.616699,7E3AAA7357
1253415837.992313,1253415847.279297,E31552BF23
1253415977.287106,1253415988.831054,5CB880C3A5
1253416450.5,1253416457.61914,495E103C1B
1253416757.095706,1253416764.25,5EA7B40DD8
1253417188.776857,1253417197.961425,7B873020F4
1253418021.630619,1253418029.610839,DFF3F51515
1253418687.457028,1253418694.542968,903F9C62AC
1253418698.816407,1253418706.328125,FC732A41B4
1253418964.023436,1253418972.319091,1DC38BA44F
1253420540.783696,1253420548.175781,0C662D3CCE
1253420635.8974628,1253420643.810547,29F7B9662D
1253420886.347654,1253420900.496093,6028E31BEC
1253420973.524417,1253420981.082031,C0013F1D4C
1253421457.073244,1253421464.25,9F2C5C6B40
1253421827.789067,1253421836.322265,C5D320CD8D
1253422616.260739,1253422624.206054,D108B51312
1253422753.691406,1253422762.469482,E5DE7F86B8
1253424339.099611,1253424347.277343,2BBC020F8D
1253424499.977299,1253424509.476562,4D419E7CC5
1253424956.1523468,1253424966.980468,CAE472A835
1253425152.709476,1253425162.04663,F68EDF81C6
1253426544.00781,1253426551.461181,CE801BF565
1253426786.856448,1253426795.524658,26C22A060C
1253427041.366211,1253427049.072998,A31E327BD2
1253427281.9804718,1253427289.795898,ECF4ED530A
1253427792.995607,1253427803.71289,E75E99A172
1253427949.367184,1253427957.735839,3E446A93B8
1253428060.043942,1253428067.330078,902ECEAA3C
1253428248.920894,1253428258.111328,46CDACA25F
1253428279.341794,1253428288.15625,5DC6178EEF
1253428291.451662,1253428301.333984,776AB648EC
1253428394.294918,1253428401.982422,DFF01B66FE
1253428439.2429788,1253428450.548339,D8C58AA0DF
1253428593.9335968,1253428603.38446,25216E9123
1253428675.485348,1253428687.407226,6A1B9E8E01
1253429386.011722,1253429394.693359,31229B4B01
1253429404.0,1253429413.342895,74716A0B43
1253429488.724612,1253429496.302002,3444D93217
1253429767.017578,1253429778.677734,D9A762DD29
1253430029.0385768,1253430036.202636,BD29FD864C
1253430713.50781,1253430722.519531,CCAB251254
1253430765.335933,1253430776.053222,DBAA91AD64
1253431165.520505,1253431173.234008,074838225E
1253431788.5168412,1253431796.366211,D908B3666C
1253431942.863283,1253431951.553711,E713207484
1253432307.821534,1253432317.537109,5106877577
1253432360.26562,1253432367.461425,F64B906CB9
1253432411.541016,1253432420.171386,C9AF3DA019
1253432655.6787062,1253432662.949218,1B45938C8B
1253432989.08008,1253432996.183593,3D73CA4849
1253433094.500001,1253433103.629882,52DF7DE567
1253433132.0898468,1253433140.474609,0370F7C377
1253433232.385252,1253433241.975586,9F26144B98
1253433312.726566,1253433320.479492,2E0BF07819
1253433569.289059,1253433580.600586,D339E00CF0
1253434032.555663,1253434042.335937,AFF782499B
1253434046.0,1253434053.078613,3003FE8487
1253434232.1210918,1253434240.395874,AB72FB1109
1253434291.132809,1253434300.195068,D6B53C5B45
1253435294.766605,1253435303.098632,4045C90EDD
1253436173.093748,1253436180.586914,DDE51EA17E
1253436452.294918,1253436460.254394,98DD9D55B1
1253436873.461917,1253436882.408203,63C5B0340F
1253437025.5585968,1253437033.46875,342FDD64B3
1253437361.89453,1253437370.24707,74F69150F6
1253437664.580078,1253437673.721679,257BF60253
1253437941.273434,1253437949.892089,2227B30D98
1253438210.418943,1253438217.770507,C9041202F4
1253438300.160153,1253438307.432617,5DE418A55A
1253438339.227535,1253438346.84375,6CD0CA7256
1253438693.5,1253438704.264282,58929C34BB
1253438788.552731,1253438799.266601,32C9987D66
1253439113.7148468,1253439125.932739,BE3AF78FE0
1253439230.222653,1253439237.479736,FA514A5182
1253439344.0368612,1253439351.515625,B56B02547A
1253439369.734372,1253439377.423828,76344A240A
1253439503.76465,1253439510.850586,73BDF5971C
1253439685.611578,1253439693.079834,2C94565F80
1253439802.453128,1253439813.973632,C7F31A82FF
1253439819.1163309,1253439827.951416,61724AC0B7
1253440108.4169948,1253440116.745117,0CBD856F76
1253440536.241212,1253440543.297851,8F7169A4B1
1253440692.916929,1253440700.428711,3E80238582
1253440871.3232448,1253440879.301757,D3CA956BC8
1253440982.5888698,1253440991.538086,BCEEF896AB
1253441060.739259,1253441068.524414,C6A37E30BD
1253441073.5476031,1253441081.548828,B28A23E0E9
1253441145.87598,1253441155.448242,46797C2C5D
1253441563.993654,1253441576.469726,5D04EABE05
1253441691.616701,1253441700.931152,C120D62D6A
1253441962.1787138,1253441969.490234,09707DD961
1253442180.9687471,1253442189.429687,B9F4B39E0A
1253442364.98096,1253442373.558105,AF59EEC21F
1253442778.1440458,1253442790.252319,44D60C4F74
1253442994.578126,1253443003.433593,642AAA27F0
1253443545.585935,1253443552.912109,B6DA16A698
1253443609.7109408,1253443616.972656,42FBBA67F4
1253443735.813478,1253443743.509765,F09C61016B
1253444101.308597,1253444108.634765,07A3AB88AD
1253444518.452152,1253444526.229004,7712242B4D
1253444791.412111,1253444800.213867,92B90631D8
1253444814.309087,1253444824.805664,40CBB1D887
1253444858.750001,1253444869.006836,1B9CC87169
1253444979.9135718,1253444987.207031,BD13F3B6EE
1253445047.159179,1253445054.348144,0427AAD0AC
1253445108.045894,1253445115.249023,A6FDD09101
1253445164.9146712,1253445172.068359,A1A79313D5
1253445225.386719,1253445233.015625,0477453134
1253445715.2138648,1253445723.565429,3EE8910FC7
1253446196.625,1253446208.216797,A4704DB73A
1253446312.242795,1253446320.164062,9761A851A4
1253446395.9255378,1253446404.421875,90891A38F4
1253446538.710451,1253446546.518554,632AD9AA7C
1253446792.204347,1253446799.249023,F7A27A2C5B
1253446852.867917,1253446861.313476,DD7F704AD2
1253446980.8837888,1253446992.882812,F2A0B7C57A
1253447241.814456,1253447250.349609,509857D819
1253447464.861328,1253447472.509277,7C09D776B6
1253447598.828122,1253447612.577392,F326993B82
1253447655.919435,1253447665.250976,2B2B67CAC7
1253447826.035156,1253447833.810547,C986EF245E
1253448153.4082072,1253448160.482422,9A55BAB39F
1253448427.188478,1253448434.39038,A9B038A808
1253448600.28125,1253448608.29248,7E47EC5267
1253448899.783687,1253448908.100586,E2222AEF51
1253448991.802734,1253449000.126953,B3D7C18049
1253449184.790036,1253449192.836914,4B6BEDA22D
1253449357.333984,1253449365.169433,71C1F24A94
1253449520.545895,1253449528.332031,B7A46FCFE6
1253449635.934575,1253449647.875,BB4905B69C
1253450273.831051,1253450283.5625,F625328E36
1253450324.57812,1253450331.770996,8F0E7215DD
1253450405.25,1253450413.061523,745DDEC1B2
1253450462.113284,1253450469.467041,6A4ED87C58
1253344586.688478,1253344596.913086,18CC7665CE
1253344677.951782,1253344686.8125,D8FDAF861A
1253344698.480472,1253344710.082031,1052963AA2
1253357531.281741,1253357541.324707,BF37BB60B5
1253357805.839844,1253357813.870361,84B56079D8
1253357912.160646,1253357923.566406,4F46CF0E6F
1253312273.619143,1253312281.392578,7FEB6EC7A6
1253303632.8564448,1253303639.971435,AF0061206D
1253303855.28223,1253303862.918945,4F630A2C7F
1253303885.1201198,1253303894.219726,1C70516C1F
1253313907.379396,1253313915.595092,D242A3049F
1253314024.730954,1253314034.261718,4F9EA2A316
1253356196.28223,1253356204.105468,900CF8E9DB
1253356325.884769,1253356335.436523,8D73ED0E6C
1253305210.318481,1253305217.635742,0754D2E00E
1253305534.673345,1253305542.198242,E988D4B41A
1253303938.089598,1253303945.202636,24A7132E57
1253366835.457033,1253366845.345703,2CC25E2D72
1253364587.269532,1253364595.21875,41CE203588
1253364661.867185,1253364669.488281,8C40F2D7A0
1253364797.949219,1253364805.028808,4BE37470E9
1253320078.548824,1253320088.822265,819238FBF1
1253320321.3037071,1253320329.109863,39DD155437
1253320390.085941,1253320397.990234,37F96FD986
1253320592.834348,1253320600.892578,552D448C73
1253312981.628903,1253312991.098632,0BCA8AC3A0
1253311947.359618,1253311954.360351,B86370CB90
1253312164.328125,1253312174.926025,8DD1E2DC7E
1253312214.71973,1253312222.091797,0D7272D1DD
1253302768.84766,1253302777.866943,D6C635FCAB
1253302825.365237,1253302835.34851,FF736DB4CD
1253308121.8466828,1253308131.029174,9847A38BA2
1253309742.9847388,1253309750.636718,6E6F56B05A
1253324105.4643588,1253324114.47229,5AB4C42ED0
1253367710.333011,1253367719.976562,BF7DF9FC3C
1253309926.8395982,1253309934.640625,989E5FAA21
1253307647.664068,1253307654.679687,FFD7564B1C
1253308032.48535,1253308040.96289,A0C538CA29
1253322177.459348,1253322185.287109,F775BE80AA
1253322204.036138,1253322216.457031,9328024F24
1253322294.173825,1253322303.746582,F16CC1491C
1253322303.747072,1253322312.586914,FFBD02690F
1253322344.3388631,1253322353.240234,911EB16A50
1253322477.895997,1253322486.568359,497376B8D5
1253351569.856442,1253351578.364257,1EB227401B
1253351828.134769,1253351836.83789,3CBAFBEE0C
1253351844.25098,1253351855.422119,32410C4E08
1253321308.373537,1253321316.446289,A050ACA997
1253321323.0937471,1253321331.687072,015F70EA08
1253330094.94922,1253330102.373047,AA249D04FD
1253330245.268552,1253330252.297851,847C70BED9
1253360142.1542928,1253360149.676513,5D6F34FC9F
1253360413.419923,1253360421.601562,2986DC625F
1253360454.663206,1253360464.263183,CB123552F0
1253347458.878908,1253347471.597656,A2A8658B2B
1253305748.5532238,1253305758.234375,C33B6EADD4
1253355249.760739,1253355256.983154,817FC80580
1253315971.0644538,1253315979.607422,B2FBBAA016
1253319909.219235,1253319919.635742,44CC4A6F01
1253346596.121094,1253346603.607422,3A34DE79D4
1253346603.6113322,1253346615.657959,B07A0738F0
1253346616.856444,1253346624.976562,13BBBA27B9
1253346624.977052,1253346632.126953,752ECD4B80
1253346670.6874971,1253346678.445312,F48E0AED9C
1253346834.960934,1253346842.320312,70FC773993
1253346961.759159,1253346971.791992,87A4ACB1B1
1253347027.96875,1253347035.380859,32D114234E
1253347213.60938,1253347221.34198,26BA8B024C
1253308508.418948,1253308515.597656,34AE14DAA7
1253308526.240484,1253308533.666992,4F79586BAC
1253310265.038082,1253310272.433593,CB7215510A
1253310471.699948,1253310479.234375,C4B1DC8FAA
1253310523.5039022,1253310531.234375,4D93210631
1253304541.641606,1253304552.32666,A6057E7719
1253350315.528927,1253350324.286132,71C3AFA9EF
1253350351.596437,1253350360.910156,0BCD771FF9
1253350432.7946732,1253350442.765625,34523FF7E2
1253350631.660153,1253350639.206543,3B963E9408
1253350651.23535,1253350659.333252,ED179DFFEA
1253350664.3437471,1253350676.811523,B9D71D1638
1253350804.0751948,1253350811.191162,AD2F2082BC
1253328713.35303,1253328721.936523,BA055F5B66
1253355499.695309,1253355508.529297,B70F8D5EBC
1253355642.3940408,1253355653.28125,F36EF6AE76
1253351946.140628,1253351955.039062,96B5A3C106
1253351969.5858128,1253351978.348632,A737E7265B
1253351979.727544,1253351990.416259,959491686D
1253352128.403323,1253352136.035766,C8EAF69FD1
1253352170.195562,1253352178.481445,A219D82998
1253306639.474734,1253306648.144043,72EEE55F6A
1253301543.4335968,1253301550.860351,06743A3DEE
1253352341.153812,1253352352.784179,23E8FBF0B1
1253352365.261719,1253352373.536132,3D8670C55A
1253302086.189699,1253302097.763672,1595777D55
1253327723.797855,1253327730.816406,C820BE2BD8
1253327896.568356,1253327903.676269,61FEF8F82B
1253349940.088867,1253349950.603027,EADDD6444B
1253349989.0688498,1253349997.641601,7537457349
1253310684.5605462,1253310691.728637,19BDA49521
1253310830.841802,1253310839.035644,418035FD5D
1253360614.502934,1253360623.74414,27DBA85FCD
1253360624.1938431,1253360633.265625,B7E3AE6240
1253324489.794925,1253324496.813476,46CC43C293
1253324559.248044,1253324567.311889,B643DCD3B7
1253324684.740231,1253324693.711914,15236844D6
1253315573.064452,1253315581.012695,6A2FDEA730
1253346401.324216,1253346412.645507,7775E4C234
1253346461.917969,1253346470.234375,3002E08497
1253346506.182863,1253346515.576172,34D7C9DDDD
1253363396.75,1253363404.782226,F78C15ACF7
1253347800.9313922,1253347808.466797,8BEE2830AC
1253347950.0332038,1253347957.265625,E57CED6A13
1253306844.29273,1253306852.152343,0D41EFFF17
1253306911.719728,1253306920.427734,BFF0DE9C3F
1253307059.5,1253307067.535156,D0FE21F5B8
1253356561.60156,1253356569.719726,AC1DFB5019
1253356679.712522,1253356687.89978,B4238CFE0B
1253313699.238768,1253313706.417968,02E6C26902
1253313760.320316,1253313767.50122,3BD10A4CAB
1253319191.195312,1253319198.461914,82DBD8A1CE
1253319273.336914,1253319284.916504,3ABED3F14C
1253354021.01172,1253354029.375,938ADB0C59
1253354065.169679,1253354075.464843,538293BFC7
1253320914.0351548,1253320922.429687,DB03EFB579
1253316303.1513722,1253316311.006836,FD0DC6D6E6
1253316395.978513,1253316405.478271,D31058DE43
1253316442.25,1253316450.659546,C33C3C91CC
1253355095.513668,1253355105.367187,FC32901E22
1253357363.7465851,1253357372.61438,484B02FDE4
1253470023.690426,1253470030.702148,BCE26CF5EA
1253470110.5742218,1253470117.703125,AA92528A65
1253476613.4633758,1253476620.672851,6832CE64C0
1253476622.610348,1253476629.725586,7523438631
1253476632.455562,1253476639.784668,FDBF1E4AD8
1253476641.686528,1253476649.143066,8D9C27A497
1253476699.6875012,1253476707.09375,E9D01225B1
1253468917.3466828,1253468925.582031,63BAEBB0BB
1253473715.820311,1253473723.451172,79BAE2D557
1253475181.78516,1253475189.560547,44EF6CA852
1253475256.124995,1253475266.840088,95B0E06543
1253474306.82812,1253474314.492675,681A96FF5B
1253476138.011719,1253476145.295898,87702AEFF8
1253463093.338864,1253463101.989257,4EA480AC21
1253464066.3437471,1253464076.668945,00A06FEF9B
1253464176.855958,1253464184.531616,AC47EA55BA
1253464854.457034,1253464862.450195,6750B60BC3
1253465006.099427,1253465015.839355,0F80EE549C
1253465416.0,1253465423.859375,21F76FBCD8
1253465471.034669,1253465478.53479,F952DF5502
1253465509.71777,1253465517.277343,A78672CF98
1253465603.584962,1253465610.949218,0243DD4EFA
1253465620.972782,1253465628.09375,827F0D7325
1253465667.4890091,1253465676.058105,AEC79D3291
1253465885.098636,1253465895.857422,44F3DB87A5
1253470581.264648,1253470590.666992,5F781F4CCE
1253451465.169918,1253451472.927734,3BA487C187
1253452255.799801,1253452265.285644,5C61ABC8C0
1253452476.918946,1253452484.138183,7A977DDC39
1253453170.8657272,1253453180.351745,E4065CFF3A
1253453714.351567,1253453722.75122,577BB64B44
1253453805.645505,1253453812.801757,02E65F237E
1253453950.971921,1253453958.130066,89A986D449
1253454922.864261,1253454931.057373,CBFD77D086
1253455088.046872,1253455095.515625,E7AB9D7199
1253455247.7460918,1253455255.726562,609BB04266
1253455377.840822,1253455385.492187,392251B7D7
1253455485.039066,1253455492.555175,63BBAB1E2A
1253455853.523439,1253455861.084961,49E5D87531
1253455972.726564,1253455980.672851,6F832552F1
1253456107.564817,1253456117.708252,58BCAD2BBE
1253456613.341556,1253456620.416015,31B45419F9
1253456696.1053438,1253456703.954162,FCB161990F
1253457025.464848,1253457033.726562,7F17AED6AB
1253457415.383786,1253457422.535156,8472893617
1253457949.87988,1253457956.980224,CE9B2A0231
1253458193.832151,1253458201.295898,3F00E743BA
1253458412.528806,1253458420.092041,313469D537
1253458971.5581088,1253458978.696411,9764B58EC5
1253459098.517581,1253459107.371582,E85483712D
1253459141.1491652,1253459150.066406,E4877583CD
1253459542.9912138,1253459556.382812,8013F608CD
1253459748.237794,1253459755.619629,2BEF6AC341
1253460052.5859408,1253460061.095703,F70B0BEE3F
1253460128.734375,1253460137.695312,0B3F35C220
1253460281.88367,1253460292.989502,154E0D9DE4
1253460488.0002449,1253460495.772461,5CD0FE20AE
1253460523.748043,1253460531.597656,58B0EB132A
1253460562.853517,1253460573.210937,6B586C9742
1253461778.831544,1253461790.772461,9347EA7F96
1253462285.1796858,1253462293.605468,37E8740D3B
1253462354.3779309,1253462361.581054,8E269B1DE7
1253462417.6875029,1253462428.341797,C070BD88CC
1253462903.793948,1253462911.912109,9EEF2AB574
1253469693.368658,1253469702.116455,DEAB95B22F
1253467863.0346632,1253467874.225586,062469D6C1
1253467879.309567,1253467887.650879,3D4C6D2FBA
1253467891.2182648,1253467899.296386,D3557B4608
1253467681.490235,1253467689.19458,5B495B1760
1253467755.0328338,1253467762.6875,2BD5336102
1253467785.266598,1253467792.803711,C88D8CBF98
1253470155.0,1253470167.117187,C72E133468
1253470230.663082,1253470240.200195,AC2735AF05
1253470240.229495,1253470248.480468,879DDA6FC7
1253470391.3310518,1253470399.267578,C256CD22E4
1253470430.418462,1253470441.141601,D628003640
1253470486.880862,1253470494.011352,C400F413A0
1253468175.571286,1253468183.882812,3CC9849C2E
1253468409.5820282,1253468420.460205,E78E8ADFDC
1253468545.866212,1253468553.24707,13BA6D3CB5
1253466916.780763,1253466924.167968,ED17521FC8
1253467063.93311,1253467074.170898,DDA0A149B9
1253467219.252926,1253467227.951172,192A9FC18D
1253471178.1274438,1253471187.887207,1E52C1D865
1253474938.223629,1253474945.481445,19BDCCAEA0
1253466010.0625,1253466017.147949,D75A120861
1253466207.584958,1253466216.013672,9E54D1A158
1253466690.4326189,1253466697.755859,E36F08AD62
1253475889.195313,1253475896.291992,FD6C8D50CF
1253587180.197271,1253587188.640625,7B66543305
1253511933.350582,1253511942.260742,6F508C10B5
1253511966.295413,1253511974.112304,638564AA2A
1253512061.3081088,1253512069.375,731925F7B8
1253567826.57324,1253567834.190673,E22D048DC1
1253567853.798342,1253567861.276367,34FCA363F4
1253596532.923831,1253596540.965332,9F2B6BB095
1253562854.09424,1253562863.820312,87CF043E5A
1253583624.962042,1253583632.220214,80B98698F6
1253583705.227542,1253583713.986328,FAF5FFDFE2
1253507808.88281,1253507820.505615,5B77B8F1F2
1253591696.552731,1253591704.515625,ADC5A92EF7
1253591757.074222,1253591765.219726,B116166E36
1253591783.857912,1253591796.171875,F510822AA8
1253522214.425778,1253522230.378906,76E5E481BA
1253522236.416989,1253522243.618652,BA54058ABE
1253522333.3071258,1253522348.100586,683143B2F1
1253554084.341798,1253554093.723632,0644BD44B4
1253554328.455081,1253554338.152343,98BF337F2C
1253554366.930667,1253554375.11914,562FD47371
1253595109.93848,1253595118.350097,95136E2CB6
1253547587.615718,1253547598.469238,59DD2C69FA
1253584421.438108,1253584428.764648,FD85EA1AC8
1253584535.248537,1253584543.265625,D55D02380E
1253584608.988284,1253584616.007324,915D49AD76
1253584676.084722,1253584684.18164,327D5D7280
1253584815.5650609,1253584822.71289,2C99F04CD6
1253584868.536136,1253584875.976562,51BF3BAB46
1253584906.039552,1253584918.412109,D8E0801BE0
1253553350.3320282,1253553357.647216,637344275D
1253553707.914059,1253553715.428222,EF0351060D
1253580239.0,1253580249.081054,9DC9070AAA
1253582287.519528,1253582297.834961,5F277395E1
1253582310.852292,1253582318.252441,9ED8C5F3D0
1253582381.411622,1253582388.841797,CEDCE14200
1253582388.8457072,1253582398.154297,92C6A51622
1253572016.444708,1253572023.710937,4541670CAE
1253572063.201168,1253572070.815429,3E6EFE6C65
1253572229.851565,1253572239.603515,C8802FFDCA
1253564152.258792,1253564160.24707,E26F6B6227
1253536138.238285,1253536146.164062,2F372222EB
1253520547.456296,1253520554.5,CC8E4CE770
1253520711.6835968,1253520721.158691,564164553C
1253520729.657224,1253520738.520507,D9D48B5031
1253566630.206054,1253566640.046386,A12B3C392C
1253548150.2812471,1253548157.513672,FEDDCD6B9E
1253514909.0,1253514917.162597,7704F06309
1253515102.9265149,1253515110.246093,D3CA41CB46
1253515302.157469,1253515311.849121,FF8CD541FF
1253525757.164182,1253525766.301269,3A0A19F33E
1253525975.355953,1253525985.843261,1A60CA9D24
1253526045.093753,1253526058.172363,2F3530B69C
1253526096.8461928,1253526106.895507,A6D830C462
1253562279.587887,1253562287.201172,744EB7BD25
1253562324.879395,1253562332.921875,059BC7D123
1253535830.046876,1253535840.630371,3DCC01E24C
1253535916.347658,1253535925.356933,6342D910A6
1253572426.81836,1253572434.54663,C07DD198F9
1253536255.322266,1253536262.333007,6430EFF9EC
1253536617.904417,1253536626.285644,B8F110DCBE
1253502740.802737,1253502747.912109,CCC7135137
1253502879.937926,1253502887.976562,D3513D27D4
1253502928.3636432,1253502935.445312,1FFBDDC845
1253503060.750001,1253503067.819336,F83B452DF2
1253516069.113283,1253516079.242187,D40249ED25
1253516245.9814491,1253516253.069824,BB1657F3AD
1253516327.199222,1253516335.371093,54F9FA6005
1253516335.542965,1253516343.672851,4E55623713
1253516353.163326,1253516360.61145,BE0ED861EE
1253517942.02734,1253517951.106933,C85BBA7A85
1253517992.628903,1253517999.636718,08E00F00CE
1253551945.09375,1253551952.390869,EEF4A4A881
1253552212.138675,1253552221.1875,2C44BA6CE4
1253507506.517091,1253507516.114746,185B897721
1253569810.12891,1253569817.193359,42105ADF89
1253569869.363278,1253569878.125,A6E6FCD902
1253570127.238278,1253570134.688598,B5287BA05D
1253570231.520508,1253570241.957031,A6DEF92B9F
1253517405.680667,1253517415.853515,F979C90C62
1253544596.039066,1253544603.5,CBB18E3ACB
1253583092.8991709,1253583101.349609,172A333857
1253583230.636716,1253583239.597656,AFD06ED29A
1253554881.292112,1253554890.38916,061A5112E9
1253554892.6562471,1253554900.397461,959B989591
1253542534.899904,1253542542.833984,317787F233
1253542626.947757,1253542634.046875,763D1E19C2
1253511450.547849,1253511458.494629,4684AF4A03
1253511577.627934,1253511587.922363,D3AF5EB074
1253511591.653136,1253511598.871093,DA1FE63B3B
1253511638.5024428,1253511647.739257,7D474FF8E3
1253585665.295894,1253585673.520507,8740C7DA1E
1253585710.080075,1253585717.945312,68143EA593
1253544296.3271492,1253544303.958496,E54EB98E91
1253581855.507574,1253581863.855468,DF13A01112
1253581917.038821,1253581924.246582,FD3788EFD9
1253524801.840823,1253524809.333984,92C0FE50AA
1253524900.8789089,1253524910.432617,473218D6A2
1253524931.778325,1253524945.149902,F0CB19D9D0
1253525213.691163,1253525224.854492,316F149611
1253525274.040282,1253525282.3125,4374C4358E
1253520877.4951198,1253520885.864257,E9AE9BA8BD
1253520977.010616,1253520984.312011,1514E8B184
1253521118.718263,1253521126.140625,9E62BF6F8E
1253521160.829595,1253521168.091797,63B683B2CA
1253592895.472169,1253592903.940918,5DB6476BA6
1253592982.703372,1253592989.832031,183DCABCA2
1253593214.7568388,1253593224.223144,3FDF424EC4
1253593386.865234,1253593395.738281,7A0C33DEC9
1253506793.681644,1253506801.815429,1BF7EA0B67
1253507154.90625,1253507165.186523,1CA1749F06
1253507202.381837,1253507209.424804,3A70989C1C
1253507225.0285618,1253507232.765625,DB33D55490
1253507270.4765658,1253507279.412109,40DE6C1308
1253591978.31934,1253591986.000976,D725208AFE
1253592099.696774,1253592109.15039,4BB7F77C3F
1253592198.661134,1253592206.810547,4794C2EA29
1253592288.10864,1253592297.980957,050320F71C
1253513115.780277,1253513125.1875,DB21BAF192
1253513180.1977549,1253513187.466308,03B37372DE
1253513248.907352,1253513256.683593,D1EBE63B4F
1253524738.65918,1253524747.054687,F82AFBC6C9
1253531415.818359,1253531422.909179,9D48FC57F0
1253531551.319211,1253531559.549377,1DBCED7CB4
1253531722.829105,1253531730.248535,1876558379
1253531870.617192,1253531880.623657,23DB5BD706
1253514189.273434,1253514199.798339,ADA46CF9E4
1253514214.005497,1253514221.648071,BAADC46522
1253514234.262698,1253514241.505859,0EE8516DA4
1253535236.201666,1253535247.397216,2D8FAF8A25
1253540729.162112,1253540737.174804,2D6C5285FD
1253540791.71875,1253540800.658203,7612842938
1253582748.625,1253582759.506347,2A3B6CB77B
1253582975.1543,1253582982.450195,A07D73E937
1253550324.5166,1253550333.083984,CE74B45995
1253564885.672855,1253564892.96875,CACF899751
1253595444.984375,1253595457.736206,7056CA6435
1253577553.234378,1253577567.017578,97B05D3F56
1253577890.375608,1253577897.861084,22C2CBBCF3
1253577990.757812,1253577999.956787,09E227FF94
1253578033.269778,1253578042.290039,4C917EF421
1253578087.0029309,1253578094.228271,B36A92C2CB
1253519348.167242,1253519356.862182,3A4972FE1D
1253519369.462404,1253519376.860351,67433EB63C
1253519392.191163,1253519399.515625,79065D4861
1253519436.5195322,1253519443.686035,46981AD192
1253519455.611325,1253519463.067871,0C120C62CE
1253519751.485843,1253519758.642089,60BA9C908D
1253519783.934567,1253519791.417968,195406DA94
1253519803.252691,1253519812.05664,3D0DDE5634
1253519848.2875931,1253519855.546875,17441B586E
1253587784.641598,1253587794.129882,630DF92F8B
1253587834.009762,1253587841.640625,41A19852EC
1253588020.118161,1253588029.581054,4FF9C9DAC2
1253588298.9882782,1253588306.897827,281849B650
1253588497.754514,1253588506.374023,2C0675B757
1253588546.3520532,1253588554.059082,A15FF44375
1253589339.355474,1253589347.485351,4CEB4EE64B
1253589504.788082,1253589512.441162,2E2AC7BB7F
1253589659.548831,1253589668.480468,69EB1E36E3
1253589670.324708,1253589678.071289,C4BB255F62
1253589726.0175788,1253589738.227539,C93FE9B048
1253549293.4648468,1253549300.956054,0F78DC9F87
1253529807.929688,1253529816.569336,50DCFB4A50
1253583873.210204,1253583880.96875,47254BE315
1253583922.538456,1253583929.839843,1B63E4D9AE
1253583958.92187,1253583966.219726,A05A8E5DDE
1253546649.958988,1253546659.084472,224B35CF94
1253546827.1875,1253546837.439941,8548B1ABA4
1253599864.8740249,1253599872.794922,9C0544887E
1253593632.567869,1253593641.757812,9A3811214A
1253593660.5,1253593669.061035,19A1615229
1253541220.310543,1253541227.441406,C7C9A86291
1253508026.507809,1253508035.217773,CC5F0B960A
1253508064.4647188,1253508073.021972,926FFF85F4
1253508149.676761,1253508157.725586,F8B7648ACD
1253597813.361087,1253597820.710937,747ACC740F
1253524208.810794,1253524215.851562,BF83979225
1253524328.7741709,1253524337.762207,B240160197
1253580599.8188488,1253580607.359375,CC3195BA85
1253580632.5151322,1253580640.070312,AEF6601317
1253580728.023441,1253580735.030273,7B983F91E4
1253580781.48437,1253580788.568359,8A166CFAD9
1253545809.4755888,1253545816.734375,1F05EA6EBC
1253503712.225223,1253503720.069946,C23818D722
1253503722.263668,1253503730.447265,BC971914AB
1253503780.930667,1253503787.968261,D4AE98E010
1253503857.661129,1253503866.603942,E862971C8A
1253598170.4921908,1253598180.483398,2DE45DCD0C
1253598283.228025,1253598291.243164,742B9596BB
1253598314.015622,1253598324.49414,D73AA81FBC
1253598324.49609,1253598332.877929,A9425EC68A
1253598357.707521,1253598366.307617,14C3CA43C8
1253598454.7890658,1253598462.919922,5524BC806C
1253593433.819331,1253593441.632812,11DD3CB695
1253565103.936527,1253565113.031005,332B15C871
1253539396.234378,1253539405.511718,A47A314028
1253539690.83392,1253539697.960937,4BE0133332
1253528146.345702,1253528153.543457,D96A33B1C8
1253528199.4414089,1253528207.041504,59C68CBEEB
1253528287.278814,1253528294.883789,D06D9CE90E
1253532661.0676222,1253532668.772461,0B1FE5B0E7
1253532698.458981,1253532709.001953,635536847D
1253533016.686161,1253533025.296875,B76B2CD525
1253562128.374999,1253562139.214843,D917592CB8
1253587583.7812471,1253587592.90625,D53B618889
1253528920.523434,1253528932.182617,705F4AFA57
1253528966.093745,1253528974.691406,237777704F
1253529222.167973,1253529229.802734,0769C37E30
1253529318.918942,1253529326.351806,1AAD456B8E
1253578895.1249971,1253578905.915527,BDB81D6219
1253578944.375001,1253578953.540039,022BF4C8F5
1253579021.766606,1253579029.196289,A59FA09D8A
1253579148.43652,1253579160.087707,BD5FB01464
1253523077.900391,1253523085.944824,803C9A017D
1253523138.716798,1253523148.999023,D615FE1ACD
1253523402.007812,1253523409.40039,E8B4123ABD
1253523427.99316,1253523436.536132,B095548706
1253523489.8823228,1253523498.459228,08C1555B6D
1253523513.4477549,1253523522.070556,0F29A031AB
1253523527.5657911,1253523535.848632,F36C2044E4
1253586569.8735402,1253586577.081543,2557822AA0
1253586702.5263631,1253586710.519531,845D339249
1253504899.70605,1253504906.872558,D6EC7F7AB9
1253504938.335941,1253504945.902343,0F31127E67
1253518171.857422,1253518179.462646,DF775DBACE
1253518280.604494,1253518287.791015,C413E8B451
1253518335.167965,1253518344.114257,1E1FE18AE8
1253518421.4799762,1253518428.828613,06B9E6E0EC
1253518490.647461,1253518501.895507,FBBAC5CF00
1253518636.1249971,1253518643.432739,9C47358958
1253536838.4867,1253536846.747314,5B9143F38C
1253536955.960935,1253536963.25,EE3C3BA2BC
1253537127.775387,1253537135.194336,116E5055E0
1253537173.468752,1253537182.116699,1E57386EBE
1253542106.925294,1253542114.485351,1EB69BEDC4
1253542201.191406,1253542208.970947,2C7C74CF6A
1253542305.356442,1253542312.934326,F5740CD94E
1253538323.9711928,1253538345.359375,E77DF14444
1253538360.353512,1253538367.779297,0E2A3112C8
1253579622.464109,1253579630.561523,6B3C7A60C4
1253519253.886777,1253519261.729492,795DF1286E
1253512213.267093,1253512220.44873,70903024CA
1253538916.519044,1253538925.05664,72D264D8C3
1253561646.507816,1253561653.579101,D576F24DC8
1253590985.333984,1253590996.889648,0484179FE5
1253591056.029906,1253591063.257751,9EC61AC6AB
1253539207.863285,1253539218.614502,3736944135
1253594788.11719,1253594795.761718,5476A970C9
1253576382.325198,1253576389.574218,00130D4AE8
1253576632.797857,1253576640.46875,C51C4C78EA
1253576813.862432,1253576821.861328,8573DBA3F2
1253576855.76562,1253576863.630615,712A604420
1253512531.609379,1253512538.951172,AF5FCDE748
1253512578.65625,1253512586.592773,8F928F3B56
1253512670.129392,1253512677.375,BE0377CCB9
1253512923.99463,1253512931.345703,672EF0F95D
1253512974.193361,1253512982.627929,FC94374AF9
1253596144.376216,1253596151.677246,2720A1259B
1253596151.677736,1253596160.38269,E299B3F01A
1253596161.21289,1253596169.517089,D9D9813419
1253592601.11963,1253592610.394653,C64F8CEAEF
1253506079.379886,1253506087.595703,155C6A1E59
1253506088.8076198,1253506096.125,61F2A3F774
1253506104.7607448,1253506116.176757,8AE6545B72
1253506149.195309,1253506159.177734,47A9D0F4F2
1253506179.693362,1253506188.6604,F0D82B7F18
1253513659.10352,1253513667.0354,0D7D03545D
1253513830.4082072,1253513839.195312,7407A717FB
1253514011.74609,1253514019.996093,A694E3F699
1253514021.379886,1253514033.943359,E53C5B1E1C
1253514101.114255,1253514111.543945,47B97D531A
1253514162.183107,1253514170.351562,F5C3C8B6C0
1253577030.523441,1253577037.899414,BF06A7C2B8
1253577060.169918,1253577068.118347,991F34D31F
1253577256.089845,1253577263.728759,E6F72A17CF
1253577383.0976532,1253577390.123047,A1A8E8116C
1253577423.364254,1253577440.210937,75A33794DA
1253577473.707028,1253577482.648437,FB28B0CED0
1253569421.570066,1253569428.957519,75D64D1A99
1253506459.961361,1253506468.77539,7B895EEDA2
1253506490.144528,1253506498.434082,845D3C9749
1253506669.9687471,1253506680.298217,80A938BACF
1253575519.187495,1253575526.325683,040415D44C
1253551224.548826,1253551231.633789,CE0DDC7181
1253551270.45313,1253551280.478515,DC89CBFC18
1253551465.047855,1253551474.354004,AD3208EDE5
1253569331.7595172,1253569340.5,16E1967CAB
1253598669.820313,1253598679.132324,F0304F70A1
1253599026.832027,1253599033.842285,0101ABFCD3
1253596711.245122,1253596720.380859,1407494E0D
1253596773.397458,1253596780.876953,EB4575145A
1253596966.5742152,1253596976.099609,42AC8E1385
1253597078.075686,1253597085.657226,0AD91474FB
1253597141.426027,1253597152.347656,377D644998
1253521245.2272902,1253521254.5,0AED388530
1253521290.4296908,1253521302.685547,DDEC99493F
1253521304.34375,1253521311.749267,B25E2910CE
1253521467.411136,1253521474.470947,7E1233E3C8
1253521474.471677,1253521485.574218,3F23BCF62D
1253521544.827152,1253521554.367187,03548BF354
1253521587.369137,1253521595.445312,2EC6F2A054
1253569038.437495,1253569045.476562,6EBA784DF8
1253565715.0,1253565725.621582,E96111A1D3
1253565906.542973,1253565913.84082,CF59C720E9
1253566038.548831,1253566046.269531,8A1D147786
1253525310.5,1253525320.412109,86B6417525
1253525328.307124,1253525335.713867,982B0E61C3
1253570658.5,1253570666.356445,6B39B21D68
1253570819.447269,1253570826.660156,6B901FB692
1253570912.951175,1253570925.411865,6B0B723D8E
1253570976.607419,1253570985.793945,BE4ED96D56
1253533360.408206,1253533368.954834,CBD7314DFD
1253533620.81421,1253533628.99414,94888B1011
1253524385.992677,1253524393.251464,233A363E98
1253524504.081051,1253524515.269531,CE9E0754C5
1253524528.792965,1253524540.519531,D902CFFC66
1253585045.1474638,1253585057.385742,AB187C658A
1253585057.561522,1253585065.247192,A571CCCB6B
1253585272.298276,1253585282.480468,E21BFA3D24
1253585445.642459,1253585454.420898,98A9105F7D
1253585521.999027,1253585531.759033,F4CED94C7B
1253575686.271487,1253575694.964843,5042731D54
1253575940.880376,1253575947.981445,E80EA715DC
1253528001.298824,1253528020.802734,F35EAD5213
1253508410.412723,1253508421.524414,C416565880
1253508535.751956,1253508543.238525,1F79999BB0
1253508614.792965,1253508622.315429,C3BC10962D
1253578162.7651398,1253578172.71875,3B592E481F
1253578201.047852,1253578213.389404,CE1D6A35FC
1253510132.838621,1253510141.008789,854DDCE509
1253510218.41016,1253510226.872558,C743530BE8
1253515448.53027,1253515457.7406,FD5DAE79E8
1253593993.087278,1253594002.228515,AC53A6F4B9
1253519018.036134,1253519030.15039,71ACD9D26D
1253509708.663082,1253509716.203613,BAF4FD7273
1253509727.74835,1253509739.513672,38A688828C
1253509800.543951,1253509811.381836,F6A60999AC
1253509990.374027,1253509997.688476,1507359E31
1253510003.0302691,1253510010.866211,854ABEC1A3
1253567194.8298929,1253567202.298828,DF43D3B25A
1253526311.328122,1253526319.420898,EBDA2F6AC9
1253504323.354244,1253504332.519043,876E6003F7
1253504460.0,1253504467.526367,7AFC8976CD
1253504504.357418,1253504512.68164,4C221265A7
1253504536.755864,1253504544.480468,E7BF9D2036
1253530473.757081,1253530481.265625,23DAF83869
1253530481.266605,1253530491.276367,AFB050E259
1253530507.535157,1253530515.417968,0C21F8CD3B
1253530583.130862,1253530590.553711,03752BD6E3
1253530862.522951,1253530872.063232,669C41B02D
1253576035.516603,1253576042.540527,B037FE8482
1253531217.472169,1253531225.332031,BDBA6104DD
1253543487.078122,1253543494.304687,6769570854
1253572692.832034,1253572701.452514,F0637BDB71
1253572718.121583,1253572731.727539,2D068B15E1
1253527710.056644,1253527718.360351,00371FEB47
1253588842.802733,1253588852.166015,23C9609848
1253588900.37891,1253588908.298828,E8A56450D6
1253588962.216797,1253588969.370605,2853B6E0CB
1253589146.196285,1253589155.225586,523B2EB3F1
1253543756.1874971,1253543763.52539,3BE8A409D5
1253543948.828125,1253543957.429199,8B039F912E
1253560581.416989,1253560591.128906,DA501B4C0B
1253534472.592044,1253534480.146484,6018CF789C
1253581400.416019,1253581408.146484,FBDF22CEA9
1253581507.39062,1253581517.938964,E35A36784F
1253581577.7297962,1253581585.703979,4DA991077A
1253503309.9345698,1253503317.460937,3A02FCC45C
1253503372.595459,1253503380.380859,817981F6E1
1253503467.316411,1253503475.058105,AAF9A80B99
1253503649.2959,1253503656.680542,723E12D2F6
1253510504.634771,1253510515.257812,C35605AC30
1253510519.972408,1253510528.374023,83FED801F6
1253510554.653326,1253510564.710937,0332A85EFF
1253510583.956051,1253510591.518554,F9F15C0F70
1253510604.246456,1253510613.679687,5ABB3BE722
1253553018.710142,1253553026.820068,C654AE8369
1253516481.224607,1253516488.736816,43CCA17EA4
1253516525.8679152,1253516534.292968,3EFB3CEDFC
1253516702.771481,1253516710.423828,1DFB462CF8
1253521742.019528,1253521753.020996,C0E4101CF1
1253521758.397947,1253521766.726562,BA727886C0
1253544992.889645,1253545004.940429,6C9455315B
1253505015.528323,1253505024.459961,08352BAEF6
1253505071.5249,1253505078.939453,C8BB87900C
1253505117.243654,1253505125.971191,6EF497E694
1253505135.775392,1253505149.772461,BC04834FF2
1253505266.869386,1253505274.372558,08FF2FA385
1253505393.425778,1253505403.220703,BB987265B3
1253505438.6284208,1253505446.518554,EF6B3D5928
1253539928.880862,1253539936.191406,DC7D7D32CB
1253526655.3515658,1253526665.46289,6E9DFD10D2
1253526752.6105912,1253526760.438476,3AE765E0A9
1253526860.715823,1253526873.820312,1DABA25158
1253526944.387698,1253526953.124755,A75CA23EAD
1253525497.073486,1253525504.630859,BA67579070
1253508845.911863,1253508855.125976,2459D927C6
1253508908.414059,1253508921.869629,5EB4D9F34E
1253508980.225523,1253508991.942871,3EAAACFC9E
1253509037.295409,1253509049.84375,9A0392C039
1253514376.333983,1253514386.613281,402B768643
1253511139.704102,1253511149.285278,DBE0D6C767
1253503160.9013689,1253503168.325195,CEDCEAEE19
1253585773.411622,1253585781.144531,655B840B28
1253585818.579591,1253585825.802734,2808982D35
1253586001.964847,1253586012.958007,A4257F72E3
1253590545.170902,1253590552.200561,C6CC60F12B
1253531966.003903,1253531973.569275,694B7831B1
1253532048.370114,1253532055.483398,5219EF6CE9
1253532080.0216022,1253532090.105957,3B68214996
1253529704.090826,1253529718.349609,A2CE1AAF7F
1253529775.439937,1253529784.697265,0884706DEB
1253599260.0,1253599269.570922,8FC529AB88
1253599339.191652,1253599347.316406,E2DC7A1AD5
1253599408.0576189,1253599417.141601,B5BA7EEA73
1253515547.109376,1253515555.375,7F70A17DA6
1253515712.658933,1253515719.777343,D4EEFE6805
1253515740.5068388,1253515747.613769,E383E4BFA7
1253515793.49609,1253515800.739257,4DC73C7A20
1253522648.287106,1253522657.3125,83F08EC0F0
1253522702.916012,1253522711.924316,641CD640D3
1253522716.307617,1253522728.958984,FFBE23A123
1253521812.505859,1253521819.547851,306A2AAD15
1253522051.8144538,1253522059.769043,9894F408EF
1253571236.666012,1253571243.893554,492934F9A3
1253571258.040036,1253571265.84375,3E440BB6AF
1253517049.686527,1253517056.795898,900A39220A
1253527202.347782,1253527210.37207,2A6F2D00C7
1253527245.88428,1253527254.914062,15BFBE3F4E
1253527311.300784,1253527320.132812,9CB57429F9
1253564390.177738,1253564399.528564,AFF342DB42
1253576135.1284132,1253576143.144531,D30F5DD739
1253532378.539064,1253532387.661132,B618195515
1253532455.287112,1253532464.345703,4256F04C26
1253505850.3823202,1253505861.069336,A9FAD49F49
1253505861.071286,1253505869.649414,8DC686513B
1253505895.7797902,1253505903.4375,D80D466B5D
1253540560.920902,1253540569.439453,44F4D67C6D
1253520052.19922,1253520059.753906,45152A9398
1253520186.774416,1253520195.90686,DE1BAAD294
1253520284.68652,1253520293.214355,60B606B929
1253567598.0394258,1253567606.139648,6DA18D17EA
1253590046.793948,1253590057.700927,5B1B23C582
1253590113.8418,1253590120.980468,DCA4189017
1253590163.3876948,1253590172.739257,1A5C0E3CBF
1253590311.864259,1253590318.966797,629F59E3D3
1253590349.6562471,1253590357.246826,E883030E14
1253568111.837894,1253568118.904297,7EF92DE0FF
1253568121.014647,1253568130.312988,8C9CBC2225
1253547233.267575,1253547240.863281,240A68F3C1
1253548316.197268,1253548327.276367,F9340B92D6
1253548678.582281,1253548686.451904,D208E9EB68
1253516822.712887,1253516832.236328,1082A57CB3
1253522424.792479,1253522432.917968,B6D759323B
1253522465.3032238,1253522474.822265,6C0AA4D656
1253522488.494144,1253522498.798828,CF4B1137FF
1253537555.5556688,1253537562.674682,4A8D408769
1253537985.6875,1253537992.75,95915C5430
1253591515.583988,1253591523.725586,DD162B3BE0
1253547454.257816,1253547462.114257,7996EC75E0
1253590493.87109,1253590501.414062,80F25540DC
1253590502.5918,1253590510.15747,2C33D09B23
1253513273.511592,1253513280.531738,3FEC648348
1253513449.450198,1253513458.633789,9DF04093B8
1253513462.696783,1253513475.328125,31FF3C8F25
1253513485.338865,1253513499.303955,3941149E99
1253580901.035155,1253580909.530273,25AA247255
1253580939.699708,1253580949.792114,44A57EAF2C
1253581022.145511,1253581029.24707,7357F8AFB0
1253581301.9404328,1253581311.178711,892398AE40
1253578243.125,1253578250.856689,12393192D0
1253578292.121213,1253578301.363769,90A31BF67F
1253578314.548824,1253578324.965698,BDCC591FE6
1253578512.2824662,1253578520.131836,197E8CB340
1253578585.575198,1253578593.411132,FDDE6B9990
1253578652.4999971,1253578660.84375,20FD25F9FA
1253594517.457035,1253594525.327636,BBDB0BC8E7
1253535561.483402,1253535571.21582,8303F1B21D
1253584141.544923,1253584150.370117,9A9C20DEF1
1253509126.3532689,1253509139.053711,C35AF5FC99
1253509150.7890658,1253509158.237304,0813E79FBF
1253595706.038331,1253595713.853515,BF2DC89A06
1253595929.540042,1253595938.86914,E3CEC89C6D
1253596036.844728,1253596046.932617,DFBA54027F
1253545634.554687,1253545643.03125,F5EB82801B
1253518815.429684,1253518824.006713,BB115A4ACC
1253523810.87109,1253523823.505371,66DD0E4915
1253568277.177737,1253568285.188964,EDDE91BEF8
1253568420.897947,1253568429.21875,6DD84ADA71
1253568488.195317,1253568495.964843,1F1DA8AFC9
1253506271.8131092,1253506282.046203,52DA26D170
1253506316.575197,1253506332.130371,0A485126C7
1253506411.2890658,1253506418.999023,52249E38AC
1253528379.4062529,1253528386.754882,64C747E00E
1253528527.529417,1253528537.189453,E0D86FAAEF
1253517706.513675,1253517714.8208,5D44FF8081
1253624092.677734,1253624103.027343,AFEF4F078E
1253670247.1494138,1253670254.821289,C0593FC60E
1253606558.22046,1253606566.015625,9314AF5AC8
1253606578.547121,1253606587.152343,94FD3BEB6C
1253622321.3181112,1253622330.632324,D6F85AB2F1
1253690857.6445289,1253690864.855957,D20E4239E2
1253691031.5117218,1253691039.577148,82DCA49A8B
1253697557.1982448,1253697565.766601,9AEBFFDC94
1253697748.856444,1253697756.179687,63F590F101
1253697768.33984,1253697777.152343,7F7ED534B7
1253697849.621097,1253697857.835937,5FC0382965
1253697905.872068,1253697913.331298,E0225F1241
1253697948.9062529,1253697958.51123,BF3774F0D8
1253698003.463136,1253698017.828125,09FC8C046A
1253607312.57275,1253607320.574096,E64B3711B5
1253607349.9863288,1253607359.233642,8AA6E46683
1253607429.425778,1253607436.631836,260522A301
1253607622.216795,1253607635.625976,10515BC431
1253605373.0607882,1253605381.105896,FC108FCBC3
1253605406.953128,1253605413.967773,769A9B917A
1253625251.218755,1253625261.082031,A2A783BE94
1253625400.923831,1253625409.88562,C91B041DDA
1253650311.0317411,1253650318.535156,FB2805D810
1253650459.679692,1253650468.849609,C094978FC8
1253650470.623043,1253650478.703125,764499DB4A
1253650485.472409,1253650493.121093,20721F648A
1253600430.87402,1253600442.253906,E048EF990F
1253637315.1816428,1253637323.598632,27FB84F64E
1253637709.67334,1253637718.423828,1D4B53A030
1253691486.12695,1253691493.729004,76389711DF
1253691580.465333,1253691588.263183,2E3F54A51F
1253691717.460934,1253691726.986328,2987BF718A
1253691810.2207072,1253691818.152099,5607F633BE
1253629880.501951,1253629888.289306,77736F78BA
1253630075.687502,1253630083.072387,B3DBD6A8E7
1253630108.295412,1253630116.4375,584978FBC6
1253615296.539059,1253615303.771728,47B489DCCB
1253685309.694581,1253685322.423828,662D990807
1253618972.258304,1253618982.342773,7D8253DCC4
1253693771.451666,1253693781.442382,D0F4A55C9C
1253666026.291012,1253666033.97998,10963A4DA9
1253666043.9738789,1253666052.99707,A3C045BFC8
1253666141.432132,1253666149.349609,235B67A11F
1253666180.040892,1253666187.272949,6243D95218
1253689927.975829,1253689935.061523,0D4BDE692E
1253696914.410153,1253696921.713867,204CE27834
1253697091.832035,1253697100.791015,53CA6D8A91
1253697288.530519,1253697295.61914,F46C8BCFA1
1253697390.048831,1253697397.433593,07336995D5
1253697504.572262,1253697517.115234,A37E546BC4
1253676948.3662138,1253676956.053711,8D3DDF05F5
1253677129.82129,1253677136.911865,0BC7A0AF1C
1253677315.224614,1253677325.161132,E29B0E28DF
1253601352.4834,1253601362.125,F3CF318D08
1253601746.2634249,1253601760.490478,5FB1AFC822
1253613963.91895,1253613972.423828,D15710BA5D
1253614077.403322,1253614086.397705,9BB00D4067
1253614387.7675729,1253614395.138672,46AB6E72EA
1253634373.593755,1253634381.279297,14B279799F
1253610687.23584,1253610697.905273,B3178EE5D2
1253610713.103516,1253610721.842773,CC39FD4BAF
1253610912.616702,1253610924.980957,DB4B69A0DF
1253610958.307614,1253610966.773925,568CA835C0
1253611014.859376,1253611022.394531,4086E5F6DA
1253645827.880128,1253645837.398437,F0F60BD949
1253678411.927488,1253678423.060852,F7223B666D
1253678444.062503,1253678452.010742,8BD02E12FB
1253678470.2001948,1253678478.615234,E2920576E9
1253678486.124027,1253678495.332031,C760C01705
1253678589.3837888,1253678597.75,D2B6C51D63
1253677499.1445282,1253677506.174316,6DCA470E3D
1253677573.4794948,1253677580.558593,34B98BCE92
1253683256.054685,1253683265.296386,49ECF15A03
1253683319.732418,1253683327.478515,8AEC77E385
1253683404.429688,1253683414.637085,4628F45017
1253683492.6992218,1253683503.046875,DEF02B59A5
1253683689.687501,1253683697.930175,890834A48F
1253686239.373052,1253686248.65625,AC851C1416
1253673328.234378,1253673339.417968,CD47096AF6
1253673550.485357,1253673557.832031,3313540A8F
1253684328.650393,1253684338.1875,CF3FA574D3
1253684361.86462,1253684371.46875,510F29C5FE
1253684464.77588,1253684471.820312,1F000EA689
1253684491.583372,1253684500.036132,0012D8B6B8
1253684544.453128,1253684553.657226,C5C605EDB1
1253684571.644777,1253684580.852661,676C98D9BD
1253649303.0,1253649310.587646,D1586F1E90
1253649346.1090071,1253649353.208007,57309F89A8
1253684613.03418,1253684621.52832,60BECEE951
1253692846.927737,1253692859.121093,72B86E49A2
1253693058.8266652,1253693068.268554,2E3019F0E6
1253626425.4648468,1253626433.362304,2E2BD6D3B9
1253683131.5039089,1253683141.0,510C493267
1253659751.426756,1253659758.501464,91CDD2B094
1253659798.0273411,1253659806.464843,74BFF51F2A
1253659813.199222,1253659821.255859,87C8FAA562
1253659878.072271,1253659885.096923,7E39AA48CF
1253660050.805667,1253660060.271972,C5685DD82F
1253660137.7099638,1253660145.13208,992359DD55
1253660302.730466,1253660314.241211,1BFCA0269F
1253660506.648192,1253660514.557373,3E47ACD883
1253641309.818356,1253641319.598632,98DD5DAD77
1253631002.2617218,1253631012.168945,4BC29E34F5
1253631023.507076,1253631032.045288,92BC483D8D
1253631147.883792,1253631156.453125,2636A69828
1253633917.045897,1253633924.123047,B5ED589C87
1253634105.791016,1253634113.535156,8E7D0C2BE9
1253672281.0214891,1253672293.995605,465C7EA62A
1253623246.444829,1253623253.516357,13F106968A
1253623283.505856,1253623292.932617,BF50DB7713
1253623300.210201,1253623307.410156,0B2343B429
1253693209.800657,1253693217.599609,7FFE9EE1E2
1253693222.6664991,1253693230.591797,28CA3A2757
1253693253.342777,1253693260.826294,6BEA80B4F2
1253687510.128903,1253687517.947265,BB1BA44D3A
1253638546.28418,1253638554.432617,A6AE712429
1253638558.705816,1253638567.185547,8F6093608C
1253655108.866703,1253655117.206787,C13367843B
1253655123.5102491,1253655130.709472,16CE8A2F47
1253655227.888917,1253655236.570312,A6BD330E19
1253655286.6874971,1253655296.09082,B3D45B3741
1253655376.931149,1253655385.240722,C53BB178D7
1253655385.240972,1253655392.5,7C463302FB
1253602163.072266,1253602170.560547,984EEBD91B
1253602170.5624971,1253602178.011963,9F14890E7C
1253602366.8418,1253602381.431884,8FC287B66D
1253654797.264645,1253654806.735351,0DAE37DCF2
1253633354.510744,1253633363.4375,DD842215F5
1253633398.78125,1253633407.829101,47378ECCE9
1253608333.5,1253608342.044922,B7358D09BC
1253662545.4492218,1253662552.974121,63459401D7
1253662710.478519,1253662722.46875,19E436B0AF
1253662784.84473,1253662792.591797,F34CECAAED
1253662797.3636448,1253662807.844726,D242339F9C
1253662902.104982,1253662909.470703,F6E34E666C
1253662942.288082,1253662952.998535,9B6A5871D2
1253692551.294925,1253692559.582031,8C3D59FF29
1253676681.621578,1253676689.361328,5A5410836F
1253619798.7763698,1253619806.195312,35407B07D5
1253619926.7187529,1253619936.546875,784E7E3E35
1253619941.201175,1253619950.057617,9F3BDBCFF3
1253620028.84375,1253620035.970703,D44E088544
1253661388.175778,1253661395.188476,0D27FBDBDB
1253661432.741213,1253661440.958984,B7AB76E20B
1253661455.477296,1253661463.591797,1AD69FF712
1253661485.4687471,1253661492.854248,40A2148B95
1253661713.1418428,1253661721.774902,0682E57E24
1253623190.91016,1253623198.09851,E98934919D
1253699653.90674,1253699660.915527,416E38CAB0
1253699666.9169888,1253699674.921875,C6BA8B9C94
1253699813.0163531,1253699821.213867,222F47043D
1253700087.338619,1253700095.517089,B70B71F212
1253666321.705074,1253666330.180175,8F4E2BDBE2
1253666389.353521,1253666396.511718,2328917AB6
1253666562.241215,1253666569.75,0120E470E0
1253666588.5195282,1253666595.916015,980C123A7E
1253672892.4243178,1253672899.642028,F539F44242
1253682641.9990249,1253682651.32373,7DD6851321
1253682807.022951,1253682814.522949,DFA0DE8B3C
1253682910.999995,1253682918.460937,B78AD9D10E
1253609578.765628,1253609587.454467,A022857FF3
1253609630.3837888,1253609637.664062,6C14118198
1253609810.550784,1253609820.647461,52F67226E8
1253609900.644533,1253609913.594726,9F1443FFF3
1253624944.052731,1253624954.424804,A0FEBB49D9
1253676184.6181638,1253676192.25,A37CD7DA13
1253676217.349119,1253676226.333496,CFD06C74C5
1253676251.898438,1253676259.916015,481EC17F3C
1253680897.984376,1253680905.753418,BD1BB8B0BC
1253659417.1982448,1253659424.407226,85C6D4A59F
1253659427.619137,1253659435.348632,253AA98816
1253659500.7890658,1253659508.043945,596B7B0A4D
1253656457.736324,1253656468.046386,3EB21B5610
1253656779.208494,1253656787.109375,52239EB463
1253664310.562503,1253664318.501464,4943F3F8A5
1253622479.421875,1253622487.370117,D9119BCBE5
1253622585.283203,1253622598.079101,1C5458454D
1253680434.327152,1253680443.640625,9D776CADB2
1253680534.678709,1253680543.412109,7497110067
1253680635.880736,1253680643.222656,A997C46423
1253680644.389645,1253680651.757812,CDED7CBF3B
1253619233.1491709,1253619241.846679,A4F4D07397
1253600546.2168,1253600556.532226,71FD144B6F
1253600556.5324662,1253600564.284057,A7EBD614FD
1253600660.4587362,1253600671.02832,0BDC49DE6E
1253675437.127623,1253675444.553711,4A284D8AAA
1253663658.59375,1253663666.77539,7F2326108E
1253663720.676757,1253663729.881836,189C85E3BA
1253687054.1357448,1253687063.60205,623339F5DE
1253695701.405035,1253695708.855468,E1A526D3C4
1253695731.844726,1253695742.229004,D45EE6C7EC
1253695858.8251948,1253695866.83789,F62DFDB5E9
1253652517.36963,1253652525.495117,098E9739E5
1253652680.214848,1253652689.819702,152064F2D3
1253652782.145506,1253652790.839599,A4BF881CCA
1253670591.549314,1253670599.513672,A1C1CDB40D
1253670626.671875,1253670635.46875,2DE0F63D1C
1253645166.511112,1253645173.772216,63797DA23F
1253645479.704097,1253645488.25,799DD8B939
1253620155.0688488,1253620162.818359,942C638D83
1253629141.71777,1253629148.84082,B733603ECD
1253674692.708987,1253674701.751953,FE6F85D75A
1253674851.5537071,1253674858.887695,3186727482
1253601252.90674,1253601260.75,A70C97F4A1
1253627629.102542,1253627636.216797,7D3804850B
1253627805.3769572,1253627816.585937,5868177AC3
1253634915.7089891,1253634923.709961,633BBC4116
1253635019.7073948,1253635027.671875,0BEFC50783
1253635243.605953,1253635251.677734,CB889D7EDF
1253635344.919918,1253635353.955078,336E01DA6F
1253604817.9337752,1253604830.579101,8DFCD91D0E
1253604918.595698,1253604926.984375,2EB1374C8A
1253604965.59473,1253604973.736328,30982C713A
1253605084.626948,1253605094.048584,2B7FE107B0
1253654217.177737,1253654225.882812,2086594E1F
1253654378.095705,1253654385.77478,CEF8EC8585
1253678111.8662138,1253678122.93164,572890D6B8
1253678324.471676,1253678331.70935,A4114F5579
1253679906.611325,1253679918.565429,C11387339C
1253679971.623043,1253679988.287109,A64A69A4DF
1253661882.488774,1253661890.572509,858B4E8B1F
1253661893.7841828,1253661901.579589,41B1E7287D
1253661937.660646,1253661946.065429,0FA80FC3EB
1253662275.4091828,1253662284.681152,DA6ABDECEB
1253662377.934078,1253662385.41455,F6D7EE80EB
1253652226.898931,1253652235.817382,A7C9AD874F
1253652237.4843738,1253652245.054687,37D7F0B8BE
1253652317.340572,1253652330.972534,016E843388
1253652334.109378,1253652341.351806,4C80ADCE41
1253630444.929201,1253630452.774414,23DA92DE80
1253630455.712407,1253630463.095214,1766BCAF6A
1253609029.694829,1253609036.805664,03855A63DB
1253609084.420903,1253609095.676757,924E50FF24
1253609169.499631,1253609177.0,904B2E397B
1253609180.9296908,1253609187.993774,113C62EDB2
1253604337.119142,1253604348.632324,AEF8CA4CE7
1253604362.480465,1253604370.334961,CC7298C2AC
1253604460.429689,1253604467.631836,3ADAB18CE5
1253609292.027345,1253609299.376953,268ABB77B1
1253609323.37598,1253609332.162109,CAB224142C
1253609359.8818388,1253609368.391113,814B8258E6
1253618025.125,1253618035.273437,962E1EBD7D
1253689284.054691,1253689291.679931,CAC0901F0A
1253613263.7211938,1253613274.890625,C7C98D36EA
1253613439.089845,1253613451.052246,FCE3173E85
1253613461.798831,1253613469.300781,5AC96D6825
1253613516.0312471,1253613523.460937,B09D2A39FA
1253613691.0664072,1253613698.460449,F33D5C1DC2
1253612490.560794,1253612499.924804,6EFCB53BC9
1253612508.9013698,1253612516.040527,0AC172F865
1253612560.1474638,1253612567.411132,632439F9D0
1253679574.904787,1253679582.140625,E1F51DB8D8
1253679605.788816,1253679613.449707,A83E0B1E35
1253679643.383909,1253679651.738281,AA914255A4
1253679712.349612,1253679721.75,8634D4F47F
1253679737.399905,1253679747.385009,5BE473AF2C
1253668490.859379,1253668498.041015,D130E9C3F9
1253621414.835569,1253621421.96875,26D9EE8D04
1253621445.009762,1253621460.457519,16F583EF96
1253682377.818362,1253682385.464843,EB0AE2A022
1253682434.398434,1253682443.917968,44205EA35E
1253682499.7880888,1253682507.186889,DA52B967CC
1253665798.418942,1253665805.736328,88004AB28C
1253665886.81055,1253665893.996093,A8A651C544
1253665894.000003,1253665901.197387,A49DB9E516
1253696384.3054152,1253696395.553222,AA08C4DD8D
1253696634.289061,1253696642.570068,9E93EFF2B3
1253615685.795412,1253615693.178222,0D852C0082
1253615952.719727,1253615960.317382,A0D8FF0E45
1253616064.53906,1253616072.324707,E7F4F79693
1253616072.324887,1253616079.515136,F55CA64407
1253616173.690426,1253616180.984375,C1914EEAE8
1253668162.8935578,1253668171.080566,EF03EB33BA
1253620224.458004,1253620235.829101,6369A198B6
1253620284.874023,1253620292.011718,35CFCEF228
1253620379.285648,1253620387.59082,8473896F5C
1253620500.121097,1253620508.060302,6C639FB9F5
1253620635.0966828,1253620642.640625,9B145131C4
1253618346.410161,1253618355.580078,26A73C299A
1253618557.638183,1253618567.069824,E41829DE99
1253610113.1904252,1253610120.711181,39F6F60536
1253610185.140628,1253610192.20166,B8A2E892F3
1253610216.9395711,1253610239.271484,13B21E2CF3
1253610443.62695,1253610450.812133,2C0F8BDBE3
1253610458.932126,1253610466.636718,60240A82D4
1253688957.14087,1253688965.185547,9E8A10F255
1253688965.1874971,1253688972.435547,7C2173F4A8
1253689200.197266,1253689213.496093,84EE173C9C
1253660610.8602269,1253660618.148437,06B76491A8
1253660761.225343,1253660773.818359,685987715B
1253660802.2230198,1253660814.886718,66811A60A6
1253661030.9682572,1253661040.356201,9752015496
1253653733.813966,1253653744.001953,082172C6D1
1253653753.610841,1253653761.231323,070D5C7BF7
1253653804.3938,1253653811.836181,B0829C6BCE
1253653950.77564,1253653959.465637,C15F6B1339
1253653963.114742,1253653972.141601,78890641AE
1253679114.941403,1253679124.48291,3B1778306C
1253679430.131836,1253679437.195312,21ED147D92
1253622959.005367,1253622972.728027,140E0345ED
1253611887.235355,1253611894.405761,171E73FC8A
1253612016.615238,1253612027.373047,D6DCD4B252
1253612111.6201198,1253612121.035156,7794B1E8BD
1253612202.55859,1253612211.375366,2B33873C62
1253695560.983395,1253695569.8833,226270A391
1253611418.4414089,1253611425.505615,AEE79568C1
1253611579.03125,1253611588.064392,A0FA88B48D
1253664696.5,1253664703.891601,FCBE3710DA
1253664787.9355469,1253664795.267334,EF469179B2
1253675716.67505,1253675726.643554,6F11F93BD6
1253675758.99609,1253675770.990234,16AE42CB29
1253671927.742184,1253671935.261718,777F7CDB8E
1253663171.430172,1253663184.28125,80A7B808A9
1253630801.730465,1253630809.886718,106D87D6ED
1253640530.726559,1253640539.354492,0E186823DB
1253608059.703122,1253608067.940918,5C8B86F29D
1253681368.83838,1253681377.530761,03395BD552
1253681418.839357,1253681430.246093,F0AE5BD8A2
1253681440.652346,1253681450.901977,90222B442B
1253681518.4331028,1253681526.448242,C4771B4810
1253681550.371095,1253681558.357422,9CF44209D3
1253681901.971187,1253681911.332031,3078324B1D
1253653002.0244172,1253653010.535644,7E5B695E91
1253653104.133786,1253653111.155395,2C0EC081B6
1253684174.119142,1253684183.505859,98E7B750B1
1253639975.984375,1253639986.082031,FD24DF5AB3
1253640141.532228,1253640148.558593,03F8A176B7
1253640390.437504,1253640398.881347,87D67C9E5E
1253606705.8955102,1253606719.05542,526AA2B7D1
1253606946.856935,1253606954.84082,9DE16F610E
1253607086.9169948,1253607096.435547,09EEBF41C8
1253628181.690919,1253628192.389648,C311272180
1253626003.4335968,1253626013.567871,E72DDD656B
1253626135.0844738,1253626142.797607,B3FBEFE561
1253694567.8095698,1253694580.046386,D5709E05D7
1253694750.154293,1253694757.299804,3D525438F5
1253661169.927735,1253661178.224365,26380514B0
1253620731.453122,1253620739.281738,72160F2BD0
1253620953.016607,1253620962.125976,B043C36983
1253621005.125,1253621012.903808,6978560B55
1253621052.6804152,1253621061.0083,B5B0BF1340
1253621155.456058,1253621162.848632,61DD07451F
1253621236.522461,1253621243.90039,E8B781F216
1253602507.058107,1253602514.978515,5794EAF0B9
1253602701.859372,1253602709.916504,A3B67679AC
1253602757.390622,1253602773.332031,AE54544394
1253602876.016598,1253602884.315429,AD0C5BA8C1
1253602937.81055,1253602945.111084,5D404579D2
1253602968.53625,1253602976.124511,481E793389
1253698360.920897,1253698369.345214,C9DA8F5862
1253698436.578122,1253698445.456054,CD1A12E5ED
1253698586.60742,1253698594.5,BF962BBE9D
1253674087.7951632,1253674095.877929,81391984A0
1253674129.193364,1253674136.883056,FDA962DB38
1253608671.693363,1253608678.802002,347F174B71
1253608817.749027,1253608825.126953,DE04820FE1
1253608843.941532,1253608851.40625,69D666CCE5
1253608885.599612,1253608892.859375,594067FD46
1253655872.508792,1253655880.011718,491DAE15C7
1253655958.2268062,1253655970.745117,EAF4DFE988
1253655999.743654,1253656008.262817,EA3ACF5A9C
1253656055.400387,1253656065.5,A173F08434
1253656255.161129,1253656263.301757,8239160585
1253656353.997804,1253656361.230468,40B3B114A8
1253636293.192379,1253636303.760254,E2E10F4D6E
1253671439.993165,1253671448.180664,5BB353A2E9
1253671484.474606,1253671492.640625,0BA8076D05
1253671543.369137,1253671552.565429,ED82835918
1253616369.958986,1253616380.429687,B667F8C6BF
1253616454.443723,1253616462.213867,753A3ACA14
1253616801.457034,1253616809.827514,D3041409D9
1253633144.746579,1253633152.46875,A713703C02
1253641203.639162,1253641213.261718,0DA65B4916
1253641217.865236,1253641224.951416,43B7A44EA9
1253637786.4453158,1253637793.943359,7A63B34270
1253637805.16016,1253637813.208496,4D86990E80
1253604552.898439,1253604560.765625,866E078AA2
1253635804.950192,1253635812.212768,4B948F8072
1253680148.253903,1253680156.03125,EFB0E726E1
1253669165.5891151,1253669174.464599,80BB6500ED
1253614547.5869122,1253614555.481445,AAEE86B24B
1253614645.160158,1253614652.836914,A90CE11007
1253614732.600587,1253614747.061523,06CE03A895
1253614831.7807598,1253614840.522094,3C29AB9DE1
1253661774.648927,1253661784.791748,590501F548
1253661820.798831,1253661828.776611,E57C8461ED
1253611267.368168,1253611274.439453,F018EDF69A
1253611289.735357,1253611300.197265,74768E62E5
1253600716.676267,1253600727.402343,9685BA2E03
1253601064.619137,1253601084.21289,AB106279BC
1253636604.20996,1253636611.387695,351B645616
1253636654.231443,1253636664.039062,32EC87568D
1253677779.989749,1253677787.689453,89DD3679D2
1253628657.796878,1253628664.962402,96C7BD37B6
1253666733.570309,1253666740.642883,405F6B9762
1253666740.6429431,1253666750.211914,BB4F905C0D
1253605551.0493212,1253605558.730957,339EC357E5
1253605562.2011771,1253605573.915527,9014CF6FA4
1253605648.658689,1253605656.350708,44736D8B85
1253617546.222653,1253617553.804809,B72DA2F5D4
1253617845.873043,1253617854.638305,4943F5D2B6
1253617887.927736,1253617898.533081,3DE1AB2674
1253617947.2412138,1253617956.182617,52E73ABFF3
1253688355.925784,1253688362.9375,6BA992FAF9
1253688556.574708,1253688563.752197,19254DD8BF
1253688575.580081,1253688584.085937,9ADF7E237D
1253688606.525387,1253688614.717773,DC7902F9B1
1253688719.46484,1253688728.578125,332C0C06BB
1253688728.579105,1253688735.796875,BE8BF52E6F
1253650945.978517,1253650953.361328,EAC7AA41D3
1253616275.957036,1253616285.425781,FFC1B17ACC
1253669709.2304718,1253669716.916992,B6063EA3E2
1253669972.545902,1253669980.743164,E74B476243
1253670087.813475,1253670096.34082,99F3B0983B
1253619487.480465,1253619497.201538,F271A32DC3
1253688172.0624971,1253688183.605468,00AF6378CF
1253681148.13281,1253681155.686523,842889928A
1253670960.889585,1253670968.359375,DF445AFC7A
1253671098.71924,1253671106.448242,1F970AD4C1
1253671263.610353,1253671271.18457,B63B3B2D77
1253693939.115726,1253693947.613769,1AA4B503EB
1253693977.8525388,1253693986.284546,ED757ABBA2
1253643854.855472,1253643863.904297,B38677DF5F
1253698908.872678,1253698920.293945,320237A106
1253698956.757813,1253698963.828857,B1D34489D8
1253698968.233888,1253698976.679687,F4B7ED294B
1253699000.960939,1253699008.039306,6183366530
1253699038.527344,1253699047.080078,4D2A63ED6E
1253699129.07812,1253699136.915527,AD9AF02BE8
1253699160.6270711,1253699169.15625,A599D19E2D
1253699202.153814,1253699209.655273,3FE6652501
1253604046.333981,1253604056.808593,2C46B9E21F
1253604072.835941,1253604082.230713,E7FF238FB1
1253678774.5454152,1253678783.719726,CF21CD19A0
1253678839.7988272,1253678848.338379,D9CEF6D2FE
1253603263.28711,1253603272.018554,428834BC2D
1253603280.094732,1253603289.0,DCFE79892A
1253603390.280031,1253603397.95935,02B14AD12C
1253690669.162601,1253690676.458984,BBFC908BD3
1253659581.11816,1253659589.30664,58C9916AD2
1253659602.3359408,1253659609.960937,C80FFEE540
1253659609.966797,1253659621.550781,9B30DC53B1
1253659623.574222,1253659632.250366,29FDAFE044
1253691270.7590308,1253691278.192382,05AA11A377
1253691361.54712,1253691373.714843,BE720CB34D
1253691392.32178,1253691401.241699,F75FB78721
1253690123.599124,1253690131.307373,458D11BBF4
1253690267.250493,1253690281.922851,BF7023DD01
1253690494.204103,1253690501.643554,7A28B26030
1253613010.471676,1253613018.808593,1B2469AD03
1253613099.396,1253613107.880859,A19A43C85A
1253613139.704098,1253613147.683593,8042BFF95F
1253698691.03906,1253698700.507812,E6A88F8EBD
1253698755.116456,1253698762.187255,C57993CB64
1253698764.90625,1253698772.854492,765B875A11
1253698777.912112,1253698786.304687,545339B877
1253691935.497562,1253691947.373535,26A7586518
1253692167.5263631,1253692178.729004,7F6558E57D
1253692381.4834008,1253692389.598632,E9FDBF5D5A
1253686933.969723,1253686943.586547,026A959FE4
1253625797.323365,1253625809.0,7214BD44A3
1253686619.162112,1253686629.081543,95CFD504D6
1253617033.3222709,1253617040.764648,D29F33067F
1253617254.226076,1253617265.154174,E9C5B709BB
1253617354.338865,1253617361.354492,20D0A0C449
1253617381.3925822,1253617388.936035,B04F432BB0
1253621609.7294948,1253621617.235839,2E59D57C04
1253667138.9013698,1253667155.659179,8AE7861A12
1253667215.6484342,1253667223.815429,5CD16236A3
1253667261.600587,1253667269.5,C7ABA0F77A
1253667372.306637,1253667379.549804,8E5E780101
1253631904.8125,1253631918.59375,0F2884777B
1253632083.546875,1253632093.138183,DF7E356D48
1253632235.962404,1253632244.029297,AEF7DBCC7D
1253632245.316403,1253632252.414062,8B34F6B974
1253650595.443363,1253650602.476562,0FEAF507D7
1253672485.140622,1253672492.538574,1EB5A64918
1253672493.350586,1253672500.496093,7AEC7CA872
1253663371.099609,1253663379.118164,2FFC00C1FC
1253663414.042972,1253663424.272461,0C0025DAEA
1253663450.640625,1253663458.360839,E1340C0CC9
1253663543.03906,1253663551.066406,B1F8A38DD2
1253663551.067386,1253663562.1875,4C499F34F4
1253667669.686101,1253667677.191406,0B87AFF237
1253667822.582031,1253667831.405029,260587093F
1253694974.17188,1253694982.633789,E93227DB6E
1253695047.4951131,1253695055.733398,69B343475A
1253695120.9262738,1253695130.492187,7975210A4F
1253695220.808597,1253695230.378906,2C4889E5F2
1253696206.3105512,1253696214.841308,7F26DD9E7A
1253696216.50391,1253696227.269531,6DC6AEFE65
1253696324.923828,1253696333.754882,8ECB709140
1253696334.917968,1253696346.90039,2BB62E30DF
1253621768.513668,1253621776.132812,A1CACB5568
1253621816.049801,1253621823.175781,544D434053
1253622114.75,1253622122.208007,A0D93F73C0
1253622175.138672,1253622182.213623,49BCFCE7A2
1253605885.432618,1253605895.0625,D0DD548ED2
1253606039.734375,1253606047.457031,0EED4F711A
1253606115.832028,1253606122.855468,BEE65CAADC
1253606311.2812471,1253606319.186523,BF41C1C2E9
1253644372.97852,1253644380.125488,AC6CD9631A
1253644396.352541,1253644403.852539,DB7D9B3C60
1253653683.927244,1253653691.183593,85BA9E9928
1253749005.7197242,1253749014.091797,AC780878B4
1253724086.2793,1253724094.082031,D41484F54C
1253724130.7216828,1253724139.561523,853B0BF507
1253742478.089847,1253742485.354492,C05F4D7237
1253753956.711179,1253753964.121093,FBBB9E5E1C
1253754037.9531288,1253754045.082519,5A30C46A2D
1253754112.6340349,1253754123.326172,816061214A
1253754347.205568,1253754356.341797,60898B16AE
1253729347.0576198,1253729357.238281,FAFFE34DBE
1253729380.042972,1253729387.662109,B88F12E4F5
1253729466.7841828,1253729474.652343,04C9587A09
1253729571.760739,1253729578.824218,7A6624B953
1253738009.3454568,1253738017.035644,F9E0321F42
1253738079.639652,1253738089.36438,ECED519F7D
1253721257.0,1253721264.044433,10411AAECB
1253721397.6484408,1253721408.040893,1FD81E571D
1253721500.70899,1253721509.841797,F0F21B189A
1253780925.59277,1253780935.145507,2436863F2F
1253780941.601565,1253780950.583007,AE94AD3FD6
1253795984.0859408,1253795994.84375,EEBE7B7309
1253709510.131837,1253709521.925781,46E1CB964F
1253709699.208497,1253709706.537109,5E0EF60A08
1253739077.217288,1253739087.610595,C203B8B963
1253739145.265626,1253739152.903564,6C885BC6A5
1253739766.551754,1253739773.78125,B61405E2F3
1253774980.3139,1253774998.224609,07ED750EBC
1253720736.642582,1253720747.375,C3DD6143E4
1253720823.748048,1253720832.038086,A4944AC22C
1253720862.34424,1253720870.042846,14F9513184
1253721009.875,1253721018.527343,52796A89DA
1253721071.523442,1253721089.058105,6A2966C2EB
1253741331.108639,1253741338.884765,5DCDD1655B
1253741360.591793,1253741368.921875,86BDCF135B
1253741511.5263698,1253741520.517578,35C25C8C29
1253741625.500001,1253741632.890625,D4E8C17BDF
1253741823.388187,1253741838.464843,B333FC0E23
1253717318.9599638,1253717329.051757,12DE3B421D
1253732570.695316,1253732578.83667,BA4530BD18
1253732840.076297,1253732847.875976,DCCFD11BB5
1253714043.773318,1253714053.537109,C08FF4167D
1253714186.9794922,1253714196.246093,799E3FA70E
1253716262.314451,1253716270.5,00FBEBF442
1253716381.976682,1253716389.378906,D40779E29A
1253754636.3504,1253754645.771484,2B529F7646
1253754693.832034,1253754700.845703,88DEEC1E33
1253754733.695317,1253754745.390625,4E67B0BA7F
1253767574.2490249,1253767581.421386,618B9D0725
1253767840.670412,1253767852.90625,0283C060C3
1253768649.5,1253768659.201172,12CB131B54
1253768702.929684,1253768710.808593,48DABDF3FF
1253768710.809573,1253768720.280273,F20ECAB545
1253768817.61865,1253768824.766235,E9A32E098C
1253769024.3749988,1253769034.527343,BABB4F0A78
1253791559.109372,1253791567.653564,E6473FD849
1253791624.15723,1253791632.353515,5DFDF9B00E
1253791751.700201,1253791759.906982,D7FEC42249
1253786882.470706,1253786889.500488,4A654541EB
1253793531.019534,1253793542.6333,6539806426
1253793685.717287,1253793693.898925,D41E7BE1CE
1253793783.056637,1253793791.363281,DED6C878BC
1253793809.308595,1253793818.708984,B047BBADD1
1253785237.146971,1253785245.655761,1A7E368410
1253785277.500982,1253785284.813476,4A1E78D6B2
1253719035.01367,1253719043.734375,932D22AC61
1253719112.859378,1253719120.174804,45810DF0C4
1253799654.68652,1253799664.023437,E81F341F59
1253715020.8466828,1253715028.536132,30CD8C6159
1253715098.342283,1253715110.941406,38D91825C8
1253715146.654301,1253715155.266601,DACB8B5015
1253715155.394041,1253715164.162109,122A4966C1
1253715433.8310502,1253715442.542968,21FB5F85E0
1253715478.053221,1253715485.857422,15D52AD189
1253727560.967287,1253727569.6875,A08612DA55
1253710994.472288,1253711002.234375,8F636DF675
1253711212.160153,1253711219.268554,9E66E973B2
1253779348.8925822,1253779356.892578,8520861427
1253785911.2529328,1253785920.286132,52A8D2502E
1253786029.204592,1253786036.676757,5E837B9D48
1253786088.4599638,1253786096.502929,0206679AE2
1253786113.3193388,1253786122.71582,647C8D0420
1253786439.351562,1253786447.179687,875A93E67E
1253794887.641604,1253794897.878906,2F2E67503B
1253795041.882018,1253795049.308593,C6509D24DD
1253795494.298341,1253795501.568359,4EBB29B5F4
1253795575.6201198,1253795583.290039,CD2D5A6C7A
1253795682.72656,1253795690.232422,C016C5A7D0
1253795703.9198031,1253795714.106445,F5C9BEB468
1253720425.330075,1253720438.248291,DE599E35A3
1253720468.247067,1253720475.367187,D4073DE858
1253798701.943362,1253798712.624023,E2E0B81C39
1253798748.718999,1253798756.413696,717029B2A1
1253798891.005858,1253798902.298828,4D123DEDED
1253799080.637698,1253799088.198242,68FAB23D84
1253737854.625,1253737862.716797,83E0AC91A8
1253752028.254879,1253752035.794922,0B181AC20B
1253752308.671878,1253752320.354004,B42C2EEE3C
1253771417.5039072,1253771424.774414,A10B02E9CB
1253771493.056637,1253771505.385498,2347462113
1253771633.215825,1253771642.733642,8D9C2BB97C
1253771884.47479,1253771891.866699,88CDC87E19
1253771891.8676789,1253771899.033203,D384ADE56B
1253771971.994142,1253771987.325195,E2FE7060F2
1253772039.300413,1253772047.5,A3FF11FB81
1253778559.656252,1253778568.448242,0290195234
1253778571.939457,1253778579.634765,F89734953A
1253778736.307617,1253778743.785156,8F34589AD1
1253750788.2138689,1253750797.389648,3C561122B5
1253751207.002926,1253751214.570312,7ED3744CC8
1253733055.3049371,1253733062.333984,AD54362FAE
1253723297.817876,1253723307.706054,A6CCC29D05
1253723462.822269,1253723474.218261,EA0BD8B673
1253706904.700198,1253706917.034668,ECC021BF3E
1253706941.9890091,1253706949.979492,35398A6FB7
1253707027.78125,1253707035.5625,06384E954D
1253707044.6123078,1253707051.828125,47B9894D38
1253707246.428712,1253707255.144531,A251905D63
1253707292.769774,1253707300.1875,89576BD8B2
1253707335.382078,1253707342.768066,1DCB286BE6
1253731164.129879,1253731171.75,0B37B06E6E
1253731246.478029,1253731254.597656,477736B75C
1253731254.849614,1253731262.256347,B48DB171A6
1253700294.9248068,1253700302.557617,280D5E941A
1253743972.499023,1253743981.695312,4D59D206DB
1253705875.556644,1253705883.538574,EF7D14222B
1253706037.205075,1253706044.284668,D79C7AA312
1253774702.474612,1253774709.505371,3E3D115E92
1253770128.5402849,1253770135.565429,DECCBBE549
1253770155.106448,1253770164.989257,85F84CBEAB
1253770643.286622,1253770650.315796,BD09694035
1253743774.3706012,1253743784.040039,06904698E9
1253773973.664552,1253773983.833984,EA37594AD4
1253793933.195315,1253793942.660156,82A601AA68
1253794283.701055,1253794290.903808,FB53076AC3
1253773483.900394,1253773492.697265,2429CE48AE
1253773641.6562529,1253773652.75,8B019F1929
1253700576.779298,1253700593.373779,F31EF5C58B
1253700650.092777,1253700662.40625,6755AC98B3
1253780103.2128952,1253780113.395019,88CFA957C1
1253701372.4375,1253701381.1333,0DD7F759C8
1253701420.371097,1253701428.230468,9959F42CE4
1253701566.364747,1253701574.31372,67EF3730E8
1253748000.058596,1253748007.769287,A607E505A9
1253721653.229489,1253721661.964843,8A2D5342DC
1253721725.213864,1253721734.445312,7D334F60F2
1253721791.952144,1253721799.034179,5FDE0A0041
1253721810.641598,1253721819.155761,34DE1E5A4D
1253721845.5919151,1253721853.486328,9AD768ABAE
1253737608.3437471,1253737616.677612,1DAE35AD98
1253766792.109136,1253766800.987304,D9C773B6E9
1253766864.68945,1253766871.841308,574C0EA1A4
1253784537.381832,1253784544.910156,35D07F0148
1253707432.651364,1253707440.535644,D1B84B35EB
1253707490.9299371,1253707498.850586,CF6543C04A
1253795302.952398,1253795310.094726,12D48FF5CA
1253717556.6591828,1253717564.825195,2295471F6C
1253717676.8374,1253717684.100586,82E8A34868
1253717785.483402,1253717799.012695,77E2BD89D9
1253717815.6105912,1253717824.375,53AB395F64
1253744433.494141,1253744441.101562,F5E1978336
1253758118.494146,1253758127.843261,70A8F7BC24
1253758186.575201,1253758195.220703,2B8B6F6D90
1253713238.218015,1253713245.464843,2D39218BA7
1253713328.15918,1253713338.130127,063661B6E1
1253713353.5336938,1253713363.924316,BB9BE6FF7C
1253713424.0654328,1253713432.027343,BD6D208FB8
1253710129.074216,1253710136.233154,F76A96B4EF
1253790486.158453,1253790494.65625,5BA9F9FE64
1253790537.73535,1253790546.19873,DF3B86083C
1253781821.068364,1253781832.237304,FFFD3E88B8
1253755439.778317,1253755450.520141,DD806CC04E
1253709257.6787138,1253709267.485351,3A13EC9C27
1253709323.2602549,1253709330.84375,4301BB79C3
1253709343.704595,1253709351.515625,EEC04CA79C
1253781643.117184,1253781650.638672,B66C0755C2
1253788993.692384,1253789000.774414,CE023E6760
1253789148.298824,1253789158.728515,5F49796085
1253789275.200192,1253789283.326172,DDAC081035
1253731873.794918,1253731880.801635,DECAAD62F9
1253732106.306644,1253732113.486328,5749C9DD63
1253732114.414061,1253732121.754882,5AB410A98C
1253712863.621089,1253712871.428711,05608A2D81
1253794682.93359,1253794697.111816,0092E7963F
1253794813.978519,1253794825.65332,55A9A00048
1253749414.887691,1253749422.015136,F6CBDDF200
1253787747.962408,1253787759.779174,3FE066689D
1253787879.126468,1253787887.261718,BA2023B6E8
1253788073.632818,1253788091.431884,317437EDD9
1253704588.707033,1253704596.19458,0F50C448A4
1253702652.6582,1253702660.348632,E0CFAC989E
1253702672.036132,1253702681.345703,B88C050F59
1253704142.193356,1253704150.515625,47B5466176
1253704166.3300822,1253704174.388672,ED56BD80C9
1253704211.036134,1253704220.851562,4CB536C972
1253704367.50049,1253704374.636718,E75D0C137B
1253776589.32715,1253776599.871643,8FAF732BBE
1253776896.169925,1253776903.632812,327BDDED27
1253777612.352542,1253777619.478759,7274DC5EBA
1253777678.4877958,1253777687.124023,551EDF06FB
1253777862.75842,1253777870.346679,2FE3910BB3
1253755817.990234,1253755825.065673,551EED74FB
1253756177.077149,1253756184.347656,6BDE8A3C6C
1253756223.888675,1253756231.533203,F29523F401
1253773256.792965,1253773264.504882,643A0B794A
1253779003.424801,1253779010.940185,26DF4D6141
1253779012.563482,1253779023.257324,3050F01471
1253779078.939449,1253779087.970703,3797A76E5D
1253779138.709714,1253779146.913574,09E24F2DD1
1253783233.98047,1253783243.972656,B3AC06BA8C
1253783495.568362,1253783503.671875,1A0E0DB027
1253783601.441405,1253783611.181884,7280128C9F
1253711654.1425788,1253711661.699218,922658651E
1253711667.0991251,1253711674.193847,F83C21E33F
1253711674.91016,1253711682.601562,ECC4825D62
1253711744.411869,1253711752.689453,041E1FBB61
1253799857.2099638,1253799864.578125,FF7CF41ED9
1253728491.912112,1253728500.410156,2D1E8013CB
1253728560.124753,1253728568.148437,0E99BA5698
1253728590.828128,1253728601.41455,41D0A89681
1253777139.44141,1253777149.687622,F083876372
1253777186.625978,1253777194.227478,ED1A97958C
1253709032.5185578,1253709043.413208,73FAA7F6E6
1253709148.254396,1253709157.5625,9AB1F20E37
1253709190.5920389,1253709197.850586,189C28B648
1253726765.119142,1253726772.876953,5FF51FF188
1253787170.4436078,1253787178.060547,EB5993CEE9
1253787265.7841828,1253787273.689453,469CB7AFEC
1253787504.401611,1253787516.57666,76E9CA9AE7
1253797381.347656,1253797389.638672,9FC9E468DC
1253797561.045895,1253797570.348632,D501BD351A
1253792684.1088898,1253792692.789062,D2EE305C6A
1253792973.717535,1253792989.217468,2B6D903310
1253776030.911129,1253776039.11206,EF5C70C970
1253776250.568362,1253776257.936523,2921965D66
1253776336.9125972,1253776345.613891,6761A812B6
1253750159.805784,1253750168.342773,09F1986336
1253750497.5537138,1253750505.875976,BDB5B38C09
1253718115.887696,1253718124.565918,2CF0C8CE1B
1253718322.945309,1253718330.818603,3F360A9C90
1253718343.37695,1253718352.665039,407AFCFE44
1253718475.990236,1253718487.841797,2F105FBE8D
1253712105.539068,1253712117.539062,D0E6164B87
1253712213.375,1253712220.792968,496F62680A
1253712399.320309,1253712408.805664,8BE1519D23
1253791921.9687471,1253791933.12207,98A3B7B1C7
1253791952.653322,1253791960.99707,34FA44EE24
1253742750.179687,1253742758.077148,EA41AF771B
1253743343.292973,1253743351.379882,AABF5B585C
1253767238.2695282,1253767245.618164,026A13CB3C
1253767311.366207,1253767319.478515,FB5201CD0D
1253746169.0996149,1253746184.781128,132916162F
1253746273.745601,1253746285.873047,49367BE10F
1253700844.9313922,1253700853.64038,F61E59F92C
1253718612.43506,1253718622.398437,CCBB4ABEF9
1253718762.153809,1253718769.15625,CD0894605E
1253718777.257818,1253718784.937011,109FBFD827
1253718813.50147,1253718820.654297,35101EAD0D
1253722862.918947,1253722871.068847,7127A017AF
1253785671.310552,1253785678.892578,1D07D5B9C9
1253777466.374271,1253777474.564941,76A7BF558C
1253777541.1977491,1253777548.660644,B8BD243E90
1253777573.899902,1253777581.71875,CCDC6BD2B9
1253719456.7832072,1253719464.939453,0416475D6E
1253719466.887692,1253719479.585937,D2B611DB89
1253719516.442869,1253719523.926269,3D694F4892
1253719718.944332,1253719727.191894,8354129233
1253719848.600463,1253719856.74707,941B410AE1
1253769532.935552,1253769539.943359,001937FE41
1253730021.048589,1253730028.25,8386125E07
1253730113.1523468,1253730121.360351,74A0EB464C
1253745715.355039,1253745723.293945,D2852E0D12
1253745918.148435,1253745926.46875,1F40E719C7
1253746064.031245,1253746072.140503,FC0372538E
1253703265.606448,1253703276.076416,7EC02538FC
1253703346.7724638,1253703357.195312,920E8308CA
1253703495.268804,1253703511.464843,81377C5007
1253703529.32812,1253703536.47229,D1F76799A4
1253703599.514163,1253703607.477539,C9AF637374
1253703610.824216,1253703619.898437,9CF2B495A2
1253703745.480465,1253703755.003357,4CB63460F5
1253717062.3181112,1253717073.355957,DD02711716
1253717187.584959,1253717195.244629,1A3FCE070C
1253725307.638672,1253725315.972717,A4F6C1C4C8
1253725365.9833992,1253725373.453125,3478A87B86
1253725498.489377,1253725505.9375,E9F7257536
1253725600.151737,1253725607.524414,09907B3D49
1253725770.913082,1253725779.781128,092B65538F
1253725854.9941409,1253725868.618164,BD654998FE
1253725914.7412698,1253725922.640625,40C4B289FD
1253725975.671876,1253725983.762695,CA992CF0F1
1253726092.6875,1253726103.515625,CB7663A178
1253730726.917965,1253730734.191162,4FC4632CEF
1253731063.3940408,1253731070.990722,E41F319770
1253708123.054197,1253708132.743164,F8EA3D45AB
1253708174.5495589,1253708182.835937,583AB5AFBF
1253708257.023435,1253708264.876342,760C98078D
1253708271.6113288,1253708280.825683,9A56FB0BE5
1253708324.578122,1253708331.694336,82F3AA6215
1253708545.390628,1253708552.433593,08C7DB0F8B
1253702905.3535128,1253702913.335937,37B18C6946
1253702921.875,1253702930.479492,7BD077C445
1253703041.833011,1253703050.029297,76807F2DE4
1253769684.585942,1253769693.039795,293B51C94C
1253769714.449224,1253769722.235473,AB286C933F
1253769888.865231,1253769895.873047,EA765972D8
1253769898.948239,1253769906.936035,A4C6AE7FB9
1253770064.742192,1253770074.904663,FCF1C5E4CB
1253758470.41016,1253758483.065429,707A8A96A4
1253758650.52484,1253758658.837158,1B2505C053
1253758686.779791,1253758693.83789,AE483B631D
1253758699.81641,1253758709.457275,ACE0F6EE06
1253758749.703122,1253758762.116272,9CBCB3D897
1253780355.0703142,1253780363.068847,538ADF2154
1253780551.159671,1253780559.452148,7353811714
1253790110.180661,1253790118.920898,7147963CBB
1253790171.792484,1253790180.760986,DCE16E6CFF
1253790323.229489,1253790330.651611,4AB7DC6AB2
1253724413.249995,1253724421.380615,6A2CA5C470
1253707687.757809,1253707695.843505,A4D942BD23
1253707702.2851522,1253707712.148437,85F2F7AF29
1253707805.121097,1253707814.133789,15265F8EA4
1253704885.3344738,1253704892.874755,DDD10C92F3
1253705113.646968,1253705123.148681,AF4FF7AF3D
1253705253.234378,1253705262.458984,35E35514E4
1253748073.152346,1253748080.637695,A9FFEA213A
1253748137.663458,1253748145.367187,0E9BFD01AD
1253735165.192387,1253735175.791504,81D6E9DBA9
1253735199.703127,1253735210.259399,F0202250D3
1253792089.624995,1253792100.25,2E7FCB4B13
1253792138.6491652,1253792146.346679,D0D48A104F
1253722142.6249971,1253722151.420898,F5C5EB833C
1253722271.36816,1253722279.157226,64AA7D9F29
1253771019.026371,1253771026.404297,C83CDA2AF1
1253771226.468753,1253771235.823242,C7F3B799C6
1253748655.212894,1253748663.277343,F2602A9BD1
1253737018.755862,1253737028.176269,935678C341
1253737110.7290008,1253737118.164062,AD79DCC2BE
1253702196.984375,1253702204.754455,C89E435DE8
1253702497.957517,1253702506.917968,8FBD214177
1253702538.508302,1253702545.533203,52A2AFA979
1253739795.619142,1253739803.90039,9288BD986B
1253740068.9287128,1253740078.1875,B9F0F2D719
1253720078.290036,1253720085.597656,3C0E4F5122
1253745535.113771,1253745542.490722,94F3691164
1253745173.800296,1253745181.800171,3508E331BC
1253745191.8671908,1253745199.054687,D84FA8426F
1253745287.654787,1253745298.792968,7C2F37045D
1253745452.8794,1253745464.416992,C815CF6873
1253791389.110355,1253791396.116211,DA15650F32
1253738850.779787,1253738858.162109,C637617168
1253711360.072262,1253711367.20581,A14170B649
1253711371.110899,1253711378.25,F27D40C89A
1253790908.59509,1253790917.41748,93FFA3E2D0
1253756413.1904328,1253756420.457031,6FE2DA0BF2
1253710242.944337,1253710251.074218,DA597BF090
1253710284.089844,1253710291.90625,9CD9436990
1253710515.489263,1253710530.867187,3B563DDB8E
1253768168.914554,1253768176.0,5DF227DB36
1253768448.241945,1253768455.79248,3F5AD92D46
1253768455.79395,1253768464.131836,085E6EF579
1253716797.976566,1253716806.71875,AE9963090E
1253716929.508298,1253716937.285156,48CE48BF3E
1253716952.85571,1253716961.648925,286034BF8E
1253784091.074215,1253784102.166992,792A522DB3
1253796391.8266652,1253796399.916015,9952CB5D64
1253782524.00781,1253782533.75,974AD15F86
1253782621.734376,1253782628.928711,9A4A11C186
1253782684.430661,1253782693.755005,13AEFD5283
1253782713.1044948,1253782720.382812,54E106F6AB
1253782968.787113,1253782975.890625,EBF244BBD6
1253799247.495603,1253799254.978027,490485A04E
1253799358.42407,1253799369.382812,AEAA1E7701
1253799457.609066,1253799468.40039,4F42CBB85F
1253728263.1826189,1253728270.335937,47523155A1
1253728313.3818388,1253728322.03833,5B0C5B933E
1253728373.52734,1253728381.270507,1D9E06AA1D
1253715589.069211,1253715596.75,5AC981201B
1253715606.2890632,1253715613.5,2F7E9C0BCE
1253715614.0,1253715622.670898,11335B9336
1253715724.774415,1253715732.952148,EB33904FA1
1253708695.051761,1253708708.55957,5D2C224F3D
1253708770.202152,1253708778.021606,092A8B0C1F
1253752604.658934,1253752611.856445,FE11AEE06D
1253752621.854489,1253752633.522949,A8218FAD6E
1253788215.9374971,1253788226.081054,F0649B1151
1253788260.068362,1253788272.935424,7E0E54AA83
1253788299.103519,1253788309.022461,3D9443899A
1253788550.270509,1253788561.9281,8523923032
1253703968.054684,1253703975.120361,B2100530CA
1253704116.04004,1253704123.060547,1A247A563B
1253701745.998043,1253701757.472656,FD3420FFC7
1253701832.298831,1253701841.316406,A6EE54C18B
1253701848.328128,1253701855.342773,59349435E6
1253701867.640625,1253701877.272949,0CB5FF5CAD
1253753028.525388,1253753036.439941,EB1B85EDCD
1253753097.9643512,1253753105.757812,A7FD4BCDEF
1253753145.383481,1253753154.762207,94A95668B6
1253753161.507809,1253753168.521118,505B8964CD
1253747008.013668,1253747015.509765,456301492F
1253747160.460937,1253747168.078125,2EE404B190
1253747298.500978,1253747307.519043,64CD83DA5B
1253796600.1796908,1253796607.619384,D4223B56EC
1253796675.566648,1253796682.934326,DFCCF11CA5
1253796682.934576,1253796692.877929,B70FBE4E9F
1253796922.605466,1253796932.857422,13EB548A92
1253796971.689453,1253796980.652343,9DFDE71D6B
1253797042.537111,1253797051.800781,11D746C2CD
1253728011.6460562,1253728019.667602,0BF9B630C9
1253728026.17187,1253728039.154785,5EB85F87CE
1253740741.011235,1253740749.311035,7BC276950C
1253789349.2958992,1253789358.238281,EF471ADD51
1253789436.640138,1253789444.783203,06368FE90A
1253789531.989263,1253789540.258789,7DE5F01E45
1253751232.2959,1253751240.492187,5BE327F0AA
1253751541.257812,1253751548.496093,353AACA032
1253751609.8067582,1253751617.592773,A3BFB5208F
1253751660.692379,1253751669.387695,FF3F4E4534
1253751683.327695,1253751690.680664,6F0BEBBE16
1253774429.031735,1253774436.066894,54389C27BD
1253781940.6250029,1253781947.805664,F7530F2DFE
1253782169.800786,1253782178.468261,9B873B67AC
1253782192.929688,1253782204.899414,B00BF1E021
1253707535.181637,1253707543.698242,B21F24798A
1253707562.046875,1253707570.039795,4A1DB5EF2B
1253707586.482422,1253707593.606445,F5844EB41C
1253775109.808595,1253775117.643554,4DAAECB274
1253775217.679691,1253775226.189453,A0890D895C
1253775516.12982,1253775524.570922,5AF83A6856
1253772384.8613322,1253772392.144531,744BAB0431
1253772400.5603,1253772408.214599,901B30C7B0
1253772541.869141,1253772549.081298,8855B96E0F
1253706331.7539089,1253706342.563232,D715AB62CE
1253706349.578125,1253706356.83789,D75A9F2AAA
1253735431.6000988,1253735439.092773,BE38A6B196
1253735957.905276,1253735966.179687,3A67AED92F
1253736051.5587142,1253736059.633789,B2A21FB87A
1253736067.576292,1253736075.4375,49C776F6BD
1253797882.16797,1253797893.904785,7BFAD3D011
1253757672.660153,1253757679.953125,10EBE527CF
1253757738.717777,1253757746.135864,1C5509CADA
1253757801.0908198,1253757809.937988,3D839EE7A7
1253754954.015628,1253754961.245117,5380336A0A
1253755078.240237,1253755087.955078,E27FA4A770
1253755277.2050788,1253755289.800781,9ECF06532E
1253793100.41895,1253793107.763672,17AB3994C8
1253793169.148441,1253793176.882812,91807FC718
1253793207.112797,1253793214.940796,5D6DF2B4FA
1253793263.0448031,1253793271.678711,CC211828E4
1253705320.99609,1253705331.642578,E2B51788DE
1253705332.360355,1253705339.658203,F8DB2C63FE
1253705498.041019,1253705507.786132,41D672040C
1253713581.593263,1253713591.10559,A6D13FAEB3
1253713771.7216828,1253713783.699218,013448AD52
1253713928.0625,1253713936.926757,8F489A32CD
1253713943.832525,1253713951.582275,FD80DBC344
1253798272.7617218,1253798280.397705,45B5BA3049
1253756315.583499,1253756323.540039,723B962257
1253726287.146486,1253726295.254394,B911D8F280
1253726436.869628,1253726448.772766,BB6A71A9DE
1253733396.43652,1253733403.767578,7C84DF5ED6
1253733463.902829,1253733473.285156,5FB47E4ABA
1253733762.737432,1253733770.680664,20131A623F
1253798542.092777,1253798549.163086,490C238D54
1253788744.194091,1253788752.089843,ED95C9D3E9
1253734562.172855,1253734571.058593,DD133BA294
1253742287.703128,1253742294.786132,57694E6ED7
1253742328.382812,1253742335.757812,A8FF4B4482
1253789625.460935,1253789634.66455,D1EBF007C6
1253789813.4650831,1253789824.316406,8B4D1E7D8F
1253724665.243161,1253724673.045898,C2747F84C2
1253725077.328125,1253725085.589355,961622C309
1253726979.6010702,1253726987.580444,E8327F962E
1253727040.149417,1253727048.076172,846D82A83D
1253727071.601559,1253727078.678711,99EC68D3A3
1253727119.738284,1253727127.173828,C8AAA57EBE
1253727168.537106,1253727176.785156,AD16C2B140
1253727182.8447251,1253727192.530273,526C749C0F
1253779622.013668,1253779629.926757,AFE57CFB94
1253779643.1562471,1253779654.28955,1F34E9B802
1253779696.2216809,1253779705.163086,A0A54B80CD
1253736434.483398,1253736443.396789,58ABFD565F
1253757356.642093,1253757364.296875,9D1A517A8F
1253715875.419923,1253715882.554199,A8DC900D54
1253716102.3232431,1253716111.093017,B1061C43EA
1253723592.353031,1253723600.832031,FC825CD5AA
1253723616.874761,1253723624.03125,16F9F2EDF3
1253723710.412109,1253723717.912841,A4B01220EE
1253723733.5976532,1253723744.974609,8D8306BA09
1253723885.899417,1253723893.65625,0485D211E3
1253743515.8116431,1253743522.964843,F428D68644
1253743524.979249,1253743532.18457,0865CA98B4
1253841599.913574,1253841609.09082,4403AACC0A
1253841929.271486,1253841937.802734,37EC7DC3B1
1253884469.453122,1253884477.651367,E8FF0FDC97
1253884925.172848,1253884937.625,4C252D6F44
1253868810.462894,1253868817.504882,BE81C49D18
1253868902.296872,1253868910.84497,E6952A96A2
1253869072.69544,1253869080.420898,43CC113B44
1253896115.884762,1253896122.912109,CE19068E82
1253827470.386717,1253827479.74414,120196EB0F
1253827676.650874,1253827684.019531,FE1F608533
1253805716.4668,1253805723.789062,F24A413DFA
1253805833.140622,1253805840.166748,08FC629263
1253872305.3369138,1253872315.902343,F8A62428D6
1253872440.032232,1253872448.477661,800F03235C
1253872695.900393,1253872705.712402,3A57835C4B
1253872944.574219,1253872954.21875,A8987E1336
1253873005.919923,1253873015.5,7FC281BEA3
1253889577.830816,1253889587.378906,578D4F0324
1253889851.382812,1253889860.179687,CB2DF3FA10
1253889967.629879,1253889978.699218,22E8526E04
1253803095.743167,1253803102.895019,C589442A4F
1253822634.373167,1253822641.705566,6AAE1B7512
1253822872.585935,1253822880.068359,CA81DDDB63
1253823071.273435,1253823081.074707,F84AEF8719
1253823179.078128,1253823188.375366,A948440358
1253824604.6535602,1253824613.415039,B83840A045
1253824696.186527,1253824704.65039,4ACDECC398
1253824815.208127,1253824822.308593,93850DFB43
1253848134.912111,1253848144.597656,0EF6ECBCA3
1253848210.761722,1253848221.27539,CD5C334197
1253848387.773441,1253848394.928466,DCBF0F6BE0
1253848428.5732398,1253848438.040039,168EB7138C
1253849998.757809,1253850006.128906,9C9136EC9E
1253850064.8437471,1253850073.383789,C94C5CB7A4
1253850318.293948,1253850326.041504,474B010655
1253850434.4287071,1253850441.631836,5C31B5D6BB
1253801082.872562,1253801090.970703,41D3346654
1253801106.6987262,1253801115.346679,0B8707528F
1253879422.8867218,1253879431.59082,04993E4B50
1253879441.547853,1253879448.91748,1FA6819360
1253879742.6171908,1253879749.891601,44501E039C
1253879999.9687471,1253880009.677734,7725756ED1
1253880164.5625029,1253880171.589843,22E92032D0
1253805098.4653971,1253805105.480468,0CF7533FA8
1253805262.65283,1253805272.030273,D46F9C02A0
1253805476.037111,1253805487.942138,AFB9A27C5D
1253850900.104494,1253850907.141357,6A67B58A36
1253851066.8750029,1253851074.001953,F36C5D5FD9
1253851303.630374,1253851311.865722,2694655832
1253876685.988284,1253876696.705566,391DDF0612
1253806265.039062,1253806273.012695,B533E69DF7
1253888538.724122,1253888548.072265,D44C797DCC
1253888551.968753,1253888559.293945,36F1EFEA19
1253826784.105465,1253826792.988281,B7441FC052
1253826929.35547,1253826939.367675,6C2A17CFF4
1253879236.704103,1253879245.099609,EFE0B0E115
1253886365.908203,1253886374.15625,4C31489E88
1253886417.353761,1253886424.677734,16A1787316
1253822271.908449,1253822279.614257,5C47C7C862
1253822519.1718762,1253822526.771484,44BA2F2920
1253842838.124995,1253842845.982422,75A20988DE
1253843057.575198,1253843066.508789,8C6520A53F
1253843068.3134751,1253843076.868164,CAA1A9DDB4
1253843303.027344,1253843315.890625,7AF890D542
1253804887.082028,1253804895.888672,7DD31680ED
1253800879.742191,1253800889.982422,5F6BDA6F2C
1253800983.7607448,1253800992.418457,DF848123EB
1253882613.676515,1253882628.46875,8DDDEBAFDC
1253885410.460201,1253885418.755859,9451882B1D
1253885457.78418,1253885466.003906,BB590ACBD4
1253842384.500005,1253842392.186401,9369FCD07E
1253842641.454839,1253842649.464355,742AFCC4B6
1253880221.25781,1253880230.30957,2C6B138300
1253852822.368658,1253852832.888672,99301ECBE6
1253852835.78125,1253852843.349121,5758251861
1253853164.9140658,1253853176.969848,87C9CC4E25
1253871508.400387,1253871516.226928,68F0E0F25B
1253883893.066407,1253883900.171875,7DED379B8F
1253884117.675785,1253884125.560547,6CB0B13415
1253884177.868167,1253884186.86914,5F378FFCD3
1253868313.748043,1253868324.230224,454E81E5F5
1253807617.585941,1253807625.570312,EB90266115
1253807708.917965,1253807717.560058,4C3ED76814
1253807746.87695,1253807754.9375,B4D8356D40
1253807756.222653,1253807766.179687,C0D69F74EC
1253807808.916501,1253807816.518554,C9229A51C1
1253807959.730468,1253807968.745117,550BF29299
1253808128.447023,1253808137.474609,CA9EBC25E8
1253808150.343753,1253808157.757812,E29E277521
1253854481.6904309,1253854490.061096,2FC8040AB6
1253854611.1279252,1253854620.254638,5C0F757ADE
1253877899.43115,1253877908.039184,B3D073B844
1253878278.781253,1253878289.416015,1D8349B3D9
1253878330.348629,1253878338.860351,C9D3370674
1253821547.470097,1253821556.422851,4BAA751882
1253821955.860845,1253821963.508789,A904126B3B
1253845919.647336,1253845932.665039,E800E64975
1253845933.919437,1253845942.671875,F21A4434AC
1253846166.578122,1253846174.613281,DE5CF62AC1
1253869502.8566852,1253869510.46289,37EDC8B14D
1253869575.348629,1253869582.50708,2427FA2D94
1253877256.011412,1253877263.632934,6A086C5B46
1253877279.455321,1253877286.714843,781697E4D5
1253877348.478516,1253877355.740112,0AF2C80624
1253877643.812505,1253877651.189453,55C9F5E539
1253861841.931638,1253861849.259765,A2F76BD6E8
1253853647.3188488,1253853656.845703,6016E0B0DF
1253853711.835941,1253853727.921386,43B1E9A847
1253873175.904298,1253873186.90625,737C4D2A4C
1253873203.460938,1253873211.577636,F7F8DFD08A
1253873231.4526322,1253873239.777343,3D77B6BC20
1253852609.987307,1253852617.141601,2CF5C75E1C
1253892571.786622,1253892579.230468,3C622FEC60
1253892777.6249971,1253892785.006836,0DBBE5EE1E
1253830440.560548,1253830448.690918,7A085D529A
1253830625.782716,1253830633.004394,DB308B773E
1253860474.747073,1253860483.082519,893AFF668D
1253860589.479495,1253860597.484375,1160D751C6
1253860613.951175,1253860622.607422,6EBCA9A0AA
1253860730.859372,1253860739.609985,4D1AE7209F
1253860808.4653351,1253860817.329834,A640558225
1253899660.62061,1253899668.02539,2A27DA1D46
1253899700.393804,1253899708.796142,E124B60FCE
1253899782.296872,1253899790.096679,CB6CC77B7E
1253899943.3823211,1253899952.467773,BA5F6DF782
1253895937.1088822,1253895944.328369,6ABA31E24A
1253844567.8398468,1253844576.308105,4831F20E00
1253844702.0446732,1253844709.70581,80E1755CE3
1253871927.019528,1253871934.715576,5070FAB85F
1253848705.00391,1253848715.714843,5CDF4FDEF9
1253848752.921878,1253848760.96875,C661330E48
1253899310.869632,1253899323.019043,E6DC8B9FE6
1253899442.820309,1253899449.983398,192A9FCF7A
1253870880.046874,1253870888.308593,68335D4C8F
1253801931.906253,1253801939.731445,18ED42D646
1253801985.21777,1253801993.371093,794616A103
1253881262.9483,1253881270.180542,7FDC8E95E4
1253881552.594478,1253881559.858886,AF564D87D1
1253846918.6289072,1253846926.969238,EAFE9EC330
1253846981.085454,1253846989.182617,3AFC166361
1253847085.821286,1253847096.253906,786995A393
1253847252.433599,1253847260.961914,76BD8008EC
1253847356.703122,1253847365.075195,55973BFD80
1253859223.387696,1253859230.567627,BF0ED676B0
1253859311.073242,1253859325.019531,0D24F7ED14
1253856854.908206,1253856863.203125,B77A55F878
1253856876.459598,1253856884.854004,BE9B34F869
1253856973.507808,1253856982.474121,D7372E9225
1253887574.7832,1253887583.351562,1E8559877C
1253887685.613284,1253887694.227539,1EBEC20F22
1253857095.430667,1253857102.851562,7FE06BD5DC
1253857152.199216,1253857162.732422,D4D7215ACB
1253857355.097653,1253857365.797851,AB88754CFC
1253857367.605958,1253857374.933593,1A94E79629
1253897337.517581,1253897345.867187,3E04343B31
1253829375.0918,1253829383.375,78F74132B8
1253829400.202152,1253829408.221191,B2F54F7A8D
1253829469.053711,1253829477.752929,2CE3CA6510
1253829658.705816,1253829667.321289,6E8B199ABA
1253829713.0966809,1253829722.697265,590B256B4D
1253806481.122804,1253806492.904785,EF4E84027B
1253806631.470216,1253806644.413696,11CD902464
1253826422.280271,1253826432.317871,F55333D769
1253853790.12109,1253853798.938476,274AFEDB08
1253853861.471685,1253853869.760742,3943CF1CB0
1253853883.182614,1253853893.675781,62D111F08B
1253853991.931154,1253854001.642944,38D43902EF
1253854209.1210952,1253854219.619629,5CE3D21D3D
1253844105.036622,1253844113.191406,37E62F641E
1253844113.829098,1253844120.946777,9BEDBF3B7F
1253844212.239141,1253844220.509765,7CADB6F6B0
1253863835.16699,1253863843.828125,569A21F411
1253808441.016603,1253808451.683349,8074F26FBC
1253806937.574947,1253806944.614746,B22F4F7332
1253873869.338378,1253873878.271484,DBCB5B350B
1253867785.781245,1253867793.585937,070270697B
1253868038.9150388,1253868047.96875,01CB787D31
1253825058.4628909,1253825065.699218,25499AD645
1253886553.716554,1253886560.9458,68A372D5ED
1253862826.0706758,1253862834.585937,FE64822211
1253862926.6440382,1253862934.013672,40E74E8FB0
1253863084.499023,1253863092.133789,65E3E3903B
1253849095.130856,1253849108.820312,F064893A75
1253849143.580075,1253849150.839843,46D4E2BB00
1253868431.068359,1253868440.255859,53A6D1AB66
1253868665.803714,1253868673.472168,2714B5D071
1253804533.665036,1253804542.224121,9154418306
1253804691.8450289,1253804699.940429,BE30164DDD
1253804701.6904309,1253804709.487548,B8BB462454
1253801516.992187,1253801524.007812,C8F7A5C334
1253801768.942872,1253801778.246215,6D15A114D4
1253801786.5625,1253801793.834961,01374D2CC8
1253851911.425778,1253851919.855468,FBDF0D8AA0
1253852005.011719,1253852013.099609,5EFAEA7991
1253854759.825198,1253854769.737793,379AFF2630
1253854958.375977,1253854966.464111,4B766FC1B4
1253855025.666744,1253855034.440429,E070C1AED1
1253874571.672848,1253874580.304199,E44031F8C6
1253874721.976566,1253874729.460937,D29CDB7629
1253857807.100589,1253857816.246093,25033EA60E
1253873992.152345,1253874000.455566,3552E5F69E
1253874346.207028,1253874355.373535,1DA28E10D4
1253882206.422848,1253882216.53125,1D09484A0C
1253882534.170896,1253882545.031982,F6E23A46D6
1253875061.020994,1253875068.097168,1FECE756EA
1253804189.3418,1253804197.070312,CF7FAEEFDA
1253804245.576175,1253804256.886718,9168911F8D
1253804327.119139,1253804334.560058,5EC0A5E54C
1253844861.5532238,1253844872.045898,B6DDC0E6C2
1253844968.031252,1253844977.589111,4BCF7CA823
1253845012.075197,1253845020.501953,16BC1F799F
1253856558.376948,1253856565.946289,F6B769ED4D
1253856566.069826,1253856575.193359,971AD3C865
1253856641.62976,1253856650.271484,3E6C911D9F
1253856753.700195,1253856761.198242,4FC1C52CE2
1253855123.434568,1253855131.649414,FD12B8E3E5
1253855192.8002958,1253855203.736572,4A1B60B497
1253889004.1982448,1253889011.507812,EB59A03727
1253823515.1489289,1253823523.250488,9D920CF05B
1253823656.6640658,1253823668.427002,7F9E0ED511
1253856196.926268,1253856207.710205,BE0A465DB0
1253892811.25,1253892819.181152,2FFB85AE84
1253892904.240237,1253892914.988281,86ACF9AA4B
1253892987.048831,1253892994.439453,D22EE38C47
1253871098.460935,1253871106.863281,C4FD73A6BD
1253871171.231448,1253871182.59375,442B391BD0
1253871277.113283,1253871284.260498,C1554D1F4E
1253871467.546878,1253871474.935058,3B91F27223
1253870327.298825,1253870336.846679,2BDC1A6680
1253870524.561527,1253870532.949707,C00960C495
1253870564.5136771,1253870572.296386,44A3FDE436
1253864876.873052,1253864883.90332,F636ABEC71
1253864970.678218,1253864978.397949,1844FD798F
1253865042.5986328,1253865050.386718,A52D098845
1253865060.2470691,1253865070.96289,A9002886DC
1253887395.1757782,1253887402.311523,B1D0861F06
1253865295.7460968,1253865303.214843,15263D79B5
1253865360.302732,1253865367.378418,2ABD8B9BBF
1253865379.270508,1253865388.085937,1484A6B760
1253865418.345216,1253865431.302246,489012D379
1253865512.56348,1253865522.333007,9376A532D3
1253881848.74756,1253881856.530273,278365F1E8
1253845197.115231,1253845208.152343,5BB816AE6B
1253845265.767091,1253845273.789795,EA9989BC24
1253845285.7112992,1253845293.761718,8C90187F42
1253845403.918948,1253845418.221191,B7E344459A
1253845488.795413,1253845502.816406,7F99C15A6C
1253845568.6965308,1253845576.307617,C4105E5B38
1253845624.9438488,1253845636.160156,1A4D6D9633
1253845650.822269,1253845658.607544,983A4EF804
1253861501.138675,1253861509.401367,3F35BEDBF9
1253858147.6669948,1253858155.311279,C06C10BBA8
1253858188.984375,1253858197.260742,8A955AE679
1253858245.406245,1253858253.995117,9456517807
1253858271.388669,1253858278.451172,5A93B17B9C
1253858385.808597,1253858393.850097,BE5A8AB411
1253873426.039062,1253873435.303711,35F59F96F3
1253877030.1367218,1253877038.973144,BBC6F9A6C3
1253877137.82031,1253877157.112793,0FE26CA20B
1253875285.9570332,1253875293.207031,76B80C61C9
1253875386.5419948,1253875394.007812,07809DBDDD
1253875592.897461,1253875601.672119,0E1CCD01F2
1253875659.3574262,1253875673.66748,6DAFB47A0D
1253828528.974241,1253828536.90625,0690D2DB64
1253828647.124021,1253828654.609863,4C207FDDB5
1253828737.10547,1253828750.127929,84DD121580
1253828891.569089,1253828899.3125,8E181E0EE2
1253878641.0,1253878650.167846,F24322F197
1253878687.966066,1253878695.647949,E03FB24A76
1253856066.8798828,1253856079.423339,12CE6D40A1
1253856080.992677,1253856088.380859,8B76BEF357
1253856123.621583,1253856136.121215,43F9C5EE51
1253823255.936281,1253823264.410156,781FF18056
1253858558.953618,1253858567.641601,AC5CE5367E
1253858601.352056,1253858610.0,05CB4AB715
1253858645.46875,1253858653.017578,528F49BDC8
1253869718.28223,1253869725.433593,C9421BA6C9
1253869796.4834032,1253869805.672363,DB37EAF498
1253869956.153317,1253869963.492309,7AB8F44853
1253850590.674806,1253850598.516601,DF1650004E
1253850766.670902,1253850775.180664,6BFACD6400
1253878919.056637,1253878928.085937,16FC9B6811
1253859591.227054,1253859598.530273,87D7BE7861
1253859912.9248002,1253859924.699218,54F16EB52C
1253859931.7001948,1253859940.65625,9FC8227D41
1253860001.9296908,1253860017.600586,C8A6E93776
1253860065.060542,1253860073.32666,7CDB20E17F
1253887103.7294948,1253887111.211914,E2BB939B5E
1253885815.084229,1253885824.011718,6F2B064758
1253885872.566403,1253885880.362304,396681C8CB
1253855410.5524862,1253855419.368164,96C7AC58C7
1253855441.492192,1253855449.945312,23768C14D7
1253855494.63672,1253855503.261718,F5C913EFFB
1253855708.541019,1253855716.144531,DA0C9E9E2D
1253855856.9082,1253855864.897461,CDC83CEBA5
1253860900.414552,1253860909.714843,F3322D91F1
1253860953.403684,1253860960.586914,CB547EC1A4
1253861064.406245,1253861072.361328,104B4B995A
1253829847.098629,1253829859.101562,9AC2DD5D82
1253830233.7705112,1253830242.014648,23A19F5A8B
1253843615.2021458,1253843624.855468,961C7E6507
1253853237.510988,1253853246.669922,C342A613AF
1253853284.833987,1253853292.434326,A1AA70F4E5
1253824210.3525422,1253824223.39624,C2D8514CDA
1253824228.64746,1253824238.507812,3D08C5E4FE
1253896714.9062471,1253896722.100097,7D0996A53E
1253896825.034184,1253896833.652343,6991AF32E2
1253896880.482418,1253896890.420898,508CC3C3D0
1253860114.750973,1253860121.991699,AF9AC129BD
1253807168.2832,1253807177.046875,51A0624E32
1253807464.628907,1253807472.20581,F5B58ADAF3
1253807491.304691,1253807499.504882,9C8A39A41B
1253807507.656253,1253807519.015625,2C60476983
1253888028.173828,1253888035.603515,262C554EE8
1253888222.8071258,1253888231.253906,5B875C1B51
1253823982.636716,1253823989.901367,83415D29E6
1253849620.1044948,1253849628.2854,5A8BFB5EBA
1253849661.113522,1253849668.863281,6353DD9900
1253874757.3418,1253874764.706298,62EFFCF90F
1253825756.359378,1253825765.319336,C86F964974
1253825831.303464,1253825840.479492,16A7DFF6AE
1253826123.940433,1253826131.750244,B6E06445DA
1253898213.228519,1253898220.952148,71126B94C0
1253880868.2861328,1253880875.787109,6046942E30
1253802631.716065,1253802639.036132,D7D356DF10
1253802678.433106,1253802687.464843,C532D72FC8
1253802771.958011,1253802781.3125,DC4638957F
1253802957.125,1253802967.640625,C2364D7A8C
1253880469.81934,1253880480.544922,9DE62EB11A
1253880515.601565,1253880524.020507,0A31291017
1253880546.892578,1253880556.136718,7CF5EE27D2
1253880660.5024428,1253880671.080078,4646BE265F
1253847869.927492,1253847877.953369,36D94855EF
1253848061.42187,1253848071.072754,89A208840C
1253848096.3046908,1253848103.535156,A1C89DCBA2
1253848908.486328,1253848915.828125,EA387EBAC9
1253848940.1015658,1253848948.375,FA1DBC6EC5
1253863428.055177,1253863435.408203,C9C8B9D62E
1253863624.810548,1253863633.389648,5D1E2D520C
1253882766.4768078,1253882775.352539,2877D6876D
1253882921.994144,1253882929.472656,BA2A9190A9
1253852173.479492,1253852180.911132,84C0493CAF
1253852287.007817,1253852295.752929,CF8ADF4104
1253852451.560062,1253852460.957031,ED5DE1747B
1253852490.7373078,1253852503.034179,D8E90F1B28
1253824394.606448,1253824401.99292,3B820D17B9
1253894828.179685,1253894835.520507,6320799B84
1253894900.484375,1253894908.162109,0CE1043E03
1253803770.981447,1253803779.203125,F22FC6EA86
1253803880.460938,1253803887.991211,B7CE8FFA9E
1253803894.719728,1253803903.685058,01C06ED9B5
1253803938.274411,1253803949.402221,B6F4002BF7
1253803469.099609,1253803478.078125,1277F3F871
1253803619.126957,1253803628.073242,4C611E3C2C
1253862186.009762,1253862193.925293,46DAF5D066
1253862269.429683,1253862277.697265,C427A428A8
1253800251.862301,1253800259.255859,08C3388589
1253800427.2998078,1253800436.821777,883C879E30
1253898702.0,1253898712.879882,D54818E902
1253879309.172853,1253879316.562988,B7188BCFE3
1253883340.783453,1253883347.967773,BDD6DDF88A
1253883403.992185,1253883413.218017,E3A6029397
1253883586.4726589,1253883594.073547,96A95DE65E
1253897657.155035,1253897664.422973,AA21B71081
1253897835.1953158,1253897842.585937,2ECE08617F
1253897847.724493,1253897856.569336,1F7499EAF1
1253897992.334476,1253898004.378906,4E305E3471
1253898106.475103,1253898113.634765,B0134EEC79
1253802085.396487,1253802092.458007,1BC7EDDDA6
1253802270.055177,1253802277.170044,DF8C3BEB3C
1253802284.701173,1253802292.732422,F9A6F452A8
1253864001.052731,1253864009.6875,3AEA8A600B
1253864026.101562,1253864033.700195,00CCC76FCA
1253864080.7900422,1253864089.266845,504D787B78
1253864143.167965,1253864150.913086,D06789C0AC
1253864260.037115,1253864271.356689,F78C7F5A21
1253896277.851559,1253896286.1875,5D193648D8
1253851417.3779309,1253851426.949218,6946CAF41B
1253851467.3471632,1253851476.178711,92CEBD79EA
1253851665.569578,1253851672.667968,F559519A8B
1253885955.80078,1253885963.03125,B472CFD8FB
1253899041.990231,1253899049.371093,30D2B30B7A
1253862540.60938,1253862548.298828,B174C8558C
1253862757.131832,1253862766.899414,F6DC9C41A5
1253870604.288088,1253870613.094726,89B023C272
1253870685.849606,1253870699.949218,3E866C25B4
1253876035.601567,1253876042.957031,D7AFFCE33E
1253876044.820312,1253876052.891601,2487D1006D
1253876274.002203,1253876281.382812,0E5931B38D
1253876300.927731,1253876312.551757,0AD970DB8E
1253846340.380862,1253846348.186523,BFF04CCC18
1253846566.6484349,1253846574.40625,22C86879B4
1253846842.8925788,1253846852.168457,6075C7F394
1253846889.880491,1253846899.262695,D767C0D20F
1253870024.171878,1253870032.585937,7A7184AD14
1253860408.877926,1253860415.953125,7C1CB970A0
1253860416.324222,1253860426.529297,98F4E7C8D8
1253880896.10333,1253880903.42163,053DA64D66
1253881169.3710968,1253881177.886718,0BA968DD3B
1253881215.9877882,1253881223.654297,F402FB8C50
1253928862.1249971,1253928871.824218,0DF0C29286
1253928925.400387,1253928933.091797,1B5C9263BA
1253929386.0932572,1253929393.706054,3B873B1260
1253934689.8349638,1253934698.922851,4E61965933
1253934918.875,1253934927.25,4775E0DB5D
1253935009.855228,1253935018.893066,E1148F1D16
1253925892.657232,1253925901.152343,AB4B33115A
1253932677.543948,1253932685.458984,82C786EDD0
1253953358.093752,1253953369.101562,73C1FBE266
1253953438.297854,1253953445.390625,E4805038CF
1253953455.5751982,1253953463.779297,F817FDCEDF
1253953487.566403,1253953497.616943,F127E0FF06
1253900463.530279,1253900473.873047,6C499B1DBE
1253900742.710939,1253900750.374023,82D22924A0
1253954764.264524,1253954773.77539,F02BA27E05
1253963536.343023,1253963544.043457,AA5A952248
1253963682.5849638,1253963693.009765,3D88208184
1253963719.3857448,1253963726.645263,19AEC6DEA8
1253963740.423341,1253963749.455078,C500B3396D
1253946434.312495,1253946444.22583,D940F76097
1253913590.53027,1253913597.958007,8B84362D09
1253937544.3349571,1253937553.362304,A806AFEEA9
1253937647.514652,1253937655.1875,BB612A2833
1253964833.7277849,1253964842.641601,9AA22E19F3
1253965023.587406,1253965031.568359,2A3425F79D
1253965059.747072,1253965067.789062,816F8D2FFE
1253955766.404298,1253955774.640625,9B7081934A
1253918839.206051,1253918847.591797,7042AA594E
1253919047.951055,1253919056.139648,73CFC747EA
1253919095.757809,1253919103.809082,9C5E4FA4AF
1253968754.974612,1253968763.237182,C891FBC8D4
1253965655.228999,1253965664.330078,EAFE8436A2
1253912358.0,1253912366.35791,F55C0E144B
1253920087.9287138,1253920095.654297,A8D20B013B
1253914614.351558,1253914622.553711,1EF03B4018
1253956852.183595,1253956860.706054,34E8A8EE4F
1253957029.861328,1253957037.515625,D4E238556D
1253920194.693362,1253920205.164062,4FE86F4F72
1253920334.37305,1253920344.041015,2D696F42A9
1253920406.4414089,1253920413.902343,6C46CD7432
1253918463.473636,1253918470.537109,961B4102DB
1253918649.7539089,1253918657.993164,C75D094607
1253926150.06445,1253926157.384765,373A2E90E8
1253969855.35156,1253969864.075195,CAFB6298FF
1253969864.523441,1253969871.915039,4AD073170A
1253969942.5888698,1253969950.349609,A10DC40488
1253967567.860348,1253967575.669922,3D99AF3246
1253931368.612302,1253931377.612304,70876AC36C
1253949590.457525,1253949600.143066,8AD548EF14
1253930836.049808,1253930844.171997,0B7D1E4115
1253913928.649901,1253913937.929199,1E53DBB236
1253914174.323239,1253914183.334961,FF56A4E99C
1253957443.321287,1253957450.395507,C79B3359ED
1253937085.172848,1253937093.248047,E61D816D97
1253937177.6982448,1253937187.686523,CE2DDBE22D
1253970957.372067,1253970965.889892,8607A860D5
1253917394.334962,1253917404.010742,013910E402
1253935730.496335,1253935737.689453,8B88324DC3
1253935765.254886,1253935774.025879,88027BC9F1
1253961316.2187529,1253961325.243164,1F8BC43518
1253949680.070804,1253949689.09375,928BF0ED67
1253949776.523679,1253949784.567138,60328B9EF1
1253949896.141602,1253949904.271301,BEDDBB8CDB
1253949954.551762,1253949968.144043,3EED5E671E
1253949968.144103,1253949975.577148,95AB784E5B
1253950066.494137,1253950073.505859,9520F5D292
1253958296.832034,1253958307.510742,485201EDBC
1253958498.47168,1253958505.58789,70C0EE66AA
1253958534.205442,1253958542.746582,F872EF5B66
1253958611.8632782,1253958619.884765,66E1C78970
1253958660.0756822,1253958667.197265,1AD19D8D6C
1253929591.806641,1253929600.644043,616CCA35A0
1253929714.011724,1253929721.523437,99BA18CD66
1253902484.677731,1253902492.423828,6CADBF4F36
1253902612.606442,1253902621.166748,9332B83F63
1253902630.935543,1253902642.078125,A3F60D1BC0
1253902654.220945,1253902664.327636,717EF9FA54
1253940319.477056,1253940327.240234,91D6A1834E
1253940547.7652571,1253940556.015625,EA4430E048
1253940569.938114,1253940578.21875,E203D0BB9F
1253930962.58984,1253930970.233398,F65E31B2FA
1253931093.0336292,1253931103.080078,414B7A8F92
1253929446.017215,1253929453.491699,8218D01AA9
1253929500.577756,1253929509.054443,83C55E1DE0
1253967928.7087362,1253967935.798828,26F8632C57
1253968044.359375,1253968051.538818,CEDFD7855F
1253954066.400387,1253954076.530273,B7691FB110
1253954112.625,1253954120.413574,80F7BBAFDC
1253954147.426761,1253954157.083984,DAC365BB94
1253954373.462895,1253954380.734375,378C711A6D
1253954469.101075,1253954476.627319,FD872AB814
1253951051.631832,1253951062.40039,AE42607BEE
1253952838.4775372,1253952847.567382,308BBC7F1C
1253952885.203122,1253952892.515625,4E44F9DA75
1253952912.639898,1253952920.680664,CCC77FF30D
1253934023.293948,1253934030.432617,57F834A6D7
1253934114.72461,1253934123.5083,EC7E9F864E
1253938979.652349,1253938987.052124,84A06044CE
1253956264.293948,1253956272.034668,8B5E219BFC
1253934556.1328092,1253934563.702148,D925C223D1
1253928706.2011771,1253928715.24292,1D7E0A671D
1253928733.131039,1253928742.425781,BF844ED30D
1253944402.568845,1253944411.517578,F7991943BE
1253944495.762697,1253944505.129882,C5236BF464
1253938334.2094738,1253938341.24707,DD27DD171F
1253938486.541019,1253938494.991943,50A2E99D3D
1253938630.972653,1253938638.241211,83BDCDC0AF
1253938660.91211,1253938668.453125,BB8F41002C
1253922211.512209,1253922218.645019,2588CF08DD
1253922384.8706028,1253922392.300781,AA89B7089A
1253958855.625978,1253958863.410156,04C1A2A59F
1253958961.894535,1253958969.316894,E24992F895
1253958999.200192,1253959007.157714,3E630FB5A4
1253959036.1948268,1253959043.914062,54E35A02F8
1253950795.258302,1253950802.345947,6025EA950A
1253950942.9326198,1253950953.595703,B5B6870D81
1253950620.9365249,1253950628.874023,2DDA603CB9
1253916187.540036,1253916195.889892,6BE6E0324D
1253917164.769535,1253917175.124023,ADE2C06C09
1253921513.91406,1253921522.993652,8522FCC93D
1253921645.6914089,1253921653.254394,516B1B9E7B
1253968120.488771,1253968129.056152,589294650E
1253968230.955075,1253968238.761718,29647DC41C
1253927822.502927,1253927830.352539,CC73463DA2
1253927853.599609,1253927861.680175,618332DB2E
1253927916.278324,1253927926.675903,C59E666680
1253928063.292238,1253928071.595703,2B4B1E9449
1253928085.216793,1253928092.809326,2169070676
1253928108.196714,1253928117.557617,30A80D3D09
1253930482.0771449,1253930489.90625,BB8545B0CE
1253970746.2441378,1253970754.075195,ED9FA20B7E
1253971651.652105,1253971661.203125,C631B5652C
1253901026.122314,1253901033.911132,6326F6B7A5
1253960490.908203,1253960498.544922,278D5526D1
1253960552.4014852,1253960560.814453,76A7552E91
1253939043.5908172,1253939053.0625,CE4857BC1D
1253939108.5293,1253939116.517089,18D8CD667F
1253925431.255856,1253925438.960937,C0ADE2466B
1253925648.56445,1253925663.207092,5F7CA8DE0D
1253943252.373043,1253943259.649414,1C9ADCEBC7
1253957818.644046,1253957825.705566,ACCA33982A
1253957855.68945,1253957862.96875,F04B710D4B
1253901942.564453,1253901956.914062,614BB14A52
1253938055.03125,1253938062.355468,1DBAF4B950
1253923492.31348,1253923501.427246,F2667936DC
1253923566.074222,1253923574.474121,027B5BAA9D
1253964104.796872,1253964114.644531,69E899DFA9
1253964259.817384,1253964267.261718,5F716A72FE
1253964354.5849571,1253964364.800781,3EFC69B98F
1253955321.579591,1253955331.438476,51BD2EA1DA
1253955447.8125,1253955460.304199,25C21A501D
1253955637.427242,1253955644.675781,900D68D2E6
1253915298.357425,1253915306.241211,320B25F46F
1253915360.61524,1253915370.734375,3A33799B6A
1253935402.583983,1253935411.455078,289F78BC1C
1253935435.812495,1253935443.496093,2AC94FAC1F
1253961663.475826,1253961670.951172,9C46A8BB73
1253961819.458004,1253961827.460937,DA22257D83
1253961878.352542,1253961886.708007,28D4B7ECF0
1253953792.0185552,1253953802.798828,B370EF103D
1253971155.7833211,1253971166.829589,E1B9CD6A56
1253971235.964963,1253971243.84375,4CA6AB205E
1253909255.699219,1253909262.952148,5E8B4BF002
1253909284.642581,1253909295.113281,0735884F4B
1253909441.977538,1253909449.679687,CF7E2633CE
1253952407.216796,1253952417.052246,6235F902F1
1253971816.421879,1253971825.28125,843E3CDCB6
1253971838.261722,1253971849.078613,F4853467EF
1253971996.3493612,1253972004.342773,55EFCA25DC
1253969172.294918,1253969185.680664,3C0B8B4FA5
1253969292.42188,1253969303.564087,8D66E61085
1253951661.735845,1253951668.998535,10A7CE348A
1253952006.4726572,1253952014.541992,834F65288E
1253953952.64062,1253953960.160156,B8204CD6A1
1253911137.40625,1253911144.496582,A50B83DF0B
1253911215.150387,1253911223.378418,DDED4E830E
1253911407.949222,1253911417.717529,42271A9918
1253968387.5263698,1253968395.182617,84593FF27A
1253924618.298831,1253924625.346435,8FFF025FE5
1253960105.4082072,1253960114.935547,CD8BC7E68C
1253960178.1787138,1253960185.748047,795695B3B1
1253960231.0390658,1253960238.532226,419A913FD7
1253959551.172856,1253959559.249023,28A4155FAA
1253959565.416017,1253959573.814209,BDE224195C
1253959599.394528,1253959609.544433,CFDE4E91C9
1253926630.574222,1253926637.636718,5893EBA6D9
1253927007.6835968,1253927015.648193,E532DFDDC0
1253966590.210325,1253966598.459961,3B2AF31F38
1253966668.456053,1253966677.6875,FF91A6DB29
1253966917.286138,1253966925.876953,8189A26932
1253967045.1806638,1253967055.34375,F91F950D4E
1253967116.146487,1253967125.966797,1724ACC6A4
1253910268.374021,1253910277.960937,19057B8C24
1253931956.483402,1253931966.080078,BF88266B5F
1253933778.7070282,1253933785.99414,8AED6E0714
1253943507.9243178,1253943515.625488,D9202A40ED
1253943563.179684,1253943572.304199,DA9316DA78
1253943599.859375,1253943609.581543,5DBF2CD093
1253943659.944829,1253943668.75,D945867CA9
1253943739.539059,1253943748.116211,FD26B21E5C
1253942897.848637,1253942906.217285,41C250ECCF
1253942947.618165,1253942956.949218,BAC1030E5A
1253972293.590823,1253972302.439453,BBC3C533EE
1253916518.4755888,1253916528.629882,BB5C82CAF0
1253972752.4440908,1253972760.260986,5DD48F7C08
1253972807.755861,1253972814.769043,7ABC6F3D04
1253973049.5,1253973058.277832,77CD561255
1253933130.920902,1253933138.193359,66473AD179
1253950110.447262,1253950117.55957,2A9A2AAB67
1253950156.688475,1253950164.59375,14D45B88B3
1253951146.5176978,1253951154.230102,AEED7A9A65
1253962786.97803,1253962794.320312,A7DB643502
1253962795.287847,1253962802.415344,3C232F389B
1253962955.282227,1253962962.969238,23230AC49F
1253963038.861325,1253963047.357666,13F4A59B89
1253948671.873046,1253948678.970703,0A53B5AF34
1253948892.8313031,1253948900.820312,5C65133D96
1253932110.462887,1253932117.484375,75A97EDBD3
1253932255.38281,1253932262.688232,51B14900FE
1253932362.927731,1253932371.023925,7EB7983555
1253971405.75,1253971413.85791,217E56A1B3
1253932501.067628,1253932509.55957,31A41A0DA5
1253912762.7959032,1253912773.574218,5682BDB86D
1253912864.585942,1253912872.878051,067A7F6EA2
1253912955.870114,1253912964.355468,18E9ADD445
1253937799.344723,1253937810.78125,7367591CB8
1253914894.622196,1253914901.632812,F4BEAFC6A8
1253915101.133792,1253915111.1875,9DDB9B486A
1253957988.431644,1253957997.458007,EEA6185C86
1253958083.009769,1253958095.787109,36EA3F6B06
1253962426.7724571,1253962434.007812,201D8159B2
1253962451.683591,1253962459.397705,EA5CE2AF34
1253962660.594242,1253962668.917968,41C0C91080
1253916862.445316,1253916870.108154,770C07F116
1253940967.210699,1253940974.234375,65EC3367AC
1253940974.75012,1253940982.692382,212DFA6ACD
1253941121.0966809,1253941128.78125,1FB18CA803
1253941128.78906,1253941144.391601,43465E35E3
1253935888.1523468,1253935895.845703,3E07AA8132
1253961546.007816,1253961553.363281,FA5DA8A78D
1253911970.134769,1253911978.103515,809E6AAFA6
1253942693.7260768,1253942704.135742,F8D6CEDC13
1253972675.140628,1253972686.91687,7F591AC990
1253972697.00012,1253972705.344482,26F91D0793
1253973206.399417,1253973214.285156,52938AF5A5
1253973299.6875,1253973307.385742,2DCFBE5C88
1253973542.4161348,1253973551.476318,A97295F8E3
1253973629.84375,1253973638.43457,DB0BA3C417
1253912680.16992,1253912688.697265,7DD92B83B1
1253929798.455075,1253929807.794922,8D766E7D6E
1253929888.056154,1253929895.255859,D787214CFC
1253930061.804691,1253930071.16748,955AF65319
1253919748.560548,1253919757.131836,CC60AF651E
1253919767.945316,1253919774.983398,A3352C1C98
1253962051.264645,1253962058.800781,9324DE8456
1253964757.076173,1253964767.09082,5E8040BC27
1253919380.0451622,1253919388.992187,79454713E4
1253919473.413082,1253919482.119384,801BF2D93F
1253919537.448243,1253919544.763672,F5B80BF13F
1253941682.0849638,1253941695.28125,568935D17E
1253932957.578128,1253932965.245849,AE13983EA8
1253944797.306637,1253944804.613769,2C0137AC9E
1253944823.7517118,1253944831.270996,29AD3FA6F0
1253944906.070315,1253944915.656494,647EFE9F80
1253945007.624028,1253945021.768921,C4793790C7
1253945027.815185,1253945035.771484,F9DB48C493
1253945159.8623078,1253945167.735351,5C88EE17E7
1253945203.9375029,1253945211.25,AD709B8859
1253927200.733888,1253927207.919922,E09FB4F78C
1253927479.365235,1253927487.742187,CF33AA1D47
1253927513.916015,1253927524.627929,3BE2820E25
1253927595.295531,1253927602.738952,0479F84414
1253939154.364255,1253939163.916015,F4778439A8
1253939357.5932648,1253939367.084961,39DC1A660F
1253942290.398441,1253942298.524902,FBCE8E22B9
1253942514.710934,1253942522.8125,078C68B3AC
1253954592.243166,1253954599.463867,860A57E591
1253954632.960934,1253954640.649658,B697EDC286
1253940036.710448,1253940044.022461,2275F7FB3B
1253924978.541016,1253924985.987793,0C4C1B67C1
1253936105.686037,1253936115.567016,974DC462F9
1253966331.6701622,1253966338.732422,05AF3BD4B0
1253966521.264648,1253966530.460937,3E6B4D6E06
1253924173.020511,1253924180.998047,3F1713DB7C
1253901277.096437,1253901285.25,0A265FE635
1253901378.5956998,1253901386.875,F362F1A873
1253945506.652585,1253945514.752929,6A205FBAB9
1253945534.636232,1253945541.914062,80223A34EC
1253945684.769533,1253945694.120605,4082C1E7B3
1253945718.109865,1253945729.229492,A3B5986289
1253945736.849428,1253945744.709472,79B1C44F19
1253965344.570309,1253965354.40747,E721A2A152
1253942051.911138,1253942059.878906,7E087C41F2
1253949142.479489,1253949150.709961,618B31349C
1253949357.6525831,1253949366.75,781E48EDDB
1253959448.124995,1253959458.487793,9C901C9155
1253959465.46631,1253959476.629272,51EE1CBF4E
1253936501.135742,1253936509.453125,AFB9C1EC97
1253936670.224606,1253936677.396484,28AE41AAA5
